timestamp,open,high,low,close,volume,symbol
2018-01-02 00:00:00-05:00,39.8500839,40.35125429,39.6393091,40.34188461,102223600,AAPL
2018-01-02 00:00:00-05:00,20.79999924,21.47400093,20.73333359,21.3686676,65283000,TSLA
2018-01-02 00:00:00-05:00,4.84027276,4.932242805,4.808627702,4.928534031,355616000,NVDA
2018-01-03 00:00:00-05:00,40.40512003,40.87818857,40.27163253,40.33486176,118071600,AAPL
2018-01-03 00:00:00-05:00,21.39999962,21.68333244,21.03666687,21.14999962,67822500,TSLA
2018-01-04 00:00:00-05:00,40.4074653,40.62526561,40.29973904,40.52222061,89738400,AAPL
2018-01-04 00:00:00-05:00,20.8579998,21.23666763,20.37866783,20.9746666,149194500,TSLA
2018-01-04 00:00:00-05:00,5.334236844,5.390852561,5.258336926,5.280587673,583268000,NVDA
2018-01-05 00:00:00-05:00,40.61824654,41.07023522,40.52691184,40.98358536,94640000,AAPL
2018-01-05 00:00:00-05:00,21.1079998,21.14933205,20.79999924,21.10533333,68868000,TSLA
2018-01-05 00:00:00-05:00,5.295423914,5.362670371,5.218535117,5.32533884,580124000,NVDA
2018-01-08 00:00:00-05:00,21.06666756,22.46800041,21.03333282,22.42733383,147891000,TSLA
2018-01-08 00:00:00-05:00,40.83135223,41.12643269,40.73298851,40.83135223,82271200,AAPL
2018-01-09 00:00:00-05:00,5.493949584,5.533506378,5.40544122,5.487027168,497000000,NVDA
2018-01-09 00:00:00-05:00,40.87819792,40.99763451,40.61121929,40.82667542,86336000,AAPL
2018-01-09 00:00:00-05:00,22.34399986,22.58666611,21.82666779,22.24600029,107199000,TSLA
2018-01-10 00:00:00-05:00,5.394561872,5.533505286,5.340171408,5.530044079,582664000,NVDA
2018-01-10 00:00:00-05:00,40.5526683,40.81964691,40.51519674,40.8173027,95839600,AAPL
2018-01-10 00:00:00-05:00,22.14666748,22.46666718,22,22.31999969,64648500,TSLA
2018-01-11 00:00:00-05:00,5.562676707,5.594075127,5.518422312,5.539931774,406032000,NVDA
2018-01-11 00:00:00-05:00,40.88756321,41.09833806,40.86414616,41.04915619,74670800,AAPL
2018-01-11 00:00:00-05:00,22.34933281,22.9873333,22.21733284,22.53000069,99682500,TSLA
2018-01-12 00:00:00-05:00,5.528066088,5.562431062,5.472192117,5.512737751,359916000,NVDA
2018-01-12 00:00:00-05:00,22.57533264,22.69400024,22.24466705,22.41466713,72376500,TSLA
2018-01-12 00:00:00-05:00,41.25991846,41.53626671,41.13579707,41.47303391,101672400,AAPL
2018-01-16 00:00:00-05:00,22.50266647,23,22.31999969,22.67066765,97114500,TSLA
2018-01-16 00:00:00-05:00,41.66273803,42.01168525,41.25056157,41.26227188,118263600,AAPL
2018-01-17 00:00:00-05:00,22.69799995,23.26666641,22.64999962,23.1439991,106552500,TSLA
2018-01-17 00:00:00-05:00,5.456368059,5.56564362,5.362420831,5.555754662,538408000,NVDA
2018-01-17 00:00:00-05:00,41.25289113,41.97888726,40.99996709,41.94375992,137547200,AAPL
2018-01-18 00:00:00-05:00,23.04466629,23.48666763,22.91600037,22.97133255,85287000,TSLA
2018-01-18 00:00:00-05:00,5.53647158,5.603223832,5.505320718,5.54883337,408632000,NVDA
2018-01-18 00:00:00-05:00,42.00700439,42.17796707,41.74471058,41.98124313,124773600,AAPL
2018-01-19 00:00:00-05:00,5.639071651,5.713240496,5.612123753,5.689012051,609380000,NVDA
2018-01-19 00:00:00-05:00,41.82901545,42.05618188,41.54798588,41.79388809,129700400,AAPL
2018-01-19 00:00:00-05:00,23,23.37266731,22.84000015,23.33466721,73324500,TSLA
2018-01-22 00:00:00-05:00,41.52221979,41.63463089,41.3582862,41.45196152,108434400,AAPL
2018-01-22 00:00:00-05:00,23.29333305,23.85533333,23.28000069,23.43733215,93156000,TSLA
2018-01-22 00:00:00-05:00,5.696924523,5.779252214,5.639319944,5.77752161,550944000,NVDA
2018-01-23 00:00:00-05:00,41.52221877,42.02338922,41.40980768,41.4613266,130756400,AAPL
2018-01-23 00:00:00-05:00,24,24.03333282,23.39999962,23.51933289,81981000,TSLA
2018-01-23 00:00:00-05:00,5.830923314,5.929321098,5.812381334,5.906576157,475228000,NVDA
2018-01-24 00:00:00-05:00,41.51050044,41.52221075,40.56202285,40.80089951,204420400,AAPL
2018-01-24 00:00:00-05:00,23.63866615,23.64999962,22.90133286,23.0593338,79312500,TSLA
2018-01-24 00:00:00-05:00,5.909788093,5.94563657,5.774058822,5.829685688,579972000,NVDA
2018-01-25 00:00:00-05:00,23.21800041,23.28000069,22.42666626,22.50933266,101104500,TSLA
2018-01-25 00:00:00-05:00,5.884077336,5.927342895,5.82845093,5.843284607,409884000,NVDA
2018-01-25 00:00:00-05:00,40.86882173,40.97186672,39.93673909,40.0725708,166116000,AAPL
2018-01-26 00:00:00-05:00,5.887044608,6.016098592,5.874188628,6.015851498,516356000,NVDA
2018-01-26 00:00:00-05:00,40.28100363,40.28100363,39.82667081,40.16624832,156572000,AAPL
2018-01-26 00:00:00-05:00,22.76666641,22.93333244,22.38066673,22.85666656,68091000,TSLA
2018-01-29 00:00:00-05:00,6.001264767,6.134027521,5.948604907,6.102876186,455116000,NVDA
2018-01-29 00:00:00-05:00,39.85008694,39.85008694,39.12643496,39.33486557,202561600,AAPL
2018-01-29 00:00:00-05:00,22.65666771,23.38999939,22.55200005,23.30200005,71206500,TSLA
2018-01-30 00:00:00-05:00,5.960965737,6.092244972,5.894213488,6.000769615,570832000,NVDA
2018-01-30 00:00:00-05:00,38.76577148,39.19668357,38.57139184,39.10300827,184192800,AAPL
2018-01-30 00:00:00-05:00,23.00933266,23.21800041,22.8113327,23.05466652,70765500,TSLA
2018-01-31 00:00:00-05:00,39.07959608,39.44727903,38.99294623,39.21074295,129915600,AAPL
2018-01-31 00:00:00-05:00,23.1673336,23.74600029,23.0126667,23.6206665,93211500,TSLA
2018-01-31 00:00:00-05:00,6.076175894,6.162706549,6.043541518,6.076917648,478576000,NVDA
2018-02-01 00:00:00-05:00,23.39999962,23.97733307,23.24200058,23.28333282,62965500,TSLA
2018-02-01 00:00:00-05:00,5.896933621,6.104112805,5.88556115,5.945885181,519224000,NVDA
2018-02-01 00:00:00-05:00,39.14985598,39.48943349,39.05383645,39.29271317,188923200,AAPL
2018-02-02 00:00:00-05:00,23.22933388,23.46333313,22.70066643,22.91666794,55572000,TSLA
2018-02-02 00:00:00-05:00,38.8758466,39.06320079,37.49411613,37.58779144,346375200,AAPL
2018-02-05 00:00:00-05:00,22.53133392,22.96466637,22.20000076,22.20866776,66961500,TSLA
2018-02-05 00:00:00-05:00,37.25992635,38.37936316,36.53393016,36.64868546,290954000,AAPL
2018-02-06 00:00:00-05:00,21.68066788,22.41466713,21.56666756,22.26466751,76326000,TSLA
2018-02-06 00:00:00-05:00,36.25992535,38.3418908,36.06554569,38.18029785,272975200,AAPL
2018-02-07 00:00:00-05:00,38.19434638,38.26694528,37.25289775,37.36296463,206434400,AAPL
2018-02-07 00:00:00-05:00,22.59933281,23.06666756,22.37733269,23,104538000,TSLA
2018-02-08 00:00:00-05:00,37.53862341,37.70490125,36.30677513,36.33487701,217562000,AAPL
2018-02-08 00:00:00-05:00,22.88733292,23.24133301,20.97333336,21.01533318,154719000,TSLA
2018-02-09 00:00:00-05:00,36.93449839,37.12731684,35.3284458,36.77930069,282690400,AAPL
2018-02-09 00:00:00-05:00,21.32866669,21.39866638,19.65066719,20.69466782,194005500,TSLA
2018-02-12 00:00:00-05:00,21.07533264,21.20533371,20.41666794,21.04866791,93417000,TSLA
2018-02-12 00:00:00-05:00,37.27075388,38.53819451,37.03795734,38.26072311,243278000,AAPL
2018-02-13 00:00:00-05:00,5.601245864,5.797546742,5.568858589,5.75131464,625524000,NVDA
2018-02-13 00:00:00-05:00,38.08201191,38.74042347,38.01146718,38.64401245,130196800,AAPL
2018-02-13 00:00:00-05:00,21.00133324,21.61266708,20.83399963,21.57733345,68403000,TSLA
2018-02-14 00:00:00-05:00,38.33830945,39.3964694,38.30068871,39.3564949,162579600,AAPL
2018-02-14 00:00:00-05:00,21.38933372,21.74466705,21.23466682,21.4873333,59260500,TSLA
2018-02-15 00:00:00-05:00,39.92554832,40.70153299,39.73978405,40.67802048,204588800,AAPL
2018-02-15 00:00:00-05:00,21.63333321,22.27466774,21.49333382,22.27133369,88693500,TSLA
2018-02-16 00:00:00-05:00,22.16666794,22.87466621,22.10933304,22.36599922,84639000,TSLA
2018-02-16 00:00:00-05:00,40.52988635,41.10834883,40.39115066,40.54634476,160704400,AAPL
2018-02-20 00:00:00-05:00,22.29800034,22.72266769,22.10000038,22.31800079,60141000,TSLA
2018-02-20 00:00:00-05:00,40.45699414,40.97666639,40.30885056,40.40996552,135722000,AAPL
2018-02-21 00:00:00-05:00,22.40200043,22.64599991,22.21133232,22.21999931,48294000,TSLA
2018-02-21 00:00:00-05:00,40.64040414,40.9437418,40.21243543,40.22654724,149886400,AAPL
2018-02-22 00:00:00-05:00,22.3686676,23.16266632,22.31666756,23.07799911,104547000,TSLA
2018-02-22 00:00:00-05:00,6.004746806,6.076487859,5.924841855,5.990398407,534364000,NVDA
2018-02-22 00:00:00-05:00,40.39819941,40.90376332,40.37703707,40.56280136,123967600,AAPL
2018-02-23 00:00:00-05:00,6.050265396,6.083909512,5.999551739,6.083909512,415300000,NVDA
2018-02-23 00:00:00-05:00,40.83793058,41.30352008,40.80736036,41.26824951,135249600,AAPL
2018-02-23 00:00:00-05:00,23.1886673,23.66600037,23.13999939,23.46999931,87261000,TSLA
2018-02-26 00:00:00-05:00,41.4681149,42.18295916,41.43519451,42.084198,152648800,AAPL
2018-02-26 00:00:00-05:00,23.56666756,23.93333244,23.49066734,23.82799911,65100000,TSLA
2018-02-26 00:00:00-05:00,6.13017065,6.134623472,6.037648974,6.099989891,469312000,NVDA
2018-02-27 00:00:00-05:00,42.11476683,42.43926677,41.8937284,41.94781113,155712400,AAPL
2018-02-27 00:00:00-05:00,23.75,23.99933243,23.33399963,23.39933205,71961000,TSLA
2018-02-27 00:00:00-05:00,6.073271399,6.157629638,6.064118509,6.087125301,455436000,NVDA
2018-02-28 00:00:00-05:00,42.1523825,42.47218205,41.86785709,41.88431549,151128400,AAPL
2018-02-28 00:00:00-05:00,23.50466728,23.68266678,22.81466675,22.8706665,91045500,TSLA
2018-02-28 00:00:00-05:00,6.098011049,6.137592423,5.975061355,5.986688614,523116000,NVDA
2018-03-01 00:00:00-05:00,41.98309455,42.27467778,40.60043425,41.15067673,195208000,AAPL
2018-03-01 00:00:00-05:00,23.00066757,23.24466705,22.00466728,22.06200027,103284000,TSLA
2018-03-02 00:00:00-05:00,40.63334867,41.45636208,40.55104589,41.43519974,153816000,AAPL
2018-03-02 00:00:00-05:00,21.79866791,22.34799957,21.53133392,22.34133339,76392000,TSLA
2018-03-05 00:00:00-05:00,5.801397073,5.869180271,5.677952431,5.829598904,620776000,NVDA
2018-03-05 00:00:00-05:00,41.20006878,41.79498985,41.03781693,41.57865524,113605600,AAPL
2018-03-05 00:00:00-05:00,22.15933228,22.51666641,21.95266724,22.22333336,57357000,TSLA
2018-03-06 00:00:00-05:00,41.83494483,41.91489383,41.41638404,41.54336166,95154000,AAPL
2018-03-06 00:00:00-05:00,22.25,22.42466736,21.80200005,21.87999916,64285500,TSLA
2018-03-07 00:00:00-05:00,41.13656776,41.35055214,40.97901989,41.1577301,126814000,AAPL
2018-03-07 00:00:00-05:00,21.69599915,22.16666794,21.44933319,22.15333366,75109500,TSLA
2018-03-07 00:00:00-05:00,5.8877334,6.034927042,5.886496689,5.982728958,581208000,NVDA
2018-03-08 00:00:00-05:00,22.1906662,22.21999931,21.75133324,21.94000053,53493000,TSLA
2018-03-08 00:00:00-05:00,6.010188995,6.010188995,5.922120146,5.966402054,411912000,NVDA
2018-03-08 00:00:00-05:00,41.26353398,41.64917435,41.16712657,41.60684967,95096400,AAPL
2018-03-09 00:00:00-05:00,21.60666656,21.89933205,21.49133301,21.8113327,82602000,TSLA
2018-03-09 00:00:00-05:00,6.013899103,6.081929543,5.997819498,6.069066048,505524000,NVDA
2018-03-09 00:00:00-05:00,41.84671108,42.3264088,41.71267573,42.32170486,128740800,AAPL
2018-03-12 00:00:00-04:00,21.90733337,23.14733315,21.76666641,23.0340004,123960000,TSLA
2018-03-12 00:00:00-04:00,6.110380307,6.258810216,6.102216407,6.178658009,605060000,NVDA
2018-03-12 00:00:00-04:00,42.39459242,42.88840188,42.37578385,42.73085403,128828400,AAPL
2018-03-13 00:00:00-04:00,6.221454648,6.295917312,6.08663047,6.127943516,619772000,NVDA
2018-03-13 00:00:00-04:00,42.93543439,43.14941875,42.14769511,42.3193512,126774000,AAPL
2018-03-13 00:00:00-04:00,21.90733337,23.14733315,21.76666641,22.78933334,89487000,TSLA
2018-03-14 00:00:00-04:00,42.40165643,42.44868505,41.81143589,41.95957947,117473600,AAPL
2018-03-14 00:00:00-04:00,22.45066643,22.65399933,21.5953331,21.7753334,119511000,TSLA
2018-03-14 00:00:00-04:00,6.1709883,6.198200667,6.091083351,6.153424263,505496000,NVDA
2018-03-15 00:00:00-04:00,41.97367872,42.3828352,41.87256737,42.00894928,90975200,AAPL
2018-03-15 00:00:00-04:00,21.95866776,22.19000053,21.40666771,21.70666695,98472000,TSLA
2018-03-15 00:00:00-04:00,6.167031969,6.249410361,6.126213409,6.168268681,401952000,NVDA
2018-03-16 00:00:00-04:00,42.00896077,42.11948001,41.76675993,41.86082077,157618800,AAPL
2018-03-16 00:00:00-04:00,21.52866745,21.82666779,21.27133369,21.42333221,91759500,TSLA
2018-03-16 00:00:00-04:00,6.184594326,6.215517298,6.146991887,6.19646883,399456000,NVDA
2018-03-19 00:00:00-04:00,21.10000038,21.38333321,20.64466667,20.90399933,112264500,TSLA
2018-03-19 00:00:00-04:00,41.69621546,41.73148603,40.83557766,41.22121811,133787200,AAPL
2018-03-20 00:00:00-04:00,5.964917508,6.213043501,5.964917508,6.17420435,554696000,NVDA
2018-03-20 00:00:00-04:00,41.20711136,41.57393966,41.13656663,41.20711136,78597600,AAPL
2018-03-20 00:00:00-04:00,20.99133301,21.08333206,20.58399963,20.7033329,71464500,TSLA
2018-03-21 00:00:00-04:00,6.167773263,6.234072512,6.118544029,6.148972511,438688000,NVDA
2018-03-21 00:00:00-04:00,41.16006747,41.17182552,40.27121344,40.2735672,148219600,AAPL
2018-03-21 00:00:00-04:00,20.68333244,21.49600029,20.67933273,21.10199928,89376000,TSLA
2018-03-22 00:00:00-04:00,6.085640444,6.132148522,5.945621243,5.98297596,551196000,NVDA
2018-03-22 00:00:00-04:00,39.97492692,40.60511817,39.64572308,39.70450974,165963200,AAPL
2018-03-22 00:00:00-04:00,20.9260006,21.25466728,20.54533386,20.60666656,74097000,TSLA
2018-03-23 00:00:00-04:00,20.75,20.75,20.03000069,20.10266685,99823500,TSLA
2018-03-23 00:00:00-04:00,39.59634278,39.95611685,38.78508759,38.78508759,164115200,AAPL
2018-03-26 00:00:00-04:00,20.4893322,20.50600052,19.42399979,20.27866745,125628000,TSLA
2018-03-26 00:00:00-04:00,5.88773362,6.049275194,5.835783254,6.048038483,611424000,NVDA
2018-03-26 00:00:00-04:00,39.5211045,40.70389202,39.13781426,40.62629318,150164800,AAPL
2018-03-27 00:00:00-04:00,20.26666641,20.28466606,18.47866631,18.61199951,208080000,TSLA
2018-03-27 00:00:00-04:00,40.84026938,41.18593525,39.25067928,39.5845871,163690400,AAPL
2018-03-28 00:00:00-04:00,17.63866615,17.91200066,16.80666733,17.18533325,315021000,TSLA
2018-03-28 00:00:00-04:00,39.32828457,39.97964192,38.84388296,39.14722061,166674000,AAPL
2018-03-29 00:00:00-04:00,39.45996931,40.38644793,39.24598494,39.45291519,153594000,AAPL
2018-03-29 00:00:00-04:00,17.09933281,18.06399918,16.54733276,17.74200058,227560500,TSLA
2018-04-02 00:00:00-04:00,39.18483247,39.72567041,38.67456474,39.19423676,150347200,AAPL
2018-04-02 00:00:00-04:00,17.08399963,17.35533333,16.30599976,16.83200073,241710000,TSLA
2018-04-03 00:00:00-04:00,39.4199992,39.68101222,38.77099549,39.59635925,121112000,AAPL
2018-04-03 00:00:00-04:00,17.98800087,18.22333336,16.9659996,17.83533287,282666000,TSLA
2018-04-04 00:00:00-04:00,38.77099071,40.44758432,38.74512443,40.35352707,138422000,AAPL
2018-04-04 00:00:00-04:00,16.85199928,19.2246666,16.79999924,19.1293335,298450500,TSLA
2018-04-05 00:00:00-04:00,19.28933334,20.4173336,19.21333313,20.3813324,286816500,TSLA
2018-04-05 00:00:00-04:00,40.58162543,40.96961612,40.46405206,40.633358,107732800,AAPL
2018-04-06 00:00:00-04:00,40.20302698,40.55809716,39.55166969,39.59399796,140021200,AAPL
2018-04-06 00:00:00-04:00,20.06666756,20.6186676,19.70000076,19.9533329,202804500,TSLA
2018-04-09 00:00:00-04:00,5.363279029,5.491176459,5.30885431,5.328892708,499524000,NVDA
2018-04-09 00:00:00-04:00,39.94671602,40.70153479,39.93966191,39.98669052,116070800,AAPL
2018-04-09 00:00:00-04:00,20.02466774,20.63333321,19.28066635,19.31066704,153747000,TSLA
2018-04-10 00:00:00-04:00,40.68037197,40.91551862,40.33470609,40.73915863,113634400,AAPL
2018-04-10 00:00:00-04:00,19.93133354,20.47333336,19.57866669,20.31333351,164847000,TSLA
2018-04-11 00:00:00-04:00,40.4993008,40.89669915,40.37467338,40.54868317,89726400,AAPL
2018-04-11 00:00:00-04:00,20.04933357,20.59866714,19.97733307,20.06200027,112243500,TSLA
2018-04-11 00:00:00-04:00,5.623280969,5.664594015,5.564156166,5.596810818,460244000,NVDA
2018-04-12 00:00:00-04:00,20.1546669,20.26333237,19.57866669,19.60533333,114132000,TSLA
2018-04-12 00:00:00-04:00,5.689828291,5.821436391,5.645546372,5.80362463,593920000,NVDA
2018-04-12 00:00:00-04:00,40.77678069,41.150663,40.68977399,40.94843674,91557200,AAPL
2018-04-13 00:00:00-04:00,20.23999977,20.26333237,19.73200035,20.02266693,109908000,TSLA
2018-04-13 00:00:00-04:00,5.867202363,5.875613511,5.67869609,5.726935863,503036000,NVDA
2018-04-13 00:00:00-04:00,41.09893533,41.34819023,40.88025064,41.08717728,100497200,AAPL
2018-04-16 00:00:00-04:00,19.93333244,19.97733307,19.26733208,19.41399956,95077500,TSLA
2018-04-16 00:00:00-04:00,5.733615102,5.760085259,5.632435016,5.726688385,350792000,NVDA
2018-04-16 00:00:00-04:00,41.15771892,41.4304899,41.1106903,41.34348679,86313600,AAPL
2018-04-17 00:00:00-04:00,19.25799942,19.47800064,18.83399963,19.17933273,105000000,TSLA
2018-04-17 00:00:00-04:00,41.5010338,42.07714237,41.48222163,41.91254044,106421600,AAPL
2018-04-17 00:00:00-04:00,5.778886638,5.897630768,5.72322518,5.876355648,447224000,NVDA
2018-04-18 00:00:00-04:00,41.8114197,42.04892009,41.59273507,41.81847382,83018000,AAPL
2018-04-18 00:00:00-04:00,19.40533257,20.01600075,19.21066666,19.55666733,98365500,TSLA
2018-04-18 00:00:00-04:00,5.825888315,5.91865724,5.758352832,5.847410679,391364000,NVDA
2018-04-19 00:00:00-04:00,40.85909687,41.24238721,40.6004376,40.633358,139235200,AAPL
2018-04-19 00:00:00-04:00,19.40533257,20.06733322,19.23666763,20.00533295,91359000,TSLA
2018-04-19 00:00:00-04:00,5.733121004,5.766517883,5.610666253,5.666079998,471996000,NVDA
2018-04-20 00:00:00-04:00,40.11602274,40.26181253,38.90031132,38.96850586,261964400,AAPL
2018-04-20 00:00:00-04:00,19.6779995,19.99866676,19.31666756,19.34933281,84418500,TSLA
2018-04-20 00:00:00-04:00,5.657420624,5.741778412,5.626745366,5.657915592,386200000,NVDA
2018-04-23 00:00:00-04:00,19.4193325,19.44133377,18.8220005,18.89133263,73401000,TSLA
2018-04-23 00:00:00-04:00,5.675728338,5.726936508,5.512455021,5.538430214,427508000,NVDA
2018-04-23 00:00:00-04:00,39.22953049,39.25069284,38.58522714,38.85564804,146062000,AAPL
2018-04-24 00:00:00-04:00,5.564156046,5.6601406,5.406820043,5.472129345,414596000,NVDA
2018-04-24 00:00:00-04:00,38.95675357,39.11195125,37.91035146,38.31480408,134768000,AAPL
2018-04-24 00:00:00-04:00,19,19.13933372,18.56399918,18.89733315,85279500,TSLA
2018-04-25 00:00:00-04:00,5.442444572,5.481531453,5.202482413,5.359818459,588492000,NVDA
2018-04-25 00:00:00-04:00,38.23954971,38.89796109,38.19017092,38.48175049,113528400,AAPL
2018-04-25 00:00:00-04:00,18.89999962,19.0106678,18.48333359,18.71266747,60204000,TSLA
2018-04-26 00:00:00-04:00,5.521607997,5.579743358,5.455556453,5.571579456,375824000,NVDA
2018-04-26 00:00:00-04:00,38.59227903,38.9708654,38.41591899,38.61579514,111852000,AAPL
2018-04-26 00:00:00-04:00,18.58333206,19.05266762,18.43333244,19.03199959,65340000,TSLA
2018-04-27 00:00:00-04:00,38.56405486,38.64165369,37.77161171,38.16901016,142623200,AAPL
2018-04-27 00:00:00-04:00,19.02466774,19.6313324,18.92200089,19.60533333,65469000,TSLA
2018-04-27 00:00:00-04:00,5.677458164,5.697248848,5.556734659,5.59903717,400848000,NVDA
2018-04-30 00:00:00-04:00,19.5739994,19.91533279,19.5,19.59333229,63423000,TSLA
2018-04-30 00:00:00-04:00,5.615364699,5.665088895,5.544365858,5.563661575,327844000,NVDA
2018-04-30 00:00:00-04:00,38.12432969,39.33062963,38.05613515,38.8603363,169709600,AAPL
2018-05-01 00:00:00-04:00,19.56733322,20.05466652,19.54800034,19.99466705,69384000,TSLA
2018-05-01 00:00:00-04:00,5.555498618,5.621797395,5.496868302,5.619076252,253788000,NVDA
2018-05-01 00:00:00-04:00,39.13077177,39.78682963,38.86270462,39.76331711,214277600,AAPL
2018-05-02 00:00:00-04:00,19.9046669,20.45666695,19.85199928,20.07666779,134556000,TSLA
2018-05-02 00:00:00-04:00,5.615613189,5.660141882,5.572320735,5.598543644,268248000,NVDA
2018-05-02 00:00:00-04:00,41.20474862,41.79731921,40.86849061,41.51984787,266157600,AAPL
2018-05-03 00:00:00-04:00,5.630455145,5.790017804,5.585183772,5.763794899,443144000,NVDA
2018-05-03 00:00:00-04:00,41.35758835,41.73852472,41.01897665,41.59508514,136272800,AAPL
2018-05-03 00:00:00-04:00,18.58600044,19.20266724,18.34866714,18.96333313,260281500,TSLA
2018-05-04 00:00:00-04:00,41.91489009,43.32576998,41.89607793,43.22700882,224805200,AAPL
2018-05-04 00:00:00-04:00,18.86666679,19.79066658,18.63466644,19.6060009,128541000,TSLA
2018-05-04 00:00:00-04:00,5.735098276,5.917172752,5.717781487,5.913956642,400660000,NVDA
2018-05-07 00:00:00-04:00,43.54445331,44.12996974,43.44334198,43.53975296,169805600,AAPL
2018-05-07 00:00:00-04:00,19.83333206,20.39733315,19.6779995,20.18466759,130173000,TSLA
2018-05-08 00:00:00-04:00,43.49978759,43.78901702,43.18939224,43.74904251,113611200,AAPL
2018-05-08 00:00:00-04:00,20.05333328,20.51666641,19.93333244,20.1313324,88950000,TSLA
2018-05-08 00:00:00-04:00,6.152188396,6.197212529,6.103206409,6.194491386,506616000,NVDA
2018-05-09 00:00:00-04:00,43.86661109,44.0664836,43.5538656,44.05707932,92844800,AAPL
2018-05-09 00:00:00-04:00,6.214528726,6.329809483,6.187316356,6.327582836,596760000,NVDA
2018-05-09 00:00:00-04:00,20.02733231,20.46733284,20.00333214,20.45666695,85911000,TSLA
2018-05-10 00:00:00-04:00,44.14643665,44.76486995,44.12527073,44.68727112,111957200,AAPL
2018-05-10 00:00:00-04:00,20.5,20.86599922,20.27400017,20.33466721,84774000,TSLA
2018-05-11 00:00:00-04:00,44.72976516,44.86431374,44.24821415,44.51731491,104848800,AAPL
2018-05-11 00:00:00-04:00,20.51333237,20.59199905,19.9386673,20.07066727,70194000,TSLA
2018-05-14 00:00:00-04:00,6.334756587,6.394623605,6.29344354,6.317192078,523140000,NVDA
2018-05-14 00:00:00-04:00,44.61645441,44.7392032,44.34499443,44.41344833,83115200,AAPL
2018-05-14 00:00:00-04:00,20.22133255,20.32933235,19.44133377,19.46466637,109302000,TSLA
2018-05-15 00:00:00-04:00,44.0900649,44.15852242,43.69349682,44.00980759,94780800,AAPL
2018-05-15 00:00:00-04:00,19.00066757,19.13066673,18.70000076,18.94533348,142788000,TSLA
2018-05-16 00:00:00-04:00,18.92200089,19.25399971,18.77066612,19.09866714,85110000,TSLA
2018-05-16 00:00:00-04:00,6.036164193,6.147981579,5.999303968,6.085888386,553828000,NVDA
2018-05-16 00:00:00-04:00,43.92246672,44.48663432,43.90594125,44.42053604,76732400,AAPL
2018-05-17 00:00:00-04:00,19.05999947,19.27933311,18.93133354,18.96933365,66309000,TSLA
2018-05-17 00:00:00-04:00,6.087619934,6.221701896,6.071539856,6.127943516,519784000,NVDA
2018-05-17 00:00:00-04:00,44.37804585,44.59285534,43.99091836,44.13963318,69176000,AAPL
2018-05-18 00:00:00-04:00,18.9766674,18.9766674,18.26666641,18.45466614,108778500,TSLA
2018-05-18 00:00:00-04:00,6.179894291,6.243224193,6.079208724,6.084156513,483716000,NVDA
2018-05-18 00:00:00-04:00,44.18684654,44.33319853,43.93663045,43.97911835,73190800,AAPL
2018-05-21 00:00:00-04:00,18.75533295,19.43266678,18.75333214,18.9659996,137739000,TSLA
2018-05-21 00:00:00-04:00,44.37804525,44.67783412,44.12074788,44.29070663,73603200,AAPL
2018-05-22 00:00:00-04:00,44.46774545,44.58577216,44.09005852,44.17975998,60962800,AAPL
2018-05-22 00:00:00-04:00,19.18400002,19.20000076,18.22800064,18.33399963,134187000,TSLA
2018-05-22 00:00:00-04:00,6.055461793,6.080694767,5.943396661,6.004005909,518264000,NVDA
2018-05-23 00:00:00-04:00,43.98855804,44.49607148,43.84928378,44.46302414,80233600,AAPL
2018-05-23 00:00:00-04:00,18.51733208,18.66066742,18.26666641,18.60466766,89776500,TSLA
2018-05-23 00:00:00-04:00,5.94781367,6.128763278,5.947070996,6.12752533,442956000,NVDA
2018-05-24 00:00:00-04:00,44.5598039,44.57632577,43.95550774,44.41344833,92936000,AAPL
2018-05-24 00:00:00-04:00,18.55999947,18.74066734,18.32600021,18.5233326,62650500,TSLA
2018-05-24 00:00:00-04:00,6.123812659,6.173567606,6.070592212,6.131238461,437372000,NVDA
2018-05-25 00:00:00-04:00,18.50866699,18.64266777,18.37400055,18.59000015,58126500,TSLA
2018-05-25 00:00:00-04:00,6.143863152,6.186934501,6.108218076,6.170597076,292112000,NVDA
2018-05-25 00:00:00-04:00,44.43232205,44.76751739,44.29541068,44.51494217,69844000,AAPL
2018-05-29 00:00:00-04:00,6.152526694,6.221589763,6.106732521,6.153516769,352684000,NVDA
2018-05-29 00:00:00-04:00,44.28362563,44.55508564,44.11130403,44.35443878,90056400,AAPL
2018-05-29 00:00:00-04:00,18.56733322,19.10000038,18.40999985,18.9173336,84999000,TSLA
2018-05-30 00:00:00-04:00,6.187181659,6.271096324,6.162427888,6.262432575,390996000,NVDA
2018-05-30 00:00:00-04:00,44.31193798,44.37803263,44.09004724,44.26000595,74762000,AAPL
2018-05-30 00:00:00-04:00,18.88599968,19.6673336,18.7733326,19.44799995,112345500,TSLA
2018-05-31 00:00:00-04:00,6.230501231,6.317139205,6.21985733,6.242630482,493868000,NVDA
2018-05-31 00:00:00-04:00,44.19391774,44.43233037,43.93897963,44.11129761,109931200,AAPL
2018-05-31 00:00:00-04:00,19.14733315,19.3579998,18.86199951,18.98200035,88795500,TSLA
2018-06-01 00:00:00-04:00,6.28743316,6.383230136,6.278769412,6.37704134,421968000,NVDA
2018-06-01 00:00:00-04:00,19.05733299,19.46333313,18.92266655,19.45466614,81366000,TSLA
2018-06-01 00:00:00-04:00,44.37569425,44.91153305,44.31904012,44.90681458,93770000,AAPL
2018-06-04 00:00:00-04:00,19.62266731,19.93333244,19.56999969,19.78266716,71967000,TSLA
2018-06-04 00:00:00-04:00,45.23728428,45.65745914,45.16883036,45.28213501,105064800,AAPL
2018-06-05 00:00:00-04:00,19.84666634,19.85333252,19.11599922,19.40866661,89928000,TSLA
2018-06-05 00:00:00-04:00,6.559229134,6.599082852,6.514425039,6.561457157,391712000,NVDA
2018-06-05 00:00:00-04:00,45.57484209,45.78020744,45.40724255,45.63149261,86264000,AAPL
2018-06-06 00:00:00-04:00,20.03333282,21.47800064,19.83200073,21.29999924,281509500,TSLA
2018-06-06 00:00:00-04:00,6.471354316,6.566656038,6.455016891,6.563437939,371356000,NVDA
2018-06-06 00:00:00-04:00,45.7070296,45.81325293,45.30337663,45.78964615,83734400,AAPL
2018-06-07 00:00:00-04:00,6.559725385,6.571607234,6.417391532,6.507742882,369448000,NVDA
2018-06-07 00:00:00-04:00,45.82741142,45.84157405,45.40251454,45.66689682,85388800,AAPL
2018-06-07 00:00:00-04:00,21.07666779,22,20.90533257,21.07266617,215179500,TSLA
2018-06-08 00:00:00-04:00,45.12633012,45.32225488,44.79585679,45.25143814,106627200,AAPL
2018-06-08 00:00:00-04:00,21.26666641,21.63199997,21.14333344,21.17733383,123078000,TSLA
2018-06-08 00:00:00-04:00,6.434965831,6.534970518,6.416152984,6.492394447,360456000,NVDA
2018-06-11 00:00:00-04:00,45.16882034,45.3151723,44.89971961,45.14049149,73234000,AAPL
2018-06-11 00:00:00-04:00,21.50066757,22.31066704,21.5,22.13999939,197752500,TSLA
2018-06-11 00:00:00-04:00,6.479769676,6.521355669,6.438431083,6.451303005,265372000,NVDA
2018-06-12 00:00:00-04:00,45.17825265,45.46623804,45.12159855,45.38834,67644400,AAPL
2018-06-12 00:00:00-04:00,22.97999954,23.66466713,22.53333282,22.85133362,335211000,TSLA
2018-06-12 00:00:00-04:00,6.477790234,6.511949959,6.427540014,6.499820709,319160000,NVDA
2018-06-13 00:00:00-04:00,23.11400032,23.14666748,22.65333366,22.98533249,142047000,TSLA
2018-06-13 00:00:00-04:00,6.50130559,6.576309105,6.486205643,6.495364666,338208000,NVDA
2018-06-13 00:00:00-04:00,45.42138913,45.52997527,44.95400447,45.01537704,86553600,AAPL
2018-06-14 00:00:00-04:00,6.540416523,6.66368963,6.525563977,6.607003689,430016000,NVDA
2018-06-14 00:00:00-04:00,45.21603773,45.22075981,44.90208622,45.03899765,86440400,AAPL
2018-06-14 00:00:00-04:00,23.17533302,23.91666794,23.10666656,23.84799957,164715000,TSLA
2018-06-15 00:00:00-04:00,6.549822779,6.621113396,6.518880682,6.566160202,432260000,NVDA
2018-06-15 00:00:00-04:00,44.85724395,44.88793205,44.43942827,44.57633972,246876800,AAPL
2018-06-15 00:00:00-04:00,23.58933258,24.3113327,23.41666794,23.87800026,162724500,TSLA
2018-06-18 00:00:00-04:00,6.522098398,6.579527012,6.494869675,6.561952114,356268000,NVDA
2018-06-18 00:00:00-04:00,44.34972824,44.66603903,44.18921,44.55273438,73939600,AAPL
2018-06-18 00:00:00-04:00,23.69333267,24.91533279,23.63333321,24.72200012,181098000,TSLA
2018-06-19 00:00:00-04:00,43.70294497,43.98384921,43.30401398,43.83277512,134314000,AAPL
2018-06-19 00:00:00-04:00,24.34399986,24.66666794,23.08333206,23.50333214,191428500,TSLA
2018-06-19 00:00:00-04:00,6.45873002,6.526060344,6.312683741,6.440165043,594932000,NVDA
2018-06-20 00:00:00-04:00,23.86933327,24.29199982,23.46666718,24.14800072,125755500,TSLA
2018-06-20 00:00:00-04:00,6.481254559,6.54610897,6.442886195,6.493136406,369780000,NVDA
2018-06-20 00:00:00-04:00,43.98854211,44.18918529,43.84218659,44.02394867,82514800,AAPL
2018-06-21 00:00:00-04:00,24.13333321,24.41399956,23.08466721,23.1673336,119506500,TSLA
2018-06-21 00:00:00-04:00,6.525070413,6.54338799,6.356745308,6.364418983,359516000,NVDA
2018-06-21 00:00:00-04:00,44.20100698,44.4606672,43.6557241,43.7784729,102847600,AAPL
2018-06-22 00:00:00-04:00,23.43600082,23.48333359,22.13333321,22.24200058,153991500,TSLA
2018-06-22 00:00:00-04:00,6.38521146,6.398578659,6.196588643,6.21193552,434160000,NVDA
2018-06-22 00:00:00-04:00,43.9342567,43.94133801,43.59906131,43.65099335,108801600,AAPL
2018-06-25 00:00:00-04:00,22.00799942,22.56466675,21.83333206,22.20066643,103969500,TSLA
2018-06-25 00:00:00-04:00,43.29220634,43.65100864,42.66194399,43.00186157,126652400,AAPL
2018-06-26 00:00:00-04:00,43.19542539,44.03105308,43.08919845,43.53533936,98276800,AAPL
2018-06-26 00:00:00-04:00,22.40333366,22.90333366,21.71999931,22.79999924,111787500,TSLA
2018-06-26 00:00:00-04:00,6.03247197,6.08074157,5.938655123,5.990142822,478884000,NVDA
2018-06-27 00:00:00-04:00,43.72417487,44.20808511,43.44091148,43.47159958,101141200,AAPL
2018-06-27 00:00:00-04:00,23,23.38599968,22.63333321,22.96666718,125005500,TSLA
2018-06-27 00:00:00-04:00,6.033708512,6.100048277,5.829490497,5.834936619,453892000,NVDA
2018-06-28 00:00:00-04:00,43.45743711,43.95550998,43.38662036,43.78791046,69460800,AAPL
2018-06-28 00:00:00-04:00,23.24399948,23.80133247,23.0739994,23.32866669,125970000,TSLA
2018-06-28 00:00:00-04:00,5.825035488,5.974052926,5.817361814,5.962171078,338012000,NVDA
2018-06-29 00:00:00-04:00,23.55533218,23.59066772,22.82733345,22.86333275,97386000,TSLA
2018-06-29 00:00:00-04:00,6.027273063,6.039897113,5.862908284,5.864146233,392300000,NVDA
2018-06-29 00:00:00-04:00,43.97440705,44.18685737,43.17654863,43.69586563,90950800,AAPL
2018-07-02 00:00:00-04:00,5.794588145,6.000043638,5.774042549,5.996330738,357572000,NVDA
2018-07-02 00:00:00-04:00,43.3913427,44.21280762,43.29691917,44.18447876,70925200,AAPL
2018-07-02 00:00:00-04:00,24.00466728,24.31866646,21.98999977,22.33799934,281397000,TSLA
2018-07-03 00:00:00-04:00,6.030985965,6.036926889,5.854244536,5.862660885,222732000,NVDA
2018-07-03 00:00:00-04:00,44.32846926,44.36623867,43.32524224,43.4149437,55819200,AAPL
2018-07-03 00:00:00-04:00,22.11666679,22.16600037,20.64599991,20.72400093,184239000,TSLA
2018-07-05 00:00:00-04:00,5.917861779,6.013410899,5.878998606,6.008460522,306216000,NVDA
2018-07-05 00:00:00-04:00,43.73125015,44.00271372,43.49991884,43.76429749,66416800,AAPL
2018-07-05 00:00:00-04:00,20.9173336,20.95933342,19.74799919,20.61066628,262146000,TSLA
2018-07-06 00:00:00-04:00,5.983954259,6.130743677,5.962665986,6.122327328,296352000,NVDA
2018-07-06 00:00:00-04:00,20.32999992,20.80466652,20.13333321,20.59333229,132982500,TSLA
2018-07-06 00:00:00-04:00,43.7690346,44.47955426,43.71710255,44.37097168,69940800,AAPL
2018-07-09 00:00:00-04:00,20.79933357,21.23466682,20.53333282,21.23399925,113952000,TSLA
2018-07-09 00:00:00-04:00,6.196588081,6.206241905,6.091137272,6.169853687,303880000,NVDA
2018-07-09 00:00:00-04:00,44.73212622,45.01066754,44.68491625,44.98706436,79026400,AAPL
2018-07-10 00:00:00-04:00,21.63733292,21.8453331,21.28000069,21.49799919,142072500,TSLA
2018-07-10 00:00:00-04:00,6.18223237,6.290900833,6.14188384,6.268870354,360016000,NVDA
2018-07-10 00:00:00-04:00,45.01775297,45.15230156,44.89264134,44.93277359,63756400,AAPL
2018-07-11 00:00:00-04:00,21.05333328,21.46266747,21.00466728,21.26399994,73261500,TSLA
2018-07-11 00:00:00-04:00,6.17604272,6.210697718,6.116633479,6.127277851,367508000,NVDA
2018-07-11 00:00:00-04:00,44.49606815,44.79821623,44.28598076,44.34971619,75326000,AAPL
2018-07-12 00:00:00-04:00,6.172577374,6.266888544,6.162675677,6.218866348,345508000,NVDA
2018-07-12 00:00:00-04:00,44.73920448,45.18298606,44.68727244,45.09328461,72164400,AAPL
2018-07-12 00:00:00-04:00,21.42866707,21.54866791,20.85133362,21.11400032,85818000,TSLA
2018-07-13 00:00:00-04:00,45.10508729,45.28448659,45.0625958,45.16410065,50055600,AAPL
2018-07-13 00:00:00-04:00,21.03866768,21.30533218,20.61666679,21.25799942,88047000,TSLA
2018-07-13 00:00:00-04:00,6.237431479,6.237431479,6.129505244,6.171586514,246988000,NVDA
2018-07-16 00:00:00-04:00,45.20894939,45.47568729,44.9492892,45.06495667,60172400,AAPL
2018-07-16 00:00:00-04:00,20.78066635,21.0106678,20.41666794,20.67333221,117280500,TSLA
2018-07-16 00:00:00-04:00,6.143863678,6.19683673,6.131487026,6.143863678,197036000,NVDA
2018-07-17 00:00:00-04:00,44.79113848,45.2915706,44.66130837,45.19242859,62138000,AAPL
2018-07-17 00:00:00-04:00,20.58733368,21.64933205,20.56666756,21.5126667,104943000,TSLA
2018-07-17 00:00:00-04:00,6.094602589,6.29485983,6.069106144,6.279759884,362136000,NVDA
2018-07-18 00:00:00-04:00,45.27033118,45.27505326,44.83363085,44.94457626,65573600,AAPL
2018-07-18 00:00:00-04:00,6.272334088,6.286196086,6.179507804,6.230500221,277640000,NVDA
2018-07-18 00:00:00-04:00,21.66666794,21.70000076,21.08333206,21.59000015,84363000,TSLA
2018-07-19 00:00:00-04:00,6.211686647,6.272333353,6.196587174,6.238667965,235752000,NVDA
2018-07-19 00:00:00-04:00,44.7769725,45.45208541,44.7769725,45.29393005,81147200,AAPL
2018-07-19 00:00:00-04:00,21.08866692,21.56933212,20.93400002,21.34866714,88729500,TSLA
2018-07-20 00:00:00-04:00,6.236194977,6.275058153,6.199559352,6.210451126,222352000,NVDA
2018-07-20 00:00:00-04:00,45.27033223,45.42376554,44.89028602,45.19007492,82704800,AAPL
2018-07-20 00:00:00-04:00,21.41533279,21.54933357,20.78066635,20.90533257,77433000,TSLA
2018-07-23 00:00:00-04:00,6.183963872,6.185696622,6.022074513,6.173814774,301584000,NVDA
2018-07-23 00:00:00-04:00,45.01065875,45.3128104,44.74628011,45.23019028,63957600,AAPL
2018-07-23 00:00:00-04:00,20.12266731,20.36666679,19.52400017,20.21333313,164893500,TSLA
2018-07-24 00:00:00-04:00,45.42849277,45.71411907,45.33407281,45.55832291,74791600,AAPL
2018-07-24 00:00:00-04:00,20.29466629,20.51466751,19.50333214,19.82866669,143862000,TSLA
2018-07-24 00:00:00-04:00,6.221836197,6.308474153,6.138911142,6.156486511,354620000,NVDA
2018-07-25 00:00:00-04:00,19.78266716,20.64133263,19.63333321,20.5826664,106131000,TSLA
2018-07-25 00:00:00-04:00,6.165893122,6.247332831,6.107969234,6.234708309,319112000,NVDA
2018-07-25 00:00:00-04:00,45.57247396,45.99501161,45.42375915,45.9879303,66839600,AAPL
2018-07-26 00:00:00-04:00,20.32333374,20.71333313,20.24266624,20.44333267,69457500,TSLA
2018-07-26 00:00:00-04:00,6.214659038,6.345110563,6.197826339,6.308227539,325124000,NVDA
2018-07-26 00:00:00-04:00,45.93836449,46.25703811,45.70231103,45.84394455,76304000,AAPL
2018-07-27 00:00:00-04:00,20.48333359,20.5126667,19.68933296,19.81200027,85549500,TSLA
2018-07-27 00:00:00-04:00,6.344862809,6.351793809,6.184458796,6.238421917,295420000,NVDA
2018-07-27 00:00:00-04:00,46.02805068,46.07526064,44.87374978,45.0814743,96096000,AAPL
2018-07-30 00:00:00-04:00,6.252531411,6.258472335,6.00821227,6.043115139,340340000,NVDA
2018-07-30 00:00:00-04:00,45.29864332,45.36946005,44.6306154,44.82889938,84118000,AAPL
2018-07-30 00:00:00-04:00,19.7266674,19.73999977,19.07533264,19.34466743,102211500,TSLA
2018-07-31 00:00:00-04:00,44.92096101,45.35529839,44.69434817,44.91859818,157492000,AAPL
2018-07-31 00:00:00-04:00,19.48333359,19.88800049,19.27133369,19.87599945,76153500,TSLA
2018-07-31 00:00:00-04:00,6.032720586,6.135943407,5.993857403,6.061187267,283988000,NVDA
2018-08-01 00:00:00-04:00,47.00532423,47.62614234,46.57570522,47.56476974,271742800,AAPL
2018-08-01 00:00:00-04:00,19.86599922,20.20000076,19.53333282,20.05599976,151941000,TSLA
2018-08-01 00:00:00-04:00,6.092623056,6.147823653,6.037174586,6.101038933,283556000,NVDA
2018-08-02 00:00:00-04:00,47.34760051,49.18881811,47.29330923,48.9551239,249616000,AAPL
2018-08-02 00:00:00-04:00,21.89599991,23.3326664,21.54400063,23.30266762,348225000,TSLA
2018-08-02 00:00:00-04:00,6.029747287,6.20772617,5.9708338,6.203765869,269668000,NVDA
2018-08-03 00:00:00-04:00,23.18733215,23.66666794,22.83533287,23.21133232,204847500,TSLA
2018-08-03 00:00:00-04:00,6.228272496,6.264165441,6.211440271,6.240401745,214288000,NVDA
2018-08-03 00:00:00-04:00,48.8701355,49.2737884,48.50425201,49.09674835,133789600,AAPL
2018-08-06 00:00:00-04:00,6.22777911,6.291643468,6.181242255,6.288177967,207508000,NVDA
2018-08-06 00:00:00-04:00,49.0991133,49.39418009,48.87958534,49.3516922,101701600,AAPL
2018-08-06 00:00:00-04:00,23.03066635,23.66533279,22.78800011,22.79933357,128464500,TSLA
2018-08-07 00:00:00-04:00,6.336941121,6.379022389,6.310207201,6.360456944,258132000,NVDA
2018-08-07 00:00:00-04:00,49.41071017,49.45319806,48.80641031,48.88903046,102349600,AAPL
2018-08-07 00:00:00-04:00,22.92266655,25.8306675,22.61000061,25.30466652,463137000,TSLA
2018-08-08 00:00:00-04:00,6.361696015,6.441897791,6.32679314,6.396845818,262100000,NVDA
2018-08-08 00:00:00-04:00,48.63880997,49.05426271,48.27764851,48.92207336,90102000,AAPL
2018-08-08 00:00:00-04:00,24.6060009,25.50933266,24.4746666,24.68933296,368568000,TSLA
2018-08-09 00:00:00-04:00,6.414666919,6.417389744,6.340653487,6.34832716,204280000,NVDA
2018-08-09 00:00:00-04:00,24.37000084,24.46733284,23.04866791,23.49666786,257757000,TSLA
2018-08-09 00:00:00-04:00,49.46027227,49.51928562,48.91026737,49.30683899,93970400,AAPL
2018-08-10 00:00:00-04:00,23.60000038,24,23.06666756,23.69933319,173280000,TSLA
2018-08-10 00:00:00-04:00,6.266394221,6.339417596,6.255255046,6.306990147,256396000,NVDA
2018-08-10 00:00:00-04:00,49.11969614,49.53187081,48.9562475,49.15996552,98444800,AAPL
2018-08-13 00:00:00-04:00,24.07533264,24.21266747,23.26799965,23.7606678,156958500,TSLA
2018-08-13 00:00:00-04:00,6.315652489,6.460709131,6.313919739,6.339910984,375208000,NVDA
2018-08-13 00:00:00-04:00,49.58162627,49.97011148,49.20024722,49.47739792,103563600,AAPL
2018-08-14 00:00:00-04:00,23.89666748,23.94666672,23.13999939,23.1760006,104796000,TSLA
2018-08-14 00:00:00-04:00,6.445361809,6.485462924,6.362189353,6.471353054,466220000,NVDA
2018-08-14 00:00:00-04:00,49.78297807,49.87772915,49.3329014,49.68585587,82992000,AAPL
2018-08-15 00:00:00-04:00,6.492148483,6.526061286,6.334467732,6.413184643,591136000,NVDA
2018-08-15 00:00:00-04:00,49.56030952,49.92037013,49.34948529,49.80192947,115230400,AAPL
2018-08-15 00:00:00-04:00,22.79400063,22.9659996,22.14266777,22.57933235,136519500,TSLA
2018-08-16 00:00:00-04:00,50.15960789,50.64758272,50.09328143,50.53151321,114001600,AAPL
2018-08-16 00:00:00-04:00,22.66066742,22.81866646,22.25466728,22.36333275,90960000,TSLA
2018-08-17 00:00:00-04:00,50.55995319,51.62828672,50.49362671,51.54064178,141708000,AAPL
2018-08-17 00:00:00-04:00,21.56666756,21.78466606,20.23533249,20.36666679,284379000,TSLA
2018-08-20 00:00:00-04:00,51.66381098,51.9196396,50.95553462,51.03844452,121150800,AAPL
2018-08-20 00:00:00-04:00,19.44666672,20.56666756,19.21333313,20.56266785,261034500,TSLA
2018-08-21 00:00:00-04:00,51.35587065,51.44825422,50.69970838,50.93895721,104639200,AAPL
2018-08-21 00:00:00-04:00,20.70733261,21.65266609,20.60000038,21.45999908,197583000,TSLA
2018-08-22 00:00:00-04:00,50.71628582,51.25163624,50.65469437,50.94132233,76072400,AAPL
2018-08-22 00:00:00-04:00,21.39133263,21.59199905,20.97800064,21.44266701,89190000,TSLA
2018-08-23 00:00:00-04:00,50.84657207,51.41508938,50.83473089,51.04555511,75532800,AAPL
2018-08-23 00:00:00-04:00,21.27599907,21.82133293,21.20666695,21.34000015,77209500,TSLA
2018-08-24 00:00:00-04:00,6.613688239,6.753051387,6.609232663,6.738446712,531512000,NVDA
2018-08-24 00:00:00-04:00,51.30848631,51.3795478,50.9555319,51.20425797,73905600,AAPL
2018-08-24 00:00:00-04:00,21.37999916,21.59000015,21.29333305,21.52133369,54039000,TSLA
2018-08-27 00:00:00-04:00,51.43876586,51.81540982,51.2445251,51.62590408,82100400,AAPL
2018-08-27 00:00:00-04:00,21.20000076,21.49600029,20.58733368,21.28466606,196189500,TSLA
2018-08-27 00:00:00-04:00,6.768149438,6.903799657,6.736712543,6.829538822,505776000,NVDA
2018-08-28 00:00:00-04:00,21.22733307,21.25866699,20.74600029,20.79066658,114736500,TSLA
2018-08-28 00:00:00-04:00,6.823600195,6.846373821,6.671859904,6.791915417,475384000,NVDA
2018-08-28 00:00:00-04:00,51.8793713,52.2417994,51.85805286,52.04281998,91107200,AAPL
2018-08-29 00:00:00-04:00,20.68466759,20.79000092,20.24600029,20.33399963,111711000,TSLA
2018-08-29 00:00:00-04:00,6.784235954,6.922437161,6.763431583,6.897422314,420108000,NVDA
2018-08-29 00:00:00-04:00,52.14942669,52.94061313,51.97413681,52.81980133,109019200,AAPL
2018-08-30 00:00:00-04:00,20.15066719,20.30666733,19.84799957,20.20999908,108250500,TSLA
2018-08-30 00:00:00-04:00,6.866215776,6.97742091,6.843677706,6.880580902,346608000,NVDA
2018-08-30 00:00:00-04:00,52.88375998,54.07053421,52.68240939,53.30540848,195175200,AAPL
2018-08-31 00:00:00-04:00,20.13333321,20.35400009,19.90666771,20.11066628,80626500,TSLA
2018-08-31 00:00:00-04:00,53.65598563,54.21502568,53.53517746,53.92129517,173360400,AAPL
2018-08-31 00:00:00-04:00,6.860520117,6.96454246,6.850613002,6.951663494,306592000,NVDA
2018-09-04 00:00:00-04:00,54.10605637,54.28845236,53.68440796,54.09421158,109560400,AAPL
2018-09-04 00:00:00-04:00,19.79599953,19.8793335,19.20000076,19.26333237,125257500,TSLA
2018-09-04 00:00:00-04:00,6.938535243,7.064105018,6.910053002,7.026459217,391720000,NVDA
2018-09-05 00:00:00-04:00,54.2434552,54.40453277,53.32198701,53.74126434,133332000,AAPL
2018-09-05 00:00:00-04:00,19.00333214,19.1186676,18.47866631,18.7159996,115812000,TSLA
2018-09-05 00:00:00-04:00,7.008874416,7.044291448,6.814699344,6.895688057,393156000,NVDA
2018-09-06 00:00:00-04:00,53.58965299,53.85496249,52.42182997,52.84821701,137160000,AAPL
2018-09-06 00:00:00-04:00,18.98666763,19.41133308,18.59199905,18.72999954,112212000,TSLA
2018-09-06 00:00:00-04:00,6.879343328,6.881820107,6.72157634,6.754516602,322796000,NVDA
2018-09-07 00:00:00-04:00,17.34000015,17.88999939,16.81666756,17.54933357,337378500,TSLA
2018-09-07 00:00:00-04:00,6.662380798,6.858785106,6.617552199,6.733215332,295420000,NVDA
2018-09-07 00:00:00-04:00,52.55211083,53.38593029,52.28206633,52.42182541,150479200,AAPL
2018-09-10 00:00:00-04:00,6.75575486,6.834019273,6.711916868,6.804298401,220140000,NVDA
2018-09-10 00:00:00-04:00,52.33890848,52.55210376,51.27768155,51.71828079,158066000,AAPL
2018-09-10 00:00:00-04:00,18.21733284,19.06866646,18.06666756,19.03333282,214252500,TSLA
2018-09-11 00:00:00-04:00,6.757983072,6.845659049,6.737178699,6.756497383,243112000,NVDA
2018-09-11 00:00:00-04:00,51.64249312,53.13247859,51.29901595,53.02588272,142996000,AAPL
2018-09-11 00:00:00-04:00,18.6313324,18.79999924,18.23666763,18.6293335,137550000,TSLA
2018-09-12 00:00:00-04:00,6.71662108,6.736187297,6.487028979,6.642567158,419092000,NVDA
2018-09-12 00:00:00-04:00,53.28407714,53.29828944,52.07598113,52.36734772,197114800,AAPL
2018-09-12 00:00:00-04:00,18.7626667,19.5,18.57666779,19.36933327,150231000,TSLA
2018-09-13 00:00:00-04:00,52.94770692,54.09184398,52.72267042,53.6322937,166825600,AAPL
2018-09-13 00:00:00-04:00,19.20133209,19.66666794,19.01199913,19.29733276,95104500,TSLA
2018-09-13 00:00:00-04:00,6.708448091,6.810984253,6.691111115,6.720336437,305536000,NVDA
2018-09-14 00:00:00-04:00,19.25066757,19.8220005,19.10133362,19.68000031,101484000,TSLA
2018-09-14 00:00:00-04:00,6.810738545,6.912531654,6.773835343,6.846403122,386936000,NVDA
2018-09-14 00:00:00-04:00,53.47594259,53.73414229,52.71081716,53.02349854,127997200,AAPL
2018-09-17 00:00:00-04:00,19.33600044,20.05800056,19.20866776,19.65600014,103314000,TSLA
2018-09-17 00:00:00-04:00,6.820892992,6.869932079,6.76516665,6.784484863,205528000,NVDA
2018-09-17 00:00:00-04:00,52.62317091,52.81267664,51.46719281,51.61169052,148780400,AAPL
2018-09-18 00:00:00-04:00,19.77933311,20.1760006,18.36666679,18.99733353,248212500,TSLA
2018-09-18 00:00:00-04:00,6.788447041,6.891230752,6.705724621,6.712411404,299520000,NVDA
2018-09-18 00:00:00-04:00,51.59038385,52.55212509,51.43167379,51.69698334,126286800,AAPL
2018-09-19 00:00:00-04:00,6.693836109,6.754020457,6.643806412,6.736187935,224860000,NVDA
2018-09-19 00:00:00-04:00,51.75855985,52.02386573,51.00054048,51.72776413,108495200,AAPL
2018-09-19 00:00:00-04:00,18.70066643,20,18.70000076,19.93466759,124423500,TSLA
2018-09-20 00:00:00-04:00,52.17074123,52.65397752,51.91253786,52.12099457,106435200,AAPL
2018-09-20 00:00:00-04:00,20.2373333,20.39866638,19.55533218,19.88866615,110241000,TSLA
2018-09-20 00:00:00-04:00,6.614086202,6.656438032,6.541022883,6.595015526,430584000,NVDA
2018-09-21 00:00:00-04:00,52.29865795,52.43604955,51.47194084,51.55958939,384986800,AAPL
2018-09-21 00:00:00-04:00,19.84666634,20.03866768,19.69133377,19.94000053,75757500,TSLA
2018-09-21 00:00:00-04:00,6.606903615,6.652475303,6.491736007,6.524923801,435128000,NVDA
2018-09-24 00:00:00-04:00,51.36060612,52.41235608,51.3155981,52.30102158,110773600,AAPL
2018-09-24 00:00:00-04:00,19.89866638,20.20000076,19.5720005,19.97866631,72645000,TSLA
2018-09-24 00:00:00-04:00,6.493964494,6.584117248,6.406784063,6.580649853,293912000,NVDA
2018-09-25 00:00:00-04:00,52.05466893,52.7818963,52.04282414,52.63265991,98217600,AAPL
2018-09-25 00:00:00-04:00,6.646776927,6.672782387,6.561082204,6.647767544,280388000,NVDA
2018-09-25 00:00:00-04:00,20,20.30666733,19.76666641,20.06599998,67225500,TSLA
2018-09-26 00:00:00-04:00,6.652723305,6.693093902,6.595015729,6.610866547,268548000,NVDA
2018-09-26 00:00:00-04:00,52.35076668,53.00219024,52.05703257,52.21337509,95938800,AAPL
2018-09-26 00:00:00-04:00,20.12733269,20.9260006,20.0739994,20.63866615,117648000,TSLA
2018-09-27 00:00:00-04:00,6.646035248,6.667335165,6.591300002,6.622754097,214428000,NVDA
2018-09-27 00:00:00-04:00,53.01876083,53.63938852,52.95243076,53.28643417,120724800,AAPL
2018-09-27 00:00:00-04:00,20.86000061,20.99733353,20.46066666,20.50133324,127636500,TSLA
2018-09-28 00:00:00-04:00,53.24854311,53.49726918,53.06614712,53.47358322,91717600,AAPL
2018-09-28 00:00:00-04:00,18.01733208,18.53333282,17.3706665,17.65133286,504745500,TSLA
2018-10-01 00:00:00-04:00,53.99709737,54.34531321,53.61808942,53.83364868,94403200,AAPL
2018-10-01 00:00:00-04:00,20.38466644,20.7626667,20.06999969,20.71333313,326664000,TSLA
2018-10-01 00:00:00-04:00,7.037852546,7.233513317,6.999215653,7.166642189,622060000,NVDA
2018-10-02 00:00:00-04:00,20.93000031,21.12266731,19.94333267,20.06800079,176152500,TSLA
2018-10-02 00:00:00-04:00,7.139150581,7.250850312,7.073022062,7.095312595,383964000,NVDA
2018-10-02 00:00:00-04:00,53.83126891,54.48269241,53.68440368,54.3121376,99152800,AAPL
2018-10-03 00:00:00-04:00,20.22200012,20.30666733,19.43799973,19.65333366,119925000,TSLA
2018-10-03 00:00:00-04:00,7.165651139,7.173081475,6.997481994,7.101504326,320552000,NVDA
2018-10-03 00:00:00-04:00,54.49454789,55.30468156,54.43058892,54.97304916,114619200,AAPL
2018-10-04 00:00:00-04:00,19.59666634,19.60000038,18.51133347,18.78866768,147213000,TSLA
2018-10-04 00:00:00-04:00,7.065344669,7.089616438,6.84021055,6.917236805,391220000,NVDA
2018-10-04 00:00:00-04:00,54.66746615,55.03937152,53.70809616,54.00656891,128168000,AAPL
2018-10-05 00:00:00-04:00,6.892469239,6.95463482,6.626221455,6.683681488,426636000,NVDA
2018-10-05 00:00:00-04:00,53.99945772,54.10605357,52.25127273,53.13010025,134322000,AAPL
2018-10-05 00:00:00-04:00,18.30999947,18.32533264,17.33333206,17.46333313,269167500,TSLA
2018-10-08 00:00:00-04:00,52.63740083,53.2509226,52.16126705,53.00693512,118655600,AAPL
2018-10-08 00:00:00-04:00,17.63466644,17.85066795,16.60000038,16.70400047,202090500,TSLA
2018-10-08 00:00:00-04:00,6.600463691,6.715878832,6.441458098,6.582383633,408612000,NVDA
2018-10-09 00:00:00-04:00,52.97613869,53.83601904,52.64687379,53.74126434,107564000,AAPL
2018-10-09 00:00:00-04:00,17.01666641,17.78466606,16.88666725,17.52000046,180909000,TSLA
2018-10-09 00:00:00-04:00,6.561827616,6.656438396,6.50882606,6.57668829,273500000,NVDA
2018-10-10 00:00:00-04:00,53.40725771,53.61808191,51.17820388,51.25163651,167962400,AAPL
2018-10-10 00:00:00-04:00,17.64066696,17.70066643,16.51799965,17.12533379,192229500,TSLA
2018-10-11 00:00:00-04:00,17.16866684,17.48333359,16.60199928,16.81533241,122515500,TSLA
2018-10-11 00:00:00-04:00,50.81577395,51.99544173,50.29463585,50.79919052,212497600,AAPL
2018-10-12 00:00:00-04:00,6.080601123,6.180413003,5.935465086,6.10611105,608236000,NVDA
2018-10-12 00:00:00-04:00,52.21337093,52.79610046,51.36533552,52.61370087,161351600,AAPL
2018-10-12 00:00:00-04:00,17.39999962,17.4659996,16.80066681,17.25200081,108021000,TSLA
2018-10-15 00:00:00-04:00,6.092735039,6.092735039,5.828716529,5.829707146,449760000,NVDA
2018-10-15 00:00:00-04:00,52.38867127,52.54738132,51.46720313,51.48852158,123164000,AAPL
2018-10-15 00:00:00-04:00,17.27066612,17.55200005,16.96933365,17.30599976,93000000,TSLA
2018-10-16 00:00:00-04:00,5.942399135,6.09967104,5.893112515,6.088525772,408712000,NVDA
2018-10-16 00:00:00-04:00,51.86041478,52.82215577,51.34638286,52.62317276,116736000,AAPL
2018-10-16 00:00:00-04:00,17.71333313,18.49200058,17.48266792,18.43933296,142896000,TSLA
2018-10-17 00:00:00-04:00,6.150691239,6.188833063,5.970881266,6.019920349,329668000,NVDA
2018-10-17 00:00:00-04:00,18.82666779,18.84666634,17.71999931,18.1186676,129832500,TSLA
2018-10-17 00:00:00-04:00,52.65870939,52.73924816,51.95753921,52.39577103,91541600,AAPL
2018-10-18 00:00:00-04:00,17.95266724,18.06666756,17.53333282,17.59399986,81318000,TSLA
2018-10-18 00:00:00-04:00,6.089269095,6.127657985,5.872060365,5.932492256,524020000,NVDA
2018-10-18 00:00:00-04:00,51.6069652,52.05230324,50.45572182,51.17110443,130325200,AAPL
2018-10-19 00:00:00-04:00,17.82600021,17.97733307,16.89999962,17.33333206,140632500,TSLA
2018-10-19 00:00:00-04:00,5.987723795,6.007289545,5.639496616,5.675904274,613608000,NVDA
2018-10-19 00:00:00-04:00,51.65433023,52.41234959,51.50509387,51.95043182,132314800,AAPL
2018-10-22 00:00:00-04:00,17.37866783,17.45733261,16.83933258,17.39666748,84004500,TSLA
2018-10-22 00:00:00-04:00,5.728162626,5.828222027,5.623892748,5.726676464,368844000,NVDA
2018-10-22 00:00:00-04:00,52.06414234,52.90981036,51.86279539,52.26786041,115168400,AAPL
2018-10-23 00:00:00-04:00,5.459436687,5.552561746,5.367302717,5.475040436,626436000,NVDA
2018-10-23 00:00:00-04:00,51.12609841,52.88375746,50.85842135,52.76057816,155071200,AAPL
2018-10-23 00:00:00-04:00,17.59133339,19.86199951,17.47333336,19.60933304,285417000,TSLA
2018-10-24 00:00:00-04:00,52.72977891,53.11589298,50.8205126,50.95079803,163702000,AAPL
2018-10-24 00:00:00-04:00,20.06999969,20.29599953,19.04866791,19.23333359,300874500,TSLA
2018-10-25 00:00:00-04:00,51.57143199,52.44078597,51.34402434,52.06651306,119423200,AAPL
2018-10-25 00:00:00-04:00,21.14800072,21.39999962,20.06733322,20.99066734,312610500,TSLA
2018-10-26 00:00:00-04:00,51.14266064,52.15888324,50.37753522,51.23741531,189033600,AAPL
2018-10-26 00:00:00-04:00,20.54999924,22.65999985,20.44333267,22.05999947,411382500,TSLA
2018-10-29 00:00:00-04:00,22.49799919,23.1439991,21.76666641,22.32333374,217290000,TSLA
2018-10-29 00:00:00-04:00,51.92202035,52.04046102,48.81887342,50.2756958,183742000,AAPL
2018-10-30 00:00:00-04:00,50.01748224,50.97211354,49.57214788,50.52677917,146640000,AAPL
2018-10-30 00:00:00-04:00,21.89266777,22.52666664,21.48399925,21.99333382,136900500,TSLA
2018-10-31 00:00:00-04:00,51.37481381,52.22047811,51.31322236,51.84383774,153435600,AAPL
2018-10-31 00:00:00-04:00,22.1693325,22.79999924,21.94000053,22.48800087,114364500,TSLA
2018-11-01 00:00:00-04:00,5.258079701,5.411389107,5.13151931,5.401977539,566528000,NVDA
2018-11-01 00:00:00-04:00,51.88884959,52.67292612,51.35823418,52.63976288,233292800,AAPL
2018-11-01 00:00:00-04:00,22.55066681,23.18933296,22.31533241,22.95199966,120001500,TSLA
2018-11-02 00:00:00-04:00,49.63847836,50.60968955,48.66252492,49.14813232,365314800,AAPL
2018-11-02 00:00:00-04:00,22.91600037,23.28000069,22.72733307,23.09399986,117120000,TSLA
2018-11-02 00:00:00-04:00,5.392567753,5.498323809,5.206318032,5.322971821,452960000,NVDA
2018-11-05 00:00:00-05:00,22.70000076,22.93066788,22.00933266,22.76000023,117465000,TSLA
2018-11-05 00:00:00-05:00,5.309843044,5.333124664,5.084213888,5.244953156,379332000,NVDA
2018-11-05 00:00:00-05:00,48.39484133,48.41615978,46.94275808,47.75289154,264654800,AAPL
2018-11-06 00:00:00-05:00,22.60466766,23.25333214,22.40600014,22.7373333,101443500,TSLA
2018-11-06 00:00:00-05:00,5.237028414,5.321236994,5.190218103,5.227369308,299012000,NVDA
2018-11-06 00:00:00-05:00,47.83107053,48.49433887,47.77658884,48.26930237,127531600,AAPL
2018-11-07 00:00:00-05:00,22.88933372,23.41200066,22.71999931,23.21066666,110617500,TSLA
2018-11-07 00:00:00-05:00,5.293994677,5.384642534,5.230342912,5.294985294,483812000,NVDA
2018-11-07 00:00:00-05:00,48.79044024,49.75928386,48.35457953,49.73322678,133697600,AAPL
2018-11-08 00:00:00-05:00,23.23333359,23.83866692,23.22933388,23.42666626,106360500,TSLA
2018-11-08 00:00:00-05:00,49.91388231,49.94716126,49.14608714,49.55970001,101450400,AAPL
2018-11-08 00:00:00-05:00,5.235789267,5.236532348,5.048301451,5.101799011,511352000,NVDA
2018-11-09 00:00:00-05:00,48.86083939,48.97018295,48.07640292,48.60411453,137463200,AAPL
2018-11-09 00:00:00-05:00,23.26666641,23.60000038,23.01533318,23.36733246,76482000,TSLA
2018-11-09 00:00:00-05:00,5.012885721,5.184274759,4.979202378,5.093874454,413240000,NVDA
2018-11-12 00:00:00-05:00,47.30384487,47.50589792,46.06538583,46.15571594,204542000,AAPL
2018-11-12 00:00:00-05:00,23.2246666,23.31866646,22.02266693,22.08533287,104122500,TSLA
2018-11-12 00:00:00-05:00,5.002481915,5.02452491,4.672582441,4.694377899,617116000,NVDA
2018-11-13 00:00:00-05:00,45.55195754,46.87123324,45.50916824,45.69458008,187531600,AAPL
2018-11-13 00:00:00-05:00,22.21066666,22.97999954,22.14666748,22.58200073,81729000,TSLA
2018-11-14 00:00:00-05:00,22.84666634,23.14066696,22.4766674,22.93333244,75604500,TSLA
2018-11-14 00:00:00-05:00,5.109477895,5.123843024,4.775863843,4.883848667,526580000,NVDA
2018-11-14 00:00:00-05:00,46.09154729,46.22941827,44.19701557,44.40382385,243204000,AAPL
2018-11-15 00:00:00-05:00,44.78177801,45.63277248,44.42759204,45.49965668,185915200,AAPL
2018-11-15 00:00:00-05:00,22.8220005,23.23866653,22.60266685,23.22933388,69385500,TSLA
2018-11-16 00:00:00-05:00,45.28333154,46.34588559,45.03611705,46.00358582,147713200,AAPL
2018-11-16 00:00:00-05:00,23.0126667,23.71333313,23.00799942,23.6206665,108093000,TSLA
2018-11-19 00:00:00-05:00,45.16448434,45.33087909,43.97356951,44.18037415,167701200,AAPL
2018-11-19 00:00:00-05:00,23.75600052,24.45000076,23.5253334,23.56466675,145633500,TSLA
2018-11-20 00:00:00-05:00,22.78333282,23.31999969,22.23666763,23.16600037,120070500,TSLA
2018-11-20 00:00:00-05:00,42.39994422,43.13683994,41.72009969,42.06953049,271300800,AAPL
2018-11-21 00:00:00-05:00,23.46666718,23.54000092,22.49333382,22.54599953,70302000,TSLA
2018-11-21 00:00:00-05:00,42.72320974,42.85157395,41.96730089,42.02197266,124496800,AAPL
2018-11-23 00:00:00-05:00,22.29000092,22.5,21.7033329,21.72200012,63039000,TSLA
2018-11-23 00:00:00-05:00,3.549390559,3.704928537,3.536511593,3.591247082,411968000,NVDA
2018-11-23 00:00:00-05:00,41.58460934,41.97920521,40.90951995,40.9546814,94496000,AAPL
2018-11-26 00:00:00-05:00,21.66666794,23.08133316,21.66666794,23.06666756,119881500,TSLA
2018-11-26 00:00:00-05:00,41.41820698,41.58697748,40.47212736,41.50853348,179994000,AAPL
2018-11-27 00:00:00-05:00,40.76926791,41.54419775,40.61951445,41.41821289,165549600,AAPL
2018-11-27 00:00:00-05:00,22.67000008,23.13066673,22.36666679,22.9279995,95374500,TSLA
2018-11-28 00:00:00-05:00,42.01009759,43.09404455,41.58222283,43.010849,184250000,AAPL
2018-11-28 00:00:00-05:00,23.06599998,23.21866608,22.81399918,23.19133377,61914000,TSLA
2018-11-29 00:00:00-05:00,43.41970269,43.45298163,42.24067054,42.68043137,167080000,AAPL
2018-11-29 00:00:00-05:00,23.13333321,23.16666794,22.63666725,22.74466705,46210500,TSLA
2018-11-29 00:00:00-05:00,3.966720063,4.003907969,3.871023021,3.901269197,549172000,NVDA
2018-11-30 00:00:00-05:00,42.85634948,42.86585983,42.08142315,42.44987106,158126000,AAPL
2018-11-30 00:00:00-05:00,22.78866768,23.44000053,22.55066681,23.36533356,84436500,TSLA
2018-12-03 00:00:00-05:00,43.8475763,43.96167502,43.07502606,43.93315125,163210000,AAPL
2018-12-03 00:00:00-05:00,24,24.39999962,23.46666718,23.89933205,124597500,TSLA
2018-12-04 00:00:00-05:00,43.01322519,43.355525,41.90075444,42.00059128,165377200,AAPL
2018-12-04 00:00:00-05:00,23.73666763,24.57866669,23.46666718,23.97999954,126928500,TSLA
2018-12-06 00:00:00-05:00,40.82869749,41.54657619,40.51016986,41.5323143,172393600,AAPL
2018-12-06 00:00:00-05:00,23.73399925,24.49200058,23.38400078,24.20400047,117637500,TSLA
2018-12-07 00:00:00-05:00,41.23993069,41.47763851,40.00622654,40.0513916,169126400,AAPL
2018-12-07 00:00:00-05:00,24.60000038,25.29933357,23.84333229,23.86466789,172668000,TSLA
2018-12-10 00:00:00-05:00,39.22179661,40.43172874,38.82482492,40.31525421,248104000,AAPL
2018-12-10 00:00:00-05:00,24,24.39866638,23.54133224,24.34333229,99202500,TSLA
2018-12-10 00:00:00-05:00,3.614673804,3.789705417,3.610954919,3.764913321,629472000,NVDA
2018-12-11 00:00:00-05:00,24.66066742,24.8113327,24.01533318,24.45066643,94632000,TSLA
2018-12-11 00:00:00-05:00,40.80491766,40.83581721,39.69719856,40.08466339,189126800,AAPL
2018-12-12 00:00:00-05:00,24.62800026,24.79400063,24.34399986,24.44000053,75405000,TSLA
2018-12-12 00:00:00-05:00,40.50540547,40.86672232,40.17737119,40.19638824,142510800,AAPL
2018-12-13 00:00:00-05:00,24.67666626,25.16266632,24.45000076,25.11933327,110488500,TSLA
2018-12-13 00:00:00-05:00,3.738385532,3.802596764,3.655332329,3.691280603,471384000,NVDA
2018-12-13 00:00:00-05:00,40.5268068,41.02123949,40.30336087,40.63615036,127594400,AAPL
2018-12-14 00:00:00-05:00,3.649630541,3.733427582,3.607236335,3.630788803,471820000,NVDA
2018-12-14 00:00:00-05:00,40.17261653,40.19163359,39.28834326,39.33588409,162814800,AAPL
2018-12-14 00:00:00-05:00,25,25.19133377,24.28866768,24.38066673,95064000,TSLA
2018-12-17 00:00:00-05:00,39.32876714,40.01812216,38.68220143,38.96982956,177151600,AAPL
2018-12-17 00:00:00-05:00,24.13333321,24.37999916,22.92533302,23.22800064,115110000,TSLA
2018-12-18 00:00:00-05:00,39.31212009,39.82319045,39.07678805,39.47613907,135366000,AAPL
2018-12-18 00:00:00-05:00,23.36933327,23.43666649,22.24600029,22.46866608,106500000,TSLA
2018-12-18 00:00:00-05:00,3.603516383,3.726980552,3.576245274,3.642935753,564372000,NVDA
2018-12-19 00:00:00-05:00,39.45949521,39.8041708,37.81693343,38.2448082,196189200,AAPL
2018-12-19 00:00:00-05:00,22.50666618,23.13400078,21.98266792,22.19799995,124113000,TSLA
2018-12-20 00:00:00-05:00,21.80333328,22.01933289,20.79133224,21.0253334,136078500,TSLA
2018-12-20 00:00:00-05:00,38.12833149,38.53481345,36.91602383,37.27971649,259092000,AAPL
2018-12-21 00:00:00-05:00,37.28685064,37.59587155,35.56822403,35.82970047,382978400,AAPL
2018-12-21 00:00:00-05:00,21.15999985,21.56466675,20.82933235,21.31800079,120252000,TSLA
2018-12-24 00:00:00-05:00,3.135940247,3.222464325,3.086604076,3.150567532,463840000,NVDA
2018-12-24 00:00:00-05:00,35.2164176,36.02462649,34.84559392,34.90264511,148676800,AAPL
2018-12-24 00:00:00-05:00,20.89999962,20.96666718,19.68000031,19.69266701,83398500,TSLA
2018-12-26 00:00:00-05:00,35.25206763,37.37479656,34.87648887,37.36053467,234330000,AAPL
2018-12-26 00:00:00-05:00,20,21.79800034,19.6060009,21.7393322,122446500,TSLA
2018-12-27 00:00:00-05:00,21.32266617,21.47800064,20.10000038,21.07533264,128626500,TSLA
2018-12-27 00:00:00-05:00,37.04438748,37.26545765,35.67281591,37.11807632,212468400,AAPL
2018-12-28 00:00:00-05:00,21.54000092,22.41600037,21.22733307,22.25799942,149085000,TSLA
2018-12-28 00:00:00-05:00,3.272543551,3.406172541,3.230645157,3.313450336,628728000,NVDA
2018-12-28 00:00:00-05:00,37.43898254,37.68144554,36.73774518,37.13709259,169165600,AAPL
2018-12-31 00:00:00-05:00,22.51933289,22.61400032,21.68400002,22.18666649,94534500,TSLA
2018-12-31 00:00:00-05:00,3.356837138,3.389314554,3.278990218,3.309732437,465140000,NVDA
2018-12-31 00:00:00-05:00,37.68381646,37.88111437,37.19651476,37.4960289,140014000,AAPL
2019-01-02 00:00:00-05:00,20.40666771,21.00866699,19.92000008,20.67466736,174879000,TSLA
2019-01-02 00:00:00-05:00,3.238827004,3.433196151,3.22419972,3.377166271,508752000,NVDA
2019-01-02 00:00:00-05:00,36.81856396,37.75988852,36.66167593,37.53881836,148158800,AAPL
2019-01-03 00:00:00-05:00,34.22516266,34.63877547,33.7545023,33.79966736,365248800,AAPL
2019-01-03 00:00:00-05:00,20.46666718,20.62666702,19.82533264,20.02400017,104478000,TSLA
2019-01-04 00:00:00-05:00,34.35591216,35.31149864,34.18238646,35.24256134,234428400,AAPL
2019-01-04 00:00:00-05:00,20.39999962,21.20000076,20.18199921,21.17933273,110911500,TSLA
2019-01-04 00:00:00-05:00,3.2462645,3.414602158,3.215522519,3.376422644,585620000,NVDA
2019-01-07 00:00:00-05:00,35.34714811,35.37805128,34.68156556,35.16411209,219111200,AAPL
2019-01-07 00:00:00-05:00,21.44799995,22.44933319,21.18333244,22.3306675,113268000,TSLA
2019-01-08 00:00:00-05:00,22.79733276,22.93400002,21.80133247,22.35666656,105127500,TSLA
2019-01-08 00:00:00-05:00,35.5515807,36.08880269,35.30436616,35.83445358,164101200,AAPL
2019-01-09 00:00:00-05:00,3.517984925,3.582196403,3.467409361,3.534843683,617260000,NVDA
2019-01-09 00:00:00-05:00,35.96282225,36.73299706,35.56822994,36.44299316,180396400,AAPL
2019-01-09 00:00:00-05:00,22.36666679,22.89999962,22.09799957,22.56866646,81493500,TSLA
2019-01-10 00:00:00-05:00,3.515506109,3.609219709,3.455013514,3.600542545,523156000,NVDA
2019-01-10 00:00:00-05:00,36.25044261,36.5998734,35.86060193,36.5594635,143122800,AAPL
2019-01-10 00:00:00-05:00,22.29333305,23.02599907,22.11933327,22.99799919,90846000,TSLA
2019-01-11 00:00:00-05:00,36.34077375,36.53569228,36.01511156,36.20052338,108092800,AAPL
2019-01-11 00:00:00-05:00,22.80599976,23.22733307,22.58466721,23.15066719,75586500,TSLA
2019-01-14 00:00:00-05:00,35.85821914,35.95805597,35.4707543,35.65616608,129756800,AAPL
2019-01-14 00:00:00-05:00,22.82533264,22.83333206,22.26666641,22.29333305,78709500,TSLA
2019-01-15 00:00:00-05:00,22.33333206,23.25333214,22.29999924,22.96199989,90849000,TSLA
2019-01-15 00:00:00-05:00,3.762433559,3.801852935,3.69723072,3.715576887,617012000,NVDA
2019-01-15 00:00:00-05:00,35.72035039,36.46199753,35.66805439,36.38593292,114843600,AAPL
2019-01-16 00:00:00-05:00,22.98533249,23.46666718,22.89999962,23.06999969,70375500,TSLA
2019-01-16 00:00:00-05:00,3.742848822,3.775822043,3.684587699,3.69004178,470104000,NVDA
2019-01-16 00:00:00-05:00,36.38831525,37.05389791,36.36929819,36.83045197,122278800,AAPL
2019-01-17 00:00:00-05:00,23.0806675,23.43333244,22.94333267,23.15399933,55150500,TSLA
2019-01-17 00:00:00-05:00,3.657067287,3.801356644,3.629795942,3.761441469,493436000,NVDA
2019-01-17 00:00:00-05:00,36.65454885,37.47701959,36.4311029,37.04914474,119284800,AAPL
2019-01-18 00:00:00-05:00,21.53333282,21.80866623,19.98200035,20.15066719,362262000,TSLA
2019-01-18 00:00:00-05:00,37.43898333,37.52931347,37.07766642,37.27734375,135004000,AAPL
2019-01-22 00:00:00-05:00,37.17988822,37.25595285,36.27897337,36.44061661,121576000,AAPL
2019-01-22 00:00:00-05:00,20.32133293,20.53333282,19.70000076,19.9279995,181000500,TSLA
2019-01-23 00:00:00-05:00,36.64265395,36.87798597,36.0602706,36.58798218,92522400,AAPL
2019-01-23 00:00:00-05:00,19.5,19.63333321,18.77933311,19.17266655,187950000,TSLA
2019-01-23 00:00:00-05:00,3.743592786,3.832348114,3.66996055,3.701198339,591020000,NVDA
2019-01-24 00:00:00-05:00,36.63314244,36.72109315,36.06977622,36.29797363,101766000,AAPL
2019-01-24 00:00:00-05:00,18.8686676,19.57866669,18.6186676,19.43400002,120183000,TSLA
2019-01-25 00:00:00-05:00,19.62599945,19.90133286,19.30333328,19.80266762,108744000,TSLA
2019-01-25 00:00:00-05:00,36.95881227,37.58874019,36.68307394,37.50078583,134142000,AAPL
2019-01-28 00:00:00-05:00,37.0325104,37.16087469,36.52619506,37.15374374,104768400,AAPL
2019-01-28 00:00:00-05:00,19.52733231,19.8306675,19.18333244,19.75866699,96349500,TSLA
2019-01-29 00:00:00-05:00,37.14185314,37.58874507,36.63315846,36.76865005,166348800,AAPL
2019-01-29 00:00:00-05:00,19.68466759,19.90399933,19.4533329,19.8306675,69325500,TSLA
2019-01-30 00:00:00-05:00,38.80579628,39.49514741,38.08791775,39.28121185,244439200,AAPL
2019-01-30 00:00:00-05:00,20.03000069,20.60000038,19.89933205,20.58466721,168754500,TSLA
2019-01-31 00:00:00-05:00,39.48564671,40.17262218,39.11719886,39.56409073,162958400,AAPL
2019-01-31 00:00:00-05:00,20.06666756,20.77066612,19.60000038,20.46800041,188538000,TSLA
2019-02-01 00:00:00-05:00,20.36133385,21.07333374,20.23333359,20.81399918,109251000,TSLA
2019-02-01 00:00:00-05:00,3.582444108,3.639217813,3.534843606,3.58814621,625048000,NVDA
2019-02-01 00:00:00-05:00,39.68771431,40.16788168,39.44287183,39.58312225,130672400,AAPL
2019-02-04 00:00:00-05:00,20.86533356,21.02000046,20.12533379,20.85933304,110281500,TSLA
2019-02-04 00:00:00-05:00,3.604013409,3.735658979,3.581948589,3.698471069,528592000,NVDA
2019-02-04 00:00:00-05:00,39.79466892,40.80492721,39.76376574,40.70746613,125982000,AAPL
2019-02-05 00:00:00-05:00,20.8326664,21.49600029,20.81666756,21.42333221,101142000,TSLA
2019-02-05 00:00:00-05:00,3.710370779,3.754252633,3.676653737,3.71756053,542424000,NVDA
2019-02-05 00:00:00-05:00,41.09016592,41.61787747,40.96893626,41.40393829,144406400,AAPL
2019-02-06 00:00:00-05:00,41.51567034,41.73436473,41.08779916,41.41821289,112958400,AAPL
2019-02-06 00:00:00-05:00,21.30599976,21.61599922,21.04133224,21.14800072,75577500,TSLA
2019-02-07 00:00:00-05:00,40.98083672,41.34690888,40.49115907,40.63378525,126966800,AAPL
2019-02-07 00:00:00-05:00,20.88666725,20.97999954,20.20000076,20.50066757,97809000,TSLA
2019-02-08 00:00:00-05:00,40.34252624,40.74120038,40.20644993,40.68151855,95280000,AAPL
2019-02-08 00:00:00-05:00,20.45533371,20.49666786,19.89999962,20.38666725,87663000,TSLA
2019-02-08 00:00:00-05:00,3.587650662,3.684091538,3.573271397,3.673431158,461604000,NVDA
2019-02-11 00:00:00-05:00,40.83431541,40.87251267,40.40460544,40.44757462,83973600,AAPL
2019-02-11 00:00:00-05:00,20.7733326,21.23999977,20.70000076,20.8560009,106945500,TSLA
2019-02-11 00:00:00-05:00,3.629301154,3.683595605,3.582444238,3.630788803,495180000,NVDA
2019-02-12 00:00:00-05:00,40.60751528,40.82236839,40.51202218,40.79610825,89134000,AAPL
2019-02-12 00:00:00-05:00,3.669216282,3.763425917,3.654836782,3.747806787,591060000,NVDA
2019-02-12 00:00:00-05:00,21.07999992,21.21266747,20.64133263,20.78733253,82764000,TSLA
2019-02-13 00:00:00-05:00,3.777309335,3.86333761,3.763673659,3.790201187,605372000,NVDA
2019-02-13 00:00:00-05:00,40.91547144,41.17568332,40.56454202,40.6266098,89960800,AAPL
2019-02-13 00:00:00-05:00,20.82333374,20.85000038,20.37133217,20.54466629,77124000,TSLA
2019-02-14 00:00:00-05:00,40.51441199,40.88443639,40.43563154,40.77462387,87342800,AAPL
2019-02-14 00:00:00-05:00,20.22533226,20.45133209,20.06666756,20.25133324,78012000,TSLA
2019-02-15 00:00:00-05:00,40.88205449,40.98948106,40.5239635,40.68391037,98507200,AAPL
2019-02-15 00:00:00-05:00,20.29999924,20.53333282,20.26000023,20.5253334,58573500,TSLA
2019-02-19 00:00:00-05:00,40.5144049,40.92740204,40.46188461,40.8056488,75891200,AAPL
2019-02-19 00:00:00-05:00,20.43733215,20.76933289,20.36466789,20.37599945,62526000,TSLA
2019-02-19 00:00:00-05:00,3.890112744,3.963992988,3.871022988,3.883418798,551892000,NVDA
2019-02-20 00:00:00-05:00,20.29400063,20.42000008,19.93333244,20.17066765,107131500,TSLA
2019-02-20 00:00:00-05:00,3.912672728,3.997957161,3.901516547,3.930770874,540988000,NVDA
2019-02-20 00:00:00-05:00,40.86773012,41.37622047,40.81998539,41.06826019,104457600,AAPL
2019-02-21 00:00:00-05:00,20.1206665,20.2159996,19.36666679,19.41533279,133638000,TSLA
2019-02-21 00:00:00-05:00,3.94341607,3.967959911,3.847222976,3.861850262,448548000,NVDA
2019-02-21 00:00:00-05:00,41.0133485,41.14942116,40.65525757,40.836689,68998800,AAPL
2019-02-22 00:00:00-05:00,19.63266754,19.76666641,19.47333336,19.64733315,86109000,TSLA
2019-02-22 00:00:00-05:00,3.913665603,3.965480798,3.900029926,3.946638823,401740000,NVDA
2019-02-22 00:00:00-05:00,40.96083276,41.2998251,40.91308802,41.29266357,75652800,AAPL
2019-02-25 00:00:00-05:00,19.86066628,20.19333267,19.79999924,19.91799927,99397500,TSLA
2019-02-25 00:00:00-05:00,41.57675869,41.98498044,41.52662434,41.59346771,87493600,AAPL
2019-02-26 00:00:00-05:00,41.46932269,41.84889824,41.3404079,41.61733246,68280800,AAPL
2019-02-26 00:00:00-05:00,19.48133278,20.13400078,19.25133324,19.85733223,128737500,TSLA
2019-02-26 00:00:00-05:00,3.929532199,3.985562079,3.861354055,3.894823313,488464000,NVDA
2019-02-27 00:00:00-05:00,41.34995041,41.7772706,41.2353587,41.74623489,111341600,AAPL
2019-02-27 00:00:00-05:00,20.1186676,21.08666611,20.03666687,20.98266792,167758500,TSLA
2019-02-27 00:00:00-05:00,3.880444199,3.906971491,3.795903336,3.852925062,500256000,NVDA
2019-02-28 00:00:00-05:00,41.61494264,41.75579087,41.28072225,41.33562851,112861600,AAPL
2019-02-28 00:00:00-05:00,21.26133347,21.33333206,20.72066689,21.32533264,157810500,TSLA
2019-02-28 00:00:00-05:00,3.846720149,3.869055982,3.806019478,3.828355074,324944000,NVDA
2019-03-01 00:00:00-05:00,20.46266747,20.47533226,19.45999908,19.65266609,343671000,TSLA
2019-03-01 00:00:00-05:00,3.878238856,3.924895786,3.819917694,3.882706165,357188000,NVDA
2019-03-01 00:00:00-05:00,41.60538868,41.81308024,41.27355792,41.77011108,103544800,AAPL
2019-03-04 00:00:00-05:00,3.921173192,3.944005341,3.834311667,3.890895844,409992000,NVDA
2019-03-04 00:00:00-05:00,41.94200447,42.43378218,41.53139318,41.98020172,109744800,AAPL
2019-03-04 00:00:00-05:00,19.87466621,19.93333244,18.85199928,19.02400017,256452000,TSLA
2019-03-05 00:00:00-05:00,3.875261102,3.922662627,3.820910691,3.88444376,362924000,NVDA
2019-03-05 00:00:00-05:00,42.00168003,42.01600308,41.66745964,41.90380096,78949600,AAPL
2019-03-05 00:00:00-05:00,18.79999924,18.93333244,18.00666618,18.43600082,281470500,TSLA
2019-03-06 00:00:00-05:00,3.875509479,3.883947309,3.770779412,3.773509264,403524000,NVDA
2019-03-06 00:00:00-05:00,41.69849685,41.89425498,41.52422694,41.66268921,83241600,AAPL
2019-03-06 00:00:00-05:00,18.43199921,18.76733208,18.29266739,18.41600037,155032500,TSLA
2019-03-07 00:00:00-05:00,3.749931799,3.75961077,3.65810689,3.704267502,450104000,NVDA
2019-03-07 00:00:00-05:00,18.58933258,18.97999954,18.28333282,18.43933296,141637500,TSLA
2019-03-07 00:00:00-05:00,41.50750945,41.64358574,41.06586618,41.18045425,99185600,AAPL
2019-03-08 00:00:00-05:00,18.46066666,19.03933334,18.39266777,18.94266701,132294000,TSLA
2019-03-08 00:00:00-05:00,3.614924877,3.749187934,3.593581671,3.738516331,422416000,NVDA
2019-03-08 00:00:00-05:00,40.66002902,41.31652899,40.46427092,41.27833176,95997600,AAPL
2019-03-11 00:00:00-04:00,18.90133286,19.41866684,18.70000076,19.39466667,110884500,TSLA
2019-03-11 00:00:00-04:00,41.89424443,42.76082183,41.86082276,42.70830154,128044000,AAPL
2019-03-12 00:00:00-04:00,19.09933281,19.20466614,18.7373333,18.89066696,112561500,TSLA
2019-03-12 00:00:00-04:00,4.026895755,4.079756975,3.950705834,4.03334856,579576000,NVDA
2019-03-12 00:00:00-04:00,42.97091341,43.60831486,42.82051405,43.18815613,129870400,AAPL
2019-03-13 00:00:00-04:00,43.50805774,43.75872217,43.19054994,43.37914658,124130000,AAPL
2019-03-13 00:00:00-04:00,18.92666626,19.4659996,18.84666634,19.26399994,102670500,TSLA
2019-03-14 00:00:00-04:00,43.90195711,43.9497055,43.58206335,43.8613739,94318000,AAPL
2019-03-14 00:00:00-04:00,19.49666786,19.69266701,19.21933365,19.3306675,106551000,TSLA
2019-03-14 00:00:00-04:00,4.193917552,4.205830059,4.101099785,4.108793259,519384000,NVDA
2019-03-15 00:00:00-04:00,44.12875324,44.72079606,43.86376573,44.43193436,156171600,AAPL
2019-03-15 00:00:00-04:00,18.90066719,18.91466713,18.29333305,18.36199951,221782500,TSLA
2019-03-18 00:00:00-04:00,44.35552704,44.97382978,44.35313743,44.88550186,104879200,AAPL
2019-03-18 00:00:00-04:00,18.39999962,18.53666687,17.81999969,17.9659996,154215000,TSLA
2019-03-18 00:00:00-04:00,4.245787158,4.29964149,4.165874508,4.19292593,486992000,NVDA
2019-03-19 00:00:00-04:00,17.83333206,18.21999931,17.56399918,17.83133316,177009000,TSLA
2019-03-19 00:00:00-04:00,44.96428582,45.11707114,44.38417662,44.52980042,126585600,AAPL
2019-03-20 00:00:00-04:00,44.45818447,45.2364378,44.10009351,44.91893005,124140800,AAPL
2019-03-20 00:00:00-04:00,17.97933388,18.33133316,17.75333214,18.23999977,103623000,TSLA
2019-03-21 00:00:00-04:00,45.36296155,46.86933019,45.31282721,46.57330704,204136800,AAPL
2019-03-21 00:00:00-04:00,18.17333221,18.43000031,17.89666748,18.26799965,89206500,TSLA
2019-03-22 00:00:00-04:00,46.63298702,47.1939976,45.54439118,45.60884857,169630800,AAPL
2019-03-22 00:00:00-04:00,18.17200089,18.18666649,17.60000038,17.63533211,131184000,TSLA
2019-03-25 00:00:00-04:00,45.71867186,45.830874,44.54652338,45.05739975,175381200,AAPL
2019-03-25 00:00:00-04:00,17.31399918,17.54533386,16.9640007,17.36133385,153225000,TSLA
2019-03-25 00:00:00-04:00,4.364414279,4.428691451,4.246530827,4.312793732,525212000,NVDA
2019-03-26 00:00:00-04:00,17.6293335,18.01733208,17.62866783,17.85133362,110263500,TSLA
2019-03-26 00:00:00-04:00,45.75448157,46.04572921,44.06429162,44.59187698,199202000,AAPL
2019-03-27 00:00:00-04:00,17.91666794,18.3579998,17.87866783,18.3220005,131688000,TSLA
2019-03-27 00:00:00-04:00,4.415041593,4.461449998,4.310807882,4.380296707,474372000,NVDA
2019-03-27 00:00:00-04:00,45.05977089,45.30088412,44.53457164,44.99292755,119393600,AAPL
2019-03-28 00:00:00-04:00,18.47733307,18.6886673,18.34000015,18.57466698,101611500,TSLA
2019-03-28 00:00:00-04:00,4.406355006,4.46467639,4.345800324,4.398910046,480264000,NVDA
2019-03-28 00:00:00-04:00,45.10753384,45.25315767,44.76854142,45.05262756,83121600,AAPL
2019-03-29 00:00:00-04:00,18.57999992,18.67733383,18.29999924,18.65733337,89869500,TSLA
2019-03-29 00:00:00-04:00,45.31761014,45.37729198,45.00964984,45.34625626,94256000,AAPL
2019-03-29 00:00:00-04:00,4.465670875,4.480561749,4.415291456,4.456240177,456896000,NVDA
2019-04-01 00:00:00-04:00,45.74970624,45.75925373,44.97145644,45.65421677,111448000,AAPL
2019-04-01 00:00:00-04:00,18.84133339,19.28000069,18.75200081,19.27866745,121656000,TSLA
2019-04-01 00:00:00-04:00,4.548064725,4.554020979,4.476342108,4.523743629,483824000,NVDA
2019-04-02 00:00:00-04:00,45.61840949,46.42292316,45.608862,46.31788254,91062800,AAPL
2019-04-02 00:00:00-04:00,19.21999931,19.29599953,18.92533302,19.05866623,82183500,TSLA
2019-04-02 00:00:00-04:00,4.54781596,4.586034819,4.504881518,4.541611195,440920000,NVDA
2019-04-03 00:00:00-04:00,46.13405477,46.90991857,46.11018059,46.63538361,93087200,AAPL
2019-04-03 00:00:00-04:00,19.1546669,19.74466705,19.14466667,19.45400047,118791000,TSLA
2019-04-04 00:00:00-04:00,17.45933342,18.07999992,17.37266731,17.85199928,355810500,TSLA
2019-04-04 00:00:00-04:00,4.665699237,4.714589936,4.609363576,4.672152042,457376000,NVDA
2019-04-04 00:00:00-04:00,46.50169974,46.8788894,46.10780107,46.71655655,76457200,AAPL
2019-04-05 00:00:00-04:00,4.715335598,4.756284792,4.67885395,4.738912106,481744000,NVDA
2019-04-05 00:00:00-04:00,46.89797706,47.05315199,46.77383784,47.0292778,74106400,AAPL
2019-04-05 00:00:00-04:00,17.99066734,18.40666771,17.74066734,18.3306675,195574500,TSLA
2019-04-08 00:00:00-04:00,4.708385487,4.784823679,4.684312434,4.759757996,424192000,NVDA
2019-04-08 00:00:00-04:00,46.89082204,47.80037259,46.87172342,47.76934052,103526800,AAPL
2019-04-08 00:00:00-04:00,18.5126667,18.74399948,18.02933311,18.21333313,156156000,TSLA
2019-04-09 00:00:00-04:00,4.726253265,4.737421179,4.654778711,4.696968555,439972000,NVDA
2019-04-09 00:00:00-04:00,47.82184529,48.42582495,47.56162981,47.62608719,143072800,AAPL
2019-04-09 00:00:00-04:00,18.11000061,18.33333206,17.97400093,18.15399933,88560000,TSLA
2019-04-10 00:00:00-04:00,47.43033921,47.92212052,47.31097556,47.89347076,86781200,AAPL
2019-04-10 00:00:00-04:00,18.44933319,18.55866623,18.19266701,18.40399933,105919500,TSLA
2019-04-10 00:00:00-04:00,4.696224287,4.793260603,4.691757215,4.767450333,444772000,NVDA
2019-04-11 00:00:00-04:00,17.88666725,18.03333282,17.70666695,17.89466667,147538500,TSLA
2019-04-11 00:00:00-04:00,4.76993297,4.801451459,4.704166613,4.753553391,374600000,NVDA
2019-04-11 00:00:00-04:00,47.94837697,47.9841846,47.37304333,47.49479294,83603200,AAPL
2019-04-12 00:00:00-04:00,18.01466751,18.12999916,17.78866768,17.84666634,101190000,TSLA
2019-04-12 00:00:00-04:00,4.792268117,4.79623911,4.70689579,4.715581894,471708000,NVDA
2019-04-12 00:00:00-04:00,47.55448465,47.77888893,46.84069225,47.47570419,111042800,AAPL
2019-04-15 00:00:00-04:00,17.90866661,17.92533302,17.24200058,17.75866699,150579000,TSLA
2019-04-15 00:00:00-04:00,4.707889018,4.712852642,4.544093228,4.58380127,440092000,NVDA
2019-04-15 00:00:00-04:00,47.40646279,47.70964745,47.2703865,47.56163406,70146400,AAPL
2019-04-16 00:00:00-04:00,4.623013241,4.689772226,4.590254082,4.670910835,394964000,NVDA
2019-04-16 00:00:00-04:00,47.61655203,48.07251844,47.40169526,47.56641769,102785600,AAPL
2019-04-16 00:00:00-04:00,17.71666718,18.33333206,17.64800072,18.22400093,109093500,TSLA
2019-04-17 00:00:00-04:00,47.63564579,48.55236142,47.41363114,48.4926796,115627200,AAPL
2019-04-17 00:00:00-04:00,18.31666756,18.31933212,17.90266609,18.08200073,76897500,TSLA
2019-04-17 00:00:00-04:00,4.705903277,4.726749926,4.625742611,4.648078442,351004000,NVDA
2019-04-18 00:00:00-04:00,48.4902869,48.73617572,48.34705271,48.66694641,96783200,AAPL
2019-04-18 00:00:00-04:00,18.08200073,18.32266617,17.98333359,18.21733284,88144500,TSLA
2019-04-18 00:00:00-04:00,4.654780337,4.688780169,4.595714346,4.623509884,380988000,NVDA
2019-04-22 00:00:00-04:00,48.42104584,48.92476045,48.30406818,48.82688141,77758000,AAPL
2019-04-22 00:00:00-04:00,17.93333244,17.97866631,17.49866676,17.51666641,182206500,TSLA
2019-04-22 00:00:00-04:00,4.599933514,4.69299934,4.568415494,4.677364349,279936000,NVDA
2019-04-23 00:00:00-04:00,48.80301662,49.59559295,48.67649145,49.53113556,93292000,AAPL
2019-04-23 00:00:00-04:00,4.690515522,4.763231215,4.68083679,4.731960773,346856000,NVDA
2019-04-23 00:00:00-04:00,17.34333229,17.70666695,17.04999924,17.59333229,164158500,TSLA
2019-04-24 00:00:00-04:00,4.742385204,4.785071607,4.681582475,4.744370937,318204000,NVDA
2019-04-24 00:00:00-04:00,49.50249098,49.76986437,49.4284861,49.45474625,70162400,AAPL
2019-04-24 00:00:00-04:00,17.59000015,17.68799973,17.20000076,17.24399948,160912500,TSLA
2019-04-25 00:00:00-04:00,4.704166347,4.726502178,4.558983914,4.638648033,499296000,NVDA
2019-04-25 00:00:00-04:00,49.37597137,49.59798602,48.96774605,49.0059433,74172800,AAPL
2019-04-25 00:00:00-04:00,17,17.26666641,16.4046669,16.50866699,327741000,TSLA
2019-04-26 00:00:00-04:00,48.91521063,48.93908481,48.25154919,48.77197647,74596400,AAPL
2019-04-26 00:00:00-04:00,16.43333244,16.44533348,15.40866661,15.67599964,335410500,TSLA
2019-04-29 00:00:00-04:00,48.7958549,49.17065848,48.66694377,48.84598923,88818800,AAPL
2019-04-29 00:00:00-04:00,15.72399998,16.26533318,15.47799969,16.09799957,250717500,TSLA
2019-04-29 00:00:00-04:00,4.427699572,4.478327498,4.355480401,4.45053196,391920000,NVDA
2019-04-30 00:00:00-04:00,16.13733292,16.28066635,15.80000019,15.91266727,141969000,TSLA
2019-04-30 00:00:00-04:00,4.418268393,4.517538501,4.399158963,4.491976738,362920000,NVDA
2019-04-30 00:00:00-04:00,48.47596505,48.55713146,47.53299295,47.90540695,186139600,AAPL
2019-05-01 00:00:00-04:00,15.92333317,16,15.4333334,15.600667,160566000,TSLA
2019-05-01 00:00:00-04:00,4.544341498,4.586531349,4.478574672,4.478823185,354280000,NVDA
2019-05-01 00:00:00-04:00,50.10409256,51.40038019,49.94891761,50.2568779,259309200,AAPL
2019-05-02 00:00:00-04:00,16.36800003,16.47533226,15.84799957,16.2733326,272389500,TSLA
2019-05-02 00:00:00-04:00,4.488502742,4.588020898,4.445320253,4.546327591,394684000,NVDA
2019-05-02 00:00:00-04:00,50.09452815,50.76535118,49.68630657,49.92980576,127985200,AAPL
2019-05-03 00:00:00-04:00,4.554764763,4.564691536,4.480311835,4.541859627,336824000,NVDA
2019-05-03 00:00:00-04:00,50.34520096,50.57199117,50.18764007,50.55050659,83569600,AAPL
2019-05-03 00:00:00-04:00,16.25733376,17.10733223,16.23266792,17.00200081,355602000,TSLA
2019-05-06 00:00:00-04:00,48.7696027,49.85581274,48.58100972,49.76987076,129772400,AAPL
2019-05-06 00:00:00-04:00,16.66799927,17.22333336,16.56666756,17.02266693,162508500,TSLA
2019-05-06 00:00:00-04:00,4.355480383,4.475597628,4.318254148,4.46343708,422176000,NVDA
2019-05-07 00:00:00-04:00,49.14917242,49.51681082,47.94359895,48.42821503,155054800,AAPL
2019-05-07 00:00:00-04:00,17.12000084,17.14733315,16.34000015,16.47066689,151971000,TSLA
2019-05-07 00:00:00-04:00,4.415041531,4.415041531,4.248019368,4.296165466,555220000,NVDA
2019-05-08 00:00:00-04:00,48.19904732,49.02026994,48.16323968,48.43777466,105358000,AAPL
2019-05-08 00:00:00-04:00,16.46266747,16.70666695,16.28000069,16.32266617,92646000,TSLA
2019-05-08 00:00:00-04:00,4.268617944,4.39642815,4.256705439,4.31626749,419168000,NVDA
2019-05-09 00:00:00-04:00,16.13333321,16.24533272,15.79599953,16.13199997,100671000,TSLA
2019-05-09 00:00:00-04:00,47.84095627,48.14652697,46.94811838,47.91735077,139634400,AAPL
2019-05-10 00:00:00-04:00,4.192925099,4.258443414,4.070078021,4.189698696,569500000,NVDA
2019-05-10 00:00:00-04:00,47.31104129,47.6537379,46.19668583,47.25352478,164834800,AAPL
2019-05-10 00:00:00-04:00,15.98333263,16.13266754,15.73466682,15.96800041,105124500,TSLA
2019-05-13 00:00:00-04:00,44.98407359,45.40824552,43.81939074,44.50717545,229722400,AAPL
2019-05-13 00:00:00-04:00,15.46733284,15.49800014,14.96666718,15.13399982,162522000,TSLA
2019-05-14 00:00:00-04:00,3.972048019,4.056676225,3.93333285,4.021435261,524880000,NVDA
2019-05-14 00:00:00-04:00,44.67253738,45.46097333,44.43289071,45.2117424,146118800,AAPL
2019-05-14 00:00:00-04:00,15.28666687,15.63333321,15.19999981,15.4873333,108786000,TSLA
2019-05-15 00:00:00-04:00,3.965845264,3.996867209,3.906531464,3.960385561,502320000,NVDA
2019-05-15 00:00:00-04:00,15.28800011,15.49600029,15.01666737,15.46333313,109440000,TSLA
2019-05-15 00:00:00-04:00,44.63897496,45.95223736,44.57906331,45.75333023,106178800,AAPL
2019-05-16 00:00:00-04:00,15.29933262,15.39999962,15.10000038,15.22200012,112249500,TSLA
2019-05-16 00:00:00-04:00,45.51128917,46.12478392,45.25486554,45.55202866,132125600,AAPL
2019-05-17 00:00:00-04:00,14.79733276,14.81599998,13.92800045,14.06866741,266800500,TSLA
2019-05-17 00:00:00-04:00,44.79715016,45.74854773,44.75641066,45.29322052,131516400,AAPL
2019-05-20 00:00:00-04:00,13.52000046,13.73333263,13.01666737,13.69066715,307893000,TSLA
2019-05-20 00:00:00-04:00,3.785917474,3.841012468,3.741245806,3.766063452,572064000,NVDA
2019-05-20 00:00:00-04:00,43.97994967,44.17885681,43.20349329,43.87689972,154449200,AAPL
2019-05-21 00:00:00-04:00,3.826866414,3.864092646,3.788151,3.848209381,361848000,NVDA
2019-05-21 00:00:00-04:00,44.38734604,45.05356334,44.26272878,44.71805954,113459200,AAPL
2019-05-21 00:00:00-04:00,13.18400002,13.82666683,13.06933308,13.67199993,270058500,TSLA
2019-05-22 00:00:00-04:00,44.2531453,44.50477498,43.74749079,43.80260849,118994400,AAPL
2019-05-22 00:00:00-04:00,13.2733326,13.59599972,12.78533268,12.84866714,280278000,TSLA
2019-05-22 00:00:00-04:00,3.809494541,3.835552859,3.766311815,3.777231693,325868000,NVDA
2019-05-23 00:00:00-04:00,43.08846677,43.26580294,42.61156863,43.05491638,146118800,AAPL
2019-05-23 00:00:00-04:00,12.95600033,13.29800034,12.41466713,13.03266716,398206500,TSLA
2019-05-23 00:00:00-04:00,3.714939206,3.714939206,3.596311389,3.656121731,591844000,NVDA
2019-05-24 00:00:00-04:00,43.18432505,43.64924013,42.80568291,42.8895607,94858800,AAPL
2019-05-24 00:00:00-04:00,13.32199955,13.33199978,12.58333302,12.7086668,212049000,TSLA
2019-05-24 00:00:00-04:00,3.674982987,3.71022396,3.595566897,3.602267742,357584000,NVDA
2019-05-28 00:00:00-04:00,42.87757983,43.27778932,42.63553802,42.71222305,111792800,AAPL
2019-05-28 00:00:00-04:00,3.619888534,3.652647697,3.555114561,3.557100058,428356000,NVDA
2019-05-28 00:00:00-04:00,12.74666691,13,12.5233326,12.57999992,154693500,TSLA
2019-05-29 00:00:00-04:00,3.509449525,3.544442218,3.448150244,3.482894897,559800000,NVDA
2019-05-29 00:00:00-04:00,42.27845206,42.98061849,42.17780093,42.5085144,113924800,AAPL
2019-05-29 00:00:00-04:00,12.47333336,12.82600021,12.33600044,12.65733337,179529000,TSLA
2019-05-30 00:00:00-04:00,3.486125298,3.521903377,3.418047549,3.456310272,394300000,NVDA
2019-05-30 00:00:00-04:00,42.64510707,42.95185439,42.33835975,42.72898483,84873600,AAPL
2019-05-30 00:00:00-04:00,12.58333302,12.81733322,12.46800041,12.54800034,118897500,TSLA
2019-05-31 00:00:00-04:00,3.407363168,3.474695465,3.36388284,3.365622044,389720000,NVDA
2019-05-31 00:00:00-04:00,42.23293197,42.65471245,41.93577244,41.95494461,108174400,AAPL
2019-05-31 00:00:00-04:00,12.34000015,12.66133308,12.2733326,12.34399986,156100500,TSLA
2019-06-03 00:00:00-04:00,42.08194197,42.63792015,40.80462523,41.53075409,161584400,AAPL
2019-06-03 00:00:00-04:00,12.36733341,12.44533253,11.79933262,11.93133259,195966000,TSLA
2019-06-03 00:00:00-04:00,3.376803426,3.415563032,3.294563719,3.323881865,478644000,NVDA
2019-06-04 00:00:00-04:00,12.07333279,12.93200016,11.97399998,12.90666676,207112500,TSLA
2019-06-04 00:00:00-04:00,42.04360245,43.09565093,41.823128,43.05011749,123872000,AAPL
2019-06-05 00:00:00-04:00,13.24533272,13.41866684,12.78999996,13.10599995,202662000,TSLA
2019-06-05 00:00:00-04:00,3.626752416,3.632218586,3.473950341,3.510225296,511616000,NVDA
2019-06-05 00:00:00-04:00,44.1620615,44.33221214,43.40957155,43.74507523,119093600,AAPL
2019-06-06 00:00:00-04:00,13.62933254,14.0666666,13.4533329,13.72999954,303633000,TSLA
2019-06-06 00:00:00-04:00,3.514449406,3.596937662,3.511964761,3.57234025,408140000,NVDA
2019-06-06 00:00:00-04:00,43.87450831,44.44726365,43.65163503,44.38735199,90105200,AAPL
2019-06-07 00:00:00-04:00,13.66666698,14.05599976,13.5666666,13.63333321,240052500,TSLA
2019-06-07 00:00:00-04:00,44.69648836,45.99297741,44.5191522,45.56880188,122737600,AAPL
2019-06-07 00:00:00-04:00,3.578303745,3.649362787,3.559172263,3.615075588,348856000,NVDA
2019-06-10 00:00:00-04:00,45.96662461,46.81976613,45.92109117,46.15115356,104883600,AAPL
2019-06-10 00:00:00-04:00,14.01666737,14.46266747,13.93400002,14.19200039,158775000,TSLA
2019-06-10 00:00:00-04:00,3.671226768,3.756448228,3.671226768,3.687873602,402780000,NVDA
2019-06-11 00:00:00-04:00,46.69753757,46.97073455,46.39558416,46.6855545,107731600,AAPL
2019-06-11 00:00:00-04:00,14.60933304,14.7266674,14.23333263,14.47333336,174802500,TSLA
2019-06-11 00:00:00-04:00,3.747752147,3.785517988,3.706011254,3.745516062,383872000,NVDA
2019-06-12 00:00:00-04:00,46.47945936,46.96354653,46.34525784,46.53697586,73012800,AAPL
2019-06-12 00:00:00-04:00,14.86333275,14.8920002,13.9333334,13.95066738,227962500,TSLA
2019-06-12 00:00:00-04:00,3.702035661,3.708247272,3.617311317,3.63246727,358892000,NVDA
2019-06-13 00:00:00-04:00,14.0253334,14.32666683,13.83399963,14.26066685,122524500,TSLA
2019-06-13 00:00:00-04:00,3.654579958,3.702035579,3.636939361,3.683649778,308080000,NVDA
2019-06-13 00:00:00-04:00,46.65919972,47.16006032,46.39559062,46.52739334,86698400,AAPL
2019-06-14 00:00:00-04:00,3.590477713,3.614826566,3.548985144,3.593707561,394428000,NVDA
2019-06-14 00:00:00-04:00,45.904315,46.39319254,45.6047567,46.18949509,75046000,AAPL
2019-06-14 00:00:00-04:00,14.08333302,14.44333267,14.02666664,14.32800007,111501000,TSLA
2019-06-17 00:00:00-04:00,3.591968385,3.640418006,3.569110176,3.603397608,276040000,NVDA
2019-06-17 00:00:00-04:00,46.2278326,46.72150772,46.05289159,46.46508408,58676400,AAPL
2019-06-17 00:00:00-04:00,14.3653326,15.13333321,14.28466702,15.00199986,184752000,TSLA
2019-06-18 00:00:00-04:00,3.664767214,3.853844277,3.653835109,3.798438072,581920000,NVDA
2019-06-18 00:00:00-04:00,46.98271856,47.99881784,46.78141628,47.55786896,106204000,AAPL
2019-06-18 00:00:00-04:00,15.24800014,15.649333,14.83733273,14.98266697,190737000,TSLA
2019-06-19 00:00:00-04:00,47.85263646,47.90056871,47.28467512,47.41887665,84496800,AAPL
2019-06-19 00:00:00-04:00,15.0073328,15.18466663,14.7373333,15.0953331,98626500,TSLA
2019-06-19 00:00:00-04:00,3.833718824,3.84514781,3.778312389,3.804400682,331644000,NVDA
2019-06-20 00:00:00-04:00,14.86666679,15.12666702,14.42333317,14.64133263,177952500,TSLA
2019-06-20 00:00:00-04:00,3.895088198,3.909001829,3.814339145,3.828749657,350168000,NVDA
2019-06-20 00:00:00-04:00,48.01799479,48.07551129,47.45722254,47.79991913,86056000,AAPL
2019-06-21 00:00:00-04:00,14.41466713,14.81200027,14.36666679,14.79066658,123031500,TSLA
2019-06-21 00:00:00-04:00,3.813841862,3.863036682,3.764149923,3.770609856,434428000,NVDA
2019-06-21 00:00:00-04:00,47.64175303,48.13302938,47.48598052,47.63695908,191202400,AAPL
2019-06-24 00:00:00-04:00,14.88266659,15.05733299,14.73466682,14.90933323,86262000,TSLA
2019-06-24 00:00:00-04:00,3.791978325,3.822538794,3.744771019,3.792972088,282948000,NVDA
2019-06-24 00:00:00-04:00,47.57944712,47.9676772,47.49077902,47.58903503,72881600,AAPL
2019-06-25 00:00:00-04:00,3.79794095,3.872975512,3.76092055,3.763653517,311868000,NVDA
2019-06-25 00:00:00-04:00,47.55308073,47.75198788,46.80059043,46.86769485,84281200,AAPL
2019-06-25 00:00:00-04:00,14.95933342,15.02266693,14.63266659,14.65066719,92731500,TSLA
2019-06-26 00:00:00-04:00,47.39490733,48.16656965,47.2942562,47.88138962,104270000,AAPL
2019-06-26 00:00:00-04:00,14.68733311,15.14866734,14.53999996,14.61800003,127608000,TSLA
2019-06-26 00:00:00-04:00,3.891113288,4.018075891,3.878193419,3.956954718,584072000,NVDA
2019-06-27 00:00:00-04:00,47.9988262,48.30557728,47.82628398,47.86702347,83598800,AAPL
2019-06-27 00:00:00-04:00,14.63000011,14.85999966,14.48999977,14.85599995,95095500,TSLA
2019-06-27 00:00:00-04:00,4.042672669,4.074723779,4.006646034,4.055592537,445440000,NVDA
2019-06-28 00:00:00-04:00,47.61298873,47.80950071,47.22236722,47.43085861,124442400,AAPL
2019-06-28 00:00:00-04:00,14.73266697,15.01133347,14.72000027,14.89733315,102771000,TSLA
2019-06-28 00:00:00-04:00,4.099569856,4.108762994,4.033728432,4.080438614,397668000,NVDA
2019-07-01 00:00:00-04:00,48.68901148,49.00534683,48.08510088,48.30078506,109012000,AAPL
2019-07-01 00:00:00-04:00,15.34733295,15.53999996,15.08533287,15.14466667,123201000,TSLA
2019-07-02 00:00:00-04:00,4.11199288,4.133112124,4.017578746,4.030746937,400228000,NVDA
2019-07-02 00:00:00-04:00,48.26722171,48.67941415,48.25523865,48.58355331,67740800,AAPL
2019-07-02 00:00:00-04:00,15.25933266,15.27666664,14.81466675,14.97000027,138885000,TSLA
2019-07-03 00:00:00-04:00,4.054101586,4.059816315,3.983787993,4.043666363,246636000,NVDA
2019-07-03 00:00:00-04:00,48.71536984,48.99336083,48.5739792,48.98617172,45448000,AAPL
2019-07-03 00:00:00-04:00,15.95933342,16.10466766,15.63399982,15.65999985,213016500,TSLA
2019-07-05 00:00:00-04:00,3.985279586,3.989751757,3.917698474,3.981055737,396552000,NVDA
2019-07-05 00:00:00-04:00,48.73215236,49.14674007,48.62430843,48.94303894,69062000,AAPL
2019-07-05 00:00:00-04:00,15.63799953,15.69666672,15.38666725,15.53999996,105985500,TSLA
2019-07-08 00:00:00-04:00,48.12344324,48.26483388,47.54829274,47.93412399,101354400,AAPL
2019-07-08 00:00:00-04:00,15.41600037,15.48333263,15.24400043,15.35599995,88207500,TSLA
2019-07-08 00:00:00-04:00,3.921424915,3.940307836,3.875957056,3.906020403,329788000,NVDA
2019-07-09 00:00:00-04:00,15.26466656,15.39999962,15.15200043,15.33733273,92862000,TSLA
2019-07-09 00:00:00-04:00,3.863782779,3.936581264,3.851111469,3.90850544,342860000,NVDA
2019-07-09 00:00:00-04:00,47.73760129,48.29118434,47.64413926,48.22648239,82312000,AAPL
2019-07-10 00:00:00-04:00,15.60999966,15.92933273,15.54266739,15.92800045,137185500,TSLA
2019-07-10 00:00:00-04:00,3.951985463,4.034225165,3.938071832,3.976831436,452076000,NVDA
2019-07-10 00:00:00-04:00,48.37267074,48.82320389,48.30317118,48.70338058,71588400,AAPL
2019-07-11 00:00:00-04:00,15.8760004,16.10000038,15.72000027,15.90666676,112716000,TSLA
2019-07-11 00:00:00-04:00,48.72255728,48.98137608,48.33912485,48.34870911,80767200,AAPL
2019-07-12 00:00:00-04:00,48.51647173,48.88792483,48.45656006,48.72017288,70380800,AAPL
2019-07-12 00:00:00-04:00,15.98333263,16.35866737,15.98066711,16.33866692,138007500,TSLA
2019-07-12 00:00:00-04:00,4.159199656,4.235476773,4.159199656,4.164417267,506392000,NVDA
2019-07-15 00:00:00-04:00,48.90948025,49.33605096,48.88791293,49.17788696,67789600,AAPL
2019-07-15 00:00:00-04:00,16.53333282,16.96133232,16.3239994,16.89999962,165001500,TSLA
2019-07-15 00:00:00-04:00,4.185537038,4.201686519,4.127646188,4.155970097,289840000,NVDA
2019-07-16 00:00:00-04:00,49.02930734,49.39357127,48.76809337,49.00774002,67467200,AAPL
2019-07-16 00:00:00-04:00,16.62000084,16.90200043,16.52866745,16.82533264,122235000,TSLA
2019-07-16 00:00:00-04:00,4.141062983,4.17833171,4.09559488,4.151249886,341444000,NVDA
2019-07-17 00:00:00-04:00,17.04466629,17.22066689,16.88999939,16.99066734,146470500,TSLA
2019-07-17 00:00:00-04:00,4.152988172,4.223550557,4.123670031,4.216593742,348204000,NVDA
2019-07-17 00:00:00-04:00,48.89989914,49.14913004,48.71297505,48.73214722,56430000,AAPL
2019-07-18 00:00:00-04:00,4.227028922,4.291131137,4.170380167,4.228271008,442192000,NVDA
2019-07-18 00:00:00-04:00,48.88791037,49.33844719,48.81601566,49.28572464,74162400,AAPL
2019-07-18 00:00:00-04:00,17.00333214,17.04999924,16.79266739,16.90266609,71379000,TSLA
2019-07-19 00:00:00-04:00,4.266533765,4.272993461,4.179075992,4.185039043,344896000,NVDA
2019-07-19 00:00:00-04:00,49.3168908,49.48704156,48.49490441,48.55002213,83717200,AAPL
2019-07-19 00:00:00-04:00,17.04599953,17.3306675,16.9746666,17.21199989,105726000,TSLA
2019-07-22 00:00:00-04:00,4.206407024,4.269515479,4.19895309,4.256595612,315940000,NVDA
2019-07-22 00:00:00-04:00,48.80404366,49.6619792,48.79445941,49.65958405,89111600,AAPL
2019-07-22 00:00:00-04:00,17.25,17.4766674,16.94599915,17.04533386,102636000,TSLA
2019-07-23 00:00:00-04:00,4.295852226,4.366414139,4.280198918,4.364426613,428176000,NVDA
2019-07-23 00:00:00-04:00,17.11400032,17.36533356,16.96666718,17.34466743,75346500,TSLA
2019-07-23 00:00:00-04:00,49.95674255,50.06458281,49.67635275,50.04780579,73420800,AAPL
2019-07-24 00:00:00-04:00,17.27799988,17.73800087,17.21066666,17.65866661,166092000,TSLA
2019-07-24 00:00:00-04:00,4.407659171,4.444679574,4.331630836,4.438964844,366236000,NVDA
2019-07-24 00:00:00-04:00,49.76740679,50.12208271,49.64758349,50.00705338,59966400,AAPL
2019-07-25 00:00:00-04:00,15.5666666,15.63333321,15.03666687,15.25466728,336274500,TSLA
2019-07-25 00:00:00-04:00,4.397472971,4.41014452,4.284424215,4.307779312,392700000,NVDA
2019-07-25 00:00:00-04:00,50.05977891,50.14365668,49.54214137,49.61164093,55638400,AAPL
2019-07-26 00:00:00-04:00,15.12800026,15.350667,14.8166666,15.20266724,150415500,TSLA
2019-07-26 00:00:00-04:00,4.334861242,4.396478829,4.334861242,4.349768639,274160000,NVDA
2019-07-26 00:00:00-04:00,49.72188829,50.26109328,49.6404093,49.78419876,70475600,AAPL
2019-07-29 00:00:00-04:00,4.342563118,4.359706836,4.25535412,4.343556881,248160000,NVDA
2019-07-29 00:00:00-04:00,49.95673423,50.47916209,49.95194027,50.24909973,86693600,AAPL
2019-07-29 00:00:00-04:00,15.13933277,15.72933292,15.06866741,15.71800041,139099500,TSLA
2019-07-30 00:00:00-04:00,50.02863805,50.36414559,49.68115111,50.03343201,135742800,AAPL
2019-07-30 00:00:00-04:00,15.52666664,16.22400093,15.47866726,16.15066719,121635000,TSLA
2019-07-30 00:00:00-04:00,4.297094369,4.371383487,4.282683621,4.359209061,197772000,NVDA
2019-07-31 00:00:00-04:00,51.8643204,53.05057042,50.63733089,51.05431366,277125600,AAPL
2019-07-31 00:00:00-04:00,16.20000076,16.44533348,15.77666664,16.10733223,137673000,TSLA
2019-07-31 00:00:00-04:00,4.327654462,4.328648699,4.14975809,4.191996098,359416000,NVDA
2019-08-01 00:00:00-04:00,51.26040638,52.25014801,49.5445395,49.94953918,216071600,AAPL
2019-08-01 00:00:00-04:00,16.17666626,16.30066681,15.45133305,15.59000015,123892500,TSLA
2019-08-01 00:00:00-04:00,4.202431691,4.292870767,4.04540575,4.09758234,421212000,NVDA
2019-08-02 00:00:00-04:00,15.42333317,15.75133324,15.28199959,15.62266731,92047500,TSLA
2019-08-02 00:00:00-04:00,4.004907131,4.074227441,3.957451743,4.004907131,428348000,NVDA
2019-08-02 00:00:00-04:00,49.25457677,49.4702573,48.31995628,48.89271164,163448400,AAPL
2019-08-05 00:00:00-04:00,3.821296032,3.822538354,3.699551288,3.746510029,589156000,NVDA
2019-08-05 00:00:00-04:00,47.44763768,47.60580168,46.15114853,46.33327866,209572000,AAPL
2019-08-05 00:00:00-04:00,15.30666733,15.42466736,15.05200005,15.22133255,105424500,TSLA
2019-08-06 00:00:00-04:00,3.821295414,3.866763267,3.737564846,3.785268784,361272000,NVDA
2019-08-06 00:00:00-04:00,47.04502381,47.46680417,46.501025,47.21038055,143299200,AAPL
2019-08-06 00:00:00-04:00,15.4586668,15.5,15.05000019,15.38333321,83463000,TSLA
2019-08-07 00:00:00-04:00,3.724397243,3.835458448,3.707005203,3.823532343,372560000,NVDA
2019-08-07 00:00:00-04:00,46.82935347,47.82388562,46.44831617,47.69926834,133457600,AAPL
2019-08-07 00:00:00-04:00,15.10000038,15.57133293,15.05333328,15.5613327,71647500,TSLA
2019-08-08 00:00:00-04:00,47.97725842,48.7752822,47.78314522,48.75131607,108038000,AAPL
2019-08-08 00:00:00-04:00,15.63000011,15.98666668,15.51000023,15.88666725,79114500,TSLA
2019-08-08 00:00:00-04:00,3.881174375,3.933350724,3.823780415,3.932108402,309300000,NVDA
2019-08-09 00:00:00-04:00,15.73666668,15.93066692,15.58733273,15.66733265,58473000,TSLA
2019-08-09 00:00:00-04:00,3.891113325,3.894591733,3.780300676,3.830737829,341816000,NVDA
2019-08-09 00:00:00-04:00,48.42416626,48.77537773,47.94064393,48.34959412,98478800,AAPL
2019-08-12 00:00:00-04:00,15.53266716,15.71800041,15.25,15.26733303,69958500,TSLA
2019-08-12 00:00:00-04:00,3.778560815,3.830737164,3.741043537,3.762907982,279200000,NVDA
2019-08-12 00:00:00-04:00,48.02001889,48.60457469,47.90695673,48.22689819,89927600,AAPL
2019-08-13 00:00:00-04:00,15.25399971,15.73333263,15.17000008,15.66666698,72721500,TSLA
2019-08-13 00:00:00-04:00,3.761417248,3.923163911,3.722409324,3.877198935,351956000,NVDA
2019-08-13 00:00:00-04:00,48.35680488,51.03179952,48.22690194,50.2692337,188874000,AAPL
2019-08-14 00:00:00-04:00,15.41399956,15.4333334,14.4460001,14.64133263,143439000,TSLA
2019-08-14 00:00:00-04:00,48.87160526,49.66063264,48.73448589,48.77297592,146189600,AAPL
2019-08-14 00:00:00-04:00,3.788996499,3.800177163,3.684892349,3.728621006,419880000,NVDA
2019-08-15 00:00:00-04:00,48.9437612,49.34789547,48.03204751,48.53000259,108909600,AAPL
2019-08-15 00:00:00-04:00,14.72399998,14.77066708,14.10333347,14.3760004,122394000,TSLA
2019-08-15 00:00:00-04:00,3.747504323,3.767381009,3.662034525,3.696321726,477200000,NVDA
2019-08-16 00:00:00-04:00,49.14101546,49.83382125,49.03516973,49.67505264,110481600,AAPL
2019-08-16 00:00:00-04:00,14.44400024,14.81599998,14.40133286,14.66266727,76477500,TSLA
2019-08-19 00:00:00-04:00,50.66614789,51.17372365,50.52422005,50.6012001,97654400,AAPL
2019-08-19 00:00:00-04:00,14.94733334,15.1886673,14.77999973,15.12199974,79644000,TSLA
2019-08-20 00:00:00-04:00,15.17466736,15.27266693,14.9693327,15.05733299,61878000,TSLA
2019-08-20 00:00:00-04:00,4.237714094,4.238211213,4.149759638,4.170878887,463188000,NVDA
2019-08-20 00:00:00-04:00,50.72870558,51.32288219,50.59399413,50.60361481,107537200,AAPL
2019-08-21 00:00:00-04:00,4.236966733,4.309516639,4.215350849,4.254358768,427244000,NVDA
2019-08-21 00:00:00-04:00,51.23626938,51.39503431,50.90189508,51.15207291,86141600,AAPL
2019-08-21 00:00:00-04:00,14.80066681,14.88133335,14.50666714,14.72200012,116914500,TSLA
2019-08-22 00:00:00-04:00,4.264049888,4.306536223,4.221314756,4.26057148,303488000,NVDA
2019-08-22 00:00:00-04:00,51.28438179,51.58507824,50.69742173,51.10877609,89014800,AAPL
2019-08-22 00:00:00-04:00,14.85333347,15.02666664,14.54800034,14.81000042,98385000,TSLA
2019-08-23 00:00:00-04:00,4.184045602,4.238458036,4.01608733,4.035964012,568056000,NVDA
2019-08-23 00:00:00-04:00,50.3798834,51.01014564,48.35198833,48.74650192,187272000,AAPL
2019-08-23 00:00:00-04:00,14.66466713,14.74466705,14.0666666,14.09333324,128079000,TSLA
2019-08-26 00:00:00-04:00,4.114725724,4.138826254,4.072487716,4.110750198,318208000,NVDA
2019-08-26 00:00:00-04:00,14.23999977,14.33466721,14.10266685,14.33333302,75778500,TSLA
2019-08-26 00:00:00-04:00,49.52109339,49.84103483,49.32864695,49.67264557,104174400,AAPL
2019-08-27 00:00:00-04:00,14.38266659,14.58666706,14.13533306,14.27200031,81243000,TSLA
2019-08-27 00:00:00-04:00,4.149013784,4.151746751,3.990745728,4.020063877,290968000,NVDA
2019-08-27 00:00:00-04:00,50.002209,50.16819402,48.96059611,49.11214828,103493200,AAPL
2019-08-28 00:00:00-04:00,14.24600029,14.48333263,14.15400028,14.37266731,48382500,TSLA
2019-08-28 00:00:00-04:00,3.993701857,4.062344151,3.954406263,4.009618759,255612000,NVDA
2019-08-28 00:00:00-04:00,49.09770888,49.48741024,48.91007463,49.4417038,63755200,AAPL
2019-08-29 00:00:00-04:00,14.60000038,14.89333344,14.53333282,14.7806673,77692500,TSLA
2019-08-29 00:00:00-04:00,4.101140713,4.185700354,4.097658862,4.15336895,357976000,NVDA
2019-08-29 00:00:00-04:00,50.15616392,50.35342254,49.71353966,50.27884674,83962000,AAPL
2019-08-30 00:00:00-04:00,4.199628014,4.24936915,4.147897384,4.166052818,290616000,NVDA
2019-08-30 00:00:00-04:00,50.55549224,50.6252522,49.84344145,50.21390152,84573600,AAPL
2019-08-30 00:00:00-04:00,15.27666664,15.49600029,14.94733334,15.04066658,139809000,TSLA
2019-09-03 00:00:00-04:00,49.65822216,49.79052935,49.12659279,49.48261642,80092000,AAPL
2019-09-03 00:00:00-04:00,14.9386673,15.26333332,14.87733269,15.00066662,80311500,TSLA
2019-09-03 00:00:00-04:00,4.093183342,4.126260934,4.06010575,4.082986355,296140000,NVDA
2019-09-04 00:00:00-04:00,50.12970093,50.39190732,49.8723067,50.32214737,76752400,AAPL
2019-09-04 00:00:00-04:00,15.1260004,15.23066711,14.61400032,14.71199989,86415000,TSLA
2019-09-04 00:00:00-04:00,4.143669612,4.204602484,4.143669612,4.197141171,227728000,NVDA
2019-09-05 00:00:00-04:00,50.99811361,51.47201147,50.88023929,51.30602646,95654800,AAPL
2019-09-05 00:00:00-04:00,14.83333302,15.31999969,14.72333336,15.30533314,110929500,TSLA
2019-09-06 00:00:00-04:00,51.49126981,51.5802748,51.12080967,51.30122757,77449200,AAPL
2019-09-06 00:00:00-04:00,4.446840886,4.503794298,4.405058668,4.443110466,376976000,NVDA
2019-09-06 00:00:00-04:00,15.14666653,15.30933285,15.01133347,15.16333294,62841000,TSLA
2019-09-09 00:00:00-04:00,4.474197856,4.575669617,4.472705499,4.489120007,417524000,NVDA
2019-09-09 00:00:00-04:00,51.6812992,52.06619212,50.77440135,51.52012634,109237600,AAPL
2019-09-09 00:00:00-04:00,15.33333302,15.58399963,15.28199959,15.45266724,72040500,TSLA
2019-09-10 00:00:00-04:00,4.456290524,4.582383797,4.446591151,4.555772781,352812000,NVDA
2019-09-10 00:00:00-04:00,51.44554939,52.14797579,50.92835301,52.12873077,127111600,AAPL
2019-09-10 00:00:00-04:00,15.38666725,15.70266724,15.2626667,15.70266724,73255500,TSLA
2019-09-11 00:00:00-04:00,4.570446548,4.632622724,4.541347954,4.584373951,361512000,NVDA
2019-09-11 00:00:00-04:00,52.45830189,53.81504413,52.37650966,53.78617477,177158400,AAPL
2019-09-11 00:00:00-04:00,15.82533264,16.54466629,15.73333263,16.47333336,150642000,TSLA
2019-09-12 00:00:00-04:00,54.07725174,54.46695317,53.61057025,53.66589737,128906800,AAPL
2019-09-12 00:00:00-04:00,16.51333237,16.89999962,16.29333305,16.39133263,128718000,TSLA
2019-09-12 00:00:00-04:00,4.630882136,4.685597004,4.574923479,4.582881927,327840000,NVDA
2019-09-13 00:00:00-04:00,16.4640007,16.56333351,16.32466698,16.34666634,79696500,TSLA
2019-09-13 00:00:00-04:00,4.516229188,4.553286233,4.481161636,4.524933815,324592000,NVDA
2019-09-13 00:00:00-04:00,52.92257987,53.11261843,52.2057205,52.62188339,159053200,AAPL
2019-09-16 00:00:00-04:00,16.39999962,16.49533272,16.07799911,16.18733215,70921500,TSLA
2019-09-16 00:00:00-04:00,4.449824534,4.516477306,4.439378982,4.481907368,231832000,NVDA
2019-09-16 00:00:00-04:00,52.37650146,52.95384076,52.33560719,52.89850998,84632400,AAPL
2019-09-17 00:00:00-04:00,16.16466713,16.37333298,16.02466774,16.31933212,57981000,TSLA
2019-09-17 00:00:00-04:00,4.488623269,4.507524882,4.442115413,4.503296852,223048000,NVDA
2019-09-17 00:00:00-04:00,52.91295152,53.11983081,52.71088072,53.09096146,73274800,AAPL
2019-09-18 00:00:00-04:00,4.496334067,4.5120024,4.389639498,4.47618866,258152000,NVDA
2019-09-18 00:00:00-04:00,53.17757001,53.60816942,52.78786855,53.58892441,101360000,AAPL
2019-09-18 00:00:00-04:00,16.33333206,16.54466629,16.15800095,16.23266792,62553000,TSLA
2019-09-19 00:00:00-04:00,53.40609313,53.82706815,53.01157954,53.15351105,88242400,AAPL
2019-09-19 00:00:00-04:00,16.39999962,16.52933311,16.32266617,16.44000053,71937000,TSLA
2019-09-19 00:00:00-04:00,4.482156288,4.500560763,4.389886765,4.40058136,245476000,NVDA
2019-09-20 00:00:00-04:00,53.25455423,53.53840997,52.3139747,52.37651825,221652400,AAPL
2019-09-20 00:00:00-04:00,16.43266678,16.46333313,15.87733269,16.04133224,95295000,TSLA
2019-09-20 00:00:00-04:00,4.399586382,4.423213158,4.284684834,4.294881344,350244000,NVDA
2019-09-23 00:00:00-04:00,52.66998929,52.88408501,52.35726425,52.61466217,76662000,AAPL
2019-09-23 00:00:00-04:00,16,16.3453331,15.94799995,16.08200073,65103000,TSLA
2019-09-23 00:00:00-04:00,4.295131344,4.393866975,4.29140045,4.348353863,249712000,NVDA
2019-09-24 00:00:00-04:00,16.10133362,16.13266754,14.84066677,14.88066673,193372500,TSLA
2019-09-24 00:00:00-04:00,4.379691261,4.409287,4.255338873,4.290903568,317268000,NVDA
2019-09-24 00:00:00-04:00,53.17034699,53.52156205,52.24660841,52.36447906,124763200,AAPL
2019-09-25 00:00:00-04:00,4.290404702,4.452311707,4.245637779,4.432663918,308432000,NVDA
2019-09-25 00:00:00-04:00,52.57376462,53.28340746,52.23457816,53.17034531,87613600,AAPL
2019-09-25 00:00:00-04:00,14.97066689,15.26533318,14.55733299,15.24666691,141406500,TSLA
2019-09-26 00:00:00-04:00,4.422965135,4.431669763,4.359545161,4.410529613,234564000,NVDA
2019-09-26 00:00:00-04:00,52.9225796,53.14870394,52.64112814,52.89611816,75334000,AAPL
2019-09-26 00:00:00-04:00,15.37733269,16.22066689,15.15999985,16.17066765,178267500,TSLA
2019-09-27 00:00:00-04:00,4.36874802,4.419483912,4.211069001,4.271753311,362056000,NVDA
2019-09-27 00:00:00-04:00,53.05248411,53.15352136,52.26826895,52.6387291,101408000,AAPL
2019-09-27 00:00:00-04:00,16.14666748,16.5806675,15.91533279,16.1420002,166746000,TSLA
2019-09-30 00:00:00-04:00,4.297617428,4.339399636,4.266280298,4.329202652,186184000,NVDA
2019-09-30 00:00:00-04:00,16.20000076,16.26533318,15.74066734,16.05800056,88197000,TSLA
2019-09-30 00:00:00-04:00,53.13906661,54.02431873,53.11260518,53.87757874,103909600,AAPL
2019-10-01 00:00:00-04:00,16.10000038,16.39666748,15.94200039,16.31266785,92439000,TSLA
2019-10-01 00:00:00-04:00,4.352331805,4.501554705,4.322736078,4.327461243,366008000,NVDA
2019-10-01 00:00:00-04:00,54.14220348,54.89995709,53.93291625,54.0267334,139223200,AAPL
2019-10-02 00:00:00-04:00,16.21933365,16.30999947,15.96199989,16.20866776,84471000,TSLA
2019-10-02 00:00:00-04:00,4.305576931,4.317514843,4.231214259,4.303587437,293372000,NVDA
2019-10-02 00:00:00-04:00,53.65867977,53.78377052,52.42462036,52.67239761,138449200,AAPL
2019-10-03 00:00:00-04:00,15.45733261,15.63199997,14.95199966,15.53533268,226267500,TSLA
2019-10-03 00:00:00-04:00,4.3080633,4.515482946,4.277721388,4.509265423,450588000,NVDA
2019-10-03 00:00:00-04:00,52.54489598,53.15350894,51.75106033,53.11983109,114426000,AAPL
2019-10-04 00:00:00-04:00,4.511504094,4.555027711,4.446343665,4.525680542,265524000,NVDA
2019-10-04 00:00:00-04:00,54.27931696,54.72434917,53.85834193,54.60887909,138478800,AAPL
2019-10-04 00:00:00-04:00,15.44066715,15.65200043,15.20466709,15.42866707,119925000,TSLA
2019-10-07 00:00:00-04:00,54.43086449,55.31130082,54.32742301,54.62090302,122306000,AAPL
2019-10-07 00:00:00-04:00,15.31999969,15.90400028,15.23666668,15.84799957,120963000,TSLA
2019-10-07 00:00:00-04:00,4.590591474,4.684104306,4.581886847,4.584373951,480984000,NVDA
2019-10-08 00:00:00-04:00,54.3226201,54.86146579,53.9641886,53.9810257,111820000,AAPL
2019-10-08 00:00:00-04:00,15.7246666,16.2626667,15.63333321,16.00333214,130173000,TSLA
2019-10-08 00:00:00-04:00,4.492602216,4.492602216,4.389638564,4.407793999,444436000,NVDA
2019-10-09 00:00:00-04:00,54.61369324,54.79651536,54.27931892,54.61369324,74770400,AAPL
2019-10-09 00:00:00-04:00,16.08799934,16.48666763,16.04333305,16.30200005,103416000,TSLA
2019-10-09 00:00:00-04:00,4.484642478,4.543834406,4.45579293,4.49434185,292412000,NVDA
2019-10-10 00:00:00-04:00,16.35199928,16.6186676,16.10533333,16.31599998,94249500,TSLA
2019-10-10 00:00:00-04:00,4.492105309,4.603027416,4.486882532,4.552042961,309124000,NVDA
2019-10-10 00:00:00-04:00,54.83019195,55.43399277,54.67864343,55.3497963,113013600,AAPL
2019-10-11 00:00:00-04:00,4.636104541,4.708974837,4.61720293,4.625658989,446404000,NVDA
2019-10-11 00:00:00-04:00,56.03780261,57.16601654,55.88384614,56.82202148,166795600,AAPL
2019-10-11 00:00:00-04:00,16.4766674,16.73866653,16.45400047,16.52599907,127131000,TSLA
2019-10-14 00:00:00-04:00,4.616954213,4.659980213,4.585866123,4.639089108,200040000,NVDA
2019-10-14 00:00:00-04:00,56.50687837,57.28388068,56.45155124,56.74021912,96427600,AAPL
2019-10-14 00:00:00-04:00,16.52666664,17.23666763,16.47533226,17.13066673,153075000,TSLA
2019-10-15 00:00:00-04:00,56.86530823,57.16840894,56.50206823,56.60791397,87360000,AAPL
2019-10-15 00:00:00-04:00,17.18000031,17.33333206,16.94133377,17.19266701,96492000,TSLA
2019-10-16 00:00:00-04:00,56.13881832,56.58866266,56.09792405,56.37937546,73903200,AAPL
2019-10-16 00:00:00-04:00,17.15933228,17.47333336,17.12800026,17.31666756,100261500,TSLA
2019-10-16 00:00:00-04:00,4.849742607,4.954696231,4.818654513,4.830094814,428944000,NVDA
2019-10-17 00:00:00-04:00,17.5,17.65200043,17.34466743,17.46466637,71539500,TSLA
2019-10-17 00:00:00-04:00,4.874611606,4.91962709,4.777616463,4.832083225,263436000,NVDA
2019-10-17 00:00:00-04:00,56.55259066,56.80758071,56.17491777,56.59829712,67585200,AAPL
2019-10-18 00:00:00-04:00,17.37999916,17.52000046,17.00666618,17.12999916,86247000,TSLA
2019-10-18 00:00:00-04:00,4.832581687,4.865162136,4.663213821,4.737576485,307440000,NVDA
2019-10-18 00:00:00-04:00,56.43230519,57.15157245,56.36013731,56.870121,97433600,AAPL
2019-10-21 00:00:00-04:00,17.22200012,17.29999924,16.67866707,16.89999962,75304500,TSLA
2019-10-21 00:00:00-04:00,4.799005285,4.888290552,4.780103677,4.874860287,261868000,NVDA
2019-10-21 00:00:00-04:00,57.13713977,57.97187343,57.08902907,57.85640335,87247200,AAPL
2019-10-22 00:00:00-04:00,16.95466614,17.22200012,16.72333336,17.03866768,69012000,TSLA
2019-10-22 00:00:00-04:00,58.0127699,58.26294775,57.64230979,57.72410202,82293600,AAPL
2019-10-22 00:00:00-04:00,4.931815296,5.037017491,4.857204059,4.86491394,328720000,NVDA
2019-10-23 00:00:00-04:00,58.23887405,58.51310899,58.02718264,58.49867249,75828800,AAPL
2019-10-23 00:00:00-04:00,16.96666718,17.07600021,16.75666618,16.97866631,78916500,TSLA
2019-10-23 00:00:00-04:00,4.782841743,4.866157615,4.751007467,4.85198164,279916000,NVDA
2019-10-24 00:00:00-04:00,58.81862988,58.88839351,58.16912628,58.59491348,69275200,AAPL
2019-10-24 00:00:00-04:00,19.89133263,20.32866669,19.28000069,19.97866631,445813500,TSLA
2019-10-24 00:00:00-04:00,4.893265669,4.929576539,4.859193335,4.896001816,232020000,NVDA
2019-10-25 00:00:00-04:00,58.49388049,59.35266765,58.42652477,59.31658554,73477200,AAPL
2019-10-25 00:00:00-04:00,19.84799957,22,19.74066734,21.87533379,450091500,TSLA
2019-10-25 00:00:00-04:00,4.97658161,5.107897675,4.96887173,5.087006569,423092000,NVDA
2019-10-28 00:00:00-04:00,21.83600044,22.72266769,21.50666618,21.84733391,283054500,TSLA
2019-10-28 00:00:00-04:00,5.130778839,5.195442132,5.101431671,5.142965794,330792000,NVDA
2019-10-28 00:00:00-04:00,59.51865343,59.95887349,59.35026415,59.91076279,96572800,AAPL
2019-10-29 00:00:00-04:00,5.129037806,5.135504372,5.02731794,5.04671669,211236000,NVDA
2019-10-29 00:00:00-04:00,59.89151689,60.07915118,58.35195252,58.5251503,142839600,AAPL
2019-10-29 00:00:00-04:00,21.3326664,21.62000084,20.98333359,21.08133316,190264500,TSLA
2019-10-30 00:00:00-04:00,5.073577582,5.079297971,4.980561855,5.048707008,205960000,NVDA
2019-10-30 00:00:00-04:00,58.87876863,59.00867155,58.02479365,58.51793289,124522000,AAPL
2019-10-30 00:00:00-04:00,20.86666679,21.25266647,20.66466713,21.00066757,144627000,TSLA
2019-10-31 00:00:00-04:00,5.027815505,5.048706614,4.919629063,4.999463081,209732000,NVDA
2019-10-31 00:00:00-04:00,59.47535535,59.93962892,57.07459218,59.8409996,139162000,AAPL
2019-10-31 00:00:00-04:00,20.87333298,21.26666641,20.86666679,20.99466705,76005000,TSLA
2019-11-01 00:00:00-04:00,60.02863475,61.56579492,59.93722552,61.53933716,151125200,AAPL
2019-11-01 00:00:00-04:00,21.08799934,21.09866714,20.65333366,20.88733292,95758500,TSLA
2019-11-01 00:00:00-04:00,4.964146702,5.070841255,4.939027564,5.038509846,283640000,NVDA
2019-11-04 00:00:00-05:00,20.98666763,21.46266747,20.61733246,21.16466713,131805000,TSLA
2019-11-04 00:00:00-05:00,5.119587458,5.247670737,5.096458287,5.235235214,376716000,NVDA
2019-11-04 00:00:00-05:00,61.90257587,62.0276703,61.43349377,61.94347382,103272000,AAPL
2019-11-05 00:00:00-05:00,21.30800056,21.56733322,21.07466698,21.14800072,104151000,TSLA
2019-11-05 00:00:00-05:00,5.23498581,5.261099692,5.165099746,5.213099957,300868000,NVDA
2019-11-05 00:00:00-05:00,61.83521299,62.10945166,61.65961096,61.85446167,79897600,AAPL
2019-11-06 00:00:00-05:00,21.20000076,21.78133392,20.96666718,21.77199936,119113500,TSLA
2019-11-06 00:00:00-05:00,5.188974684,5.214590952,5.076311207,5.163855553,269012000,NVDA
2019-11-06 00:00:00-05:00,61.76786206,61.94106352,61.43108349,61.88092422,75864400,AAPL
2019-11-07 00:00:00-05:00,5.250404613,5.265078194,5.13674639,5.181513309,280340000,NVDA
2019-11-07 00:00:00-05:00,62.42861706,62.81708065,62.27660989,62.5951004,94940400,AAPL
2019-11-07 00:00:00-05:00,21.94266701,22.76666641,21.86800003,22.36933327,217009500,TSLA
2019-11-08 00:00:00-05:00,62.41657181,62.83881078,61.97261857,62.7664299,69986400,AAPL
2019-11-08 00:00:00-05:00,22.29999924,22.49733353,22.16666794,22.47599983,91038000,TSLA
2019-11-08 00:00:00-05:00,5.164602086,5.199172025,5.127047433,5.167586327,189100000,NVDA
2019-11-11 00:00:00-05:00,62.32245524,63.3285934,62.3176323,63.26345062,81821200,AAPL
2019-11-11 00:00:00-05:00,22.93000031,23.27933311,22.79999924,23.00600052,149800500,TSLA
2019-11-11 00:00:00-05:00,5.166841414,5.200665182,5.08054083,5.177536011,243436000,NVDA
2019-11-12 00:00:00-05:00,63.10661809,63.40580952,62.95461827,63.20554352,87388800,AAPL
2019-11-12 00:00:00-05:00,23.12666702,23.3579998,22.93600082,23.32866669,110391000,TSLA
2019-11-12 00:00:00-05:00,5.215835629,5.269058616,5.180768076,5.213099957,283504000,NVDA
2019-11-13 00:00:00-05:00,63.00528876,63.88595706,62.99081258,63.81116104,102734400,AAPL
2019-11-13 00:00:00-05:00,5.181763059,5.209369301,5.120830663,5.187234879,300188000,NVDA
2019-11-13 00:00:00-05:00,23.66666794,23.75533295,23.01199913,23.0739994,126301500,TSLA
2019-11-14 00:00:00-05:00,5.196188737,5.219815994,5.13625108,5.217577457,518080000,NVDA
2019-11-14 00:00:00-05:00,63.63743786,63.91008474,63.23932835,63.36962128,89182800,AAPL
2019-11-14 00:00:00-05:00,23.0739994,23.58933258,22.86066628,23.29000092,96973500,TSLA
2019-11-15 00:00:00-05:00,63.62054838,64.12723657,63.45889531,64.12241364,100206400,AAPL
2019-11-15 00:00:00-05:00,23.37599945,23.52000046,23.22400093,23.47800064,72135000,TSLA
2019-11-18 00:00:00-05:00,5.070841767,5.306116277,5.067857526,5.279505253,574588000,NVDA
2019-11-18 00:00:00-05:00,64.13205687,64.52534344,63.75325384,64.44572449,86703200,AAPL
2019-11-18 00:00:00-05:00,23.52799988,23.54333305,23.07333374,23.3326664,66006000,TSLA
2019-11-19 00:00:00-05:00,64.6387462,64.66287561,64.03313994,64.25028992,76167200,AAPL
2019-11-19 00:00:00-05:00,23.45000076,23.99933243,23.18666649,23.96800041,115872000,TSLA
2019-11-19 00:00:00-05:00,5.248416535,5.272043315,5.114613352,5.172810078,414564000,NVDA
2019-11-20 00:00:00-05:00,24,24.07999992,23.30466652,23.48133278,100876500,TSLA
2019-11-20 00:00:00-05:00,5.149928779,5.335959707,5.137244691,5.252146244,472588000,NVDA
2019-11-20 00:00:00-05:00,64.06933504,64.19962061,62.82915537,63.50232697,106234400,AAPL
2019-11-21 00:00:00-05:00,23.63400078,24.05599976,23.60000038,23.65533257,91650000,TSLA
2019-11-21 00:00:00-05:00,5.247670775,5.303380401,5.205639513,5.227276802,288388000,NVDA
2019-11-21 00:00:00-05:00,63.62296081,63.70017198,63.01734721,63.21761322,121395200,AAPL
2019-11-22 00:00:00-05:00,22.67733383,22.73333359,22,22.20266724,253059000,TSLA
2019-11-22 00:00:00-05:00,5.249907816,5.296415668,5.22130683,5.244934082,224100000,NVDA
2019-11-22 00:00:00-05:00,63.35754506,63.499899,62.93530619,63.16210938,65325200,AAPL
2019-11-25 00:00:00-05:00,22.95466614,22.97133255,22.29733276,22.42266655,185092500,TSLA
2019-11-25 00:00:00-05:00,63.38650128,64.28647598,63.34065761,64.26958466,84020400,AAPL
2019-11-25 00:00:00-05:00,5.373017475,5.50657209,5.360084817,5.501597881,506476000,NVDA
2019-11-26 00:00:00-05:00,64.4071042,64.46018595,63.3358234,63.76771545,105207600,AAPL
2019-11-26 00:00:00-05:00,22.35133362,22.36666679,21.80666733,21.9279995,119211000,TSLA
2019-11-26 00:00:00-05:00,5.483939304,5.488664944,5.390426458,5.396893024,385244000,NVDA
2019-11-27 00:00:00-05:00,64.07896626,64.65804259,64.01382349,64.62425995,65235600,AAPL
2019-11-27 00:00:00-05:00,22.07466698,22.26199913,21.9046669,22.08600044,83334000,TSLA
2019-11-27 00:00:00-05:00,5.442439433,5.476785658,5.405355043,5.431736946,215784000,NVDA
2019-11-29 00:00:00-05:00,64.3250882,64.66287788,64.15618968,64.48191833,46617600,AAPL
2019-11-29 00:00:00-05:00,22.0739994,22.08399963,21.83333206,21.99600029,36984000,TSLA
2019-11-29 00:00:00-05:00,5.400873362,5.429246218,5.370508596,5.394402027,141556000,NVDA
2019-12-02 00:00:00-05:00,21.95999908,22.42533302,21.91266632,22.32466698,91117500,TSLA
2019-12-02 00:00:00-05:00,5.387434947,5.400875125,5.192804441,5.207986355,372036000,NVDA
2019-12-02 00:00:00-05:00,64.48674938,64.72320587,63.56506757,63.7363739,94487200,AAPL
2019-12-03 00:00:00-05:00,5.02430676,5.172395085,4.98697362,5.168413162,465232000,NVDA
2019-12-03 00:00:00-05:00,62.32487921,62.61924037,61.83749749,62.59994125,114430400,AAPL
2019-12-03 00:00:00-05:00,22.17466736,22.52733231,22.14599991,22.41333389,98605500,TSLA
2019-12-04 00:00:00-05:00,5.252040372,5.274440355,5.183596189,5.212218285,273424000,NVDA
2019-12-04 00:00:00-05:00,62.99082797,63.53129158,62.89672545,63.15248108,67181600,AAPL
2019-12-04 00:00:00-05:00,22.51666641,22.52400017,22.19000053,22.20199966,82995000,TSLA
2019-12-05 00:00:00-05:00,5.234120508,5.2498004,5.164680373,5.195293903,184884000,NVDA
2019-12-05 00:00:00-05:00,63.64709467,64.15378288,63.3913391,64.07897949,74424400,AAPL
2019-12-05 00:00:00-05:00,22.1886673,22.29466629,21.81666756,22.02466774,55869000,TSLA
2019-12-06 00:00:00-05:00,5.264483714,5.313514818,5.254527957,5.280661106,232236000,NVDA
2019-12-06 00:00:00-05:00,22.33333206,22.59066772,22.31800079,22.39266777,114186000,TSLA
2019-12-06 00:00:00-05:00,64.53740668,65.38670739,64.4939708,65.31673431,106075600,AAPL
2019-12-09 00:00:00-05:00,22.43933296,22.96333313,22.33866692,22.63533211,135346500,TSLA
2019-12-09 00:00:00-05:00,5.257763625,5.335416818,5.249052576,5.280661106,211880000,NVDA
2019-12-09 00:00:00-05:00,65.14542754,65.33844808,63.91731647,64.40229034,128042400,AAPL
2019-12-10 00:00:00-05:00,22.66399956,23.38199997,22.6206665,23.25600052,132424500,TSLA
2019-12-10 00:00:00-05:00,5.310777137,5.377479573,5.258012857,5.325710773,256388000,NVDA
2019-12-10 00:00:00-05:00,64.80763887,65.16231983,64.1465284,64.77868652,90420400,AAPL
2019-12-11 00:00:00-05:00,23.45866776,23.81266785,23.40600014,23.51333237,103467000,TSLA
2019-12-11 00:00:00-05:00,5.336164688,5.414813378,5.333675748,5.409337521,233796000,NVDA
2019-12-11 00:00:00-05:00,64.85831696,65.41084886,64.78352093,65.33122253,78756800,AAPL
2019-12-12 00:00:00-05:00,5.380465329,5.595006844,5.371505528,5.576838017,404348000,NVDA
2019-12-12 00:00:00-05:00,64.60980466,65.76312002,64.49881818,65.49771118,137310400,AAPL
2019-12-12 00:00:00-05:00,23.66133308,24.18266678,23.54866791,23.97866631,116458500,TSLA
2019-12-13 00:00:00-05:00,65.49770183,66.42421381,65.36982405,66.38802338,133587600,AAPL
2019-12-13 00:00:00-05:00,24.06999969,24.34733391,23.64266777,23.89266777,98563500,TSLA
2019-12-13 00:00:00-05:00,5.579826054,5.699043553,5.520839183,5.574848175,454704000,NVDA
2019-12-16 00:00:00-05:00,66.83440418,67.74885531,66.82958124,67.52445984,128186000,AAPL
2019-12-16 00:00:00-05:00,24.17000008,25.5739994,24.16666794,25.43333244,272613000,TSLA
2019-12-16 00:00:00-05:00,5.622385088,5.676144846,5.594260502,5.603718281,320976000,NVDA
2019-12-17 00:00:00-05:00,67.45446126,67.98527135,67.26867148,67.65713501,114158400,AAPL
2019-12-17 00:00:00-05:00,25.26600075,25.70000076,25.05999947,25.26600075,127452000,TSLA
2019-12-17 00:00:00-05:00,5.622386556,5.704519673,5.612928774,5.681870937,321196000,NVDA
2019-12-18 00:00:00-05:00,25.37533379,26.34799957,25.37199974,26.20999908,211815000,TSLA
2019-12-18 00:00:00-05:00,5.716713444,5.772713388,5.708251146,5.712233543,343548000,NVDA
2019-12-18 00:00:00-05:00,67.50997483,68.01666306,67.3459066,67.49549866,116028400,AAPL
2019-12-19 00:00:00-05:00,5.746829124,5.873762175,5.741851246,5.860321999,445360000,NVDA
2019-12-19 00:00:00-05:00,67.43756384,67.8429113,67.30486318,67.56302643,98369200,AAPL
2019-12-19 00:00:00-05:00,26.48800087,27.12333298,26.43333244,26.93600082,271606500,TSLA
2019-12-20 00:00:00-05:00,5.926775034,5.98302373,5.907610725,5.95763731,603044000,NVDA
2019-12-20 00:00:00-05:00,68.0962902,68.19762343,67.21079153,67.42311859,275978000,AAPL
2019-12-20 00:00:00-05:00,27.35266685,27.53333282,26.67933273,27.03933334,221290500,TSLA
2019-12-23 00:00:00-05:00,5.986259764,6.018366274,5.933246734,5.943948746,355060000,NVDA
2019-12-23 00:00:00-05:00,67.68609864,68.58365816,67.64749306,68.52333832,98572000,AAPL
2019-12-23 00:00:00-05:00,27.45199966,28.13400078,27.33333206,27.94799995,199794000,TSLA
2019-12-24 00:00:00-05:00,68.68981101,68.73806982,68.26274926,68.58847046,48478800,AAPL
2019-12-24 00:00:00-05:00,27.89066696,28.36466789,27.5126667,28.35000038,120820500,TSLA
2019-12-24 00:00:00-05:00,5.928518734,5.956145348,5.89417203,5.938971996,138864000,NVDA
2019-12-26 00:00:00-05:00,28.52733231,28.89866638,28.42333221,28.72933388,159508500,TSLA
2019-12-26 00:00:00-05:00,5.942454939,5.981281535,5.923539381,5.953157425,182852000,NVDA
2019-12-26 00:00:00-05:00,68.72117658,69.96617873,68.69222424,69.94928741,93121200,AAPL
2019-12-27 00:00:00-05:00,29,29.02066612,28.40733337,28.69199944,149185500,TSLA
2019-12-27 00:00:00-05:00,5.968339855,5.981780032,5.869033406,5.895415783,254644000,NVDA
2019-12-27 00:00:00-05:00,70.24125055,70.92889824,69.51741243,69.92276001,146266000,AAPL
2019-12-30 00:00:00-05:00,28.58600044,28.60000038,27.2840004,27.64666748,188796000,TSLA
2019-12-30 00:00:00-05:00,5.873513855,5.878740486,5.750811944,5.782171726,258056000,NVDA
2019-12-30 00:00:00-05:00,69.84073358,70.62006869,68.81771127,70.33776855,144114400,AAPL
2019-12-31 00:00:00-05:00,27,28.08600044,26.80533218,27.88866615,154285500,TSLA
2019-12-31 00:00:00-05:00,69.95413256,70.85893029,69.85520713,70.8516922,100805600,AAPL
2019-12-31 00:00:00-05:00,5.746828047,5.865796755,5.727663741,5.856338978,231004000,NVDA
2020-01-02 00:00:00-05:00,71.47660718,72.5285892,71.22326676,72.46826935,135480400,AAPL
2020-01-02 00:00:00-05:00,28.29999924,28.71333313,28.11400032,28.68400002,142981500,TSLA
2020-01-02 00:00:00-05:00,5.942206601,5.971077442,5.891682509,5.971077442,237536000,NVDA
2020-01-03 00:00:00-05:00,71.69617497,72.52376158,71.53934483,71.76373291,146322800,AAPL
2020-01-03 00:00:00-05:00,29.36666679,30.26666641,29.12800026,29.5340004,266677500,TSLA
2020-01-03 00:00:00-05:00,5.851362305,5.91930897,5.826473387,5.875504494,205384000,NVDA
2020-01-06 00:00:00-05:00,70.88547195,72.37416162,70.63453933,72.33555603,118387200,AAPL
2020-01-06 00:00:00-05:00,29.36466789,30.10400009,29.33333206,30.10266685,151995000,TSLA
2020-01-06 00:00:00-05:00,5.782170857,5.905370253,5.75603771,5.900143623,262636000,NVDA
2020-01-07 00:00:00-05:00,30.76000023,31.44199944,30.22400093,31.27066612,268231500,TSLA
2020-01-07 00:00:00-05:00,5.928519407,6.01737262,5.883470684,5.971577168,314856000,NVDA
2020-01-07 00:00:00-05:00,72.34521203,72.6009676,71.7757962,71.99536133,108872000,AAPL
2020-01-08 00:00:00-05:00,5.967345024,6.024091708,5.927274188,5.982776165,277108000,NVDA
2020-01-08 00:00:00-05:00,71.69858142,73.45509501,71.69858142,73.15349579,132079200,AAPL
2020-01-08 00:00:00-05:00,31.57999992,33.23266602,31.21533394,32.8093338,467164500,TSLA
2020-01-09 00:00:00-05:00,6.06913971,6.120908509,5.994722181,6.048481941,255112000,NVDA
2020-01-09 00:00:00-05:00,74.13069031,74.90037228,73.879765,74.70735168,170108400,AAPL
2020-01-09 00:00:00-05:00,33.13999939,33.25333405,31.52466774,32.08933258,426606000,TSLA
2020-01-10 00:00:00-05:00,6.155752275,6.186116573,6.066650342,6.080836773,316296000,NVDA
2020-01-10 00:00:00-05:00,32.11933136,32.32933426,31.57999992,31.87666702,194392500,TSLA
2020-01-10 00:00:00-05:00,74.94137848,75.44082857,74.37437045,74.87622833,140644800,AAPL
2020-01-13 00:00:00-05:00,32.90000153,35.04199982,32.79999924,34.99066544,397764000,TSLA
2020-01-13 00:00:00-05:00,6.163966753,6.296623955,6.141317546,6.271486282,319840000,NVDA
2020-01-13 00:00:00-05:00,75.19229073,76.50243567,75.07405885,76.47589111,121532000,AAPL
2020-01-14 00:00:00-05:00,36.2840004,36.49399948,34.99333191,35.86133194,434943000,TSLA
2020-01-14 00:00:00-05:00,6.228676413,6.254063308,6.141316689,6.154508114,359088000,NVDA
2020-01-14 00:00:00-05:00,76.41318516,76.62309705,75.32018982,75.4432373,161954400,AAPL
2020-01-15 00:00:00-05:00,35.31733322,35.85599899,34.45266724,34.56666565,260532000,TSLA
2020-01-15 00:00:00-05:00,6.16720123,6.189601209,6.086063615,6.111948013,263104000,NVDA
2020-01-15 00:00:00-05:00,75.24298894,76.12365736,74.68804186,75.11993408,121923600,AAPL
2020-01-16 00:00:00-05:00,6.165458737,6.201547643,6.142063279,6.195574284,284192000,NVDA
2020-01-16 00:00:00-05:00,75.66280356,76.17190691,75.30088447,76.06091309,108829200,AAPL
2020-01-16 00:00:00-05:00,32.91666794,34.29733276,32.8113327,34.23266602,326050500,TSLA
2020-01-17 00:00:00-05:00,76.30942443,76.90538478,76.00300228,76.90297699,137816400,AAPL
2020-01-17 00:00:00-05:00,33.84066772,34.37799835,33.54399872,34.03333282,204436500,TSLA
2020-01-17 00:00:00-05:00,6.214738882,6.222205699,6.156747974,6.204285622,253792000,NVDA
2020-01-21 00:00:00-05:00,76.53140508,76.9729431,76.24428204,76.38181305,110843200,AAPL
2020-01-21 00:00:00-05:00,35.34999847,36.5719986,35.22733307,36.47999954,267052500,TSLA
2020-01-21 00:00:00-05:00,6.167698532,6.204534164,6.136836259,6.1709342,217916000,NVDA
2020-01-22 00:00:00-05:00,76.86679205,77.2069969,76.56036985,76.65447235,101832400,AAPL
2020-01-22 00:00:00-05:00,38.12599945,39.6333313,37.2733345,37.97066879,470535000,TSLA
2020-01-22 00:00:00-05:00,6.216232587,6.311556638,6.197317028,6.224943638,239240000,NVDA
2020-01-23 00:00:00-05:00,76.7075528,77.1032472,76.15984383,77.02362823,104472000,AAPL
2020-01-23 00:00:00-05:00,6.2650155,6.301850666,6.176162304,6.293388367,244516000,NVDA
2020-01-23 00:00:00-05:00,37.6166687,38.79999924,37.04000092,38.14666748,294765000,TSLA
2020-01-24 00:00:00-05:00,6.408871767,6.458649601,6.179894582,6.234152317,373512000,NVDA
2020-01-24 00:00:00-05:00,77.26972599,78.01286328,76.61103059,76.80164337,146537600,AAPL
2020-01-24 00:00:00-05:00,38.04199982,38.25733185,36.95066833,37.6546669,215304000,TSLA
2020-01-27 00:00:00-05:00,5.929512499,6.029316913,5.779930728,5.978294849,470536000,NVDA
2020-01-27 00:00:00-05:00,74.8110599,75.22364544,73.56123488,74.54324341,161940000,AAPL
2020-01-27 00:00:00-05:00,36.13266754,37.6293335,35.95199966,37.20133209,204121500,TSLA
2020-01-28 00:00:00-05:00,6.044250377,6.204036664,5.990988124,6.171681404,310976000,NVDA
2020-01-28 00:00:00-05:00,75.42393505,76.8233525,75.32500962,76.6520462,162234000,AAPL
2020-01-28 00:00:00-05:00,37.89933395,38.45399857,37.20533371,37.79333115,176827500,TSLA
2020-01-29 00:00:00-05:00,78.28308295,79.10343121,77.54235362,78.25653839,216229200,AAPL
2020-01-29 00:00:00-05:00,38.3793335,39.31999969,37.82866669,38.73266602,267022500,TSLA
2020-01-29 00:00:00-05:00,6.157245472,6.193334376,6.071378736,6.111201286,258848000,NVDA
2020-01-30 00:00:00-05:00,42.16133118,43.39199829,41.20000076,42.72066879,435085500,TSLA
2020-01-30 00:00:00-05:00,6.013388278,6.131361529,5.958384288,6.117921352,290504000,NVDA
2020-01-30 00:00:00-05:00,77.3397008,78.19623972,76.90780861,78.14315796,126743200,AAPL
2020-01-31 00:00:00-05:00,42.66666794,43.53333282,42.16799927,43.37133408,235789500,TSLA
2020-01-31 00:00:00-05:00,6.072126407,6.084073126,5.842651698,5.884464741,370420000,NVDA
2020-01-31 00:00:00-05:00,77.43376552,77.85600431,74.38399894,74.67835999,199588400,AAPL
2020-02-03 00:00:00-05:00,5.86629558,6.000944205,5.860073469,5.981531143,255564000,NVDA
2020-02-03 00:00:00-05:00,73.42131515,75.63867333,72.91945726,74.47329712,173788400,AAPL
2020-02-04 00:00:00-05:00,6.123398047,6.16994022,6.073371453,6.150775433,271544000,NVDA
2020-02-04 00:00:00-05:00,76.07779949,77.12254331,75.6724519,76.93193054,136616400,AAPL
2020-02-05 00:00:00-05:00,78.05870789,78.35789935,76.95606664,77.55926514,118826800,AAPL
2020-02-05 00:00:00-05:00,6.271733385,6.281937892,6.157742547,6.241120338,208220000,NVDA
2020-02-06 00:00:00-05:00,77.82948748,78.46887633,77.27213273,78.46646118,105425600,AAPL
2020-02-06 00:00:00-05:00,46.66133118,53.05533218,45.79999924,49.93066788,598212000,TSLA
2020-02-06 00:00:00-05:00,6.275467379,6.327982426,6.194329771,6.327982426,218284000,NVDA
2020-02-07 00:00:00-05:00,77.9658275,78.21493477,76.90893545,77.39989471,117684000,AAPL
2020-02-07 00:00:00-05:00,48.70333481,51.31666565,48.66666794,49.87133408,255952500,TSLA
2020-02-07 00:00:00-05:00,6.28791246,6.310063687,6.236392412,6.261779308,189752000,NVDA
2020-02-10 00:00:00-05:00,53.33333206,54.66600037,50.15999985,51.41866684,370338000,TSLA
2020-02-10 00:00:00-05:00,6.284428169,6.545760636,6.279450291,6.545014381,529608000,NVDA
2020-02-10 00:00:00-05:00,75.98504645,77.7674942,75.90523855,77.7674942,109348800,AAPL
2020-02-11 00:00:00-05:00,78.26331921,78.33587187,77.08065923,77.29832458,94323200,AAPL
2020-02-11 00:00:00-05:00,51.25266647,52.23400116,50.53333282,51.62533188,175462500,TSLA
2020-02-12 00:00:00-05:00,6.720232417,6.789672556,6.681405811,6.783201218,374644000,NVDA
2020-02-12 00:00:00-05:00,77.74814265,79.13879129,77.74814265,79.13395691,113730400,AAPL
2020-02-12 00:00:00-05:00,51.85800171,52.65000153,50.89133453,51.152668,180337500,TSLA
2020-02-13 00:00:00-05:00,6.725208234,6.806594595,6.69783038,6.739394665,528016000,NVDA
2020-02-13 00:00:00-05:00,78.40599987,78.89695913,78.20284508,78.57045746,94747600,AAPL
2020-02-13 00:00:00-05:00,49.45600128,54.53333282,49,53.59999847,394339500,TSLA
2020-02-14 00:00:00-05:00,52.48133469,54.19800186,52.3666687,53.33533478,235405500,TSLA
2020-02-14 00:00:00-05:00,78.53899612,78.83889755,78.0818998,78.58979034,80113600,AAPL
2020-02-18 00:00:00-05:00,56.10666656,57.33333206,55.49066544,57.2266655,245725500,TSLA
2020-02-18 00:00:00-05:00,7.109243563,7.399696571,7.0898305,7.381278515,620164000,NVDA
2020-02-18 00:00:00-05:00,76.27044254,77.33217635,76.08905354,77.15078735,152531200,AAPL
2020-02-19 00:00:00-05:00,61.56666565,62.98533249,60.06800079,61.16133118,381345000,TSLA
2020-02-19 00:00:00-05:00,77.39264719,78.4979127,77.39264719,78.26815033,93984000,AAPL
2020-02-20 00:00:00-05:00,60.79666519,60.79999924,57.32933426,59.96066666,264523500,TSLA
2020-02-20 00:00:00-05:00,78.0287217,78.51726014,76.95973247,77.46520233,100566000,AAPL
2020-02-21 00:00:00-05:00,77.05887881,77.50147208,75.09504186,75.71176147,129554000,AAPL
2020-02-21 00:00:00-05:00,60.46533203,60.8706665,58.69666672,60.06666565,214722000,TSLA
2020-02-24 00:00:00-05:00,71.89293302,73.56654484,69.95086161,72.11543274,222195200,AAPL
2020-02-24 00:00:00-05:00,55.93333435,57.56666565,54.8133316,55.58599854,227883000,TSLA
2020-02-25 00:00:00-05:00,72.78536335,73.16748626,69.20111488,69.67272186,230673600,AAPL
2020-02-25 00:00:00-05:00,56.59999847,57.10666656,52.46666718,53.32733154,259357500,TSLA
2020-02-26 00:00:00-05:00,69.29787401,72.0428965,69.29061874,70.77800751,198054800,AAPL
2020-02-26 00:00:00-05:00,52.16666794,54.22066879,51.74066544,51.91999817,211282500,TSLA
2020-02-27 00:00:00-05:00,67.9845941,69.16966734,66.01591541,66.15135193,320605600,AAPL
2020-02-27 00:00:00-05:00,48.66666794,49.31800079,44.59999847,45.26666641,364158000,TSLA
2020-02-28 00:00:00-05:00,62.21882301,67.33398929,62.00357128,66.11263275,426510000,AAPL
2020-02-28 00:00:00-05:00,41.97999954,46.03466797,40.76800156,44.53266525,363343500,TSLA
2020-03-02 00:00:00-05:00,68.26999311,72.90387905,67.1671484,72.26780701,341397200,AAPL
2020-03-02 00:00:00-05:00,47.4173317,49.57933426,45.77799988,49.57466888,302925000,TSLA
2020-03-03 00:00:00-05:00,73.44319557,73.52300347,69.12129439,69.9726181,319475600,AAPL
2020-03-03 00:00:00-05:00,53.66666794,53.79866791,47.74066544,49.70066833,386760000,TSLA
2020-03-04 00:00:00-05:00,71.69461223,73.37790019,70.89408265,73.21827698,219178400,AAPL
2020-03-04 00:00:00-05:00,50.93066788,51.10133362,48.31533432,49.96666718,225735000,TSLA
2020-03-04 00:00:00-05:00,6.728982765,7.094818242,6.654271347,7.085354805,597408000,NVDA
2020-03-05 00:00:00-05:00,48.25133133,49.71666718,47.87133408,48.30266571,162790500,TSLA
2020-03-05 00:00:00-05:00,6.885875118,7.05272998,6.761356579,6.805934429,540328000,NVDA
2020-03-05 00:00:00-05:00,71.47211694,72.44678043,70.47810853,70.8433075,187572800,AAPL
2020-03-06 00:00:00-05:00,46,47.1333313,45.61800003,46.89866638,189943500,TSLA
2020-03-06 00:00:00-05:00,6.62637993,6.683907732,6.425157788,6.625383854,515412000,NVDA
2020-03-06 00:00:00-05:00,68.20226931,70.33540589,68.01604591,69.90248871,226176800,AAPL
2020-03-09 00:00:00-04:00,40.35933304,44.20000076,40.33333206,40.53333282,256105500,TSLA
2020-03-09 00:00:00-04:00,5.974400844,6.46002345,5.931566711,6.11236763,614160000,NVDA
2020-03-09 00:00:00-04:00,63.78845614,67.25661246,63.60706717,64.37374115,286744800,AAPL
2020-03-10 00:00:00-04:00,43.9620018,44.53333282,40.53333282,43.02199936,233916000,TSLA
2020-03-10 00:00:00-04:00,67.02686597,69.27608659,65.14767123,69.01004791,285290000,AAPL
2020-03-10 00:00:00-04:00,6.388797656,6.501860619,6.126063912,6.501860619,580648000,NVDA
2020-03-11 00:00:00-04:00,67.08735481,68.01364507,65.74990566,66.6133194,255598800,AAPL
2020-03-11 00:00:00-04:00,42.68000031,43.5719986,40.8666687,42.2820015,199837500,TSLA
2020-03-11 00:00:00-04:00,6.361902064,6.390292375,6.040893331,6.138017654,499964000,NVDA
2020-03-12 00:00:00-04:00,61.89960811,65.30004701,59.97930244,60.03492737,418474000,AAPL
2020-03-12 00:00:00-04:00,38.72600174,39.6333313,36.41666794,37.36999893,283636500,TSLA
2020-03-13 00:00:00-04:00,64.06416467,67.69919908,61.1764482,67.22758484,370732000,AAPL
2020-03-13 00:00:00-04:00,39.66666794,40.50466537,33.46666718,36.44133377,339604500,TSLA
2020-03-16 00:00:00-04:00,31.29999924,32.99133301,29.47800064,29.67133331,307342500,TSLA
2020-03-16 00:00:00-04:00,58.51609179,62.65901413,58.04448112,58.57897568,322423600,AAPL
2020-03-17 00:00:00-04:00,59.86079893,62.3035024,57.65752663,61.15470886,324056000,AAPL
2020-03-17 00:00:00-04:00,29.33399963,31.45666695,26.39999962,28.68000031,359919000,TSLA
2020-03-18 00:00:00-04:00,57.98885735,60.46300237,57.34794731,59.65763474,300233600,AAPL
2020-03-18 00:00:00-04:00,25.93333244,26.99066734,23.36733246,24.08133316,356793000,TSLA
2020-03-19 00:00:00-04:00,59.83177257,61.14986537,58.67572018,59.20053864,271857200,AAPL
2020-03-19 00:00:00-04:00,24.97999954,30.13333321,23.89733315,28.50933266,452932500,TSLA
2020-03-20 00:00:00-04:00,59.78098395,60.90559812,55.14226371,55.44216156,401693200,AAPL
2020-03-20 00:00:00-04:00,29.21333313,31.79999924,28.38599968,28.50200081,424282500,TSLA
2020-03-23 00:00:00-04:00,28.90666771,29.46666718,27.36666679,28.95266724,246817500,TSLA
2020-03-23 00:00:00-04:00,55.16160824,55.26318564,51.42015725,54.26433563,336752800,AAPL
2020-03-24 00:00:00-04:00,31.81999969,34.24599838,31.60000038,33.66666794,343428000,TSLA
2020-03-24 00:00:00-04:00,57.16412856,59.90431166,56.66591412,59.70841217,287531200,AAPL
2020-03-25 00:00:00-04:00,36.34999847,37.1333313,34.07400131,35.95000076,318340500,TSLA
2020-03-25 00:00:00-04:00,60.64438621,62.45827613,59.08444162,59.37950134,303602000,AAPL
2020-03-26 00:00:00-04:00,59.62135151,62.5622688,59.58265431,62.50422668,252087200,AAPL
2020-03-26 00:00:00-04:00,36.49266815,37.33333206,34.15000153,35.21066666,260710500,TSLA
2020-03-27 00:00:00-04:00,61.12810115,61.88267831,59.7495453,59.9164238,204216800,AAPL
2020-03-27 00:00:00-04:00,33.66666794,35.05333328,32.93533325,34.29066849,215661000,TSLA
2020-03-30 00:00:00-04:00,60.64196895,61.79802116,60.31788448,61.62630463,167976400,AAPL
2020-03-30 00:00:00-04:00,34.01733398,34.44333267,32.74866867,33.47533417,179971500,TSLA
2020-03-30 00:00:00-04:00,6.359410227,6.623389854,6.315330656,6.61417532,602252000,NVDA
2020-03-31 00:00:00-04:00,61.8173824,63.48373911,60.94671359,61.50055313,197002000,AAPL
2020-03-31 00:00:00-04:00,33.41666794,36.19733429,33.1333313,34.93333435,266572500,TSLA
2020-04-01 00:00:00-04:00,59.61651237,60.15342405,57.83406448,58.2645607,176218400,AAPL
2020-04-01 00:00:00-04:00,33.59999847,34.26333237,31.67333221,32.10400009,200298000,TSLA
2020-04-02 00:00:00-04:00,58.12670898,59.29001651,57.29473751,59.23680878,165934000,AAPL
2020-04-02 00:00:00-04:00,32.06866837,32.95066833,29.76000023,30.29800034,297876000,TSLA
2020-04-03 00:00:00-04:00,58.72166838,59.42303772,57.79537474,58.38549423,129880000,AAPL
2020-04-03 00:00:00-04:00,33.96666718,34.36600113,31.22599983,32.00066757,338431500,TSLA
2020-04-06 00:00:00-04:00,60.68065664,63.63366707,60.31304431,63.47888565,201820400,AAPL
2020-04-06 00:00:00-04:00,34.08000183,34.73333359,33.19733429,34.41600037,223527000,TSLA
2020-04-07 00:00:00-04:00,65.49351592,65.71118861,62.63966539,62.74365997,202887200,AAPL
2020-04-07 00:00:00-04:00,36.33333206,37.66666794,35.48933411,36.36333466,268797000,TSLA
2020-04-08 00:00:00-04:00,36.94666672,37.14733124,35.55533218,36.58933258,189840000,TSLA
2020-04-08 00:00:00-04:00,6.559886851,6.672949824,6.489907384,6.648046017,542444000,NVDA
2020-04-08 00:00:00-04:00,63.54417724,64.66395291,63.17898582,64.34954834,168895200,AAPL
2020-04-09 00:00:00-04:00,37.47266769,38.3453331,37.14066696,38.20000076,204750000,TSLA
2020-04-09 00:00:00-04:00,6.773809678,6.796720857,6.485424465,6.54843092,525564000,NVDA
2020-04-09 00:00:00-04:00,64.98563931,65.31697539,64.01823125,64.81391907,161834800,AAPL
2020-04-13 00:00:00-04:00,39.34400177,43.46666718,38.70199966,43.39666748,337131000,TSLA
2020-04-13 00:00:00-04:00,6.488661762,6.728982603,6.400253704,6.720266342,398408000,NVDA
2020-04-13 00:00:00-04:00,64.89131009,66.19489592,64.29151447,66.08605957,131022800,AAPL
2020-04-14 00:00:00-04:00,6.848520886,7.105527095,6.82087775,7.071409225,530948000,NVDA
2020-04-14 00:00:00-04:00,67.71854595,69.71382454,67.24693169,69.42359924,194994800,AAPL
2020-04-14 00:00:00-04:00,46.59799957,49.45866776,46.16199875,47.32600021,458647500,TSLA
2020-04-15 00:00:00-04:00,68.29901108,69.24948777,67.87093565,68.7899704,131154400,AAPL
2020-04-15 00:00:00-04:00,49.46666718,50.20866776,47.33333206,48.65533447,353655000,TSLA
2020-04-15 00:00:00-04:00,6.903308881,7.076887881,6.857984322,6.993958473,366148000,NVDA
2020-04-16 00:00:00-04:00,69.50344161,69.70176206,68.28692612,69.33656311,157125200,AAPL
2020-04-16 00:00:00-04:00,47.79600143,50.63000107,47.11466599,49.68066788,309868500,TSLA
2020-04-17 00:00:00-04:00,68.85285584,69.39944379,66.95915029,68.39575195,215250000,AAPL
2020-04-17 00:00:00-04:00,51.48533249,51.66333389,49.84400177,50.25933456,196923000,TSLA
2020-04-17 00:00:00-04:00,7.421304696,7.442721994,7.14586994,7.279851913,539120000,NVDA
2020-04-20 00:00:00-04:00,48.84666824,51.0379982,47.48066711,49.75733185,221199000,TSLA
2020-04-20 00:00:00-04:00,7.153342548,7.30923965,7.104282109,7.148610592,449388000,NVDA
2020-04-20 00:00:00-04:00,67.22276033,68.12486349,66.95672168,66.97606659,130015200,AAPL
2020-04-21 00:00:00-04:00,66.81886518,67.0534619,64.19476971,64.90581512,180991600,AAPL
2020-04-21 00:00:00-04:00,48.67466736,50.22200012,44.91933441,45.78133392,303136500,TSLA
2020-04-22 00:00:00-04:00,6.904055247,7.169030985,6.858481794,7.126196384,483356000,NVDA
2020-04-22 00:00:00-04:00,66.17312829,67.21067554,65.83212344,66.77534485,116862400,AAPL
2020-04-22 00:00:00-04:00,46.93199921,48.93333435,45.91400146,48.8073349,212482500,TSLA
2020-04-23 00:00:00-04:00,7.168284223,7.300273586,7.047749973,7.072902679,424160000,NVDA
2020-04-23 00:00:00-04:00,66.71973354,68.14182498,66.47788146,66.51657867,124814400,AAPL
2020-04-23 00:00:00-04:00,48.50666809,48.93333435,46.87533188,47.04199982,198550500,TSLA
2020-04-24 00:00:00-04:00,7.062691976,7.213857101,6.987980564,7.211864948,352328000,NVDA
2020-04-24 00:00:00-04:00,47.38733292,48.71533203,46.54533386,48.3433342,198180000,TSLA
2020-04-24 00:00:00-04:00,67.04137578,68.44653528,66.99300243,68.43685913,126161200,AAPL
2020-04-27 00:00:00-04:00,49.17399979,53.29933167,49,53.25,310221000,TSLA
2020-04-27 00:00:00-04:00,7.346346393,7.558276947,7.321691485,7.398395061,479388000,NVDA
2020-04-27 00:00:00-04:00,68.15388607,68.81656553,67.70646581,68.48522949,117087600,AAPL
2020-04-28 00:00:00-04:00,53.04266739,53.66666794,50.44599915,51.27466583,228330000,TSLA
2020-04-28 00:00:00-04:00,7.545822806,7.575707462,7.250465119,7.255943775,442904000,NVDA
2020-04-28 00:00:00-04:00,68.94716776,69.12855677,67.28323214,67.3751297,112004800,AAPL
2020-04-29 00:00:00-04:00,52.6780014,53.54666519,52.21066666,53.36733246,243240000,TSLA
2020-04-29 00:00:00-04:00,7.390674242,7.485557509,7.315465024,7.432761669,379160000,NVDA
2020-04-29 00:00:00-04:00,68.86252533,70.05727485,68.65937053,69.58808136,137280800,AAPL
2020-04-30 00:00:00-04:00,7.378719436,7.432760721,7.264909785,7.278855801,375916000,NVDA
2020-04-30 00:00:00-04:00,70.12741094,71.23267646,69.73803272,71.05612183,183064000,AAPL
2020-04-30 00:00:00-04:00,57.01266861,57.98799896,50.90000153,52.12533188,427078500,TSLA
2020-05-01 00:00:00-04:00,69.23012323,72.3137357,69.13338392,69.91214752,240616800,AAPL
2020-05-01 00:00:00-04:00,50.33333206,51.51800156,45.5359993,46.75466537,487977000,TSLA
2020-05-01 00:00:00-04:00,7.08136938,7.194681235,6.993957405,7.04227066,342096000,NVDA
2020-05-04 00:00:00-04:00,69.93634198,71.0295103,69.24706234,70.90132904,133568000,AAPL
2020-05-04 00:00:00-04:00,46.73333359,50.79999924,46.53333282,50.74599838,288556500,TSLA
2020-05-04 00:00:00-04:00,6.994954167,7.267899006,6.994954167,7.254201889,317556000,NVDA
2020-05-05 00:00:00-04:00,71.36085458,72.79745614,71.2157419,71.96548462,147751200,AAPL
2020-05-05 00:00:00-04:00,52.652668,53.26133347,50.81200027,51.2140007,254875500,TSLA
2020-05-05 00:00:00-04:00,7.358298128,7.477835801,7.254200346,7.315214634,368896000,NVDA
2020-05-06 00:00:00-04:00,51.76666641,52.65333176,50.74066544,52.17200089,166848000,TSLA
2020-05-06 00:00:00-04:00,7.39465793,7.520919717,7.356804188,7.416074753,323464000,NVDA
2020-05-06 00:00:00-04:00,72.66685158,73.33919986,72.28230777,72.70796967,142333600,AAPL
2020-05-07 00:00:00-04:00,7.55528778,7.655649707,7.503986291,7.592394352,373732000,NVDA
2020-05-07 00:00:00-04:00,73.33436839,73.80598278,73.03205337,73.46012878,115215200,AAPL
2020-05-07 00:00:00-04:00,51.81399918,53.0933342,51.49000168,52.00266647,172915500,TSLA
2020-05-08 00:00:00-04:00,7.664117416,7.788635978,7.630248446,7.782410145,339216000,NVDA
2020-05-08 00:00:00-04:00,74.11975773,75.26196231,73.79237217,75.20861053,133838400,AAPL
2020-05-08 00:00:00-04:00,52.91799927,54.93333435,52.46733475,54.62799835,241297500,TSLA
2020-05-11 00:00:00-04:00,7.777430456,8.081256098,7.748791239,8.03443718,469060000,NVDA
2020-05-11 00:00:00-04:00,74.71633667,76.8867678,74.507777,76.39205933,145946400,AAPL
2020-05-11 00:00:00-04:00,52.70066833,54.93333435,52.33333206,54.08599854,247794000,TSLA
2020-05-12 00:00:00-04:00,77.0759169,77.5269833,75.39777434,75.51902771,162301200,AAPL
2020-05-12 00:00:00-04:00,55.1333313,56.21933365,53.8666687,53.96066666,238603500,TSLA
2020-05-12 00:00:00-04:00,8.092212807,8.141023875,7.762736678,7.772449017,493060000,NVDA
2020-05-13 00:00:00-04:00,54.72200012,55.06666565,50.88666534,52.73066711,285982500,TSLA
2020-05-13 00:00:00-04:00,7.887005025,8.047384694,7.565498036,7.750034809,625852000,NVDA
2020-05-13 00:00:00-04:00,75.6984423,76.61997192,73.53043246,74.60716248,200622400,AAPL
2020-05-14 00:00:00-04:00,52,53.5573349,50.93333435,53.55533218,205233000,TSLA
2020-05-14 00:00:00-04:00,7.811548485,8.005050458,7.657892418,7.9995718,602312000,NVDA
2020-05-14 00:00:00-04:00,73.84572792,75.12616318,73.12305519,75.0655365,158929200,AAPL
2020-05-15 00:00:00-04:00,52.68999863,53.66999817,52.4366684,53.27799988,157776000,TSLA
2020-05-15 00:00:00-04:00,72.83690375,74.66782675,72.80294926,74.62174988,166348400,AAPL
2020-05-18 00:00:00-04:00,55.18533325,55.64799881,53.59199905,54.24200058,174987000,TSLA
2020-05-18 00:00:00-04:00,75.94584681,76.75339108,75.25470105,76.37992859,135178400,AAPL
2020-05-19 00:00:00-04:00,76.39687133,77.24321719,75.90701055,75.9385376,101729600,AAPL
2020-05-19 00:00:00-04:00,54.34466553,54.80466843,53.73866653,53.86733246,144547500,TSLA
2020-05-20 00:00:00-04:00,76.79703154,77.48574979,76.75822958,77.41542816,111504800,AAPL
2020-05-20 00:00:00-04:00,54.70000076,55.06666565,54.11999893,54.3706665,109639500,TSLA
2020-05-20 00:00:00-04:00,8.956369577,9.008169334,8.854513314,8.935450554,587536000,NVDA
2020-05-21 00:00:00-04:00,77.27719341,77.81798607,76.60059758,76.83825684,102688800,AAPL
2020-05-21 00:00:00-04:00,54.40000153,55.5,53.06666565,55.17333221,183819000,TSLA
2020-05-22 00:00:00-04:00,54.8113327,55.45199966,54.1333313,54.45866776,149812500,TSLA
2020-05-22 00:00:00-04:00,76.57632739,77.41540579,76.47447874,77.33295441,81803200,AAPL
2020-05-26 00:00:00-04:00,78.45091062,78.63036319,76.75336387,76.80914307,125522000,AAPL
2020-05-26 00:00:00-04:00,55.6333313,55.63999939,54.38066864,54.59133148,121345500,TSLA
2020-05-27 00:00:00-04:00,76.66607534,77.28931196,75.92642543,77.14380646,112945200,AAPL
2020-05-27 00:00:00-04:00,54.72399902,55.18066788,52.33333206,54.68199921,173242500,TSLA
2020-05-28 00:00:00-04:00,76.81884468,78.43636763,76.54239089,77.17775726,133560800,AAPL
2020-05-28 00:00:00-04:00,54.23400116,54.98333359,53.44599915,53.72066879,108834000,TSLA
2020-05-29 00:00:00-04:00,53.91666794,55.66666794,53.61399841,55.66666794,176467500,TSLA
2020-05-29 00:00:00-04:00,77.4202757,77.88103702,76.74610727,77.10259247,153532400,AAPL
2020-06-01 00:00:00-04:00,57.20000076,59.93333435,56.93999863,59.87333298,224092500,TSLA
2020-06-01 00:00:00-04:00,8.799227669,8.806698478,8.656031151,8.772331238,389876000,NVDA
2020-06-01 00:00:00-04:00,77.05650232,78.1720346,76.92554663,78.05078125,80791200,AAPL
2020-06-02 00:00:00-04:00,59.64666748,60.57733154,58.06666565,58.77066803,203484000,TSLA
2020-06-02 00:00:00-04:00,8.762372126,8.803213632,8.624654238,8.791259766,391320000,NVDA
2020-06-02 00:00:00-04:00,77.78401039,78.43635389,77.3426465,78.41210175,87642800,AAPL
2020-06-03 00:00:00-04:00,59.20800018,59.86266708,58.67333221,58.86399841,119242500,TSLA
2020-06-03 00:00:00-04:00,8.788269951,8.832100151,8.666490263,8.735722542,365440000,NVDA
2020-06-03 00:00:00-04:00,78.73222188,79.10568425,78.15990225,78.84377289,104491200,AAPL
2020-06-04 00:00:00-04:00,8.698351039,8.912869859,8.648022669,8.736721039,424280000,NVDA
2020-06-04 00:00:00-04:00,78.66676275,78.96504129,77.79130959,78.16477203,87560400,AAPL
2020-06-04 00:00:00-04:00,59.32533264,59.71666718,57.22933197,57.62533188,133315500,TSLA
2020-06-05 00:00:00-04:00,78.41453282,80.45158736,78.38543321,80.39096069,137250400,AAPL
2020-06-05 00:00:00-04:00,58.52266693,59.10133362,57.74666595,59.04399872,117178500,TSLA
2020-06-05 00:00:00-04:00,8.764624637,8.966436118,8.678418318,8.889698029,481748000,NVDA
2020-06-08 00:00:00-04:00,80.08783519,80.90023409,79.37729236,80.8662796,95654400,AAPL
2020-06-08 00:00:00-04:00,61.26666641,63.33333206,60.61066818,63.32799911,212620500,TSLA
2020-06-08 00:00:00-04:00,8.847095164,8.859552514,8.656245947,8.775091171,387736000,NVDA
2020-06-09 00:00:00-04:00,80.54617767,83.81273576,80.51465061,83.4198761,147712400,AAPL
2020-06-09 00:00:00-04:00,62.6673317,63.6293335,61.5953331,62.71133423,170823000,TSLA
2020-06-09 00:00:00-04:00,8.770107485,9.078804901,8.72152316,9.015271187,468488000,NVDA
2020-06-10 00:00:00-04:00,84.36808676,86.03410675,83.92915019,85.56607056,166651600,AAPL
2020-06-10 00:00:00-04:00,66.12533569,68.49866486,65.5,68.33666992,278451000,TSLA
2020-06-11 00:00:00-04:00,9.118915438,9.229787426,8.756152642,8.766367912,583652000,NVDA
2020-06-11 00:00:00-04:00,84.71003183,85.13441864,81.35616675,81.45801544,201662400,AAPL
2020-06-11 00:00:00-04:00,66.01333618,67.93066406,64.80000305,64.85600281,238747500,TSLA
2020-06-12 00:00:00-04:00,9.131375052,9.156040733,8.673684692,8.902155876,570908000,NVDA
2020-06-12 00:00:00-04:00,83.59692088,84.34383836,81.0506002,82.16127777,200146000,AAPL
2020-06-12 00:00:00-04:00,65.33333588,65.86533356,60.84000015,62.35200119,251451000,TSLA
2020-06-15 00:00:00-04:00,8.785304087,9.151056978,8.714046204,9.142585754,400004000,NVDA
2020-06-15 00:00:00-04:00,80.81533311,83.82968869,80.65285041,83.17734528,138808800,AAPL
2020-06-15 00:00:00-04:00,61.18600082,66.58933258,60.56666565,66.05999756,235458000,TSLA
2020-06-16 00:00:00-04:00,85.23139905,85.65336572,83.59690633,85.38175201,165428800,AAPL
2020-06-16 00:00:00-04:00,67.45666504,67.52532959,64.15933228,65.47533417,210766500,TSLA
2020-06-16 00:00:00-04:00,9.193663162,9.235271292,8.808724755,9.037693977,535716000,NVDA
2020-06-17 00:00:00-04:00,65.84733582,67,65.50466919,66.11933136,148362000,TSLA
2020-06-17 00:00:00-04:00,9.08278987,9.267409883,9.039436748,9.204624176,408304000,NVDA
2020-06-17 00:00:00-04:00,86.12623969,86.18686636,85.14166323,85.26291656,114406400,AAPL
2020-06-18 00:00:00-04:00,66.8666687,67.94667053,66.29799652,66.93066406,146278500,TSLA
2020-06-18 00:00:00-04:00,9.195657677,9.250969183,9.08353963,9.186688423,254408000,NVDA
2020-06-18 00:00:00-04:00,85.21927871,85.71399444,84.68818846,85.29688263,96820400,AAPL
2020-06-19 00:00:00-04:00,67.51866913,67.73133087,66.08933258,66.72666931,130195500,TSLA
2020-06-19 00:00:00-04:00,9.211103235,9.412914728,9.195904834,9.22978878,524160000,NVDA
2020-06-19 00:00:00-04:00,86.00257679,86.4681855,83.70118325,84.80944061,264476000,AAPL
2020-06-22 00:00:00-04:00,9.268409396,9.498873682,9.241749699,9.49438858,398468000,NVDA
2020-06-22 00:00:00-04:00,85.20229866,87.17145178,85.1562218,87.02837372,135445200,AAPL
2020-06-22 00:00:00-04:00,66.66333008,67.25866699,66.00133514,66.28800201,95436000,TSLA
2020-06-23 00:00:00-04:00,88.27242948,90.30463659,87.85289027,88.88597107,212155600,AAPL
2020-06-23 00:00:00-04:00,66.59200287,67.46666718,66.26733398,66.78533173,95479500,TSLA
2020-06-23 00:00:00-04:00,9.518552986,9.609742424,9.375541108,9.417896271,375108000,NVDA
2020-06-24 00:00:00-04:00,88.5149469,89.43404938,86.9435008,87.3169632,192623200,AAPL
2020-06-24 00:00:00-04:00,66.27400208,66.72533417,63.54266739,64.05666351,164394000,TSLA
2020-06-24 00:00:00-04:00,9.444060802,9.524038946,9.113437772,9.204129219,449372000,NVDA
2020-06-25 00:00:00-04:00,87.47217654,88.51495248,86.71312933,88.47615051,137522400,AAPL
2020-06-25 00:00:00-04:00,63.61800003,65.73200226,62.4766655,65.73200226,138817500,TSLA
2020-06-25 00:00:00-04:00,9.323970011,9.472713061,9.151059303,9.457763672,376072000,NVDA
2020-06-26 00:00:00-04:00,66.31866455,66.33333588,63.65800095,63.98266602,132823500,TSLA
2020-06-26 00:00:00-04:00,9.467727733,9.467727733,9.094001638,9.12389946,592084000,NVDA
2020-06-26 00:00:00-04:00,88.37185083,88.59253278,85.60969649,85.75762939,205256800,AAPL
2020-06-29 00:00:00-04:00,9.138602013,9.173233958,8.869767718,9.168748856,342248000,NVDA
2020-06-29 00:00:00-04:00,85.66548061,87.82864335,85.18774218,87.73406219,130646000,AAPL
2020-06-29 00:00:00-04:00,64.60066986,67.33333588,63.23466873,67.29000092,135396000,TSLA
2020-06-30 00:00:00-04:00,9.282360571,9.493889317,9.23502227,9.465486526,367892000,NVDA
2020-06-30 00:00:00-04:00,87.32179888,88.75259416,87.3024016,88.46643066,140223200,AAPL
2020-06-30 00:00:00-04:00,67.09999847,72.51266479,66.91533661,71.98733521,253777500,TSLA
2020-07-01 00:00:00-04:00,9.488407086,9.543220549,9.381023184,9.497625351,326648000,NVDA
2020-07-01 00:00:00-04:00,88.54404455,89.08725718,88.25061351,88.29911041,110737200,AAPL
2020-07-01 00:00:00-04:00,72.19999695,75.6886673,72.03333282,74.64199829,199903500,TSLA
2020-07-02 00:00:00-04:00,9.606256216,9.704421862,9.545712576,9.579597473,364056000,NVDA
2020-07-02 00:00:00-04:00,81.43199921,81.8666687,79.04000092,80.57733154,258751500,TSLA
2020-07-02 00:00:00-04:00,89.2060905,89.84145686,88.18513937,88.29911041,114041600,AAPL
2020-07-06 00:00:00-04:00,85.11266327,91.85266876,84.40266418,91.4386673,308548500,TSLA
2020-07-06 00:00:00-04:00,9.708656597,9.875089108,9.679505817,9.805825233,315892000,NVDA
2020-07-06 00:00:00-04:00,89.72746542,91.12915364,89.69593837,90.66111755,118655600,AAPL
2020-07-07 00:00:00-04:00,93.66733551,95.30000305,89.11399841,92.65733337,322345500,TSLA
2020-07-07 00:00:00-04:00,9.912462837,10.0357922,9.817287256,9.838215828,357800000,NVDA
2020-07-07 00:00:00-04:00,91.03944029,91.81788472,90.26827077,90.37982178,112424400,AAPL
2020-07-08 00:00:00-04:00,93.66666412,94.48400116,87.42266846,91.05867004,244669500,TSLA
2020-07-08 00:00:00-04:00,9.959802269,10.19026751,9.931648489,10.1812973,365480000,NVDA
2020-07-08 00:00:00-04:00,91.35712468,92.51630641,91.26981842,92.48477936,117092000,AAPL
2020-07-09 00:00:00-04:00,10.34498939,10.53409455,10.19873743,10.47330189,494548000,NVDA
2020-07-09 00:00:00-04:00,93.37718506,93.43053682,91.83484628,92.88247681,125642800,AAPL
2020-07-09 00:00:00-04:00,93.13266754,93.90399933,90.08533478,92.95200348,175764000,TSLA
2020-07-10 00:00:00-04:00,92.47748012,93.10315139,91.86636606,93.04494476,90257200,AAPL
2020-07-10 00:00:00-04:00,93.06666565,103.2613297,91.73400116,102.9766693,350064000,TSLA
2020-07-10 00:00:00-04:00,10.55278108,10.6190549,10.34349439,10.44365311,497676000,NVDA
2020-07-13 00:00:00-04:00,94.34965163,96.95902596,92.40232322,92.61573029,191649200,AAPL
2020-07-13 00:00:00-04:00,110.5999985,119.6660004,98.0739975,99.80400085,584781000,TSLA
2020-07-13 00:00:00-04:00,10.5590103,10.75558968,9.990945876,10.0181036,457076000,NVDA
2020-07-14 00:00:00-04:00,91.99735078,94.33996671,91.06370578,94.14839172,170989200,AAPL
2020-07-14 00:00:00-04:00,10.04077689,10.36741379,9.752260034,10.3417511,542676000,NVDA
2020-07-14 00:00:00-04:00,103.7333298,106,95.40000153,101.1200027,351271500,TSLA
2020-07-15 00:00:00-04:00,10.37887374,10.39755929,10.02159107,10.1925087,403984000,NVDA
2020-07-15 00:00:00-04:00,96.02294351,96.27272509,93.59787669,94.79586029,153198000,AAPL
2020-07-15 00:00:00-04:00,102.8666687,103.3333359,97.1333313,103.0673294,245517000,TSLA
2020-07-16 00:00:00-04:00,9.980981375,10.17207961,9.861887133,10.10032463,344964000,NVDA
2020-07-16 00:00:00-04:00,93.66822701,94.48547353,93.03043311,93.62942505,110577600,AAPL
2020-07-16 00:00:00-04:00,98.47733307,102.1139984,97.73332977,100.0426636,214512000,TSLA
2020-07-17 00:00:00-04:00,10.19076396,10.21368559,10.05348223,10.16684532,266284000,NVDA
2020-07-17 00:00:00-04:00,94.08046776,94.23566818,92.9673556,93.44024658,92186800,AAPL
2020-07-17 00:00:00-04:00,100.8966675,102.5006638,99.33333588,100.0559998,139950000,TSLA
2020-07-20 00:00:00-04:00,93.5275691,95.5476468,93.18320631,95.4094162,90318000,AAPL
2020-07-20 00:00:00-04:00,101.267334,110,99.19999695,109.5333328,256821000,TSLA
2020-07-20 00:00:00-04:00,10.23934693,10.49547384,10.12224579,10.4750433,284852000,NVDA
2020-07-21 00:00:00-04:00,109.3286667,111.6666641,103.8666687,104.5573349,241608000,TSLA
2020-07-21 00:00:00-04:00,10.47728809,10.52412931,10.25180694,10.29341507,277036000,NVDA
2020-07-21 00:00:00-04:00,96.19998954,96.27516603,93.84282397,94.09260559,103433200,AAPL
2020-07-22 00:00:00-04:00,106.5999985,108.4280014,104.1333313,106.1553345,212416500,TSLA
2020-07-22 00:00:00-04:00,10.33228282,10.5664842,10.25654077,10.40329075,367292000,NVDA
2020-07-22 00:00:00-04:00,93.79431626,95.03837685,93.7070174,94.35693359,89001600,AAPL
2020-07-23 00:00:00-04:00,111.9300003,112.5999985,98.71800232,100.8713303,364927500,TSLA
2020-07-23 00:00:00-04:00,10.4144985,10.51116909,9.997171293,10.09533691,411660000,NVDA
2020-07-23 00:00:00-04:00,94.0901583,94.16776221,89.25215479,90.06212616,197004400,AAPL
2020-07-24 00:00:00-04:00,94.40066528,97.66666412,91.10266876,94.46666718,290949000,TSLA
2020-07-24 00:00:00-04:00,88.26033635,90.18341314,86.47305535,89.83905029,185438800,AAPL
2020-07-24 00:00:00-04:00,9.84145272,10.32953885,9.743786071,10.15986729,473292000,NVDA
2020-07-27 00:00:00-04:00,90.90119575,92.06037729,90.67809376,91.96822357,121214000,AAPL
2020-07-27 00:00:00-04:00,95.66666412,103.1959991,94.19999695,102.6399994,240730500,TSLA
2020-07-27 00:00:00-04:00,10.19749081,10.40627849,10.18303945,10.38609791,292132000,NVDA
2020-07-28 00:00:00-04:00,91.53899808,91.71603063,90.45256548,90.45742035,103625600,AAPL
2020-07-28 00:00:00-04:00,100.2666702,104.3133316,98.2946701,98.43267059,237130500,TSLA
2020-07-28 00:00:00-04:00,10.3390098,10.34673303,10.17457033,10.18079853,271636000,NVDA
2020-07-29 00:00:00-04:00,90.94002484,92.37566796,90.90365031,92.19136047,90329200,AAPL
2020-07-29 00:00:00-04:00,100.0666656,102.3206635,99.1333313,99.9406662,141403500,TSLA
2020-07-29 00:00:00-04:00,10.35545089,10.48052427,10.31184971,10.4299469,284508000,NVDA
2020-07-30 00:00:00-04:00,99.19999695,100.8826675,98.06666565,99.16600037,114315000,TSLA
2020-07-30 00:00:00-04:00,10.33975725,10.58691496,10.26027809,10.57794571,308880000,NVDA
2020-07-30 00:00:00-04:00,91.3643887,93.4111456,90.95697926,93.30686951,158130000,AAPL
2020-07-31 00:00:00-04:00,10.52736706,10.72992752,10.39755953,10.57869244,386080000,NVDA
2020-07-31 00:00:00-04:00,99.8012025,103.2253957,97.8029424,103.0750427,374336800,AAPL
2020-07-31 00:00:00-04:00,101,101.1366653,94.73200226,95.38400269,183123000,TSLA
2020-08-03 00:00:00-04:00,10.69604145,11.06104732,10.67884999,10.97284794,412720000,NVDA
2020-08-03 00:00:00-04:00,104.9569045,108.2913718,104.6586259,105.6723022,308151200,AAPL
2020-08-03 00:00:00-04:00,96.61333466,100.6539993,96.29199982,99,132139500,TSLA
2020-08-04 00:00:00-04:00,11.0124637,11.18960953,10.86895281,11.18960953,310336000,NVDA
2020-08-04 00:00:00-04:00,105.8614275,107.4692478,105.138755,106.3779678,173071600,AAPL
2020-08-04 00:00:00-04:00,99.66733551,101.8273315,97.46666718,99.1333313,126225000,TSLA
2020-08-05 00:00:00-04:00,106.0991067,107.0836833,105.6334906,106.7635727,121776800,AAPL
2020-08-05 00:00:00-04:00,99.53266907,99.98933411,97.88733673,99.00133514,74217000,TSLA
2020-08-05 00:00:00-04:00,11.20580508,11.33312057,11.12831899,11.24840927,249924000,NVDA
2020-08-06 00:00:00-04:00,99.38866425,101.1539993,98.48400116,99.305336,89884500,TSLA
2020-08-06 00:00:00-04:00,11.3111937,11.31941591,11.14077507,11.2969923,244316000,NVDA
2020-08-06 00:00:00-04:00,107.0957983,110.9831801,106.5065088,110.4884644,202428800,AAPL
2020-08-07 00:00:00-04:00,99.96932983,99.98332977,94.33399963,96.84733582,133446000,TSLA
2020-08-07 00:00:00-04:00,11.27407217,11.46566936,11.00000671,11.16145611,342516000,NVDA
2020-08-07 00:00:00-04:00,110.0098801,110.4666159,107.1795846,107.9764404,198045600,AAPL
2020-08-10 00:00:00-04:00,96.53333282,97.16666412,92.38933563,94.57133484,112834500,TSLA
2020-08-10 00:00:00-04:00,11.29574884,11.36949688,10.81962095,11.12707329,427796000,NVDA
2020-08-10 00:00:00-04:00,109.4219489,110.5637884,106.8953334,109.5458527,212403600,AAPL
2020-08-11 00:00:00-04:00,11.03613186,11.09891852,10.75907635,10.81314278,354512000,NVDA
2020-08-11 00:00:00-04:00,108.8097385,109.3077707,106.0280273,106.2879791,187902400,AAPL
2020-08-11 00:00:00-04:00,93.06666565,94.66666412,91,91.62599945,129387000,TSLA
2020-08-12 00:00:00-04:00,107.3787976,110.0779088,107.1844454,109.8203888,165598000,AAPL
2020-08-12 00:00:00-04:00,98,105.6666641,95.66666412,103.6506653,327441000,TSLA
2020-08-12 00:00:00-04:00,10.95341594,11.42804787,10.92102607,11.40138912,464412000,NVDA
2020-08-13 00:00:00-04:00,111.200292,112.7672832,110.7119723,111.7639236,210082000,AAPL
2020-08-13 00:00:00-04:00,107.4000015,110.0786667,104.4840012,108.0666656,306379500,TSLA
2020-08-13 00:00:00-04:00,11.50677787,11.68193158,11.31717471,11.40412807,374460000,NVDA
2020-08-14 00:00:00-04:00,111.5890099,111.75421,109.8543866,111.6643219,165565200,AAPL
2020-08-14 00:00:00-04:00,110.9993362,111.253334,108.4426651,110.0473328,188664000,TSLA
2020-08-14 00:00:00-04:00,11.49083053,11.66498721,11.4016351,11.52471542,366436000,NVDA
2020-08-17 00:00:00-04:00,112.7867307,112.8110266,110.746003,111.3727951,119561600,AAPL
2020-08-17 00:00:00-04:00,11.81099059,12.36759363,11.77710664,12.29509068,621300000,NVDA
2020-08-17 00:00:00-04:00,111.8000031,123.0573349,111.5220032,122.3759995,303634500,TSLA
2020-08-18 00:00:00-04:00,12.40770614,12.45355035,12.04519232,12.21909904,503448000,NVDA
2020-08-18 00:00:00-04:00,111.1249869,112.7259865,110.7897231,112.3008347,105633600,AAPL
2020-08-18 00:00:00-04:00,126.5993347,128.2599945,123.0073318,125.8059998,247117500,TSLA
2020-08-19 00:00:00-04:00,12.25473044,12.27316697,12.05690409,12.09726715,622624000,NVDA
2020-08-19 00:00:00-04:00,112.7089894,113.8556852,112.3470053,112.4417496,145538000,AAPL
2020-08-19 00:00:00-04:00,124.3333359,127.4000015,122.7473297,125.2353363,183079500,TSLA
2020-08-20 00:00:00-04:00,112.48304,115.0509592,112.4660322,114.9367752,126907200,AAPL
2020-08-20 00:00:00-04:00,124.0453339,134.7993317,123.8040009,133.4553375,309177000,TSLA
2020-08-21 00:00:00-04:00,115.8963914,121.3431972,115.8842472,120.8597412,338054800,AAPL
2020-08-21 00:00:00-04:00,136.317337,139.6993256,135.0033264,136.665329,322344000,TSLA
2020-08-24 00:00:00-04:00,141.7519989,141.9333344,128.5013275,134.2799988,300954000,TSLA
2020-08-24 00:00:00-04:00,12.83998357,12.86863632,12.46501143,12.67703915,490564000,NVDA
2020-08-24 00:00:00-04:00,125.0650914,125.1501306,120.4394446,122.3052521,345937600,AAPL
2020-08-25 00:00:00-04:00,131.6593323,135.1966705,131.1999969,134.889328,159883500,TSLA
2020-08-25 00:00:00-04:00,12.58784462,12.71790116,12.53103808,12.70668983,289076000,NVDA
2020-08-25 00:00:00-04:00,121.178014,121.6468941,119.5794387,121.3019104,211495600,AAPL
2020-08-26 00:00:00-04:00,137.3333282,144.3999939,136.9086609,143.5446625,213591000,TSLA
2020-08-26 00:00:00-04:00,12.75577211,12.82478699,12.63468482,12.7296114,321244000,NVDA
2020-08-26 00:00:00-04:00,122.6186679,123.4082357,121.5521404,122.9514999,163022400,AAPL
2020-08-27 00:00:00-04:00,145.3639984,153.0399933,142.8333282,149.25,355395000,TSLA
2020-08-27 00:00:00-04:00,123.5540087,123.8868407,120.3374257,121.4816971,155552400,AAPL
2020-08-27 00:00:00-04:00,12.73808399,12.80635183,12.52381415,12.5853548,317604000,NVDA
2020-08-28 00:00:00-04:00,122.4558809,122.8737448,121.0613852,121.2848969,187630000,AAPL
2020-08-28 00:00:00-04:00,153.0079956,154.5659943,145.7680054,147.5599976,301218000,TSLA
2020-08-28 00:00:00-04:00,12.63194271,13.10333549,12.59955285,13.10308647,537160000,NVDA
2020-08-31 00:00:00-04:00,123.9791422,127.3026132,122.4437348,125.3979263,225702700,AAPL
2020-08-31 00:00:00-04:00,148.2033386,166.7133331,146.7033386,166.1066742,355123200,TSLA
2020-08-31 00:00:00-04:00,13.13796808,13.52888567,12.99346114,13.32906723,500840000,NVDA
2020-09-01 00:00:00-04:00,129.0129482,130.9953791,126.8458923,130.392868,151948100,AAPL
2020-09-01 00:00:00-04:00,167.3800049,167.4966736,156.8366699,158.3500061,269523300,TSLA
2020-09-01 00:00:00-04:00,13.43822861,13.95038671,13.39486345,13.77817249,511316000,NVDA
2020-09-02 00:00:00-04:00,159.6633301,159.6799927,135.0399933,149.1233368,288528300,TSLA
2020-09-02 00:00:00-04:00,133.7065844,134.0855762,123.4154856,127.6912918,200119000,AAPL
2020-09-03 00:00:00-04:00,123.3280523,125.2035722,117.0989667,117.4682388,257599600,AAPL
2020-09-03 00:00:00-04:00,135.7433319,143.9333344,134,135.6666718,262788300,TSLA
2020-09-04 00:00:00-04:00,116.6811102,120.2086534,107.7602088,117.54599,332607200,AAPL
2020-09-04 00:00:00-04:00,134.2700043,142.6666718,124.0066681,139.4400024,330965700,TSLA
2020-09-08 00:00:00-04:00,110.7338384,115.6315889,109.4996866,109.6357346,231366600,AAPL
2020-09-08 00:00:00-04:00,118.6666641,122.9133301,109.9599991,110.0699997,346397100,TSLA
2020-09-09 00:00:00-04:00,118.8666687,123,113.8366699,122.0933304,238397400,TSLA
2020-09-09 00:00:00-04:00,113.9504086,115.7773441,112.0068574,114.0087128,176940500,AAPL
2020-09-10 00:00:00-04:00,128.7366638,132.9966736,120.1866684,123.7799988,254791800,TSLA
2020-09-10 00:00:00-04:00,116.9629372,117.0989852,109.3247787,110.2868347,182274400,AAPL
2020-09-11 00:00:00-04:00,127.3133316,127.5,120.1666641,124.2399979,182152500,TSLA
2020-09-11 00:00:00-04:00,111.3363458,111.9777213,106.895331,108.8388824,180860300,AAPL
2020-09-14 00:00:00-04:00,126.9833298,140,124.4333344,139.8733368,249061800,TSLA
2020-09-14 00:00:00-04:00,111.4821138,112.6579616,109.6163062,112.1040497,140150100,AAPL
2020-09-15 00:00:00-04:00,114.990224,115.4761119,110.4034414,112.2789688,184642000,AAPL
2020-09-15 00:00:00-04:00,145.5200043,153.9799957,143.5666656,149.9199982,291894600,TSLA
2020-09-16 00:00:00-04:00,111.9777363,112.7260005,108.877769,108.9652252,154679000,AAPL
2020-09-16 00:00:00-04:00,146.6233368,152.5966644,145.1033325,147.2533264,216837900,TSLA
2020-09-16 00:00:00-04:00,12.91709743,13.05217749,12.47497219,12.47571945,556384000,NVDA
2020-09-17 00:00:00-04:00,106.6232347,109.0332344,105.6417391,107.2257309,178011000,AAPL
2020-09-17 00:00:00-04:00,138.5333405,145.9299927,136,141.1433258,230337600,TSLA
2020-09-18 00:00:00-04:00,107.2840508,107.7504991,103.0956921,103.8245239,287104900,AAPL
2020-09-18 00:00:00-04:00,149.3133392,150.3333282,142.9333344,147.3833313,259220400,TSLA
2020-09-21 00:00:00-04:00,151.043335,151.8933258,135.6900024,149.7966614,328430400,TSLA
2020-09-21 00:00:00-04:00,101.5894446,107.0799794,100.190085,106.9730835,195713800,AAPL
2020-09-22 00:00:00-04:00,109.4996833,109.6746033,106.0790362,108.6542358,183055400,AAPL
2020-09-22 00:00:00-04:00,143.1999969,145.9199982,139.1999969,141.4100037,238742400,TSLA
2020-09-23 00:00:00-04:00,108.4696015,108.9457695,103.7564836,104.096611,150718700,AAPL
2020-09-23 00:00:00-04:00,135.0533295,137.3833313,125.293335,126.7866669,285222600,TSLA
2020-09-24 00:00:00-04:00,102.2016467,107.1382689,102.0364466,105.1655655,167743300,AAPL
2020-09-24 00:00:00-04:00,121.2666702,133.1666718,117.0999985,129.2633362,289683300,TSLA
2020-09-25 00:00:00-04:00,105.3696421,109.2664648,104.6310905,109.1109772,149981400,AAPL
2020-09-25 00:00:00-04:00,131.156662,136.2433319,130.4333344,135.7799988,201625500,TSLA
2020-09-25 00:00:00-04:00,12.40892702,12.84357578,12.20780241,12.83385563,588016000,NVDA
2020-09-28 00:00:00-04:00,141.5399933,142.6933289,138.5166626,140.3999939,149158800,TSLA
2020-09-28 00:00:00-04:00,12.99984259,13.01130731,12.71049215,12.99460888,573808000,NVDA
2020-09-28 00:00:00-04:00,111.7639314,112.0651795,109.5968682,111.7153397,137672400,AAPL
2020-09-29 00:00:00-04:00,138.6666718,142.8333282,137.1999969,139.6900024,150657900,TSLA
2020-09-29 00:00:00-04:00,12.89741001,13.40109435,12.89317361,13.18476677,621460000,NVDA
2020-09-29 00:00:00-04:00,111.316904,112.0554482,110.3645606,110.8698807,99382200,AAPL
2020-09-30 00:00:00-04:00,140.4400024,144.6433258,140.156662,143.0033264,144436800,TSLA
2020-09-30 00:00:00-04:00,110.5783675,113.9504307,110.4131674,112.5413513,142675200,AAPL
2020-10-01 00:00:00-04:00,146.9199982,149.6266632,144.8066711,149.386673,152224500,TSLA
2020-10-01 00:00:00-04:00,114.3197061,114.3974499,112.5607942,113.4936981,116120400,AAPL
2020-10-01 00:00:00-04:00,13.71536705,13.72010163,13.41903742,13.5723114,525004000,NVDA
2020-10-02 00:00:00-04:00,109.7037652,112.1137724,109.0526772,109.8300934,144712000,AAPL
2020-10-02 00:00:00-04:00,140.4633331,146.3766632,138.3333282,138.363327,214290000,TSLA
2020-10-02 00:00:00-04:00,13.18401636,13.47760311,13.01055485,13.02177048,552496000,NVDA
2020-10-05 00:00:00-04:00,110.6949653,113.3576285,110.3451255,113.2118607,106243800,AAPL
2020-10-05 00:00:00-04:00,141.1166687,144.5466614,139.7766724,141.8933258,134168400,TSLA
2020-10-05 00:00:00-04:00,13.19498522,13.60197002,13.18177593,13.60022545,479820000,NVDA
2020-10-06 00:00:00-04:00,112.4344601,112.8426116,109.0818364,109.966156,161498200,AAPL
2020-10-06 00:00:00-04:00,141.2633362,142.9266663,135.3500061,137.9933319,147438900,TSLA
2020-10-07 00:00:00-04:00,139.956665,143.3000031,137.9499969,141.7666626,129383100,TSLA
2020-10-07 00:00:00-04:00,13.95636638,14.07549622,13.82053811,13.92072678,418084000,NVDA
2020-10-07 00:00:00-04:00,111.384939,112.2886907,110.9087635,111.831955,96849000,AAPL
2020-10-08 00:00:00-04:00,14.03138481,14.04085587,13.71536768,13.79586697,378900000,NVDA
2020-10-08 00:00:00-04:00,112.9689159,113.1146837,111.3557648,111.7250443,83477200,AAPL
2020-10-08 00:00:00-04:00,146.1466675,146.3333282,141.7666626,141.9733276,121263300,TSLA
2020-10-09 00:00:00-04:00,13.72433967,13.78141228,13.6184191,13.72010231,346892000,NVDA
2020-10-09 00:00:00-04:00,112.0263138,113.6977693,111.6764739,113.6686172,100506900,AAPL
2020-10-09 00:00:00-04:00,143.3766632,144.863327,142.1533356,144.6666718,86777100,TSLA
2020-10-12 00:00:00-04:00,13.94614932,14.30254157,13.86938826,14.18191624,434744000,NVDA
2020-10-12 00:00:00-04:00,116.6713977,121.6468923,115.9134137,120.8889084,240226800,AAPL
2020-10-12 00:00:00-04:00,147.3333282,149.5800018,146.1933289,147.4333344,116373300,TSLA
2020-10-13 00:00:00-04:00,121.7343403,121.8509561,116.2729655,117.6820374,262330500,AAPL
2020-10-13 00:00:00-04:00,147.7833405,149.6300049,145.5333405,148.8833313,103391100,TSLA
2020-10-13 00:00:00-04:00,14.25219747,14.30403638,13.97530816,14.20409679,344604000,NVDA
2020-10-14 00:00:00-04:00,149.9266663,155.3000031,149.1166687,153.7666626,143639100,TSLA
2020-10-14 00:00:00-04:00,14.2462183,14.2983063,13.91674276,14.05157375,276100000,NVDA
2020-10-14 00:00:00-04:00,117.5848686,119.5575722,116.2438207,117.7695084,150712000,AAPL
2020-10-15 00:00:00-04:00,150.1033325,152.1900024,147.5,149.6266632,107017200,TSLA
2020-10-15 00:00:00-04:00,13.76795335,13.96234878,13.72508638,13.92671013,267224000,NVDA
2020-10-15 00:00:00-04:00,115.3692231,117.7792229,114.8153112,117.3030548,112559200,AAPL
2020-10-16 00:00:00-04:00,151.4799957,151.9833374,146.2833405,146.5566711,98327700,TSLA
2020-10-16 00:00:00-04:00,13.99325381,14.07774137,13.74976038,13.76870155,242392000,NVDA
2020-10-16 00:00:00-04:00,117.8569512,118.1193347,115.4566641,115.6607361,115393800,AAPL
2020-10-19 00:00:00-04:00,13.85991786,13.94016806,13.36520547,13.45592403,298068000,NVDA
2020-10-19 00:00:00-04:00,116.574198,117.0212139,112.3955674,112.7065353,120639300,AAPL
2020-10-19 00:00:00-04:00,148.7466736,149,142.956665,143.6100006,108863400,TSLA
2020-10-20 00:00:00-04:00,112.9203509,115.6218939,112.3664389,114.1933823,124423700,AAPL
2020-10-20 00:00:00-04:00,143.9166718,143.9166718,139.6833344,140.6466675,94968900,TSLA
2020-10-20 00:00:00-04:00,13.54140517,13.75698544,13.4651423,13.60321331,229212000,NVDA
2020-10-21 00:00:00-04:00,113.3770744,115.3594978,113.1632826,113.571434,89946000,AAPL
2020-10-21 00:00:00-04:00,140.8999939,144.3166656,140.4166718,140.8800049,97111500,TSLA
2020-10-21 00:00:00-04:00,13.58277918,13.74876332,13.43573621,13.48283958,219596000,NVDA
2020-10-22 00:00:00-04:00,114.1350479,114.7083994,111.3557689,112.4830322,101988000,AAPL
2020-10-22 00:00:00-04:00,147.3066711,148.4100037,141.5033264,141.9299927,119979600,TSLA
2020-10-22 00:00:00-04:00,13.48059484,13.56956787,13.19074535,13.31959534,290480000,NVDA
2020-10-23 00:00:00-04:00,113.1049713,113.2604589,111.054524,111.7930756,82572600,AAPL
2020-10-23 00:00:00-04:00,13.40832017,13.55112672,13.25006253,13.54813576,233484000,NVDA
2020-10-23 00:00:00-04:00,140.613327,140.9633331,135.793335,140.2100067,101151000,TSLA
2020-10-26 00:00:00-04:00,13.38539267,13.6503191,12.99809634,13.10052776,336896000,NVDA
2020-10-26 00:00:00-04:00,110.7921629,113.2604744,109.6940515,111.8028107,111850700,AAPL
2020-10-26 00:00:00-04:00,137.2100067,141.9199982,136.6666718,140.093338,84717600,TSLA
2020-10-27 00:00:00-04:00,13.26476658,13.40034577,13.15062135,13.35523605,250520000,NVDA
2020-10-27 00:00:00-04:00,112.2303949,113.9698747,111.3072108,113.3090668,92276800,AAPL
2020-10-27 00:00:00-04:00,141.2533264,143.5,140.0333405,141.5599976,68059500,TSLA
2020-10-28 00:00:00-04:00,13.15710324,13.2189114,12.56992863,12.58787251,376520000,NVDA
2020-10-28 00:00:00-04:00,111.8027893,112.1720613,107.9642711,108.0614471,143937800,AAPL
2020-10-28 00:00:00-04:00,138.8266602,139.5333405,135.3333282,135.3399963,76354200,TSLA
2020-10-29 00:00:00-04:00,109.1984276,113.629722,109.0332201,112.0651627,146129200,AAPL
2020-10-29 00:00:00-04:00,136.6533356,139.3533325,135.4866638,136.9433289,67965900,TSLA
2020-10-29 00:00:00-04:00,12.7987163,13.15186851,12.71049052,12.98364162,320080000,NVDA
2020-10-30 00:00:00-04:00,135.6333313,135.863327,126.3700027,129.3466644,127533900,TSLA
2020-10-30 00:00:00-04:00,12.81018282,12.89641401,12.26188689,12.49516201,416820000,NVDA
2020-10-30 00:00:00-04:00,107.9254253,108.8291772,104.6796975,105.7875214,190272600,AAPL
2020-11-02 00:00:00-05:00,131.3333282,135.6600037,130.7666626,133.5033264,87063300,TSLA
2020-11-02 00:00:00-05:00,12.61852435,12.79696954,12.35658893,12.54176331,299652000,NVDA
2020-11-02 00:00:00-05:00,106.030458,107.5561457,104.2909784,105.7000504,122866900,AAPL
2020-11-03 00:00:00-05:00,136.5766602,142.5899963,135.5633392,141.3000031,103055100,TSLA
2020-11-03 00:00:00-05:00,12.66912124,13.06439228,12.56369884,12.97915745,272900000,NVDA
2020-11-03 00:00:00-05:00,106.5649302,108.3432742,105.6611785,107.3229141,107624400,AAPL
2020-11-04 00:00:00-05:00,13.34776015,13.78465267,13.29567215,13.7515049,410228000,NVDA
2020-11-04 00:00:00-05:00,110.9184762,112.327548,109.1789969,111.7056122,138235500,AAPL
2020-11-04 00:00:00-05:00,143.5399933,145.1333313,139.0333405,140.3266602,96429300,TSLA
2020-11-05 00:00:00-05:00,114.6209516,116.2438228,113.5714393,115.6704712,126387100,AAPL
2020-11-05 00:00:00-05:00,142.7666626,146.6666718,141.3333282,146.0299988,85243500,TSLA
2020-11-05 00:00:00-05:00,14.11861408,14.29456651,13.94764531,14.11612129,319028000,NVDA
2020-11-06 00:00:00-05:00,115.1788748,116.0355102,113.047012,115.5390549,114457900,AAPL
2020-11-06 00:00:00-05:00,145.3666687,145.5233307,141.4266663,143.3166656,65118000,TSLA
2020-11-06 00:00:00-05:00,14.0660253,14.54354103,13.85194145,14.51687431,383348000,NVDA
2020-11-09 00:00:00-05:00,117.3009948,118.7514365,112.9691353,113.2319641,154515300,AAPL
2020-11-09 00:00:00-05:00,146.5,150.8333282,140.3333282,140.4199982,104499000,TSLA
2020-11-09 00:00:00-05:00,14.50740323,14.64597242,13.56857203,13.58850956,582976000,NVDA
2020-11-10 00:00:00-05:00,140.0299988,140.0299988,132.0099945,136.7866669,90852600,TSLA
2020-11-10 00:00:00-05:00,112.4824101,114.4682461,111.1001022,112.8912582,138023400,AAPL
2020-11-11 00:00:00-05:00,13.01329859,13.39336754,12.9081253,13.37642002,404744000,NVDA
2020-11-11 00:00:00-05:00,114.0788743,116.4540928,113.3487851,116.3178101,112295000,AAPL
2020-11-11 00:00:00-05:00,138.8166656,139.5666656,136.8600006,139.043335,52073100,TSLA
2020-11-12 00:00:00-05:00,13.43722982,13.72334014,13.27473484,13.4150486,365812000,NVDA
2020-11-12 00:00:00-05:00,116.4443843,117.3302221,115.4222562,116.0452652,103162300,AAPL
2020-11-12 00:00:00-05:00,138.3500061,141,136.5066681,137.2533264,59565300,TSLA
2020-11-13 00:00:00-05:00,13.58502092,13.62639241,13.01878122,13.25579453,346312000,NVDA
2020-11-13 00:00:00-05:00,116.2691548,116.4930447,114.7408349,116.0939331,81581900,AAPL
2020-11-13 00:00:00-05:00,136.9499969,137.5099945,133.886673,136.1666718,59313300,TSLA
2020-11-16 00:00:00-05:00,13.13167836,13.60720039,13.11522998,13.47336674,413776000,NVDA
2020-11-16 00:00:00-05:00,136.3099976,137.4833374,134.6966705,136.0299988,80515800,TSLA
2020-11-16 00:00:00-05:00,115.7629467,117.7779927,115.0133917,117.1063156,91183000,AAPL
2020-11-17 00:00:00-05:00,153.3899994,154,144.3366699,147.2033386,183564900,TSLA
2020-11-17 00:00:00-05:00,13.51050259,13.55411683,13.2625237,13.38065624,312028000,NVDA
2020-11-17 00:00:00-05:00,116.3762225,117.4664843,115.8018818,116.2204666,74271000,AAPL
2020-11-18 00:00:00-05:00,149.4499969,165.3333282,147.8333282,162.2133331,234132000,TSLA
2020-11-18 00:00:00-05:00,13.42352237,13.56358704,13.14414125,13.38713551,510924000,NVDA
2020-11-18 00:00:00-05:00,115.4611801,116.6390565,114.8673735,114.8965759,76322100,AAPL
2020-11-19 00:00:00-05:00,164,169.5366669,162.5233307,166.4233398,187425900,TSLA
2020-11-19 00:00:00-05:00,13.17180655,13.44570491,13.05940589,13.39860153,565936000,NVDA
2020-11-19 00:00:00-05:00,114.4682515,115.8992275,113.7089599,115.4903793,74113000,AAPL
2020-11-20 00:00:00-05:00,13.41231057,13.45268476,13.02451508,13.04719543,341088000,NVDA
2020-11-20 00:00:00-05:00,115.4903904,115.6169365,114.1762311,114.2248993,73604300,AAPL
2020-11-20 00:00:00-05:00,165.9966736,167.5,163.0200043,163.2033386,98735700,TSLA
2020-11-23 00:00:00-05:00,114.0691353,114.4974567,110.7301938,110.8275375,127959300,AAPL
2020-11-23 00:00:00-05:00,167.8333282,175.3333282,167.2633362,173.9499969,150780900,TSLA
2020-11-23 00:00:00-05:00,13.13043543,13.34103016,12.97516779,13.09928226,361356000,NVDA
2020-11-24 00:00:00-05:00,110.8859509,112.7744433,109.6009868,112.1124954,113874200,AAPL
2020-11-24 00:00:00-05:00,180.1333313,186.6633301,175.3999939,185.1266632,160945500,TSLA
2020-11-24 00:00:00-05:00,13.10177392,13.12121327,12.84507216,12.91759682,346500000,NVDA
2020-11-25 00:00:00-05:00,112.4824007,113.6505404,112.1124842,112.9496536,76499200,AAPL
2020-11-25 00:00:00-05:00,183.3533325,191.3333282,181.7899933,191.3333282,146790600,TSLA
2020-11-25 00:00:00-05:00,12.99211331,13.22837837,12.97965224,13.19373608,259916000,NVDA
2020-11-27 00:00:00-05:00,113.4753386,114.370913,113.1346318,113.4948044,46691300,AAPL
2020-11-27 00:00:00-05:00,13.33355465,13.3659542,13.12968814,13.22015667,167276000,NVDA
2020-11-27 00:00:00-05:00,193.7200012,199.593338,192.8166656,195.2533264,112683300,TSLA
2020-11-30 00:00:00-05:00,13.22389368,13.37093664,12.93205052,13.35997009,286952000,NVDA
2020-11-30 00:00:00-05:00,113.8647358,117.7585457,113.7089799,115.8895187,169410200,AAPL
2020-11-30 00:00:00-05:00,200.7366638,202.6000061,184.8366699,189.1999969,189009300,TSLA
2020-12-01 00:00:00-05:00,13.45044209,13.48682897,13.18725926,13.34850883,296948000,NVDA
2020-12-01 00:00:00-05:00,117.7974867,120.1921789,116.8240342,119.4620895,127728200,AAPL
2020-12-01 00:00:00-05:00,199.1966705,199.2833405,190.6833344,194.9199982,120310500,TSLA
2020-12-02 00:00:00-05:00,13.30913006,13.63112911,13.19324025,13.50252914,283360000,NVDA
2020-12-02 00:00:00-05:00,118.7806432,120.0948097,117.6806448,119.8125076,89004200,AAPL
2020-12-02 00:00:00-05:00,185.4799957,190.5133362,180.4033356,189.6066742,143327100,TSLA
2020-12-03 00:00:00-05:00,120.2408204,120.4939201,118.9656003,119.6762238,78967600,AAPL
2020-12-03 00:00:00-05:00,196.6733398,199.656662,194.1433258,197.793335,127656000,TSLA
2020-12-03 00:00:00-05:00,13.54939835,13.62169528,13.29162407,13.35843563,199520000,NVDA
2020-12-04 00:00:00-05:00,197.0033264,199.6799927,195.1666718,199.6799927,88203900,TSLA
2020-12-04 00:00:00-05:00,13.41078636,13.52197442,13.35120431,13.52022934,202244000,NVDA
2020-12-04 00:00:00-05:00,119.3452463,119.598346,118.2939161,119.0045395,78260400,AAPL
2020-12-07 00:00:00-05:00,201.6399994,216.2633362,201.0166626,213.9199982,168929100,TSLA
2020-12-07 00:00:00-05:00,13.56310956,13.69274513,13.46214379,13.56859398,223244000,NVDA
2020-12-07 00:00:00-05:00,119.0629555,121.2629599,119.0045508,120.4647293,86712000,AAPL
2020-12-08 00:00:00-05:00,208.5033264,217.093338,206.1666718,216.6266632,192795000,TSLA
2020-12-08 00:00:00-05:00,13.54690553,13.56061705,13.24425642,13.31256485,271920000,NVDA
2020-12-08 00:00:00-05:00,121.0682738,121.6620803,119.8222485,121.0780029,82225500,AAPL
2020-12-09 00:00:00-05:00,217.8966675,218.1066742,196,201.4933319,213873600,TSLA
2020-12-09 00:00:00-05:00,121.2239982,122.6062985,117.7877132,118.5470047,115089200,AAPL
2020-12-09 00:00:00-05:00,13.26320245,13.37638382,12.83216455,12.89448929,401300000,NVDA
2020-12-10 00:00:00-05:00,117.3010044,120.5815414,116.9602976,119.9682617,81312200,AAPL
2020-12-10 00:00:00-05:00,191.456665,209.25,188.7799988,209.0233307,201249600,TSLA
2020-12-10 00:00:00-05:00,12.83291207,13.03210186,12.81346602,12.93587208,207764000,NVDA
2020-12-11 00:00:00-05:00,119.1797746,119.5010157,117.3496868,119.1603088,86939800,AAPL
2020-12-11 00:00:00-05:00,205.0033264,208,198.9333344,203.3300018,139425000,TSLA
2020-12-11 00:00:00-05:00,12.93088652,12.98348918,12.78704112,12.976758,209264000,NVDA
2020-12-14 00:00:00-05:00,119.3452352,120.0753243,118.3133783,118.5470047,79184500,AAPL
2020-12-14 00:00:00-05:00,206.3333282,214.25,203.3999939,213.2766724,156121800,TSLA
2020-12-14 00:00:00-05:00,13.05129731,13.35120369,13.0408268,13.27142811,270156000,NVDA
2020-12-15 00:00:00-05:00,214.4266663,215.6333313,207.9333344,211.0833282,135214500,TSLA
2020-12-15 00:00:00-05:00,13.40206143,13.42624346,13.1497716,13.32303429,193016000,NVDA
2020-12-15 00:00:00-05:00,121.03904,124.5045348,120.834616,124.4850616,157243700,AAPL
2020-12-16 00:00:00-05:00,13.38485687,13.39956599,13.17544577,13.20536232,223116000,NVDA
2020-12-16 00:00:00-05:00,124.0275638,124.9620697,123.2001234,124.4169388,98208600,AAPL
2020-12-16 00:00:00-05:00,209.4100037,210.8333282,201.6666718,207.5899963,126287400,TSLA
2020-12-17 00:00:00-05:00,13.32926561,13.34198048,13.14154393,13.30383778,231384000,NVDA
2020-12-17 00:00:00-05:00,125.4779745,126.1399297,124.6408051,125.283287,94359800,AAPL
2020-12-17 00:00:00-05:00,209.3966675,219.6066742,206.5,218.6333313,168810300,TSLA
2020-12-18 00:00:00-05:00,13.3414806,13.36740771,13.0338464,13.23478127,342064000,NVDA
2020-12-18 00:00:00-05:00,125.5363978,125.6726805,122.7717898,123.2974548,192541500,AAPL
2020-12-21 00:00:00-05:00,121.7010018,124.9036607,120.172682,124.8257828,121251600,AAPL
2020-12-21 00:00:00-05:00,222.0800018,222.8333282,215.3566742,216.6199951,174135900,TSLA
2020-12-21 00:00:00-05:00,13.03808608,13.33250809,12.93113661,13.2948637,302332000,NVDA
2020-12-22 00:00:00-05:00,216,216.6266632,204.7433319,213.4466705,155148000,TSLA
2020-12-22 00:00:00-05:00,13.28189892,13.29984809,13.01739255,13.24101353,185580000,NVDA
2020-12-22 00:00:00-05:00,128.1160243,130.841693,126.2080517,128.3788605,168904800,AAPL
2020-12-23 00:00:00-05:00,210.7333374,217.1666718,207.5233307,215.3266602,99519000,TSLA
2020-12-23 00:00:00-05:00,13.21882672,13.23777349,12.96853113,12.97276878,179144000,NVDA
2020-12-23 00:00:00-05:00,128.6514543,128.9142757,127.3080854,127.4833145,88223700,AAPL
2020-12-24 00:00:00-05:00,214.3300018,222.0299988,213.6666718,220.5899963,68596800,TSLA
2020-12-24 00:00:00-05:00,13.00068768,13.09567069,12.90246461,12.95730972,97884000,NVDA
2020-12-24 00:00:00-05:00,127.8337841,129.9169717,127.6196233,128.4665222,54930100,AAPL
2020-12-28 00:00:00-05:00,13.0258676,13.0258676,12.72745717,12.86382294,212564000,NVDA
2020-12-28 00:00:00-05:00,130.4328847,133.6939411,129.9656168,133.061203,124486200,AAPL
2020-12-28 00:00:00-05:00,224.8366699,227.1333313,220.2666626,221.2299957,96835800,TSLA
2020-12-29 00:00:00-05:00,134.3850754,135.1054205,130.7735613,131.2894897,121047300,AAPL
2020-12-29 00:00:00-05:00,220.3333282,223.3000031,218.3333282,221.9966736,68732400,TSLA
2020-12-29 00:00:00-05:00,12.88875262,13.035839,12.80623437,12.90695095,170372000,NVDA
2020-12-30 00:00:00-05:00,131.9806968,132.3798159,129.8585625,130.1700745,96452100,AAPL
2020-12-30 00:00:00-05:00,224,232.1999969,222.7866669,231.593338,128538000,TSLA
2020-12-30 00:00:00-05:00,12.95381953,13.176693,12.86058256,13.10888386,225396000,NVDA
2020-12-31 00:00:00-05:00,130.5205024,131.1629846,128.2231541,129.1674042,99116600,AAPL
2020-12-31 00:00:00-05:00,233.3300018,239.5733337,230.3733368,235.2233276,148949700,TSLA
2020-12-31 00:00:00-05:00,13.0996612,13.1141202,12.87878197,13.0183897,192424000,NVDA
2021-01-04 00:00:00-05:00,129.9753382,130.0629453,123.3947994,125.9744492,143301900,AAPL
2021-01-04 00:00:00-05:00,13.06750221,13.61421497,12.92614938,13.07672596,560640000,NVDA
2021-01-04 00:00:00-05:00,239.8200073,248.1633301,239.0633392,243.2566681,145914600,TSLA
2021-01-05 00:00:00-05:00,13.0630139,13.40579992,13.05029998,13.36715889,322760000,NVDA
2021-01-05 00:00:00-05:00,125.4682457,128.2425903,125.0204512,127.5319595,97664900,AAPL
2021-01-05 00:00:00-05:00,241.2200012,246.9466705,239.7333374,245.0366669,96735600,TSLA
2021-01-06 00:00:00-05:00,13.1854202,13.20785714,12.55070572,12.5791254,580424000,NVDA
2021-01-06 00:00:00-05:00,124.3293287,127.5709266,123.0248988,123.2390594,155088000,AAPL
2021-01-06 00:00:00-05:00,252.8300018,258,249.6999969,251.9933319,134100000,TSLA
2021-01-07 00:00:00-05:00,12.93113434,13.34023452,12.85036212,13.30657864,461480000,NVDA
2021-01-07 00:00:00-05:00,124.9523086,128.1355011,124.4655826,127.4443436,109578200,AAPL
2021-01-07 00:00:00-05:00,259.2099915,272.3299866,258.3999939,272.0133362,154496700,TSLA
2021-01-08 00:00:00-05:00,128.914259,129.1089613,126.7726673,128.5443573,105158200,AAPL
2021-01-08 00:00:00-05:00,285.3333435,294.8299866,279.4633179,293.3399963,225166500,TSLA
2021-01-08 00:00:00-05:00,13.32502924,13.38336453,13.00542761,13.23951912,292528000,NVDA
2021-01-11 00:00:00-05:00,283.1333313,284.8099976,267.8733215,270.3966675,177904800,TSLA
2021-01-11 00:00:00-05:00,13.38112272,13.92185285,13.32503083,13.58330441,518344000,NVDA
2021-01-11 00:00:00-05:00,125.7602939,126.7142729,125.0886095,125.5558624,100384500,AAPL
2021-01-12 00:00:00-05:00,277,289.3333435,275.7799988,283.1466675,138812100,TSLA
2021-01-12 00:00:00-05:00,13.71393364,13.71592884,13.30757707,13.4469347,291476000,NVDA
2021-01-12 00:00:00-05:00,125.0886071,126.2470176,123.4921461,125.3806458,91951100,AAPL
2021-01-13 00:00:00-05:00,13.4521711,13.58679276,13.347466,13.49380398,210028000,NVDA
2021-01-13 00:00:00-05:00,125.3417031,127.960292,125.0788817,127.4151611,88636800,AAPL
2021-01-13 00:00:00-05:00,284.2533264,286.8233337,277.3333435,284.8033447,99937500,TSLA
2021-01-14 00:00:00-05:00,127.3275638,127.5222513,125.3417128,125.4877396,90221800,AAPL
2021-01-14 00:00:00-05:00,281.1300049,287.6666565,279.5833435,281.6666565,93798900,TSLA
2021-01-14 00:00:00-05:00,13.53693303,13.56161338,13.1435395,13.16323376,283120000,NVDA
2021-01-15 00:00:00-05:00,125.3611859,126.7629596,123.628442,123.7647247,111598500,AAPL
2021-01-15 00:00:00-05:00,284,286.6333313,273.0333252,275.3866577,116332800,TSLA
2021-01-15 00:00:00-05:00,13.19090503,13.28788231,12.81246981,12.82343864,277780000,NVDA
2021-01-19 00:00:00-05:00,124.3877182,125.2930364,123.5700219,124.4363937,90757300,AAPL
2021-01-19 00:00:00-05:00,279.2666626,283.3333435,277.6666565,281.5166626,76101000,TSLA
2021-01-19 00:00:00-05:00,12.97974822,13.05728039,12.80798146,12.98872375,226188000,NVDA
2021-01-20 00:00:00-05:00,286.2466736,286.5,279.0933228,283.4833374,76997700,TSLA
2021-01-20 00:00:00-05:00,13.07497969,13.39283619,13.02013458,13.32826805,258572000,NVDA
2021-01-20 00:00:00-05:00,125.2443432,128.9726663,125.1372629,128.5248718,104319500,AAPL
2021-01-21 00:00:00-05:00,13.38087108,13.95999297,13.2158355,13.82861233,337780000,NVDA
2021-01-21 00:00:00-05:00,130.2478988,135.9620581,130.0434673,133.2363892,120150900,AAPL
2021-01-21 00:00:00-05:00,285,285.2399902,280.4733276,281.6633301,61563300,TSLA
2021-01-22 00:00:00-05:00,13.70146669,13.80293171,13.58903283,13.67404366,246820000,NVDA
2021-01-22 00:00:00-05:00,132.662051,136.1372822,131.4355067,135.3779907,114459400,AAPL
2021-01-22 00:00:00-05:00,278.1033325,282.6666565,276.206665,282.2133179,60199500,TSLA
2021-01-25 00:00:00-05:00,13.74310222,13.78972119,13.1993813,13.61496258,251112000,NVDA
2021-01-25 00:00:00-05:00,139.2718202,141.2381831,132.9151634,139.1257935,157611700,AAPL
2021-01-25 00:00:00-05:00,285,300.1333313,279.6066589,293.6000061,123520200,TSLA
2021-01-26 00:00:00-05:00,13.54241744,13.60648726,13.34995881,13.39757538,163980000,NVDA
2021-01-26 00:00:00-05:00,297.1266785,298.6333313,290.5333252,294.3633423,69394800,TSLA
2021-01-26 00:00:00-05:00,139.787788,140.4692018,137.6169782,139.3594666,98390600,AAPL
2021-01-27 00:00:00-05:00,290.1166687,297.1666565,286.2200012,288.0533447,82002000,TSLA
2021-01-27 00:00:00-05:00,13.19289956,13.19564224,12.75787317,12.88152599,371272000,NVDA
2021-01-27 00:00:00-05:00,139.6222602,140.4691738,136.6824449,138.2886353,140843800,AAPL
2021-01-28 00:00:00-05:00,273.3333435,282.6666565,267,278.4766541,79134000,TSLA
2021-01-28 00:00:00-05:00,12.95980358,13.30234041,12.92415345,13.01439953,228316000,NVDA
2021-01-28 00:00:00-05:00,135.8160737,138.2205021,133.070931,133.4505768,142621100,AAPL
2021-01-29 00:00:00-05:00,276.6666565,280.8033447,260.0333252,264.5100098,104972400,TSLA
2021-01-29 00:00:00-05:00,13.03833516,13.29735714,12.87529381,12.95332432,271552000,NVDA
2021-01-29 00:00:00-05:00,132.2239961,133.109841,126.7532002,128.4567413,177523800,AAPL
2021-02-01 00:00:00-05:00,13.01664479,13.23353458,12.86656654,13.19987965,217204000,NVDA
2021-02-01 00:00:00-05:00,130.1992574,131.7859895,127.4541145,130.5789032,106239800,AAPL
2021-02-01 00:00:00-05:00,271.4299927,280.6666565,265.186676,279.936676,76174200,TSLA
2021-02-02 00:00:00-05:00,132.1266868,132.691291,131.0364249,131.4063416,83305400,AAPL
2021-02-02 00:00:00-05:00,281.5599976,293.5,280.7333374,290.9299927,73038600,TSLA
2021-02-02 00:00:00-05:00,13.36117611,13.53393951,13.24824297,13.51873302,220440000,NVDA
2021-02-03 00:00:00-05:00,132.155861,132.165605,130.0629448,130.3841858,89880900,AAPL
2021-02-03 00:00:00-05:00,292.3399963,292.6933289,284.3533325,284.8966675,55030500,TSLA
2021-02-03 00:00:00-05:00,13.59776191,13.89268319,13.4785978,13.49255848,245408000,NVDA
2021-02-04 00:00:00-05:00,132.6815704,133.7523592,131.0169602,133.74263,84183100,AAPL
2021-02-04 00:00:00-05:00,285,285.5,277.8066711,283.3299866,47438100,TSLA
2021-02-04 00:00:00-05:00,13.49305423,13.63515453,13.30034647,13.62593079,201340000,NVDA
2021-02-05 00:00:00-05:00,281.6666565,288.2566528,279.6566772,284.0766602,55699800,TSLA
2021-02-05 00:00:00-05:00,13.68651293,13.69872853,13.50776487,13.55288792,169152000,NVDA
2021-02-05 00:00:00-05:00,133.9034534,133.9716891,132.4508369,133.3282471,75693800,AAPL
2021-02-08 00:00:00-05:00,13.68875337,14.4331599,13.68875337,14.39825821,434624000,NVDA
2021-02-08 00:00:00-05:00,132.6165494,133.5232204,131.5344025,133.474472,71297200,AAPL
2021-02-08 00:00:00-05:00,289.8900146,292.5899963,284.9166565,287.8066711,60485100,TSLA
2021-02-09 00:00:00-05:00,14.3005334,14.54235365,14.18261512,14.22325134,287560000,NVDA
2021-02-09 00:00:00-05:00,133.1918162,134.4202088,132.4411483,132.5971222,76774200,AAPL
2021-02-09 00:00:00-05:00,285.0400085,286.6000061,280.5833435,283.1533203,45473100,TSLA
2021-02-10 00:00:00-05:00,14.42269049,14.86320125,14.30128204,14.72284603,485352000,NVDA
2021-02-10 00:00:00-05:00,133.0552748,133.5524868,131.0274669,131.99263,73046600,AAPL
2021-02-10 00:00:00-05:00,281.2133179,281.6066589,266.6733398,268.2733459,108648300,TSLA
2021-02-11 00:00:00-05:00,132.4898185,132.9675281,130.4132773,131.739151,64280000,AAPL
2021-02-11 00:00:00-05:00,270.813324,276.6266785,267.2433472,270.5533447,64868400,TSLA
2021-02-11 00:00:00-05:00,14.93824046,15.2294214,14.88314523,15.20798111,450828000,NVDA
2021-02-12 00:00:00-05:00,267.0866699,272.4433289,261.7766724,272.0400085,71304900,TSLA
2021-02-12 00:00:00-05:00,15.00779632,15.24836983,14.73356692,14.91929531,374756000,NVDA
2021-02-12 00:00:00-05:00,130.978735,132.1291179,130.335293,131.9731293,60145100,AAPL
2021-02-16 00:00:00-05:00,272.6666565,273.6666565,264.1466675,265.4066772,59406900,TSLA
2021-02-16 00:00:00-05:00,15.02200432,15.3293903,14.90807453,15.28725815,321960000,NVDA
2021-02-16 00:00:00-05:00,132.090159,132.5971,129.4578981,129.8478699,80576300,AAPL
2021-02-17 00:00:00-05:00,259.6966553,266.6133423,254.0033264,266.0499878,77989500,TSLA
2021-02-17 00:00:00-05:00,15.1284559,15.1808094,14.73855257,14.86419964,274756000,NVDA
2021-02-17 00:00:00-05:00,127.9565162,128.902177,126.2211833,127.5568008,97918500,AAPL
2021-02-18 00:00:00-05:00,260.2999878,264.8966675,258.7566528,262.4599915,53871300,TSLA
2021-02-18 00:00:00-05:00,125.9579957,126.7379243,124.2129185,126.4552078,96856700,AAPL
2021-02-18 00:00:00-05:00,14.68769366,14.83153904,14.53412526,14.7874136,233868000,NVDA
2021-02-19 00:00:00-05:00,126.9718707,127.4300781,125.5680024,126.611145,87668800,AAPL
2021-02-19 00:00:00-05:00,265,265.5966797,259.1233215,260.4333191,56874900,TSLA
2021-02-19 00:00:00-05:00,14.98236736,15.13443986,14.80511618,14.8846426,271724000,NVDA
2021-02-22 00:00:00-05:00,124.7978374,126.4649349,122.4483154,122.8382797,103916400,AAPL
2021-02-22 00:00:00-05:00,254.2133331,256.1666565,236.7333374,238.1666718,111809100,TSLA
2021-02-22 00:00:00-05:00,14.73331633,15.09081145,14.28482764,14.31549168,325884000,NVDA
2021-02-23 00:00:00-05:00,120.6544867,123.5304593,115.4192337,122.7017899,158273000,AAPL
2021-02-23 00:00:00-05:00,220.7100067,237.8699951,206.3333282,232.9466705,199820700,TSLA
2021-02-23 00:00:00-05:00,14.03577926,14.19882155,13.35195227,14.10234261,391780000,NVDA
2021-02-24 00:00:00-05:00,237.2833405,248.3333282,231.3899994,247.3399963,110301000,TSLA
2021-02-24 00:00:00-05:00,14.08314643,14.46606942,13.71742418,14.45834064,448320000,NVDA
2021-02-24 00:00:00-05:00,121.804859,122.4092965,119.1628625,122.204567,111039900,AAPL
2021-02-25 00:00:00-05:00,121.5513882,123.2867212,117.5152744,117.9539795,148199500,AAPL
2021-02-25 00:00:00-05:00,242.0500031,245.7366638,223.5266724,227.406662,117071700,TSLA
2021-02-26 00:00:00-05:00,13.71393228,13.81564647,13.32353068,13.6760397,500932000,NVDA
2021-02-26 00:00:00-05:00,119.5138525,121.7171445,118.1587323,118.2172318,164560400,AAPL
2021-02-26 00:00:00-05:00,233.3333282,235.5666656,219.8366699,225.1666718,123267600,TSLA
2021-03-01 00:00:00-05:00,13.83609222,13.8859522,13.51524477,13.8029356,353184000,NVDA
2021-03-01 00:00:00-05:00,120.6447264,124.7198375,119.7088167,124.5833511,116307900,AAPL
2021-03-01 00:00:00-05:00,230.0366669,239.6666718,228.3500061,239.4766693,81408600,TSLA
2021-03-02 00:00:00-05:00,13.86101725,13.88145994,13.358431,13.36865234,264116000,NVDA
2021-03-02 00:00:00-05:00,239.4266663,240.3699951,228.3333282,228.8133392,71196600,TSLA
2021-03-02 00:00:00-05:00,125.1877911,125.4900098,121.8731063,121.9803467,102260900,AAPL
2021-03-03 00:00:00-05:00,229.3300018,233.5666656,217.2366638,217.7333374,90624000,TSLA
2021-03-03 00:00:00-05:00,13.38859987,13.41377855,12.76285901,12.7688427,377592000,NVDA
2021-03-03 00:00:00-05:00,121.6781331,122.5555508,118.7826583,118.997139,112966300,AAPL
2021-03-04 00:00:00-05:00,218.6000061,222.8166656,200,207.1466675,197758500,TSLA
2021-03-04 00:00:00-05:00,12.76485361,12.93861558,12.04986423,12.3355608,573344000,NVDA
2021-03-04 00:00:00-05:00,118.694922,120.4984984,115.6434659,117.1155701,178155000,AAPL
2021-03-05 00:00:00-05:00,208.6866608,209.2799988,179.8300018,199.3166656,268189500,TSLA
2021-03-05 00:00:00-05:00,12.51480556,12.51480556,11.64649703,12.42655373,542840000,NVDA
2021-03-05 00:00:00-05:00,117.9442531,118.8801629,114.6198166,118.3732071,153766600,AAPL
2021-03-08 00:00:00-05:00,12.41508444,12.43627461,11.53406207,11.56073761,543112000,NVDA
2021-03-08 00:00:00-05:00,117.8954867,117.9637299,113.2939251,113.4401627,154376600,AAPL
2021-03-08 00:00:00-05:00,200.1833344,206.7100067,186.2633362,187.6666718,155361000,TSLA
2021-03-09 00:00:00-05:00,116.0431771,118.9971441,115.8092016,118.0514832,129525800,AAPL
2021-03-09 00:00:00-05:00,202.7266693,226.0299988,198.4033356,224.5266724,202569900,TSLA
2021-03-09 00:00:00-05:00,12.10040859,12.58571155,12.02958316,12.4894495,521824000,NVDA
2021-03-10 00:00:00-05:00,118.6364429,119.1043941,116.4526457,116.9693527,111943300,AAPL
2021-03-10 00:00:00-05:00,233.4333344,239.2833405,218.3533325,222.6866608,181817100,TSLA
2021-03-10 00:00:00-05:00,12.80890715,12.94806359,12.42685006,12.43757343,384376000,NVDA
2021-03-11 00:00:00-05:00,119.4650907,120.1182766,118.2172111,118.8996429,103026500,AAPL
2021-03-11 00:00:00-05:00,233.1333313,234.1666718,225.7266693,233.1999969,108761700,TSLA
2021-03-11 00:00:00-05:00,12.91813872,13.01415244,12.70316904,12.96153164,299916000,NVDA
2021-03-12 00:00:00-05:00,117.3787847,118.1294597,116.1699023,117.9929733,88105100,AAPL
2021-03-12 00:00:00-05:00,12.61713307,12.85704185,12.5590269,12.82437229,243964000,NVDA
2021-03-12 00:00:00-05:00,223.3333282,231.6266632,222.0466614,231.2433319,100751400,TSLA
2021-03-15 00:00:00-04:00,12.8331015,13.17426015,12.73584151,13.15879822,221988000,NVDA
2021-03-15 00:00:00-04:00,118.3634313,120.8884361,117.3982682,120.878685,92403800,AAPL
2021-03-15 00:00:00-04:00,231.363327,237.7266693,228.0133362,235.9799957,88006800,TSLA
2021-03-16 00:00:00-04:00,13.32364147,13.47925784,13.08448137,13.25855255,272128000,NVDA
2021-03-16 00:00:00-04:00,122.545795,124.0276576,121.5903904,122.4190598,115227900,AAPL
2021-03-16 00:00:00-04:00,234.4499969,235.9733276,223.6666718,225.6266632,96587100,TSLA
2021-03-17 00:00:00-04:00,13.00767112,13.4201537,12.95754468,13.30842972,243864000,NVDA
2021-03-17 00:00:00-04:00,120.9372039,122.701783,119.2701066,121.6293869,111932600,AAPL
2021-03-17 00:00:00-04:00,218.956665,234.5766602,217.0033264,233.9366608,121117500,TSLA
2021-03-18 00:00:00-04:00,119.7965533,120.0890284,117.3007941,117.5055237,121229700,AAPL
2021-03-18 00:00:00-04:00,228.0966644,229.7433319,217.3333282,217.7200012,99674400,TSLA
2021-03-18 00:00:00-04:00,13.10418225,13.15156505,12.68571395,12.69120026,293896000,NVDA
2021-03-19 00:00:00-04:00,215.5333405,219.0766602,208.206665,218.2899933,128682000,TSLA
2021-03-19 00:00:00-04:00,12.71863365,12.88971195,12.5814721,12.81414795,299208000,NVDA
2021-03-19 00:00:00-04:00,116.8913269,118.3829331,116.6768462,116.9790649,185549500,AAPL
2021-03-22 00:00:00-04:00,228.1966705,233.206665,222.9166718,223.3333282,118536600,TSLA
2021-03-22 00:00:00-04:00,12.88098384,13.36154824,12.87499809,13.1538105,297804000,NVDA
2021-03-22 00:00:00-04:00,117.3105643,120.7617361,117.2423211,120.2937775,111912300,AAPL
2021-03-23 00:00:00-04:00,225.2566681,225.9333344,219.1699982,220.7200012,91475700,TSLA
2021-03-23 00:00:00-04:00,13.22164408,13.31167208,12.98921746,13.03859615,222048000,NVDA
2021-03-23 00:00:00-04:00,120.2352729,121.1224343,119.0751313,119.4650955,95467100,AAPL
2021-03-24 00:00:00-04:00,13.1188964,13.12687709,12.60566246,12.61189651,245840000,NVDA
2021-03-24 00:00:00-04:00,119.73806,119.8160543,117.0570661,117.076561,88530500,AAPL
2021-03-24 00:00:00-04:00,222.636673,222.6733398,210.0366669,210.0899963,101385600,TSLA
2021-03-25 00:00:00-04:00,116.5403932,118.6071989,116.0139425,117.5640411,98844700,AAPL
2021-03-25 00:00:00-04:00,204.3333282,215.1666718,203.1666718,213.4633331,117674700,TSLA
2021-03-25 00:00:00-04:00,12.46875211,12.68347262,12.24181179,12.5044136,295144000,NVDA
2021-03-26 00:00:00-04:00,117.3300441,118.4316937,115.935927,118.1684647,94071200,AAPL
2021-03-26 00:00:00-04:00,213.956665,214.6066742,199.9633331,206.2366638,101558400,TSLA
2021-03-26 00:00:00-04:00,12.52361538,12.82462325,12.34306088,12.80766487,363968000,NVDA
2021-03-29 00:00:00-04:00,118.5974262,119.50409,117.7005137,118.3439484,80819200,AAPL
2021-03-29 00:00:00-04:00,205.2133331,205.4933319,198.6733398,203.7633362,85911000,TSLA
2021-03-29 00:00:00-04:00,12.78871077,13.03036526,12.66875685,12.91639614,273520000,NVDA
2021-03-30 00:00:00-04:00,200.5833282,212.5533295,197.0033264,211.8733368,118297200,TSLA
2021-03-30 00:00:00-04:00,12.81040739,12.94332982,12.67374434,12.84008408,200204000,NVDA
2021-03-30 00:00:00-04:00,117.0960794,117.3788033,115.8774456,116.8913498,85671900,AAPL
2021-03-31 00:00:00-04:00,12.9834808,13.43736138,12.95056199,13.31541252,314776000,NVDA
2021-03-31 00:00:00-04:00,118.5974388,120.4205101,118.1099853,119.0848923,118323800,AAPL
2021-03-31 00:00:00-04:00,215.5399933,224,213.7033386,222.6433258,100011900,TSLA
2021-04-01 00:00:00-04:00,13.53886204,13.83587908,13.47801128,13.7777729,308276000,NVDA
2021-04-01 00:00:00-04:00,120.5569858,121.0639341,119.4163391,119.9135437,75089100,AAPL
2021-04-01 00:00:00-04:00,229.456665,230.8066711,219.8066711,220.5833282,105895200,TSLA
2021-04-05 00:00:00-04:00,13.83338598,13.97952523,13.69921635,13.95309067,255672000,NVDA
2021-04-05 00:00:00-04:00,120.7617163,122.9942539,119.9817878,122.7407761,88651200,AAPL
2021-04-05 00:00:00-04:00,235.9033356,236.0533295,228.2333374,230.3500061,125528400,TSLA
2021-04-06 00:00:00-04:00,13.9653095,14.01967505,13.7396164,13.82739925,191744000,NVDA
2021-04-06 00:00:00-04:00,230.1000061,232.1833344,227.1233368,230.5399933,84815400,TSLA
2021-04-06 00:00:00-04:00,123.3257308,123.9399195,122.4970614,123.0430069,80171300,AAPL
2021-04-07 00:00:00-04:00,229,230.4600067,222.613327,223.656662,78928200,TSLA
2021-04-07 00:00:00-04:00,13.84660223,14.2084599,13.67776906,14.10870647,251284000,NVDA
2021-04-07 00:00:00-04:00,122.672548,124.7101,121.9998598,124.6906052,83466700,AAPL
2021-04-08 00:00:00-04:00,225.793335,229.8500061,223.8833313,227.9333344,71772900,TSLA
2021-04-08 00:00:00-04:00,14.21768736,14.43589921,14.21394578,14.28177929,244416000,NVDA
2021-04-08 00:00:00-04:00,125.7142449,127.1181132,125.295042,127.0888672,88844600,AAPL
2021-04-09 00:00:00-04:00,225.9233398,226.9900055,223.1433258,225.6733398,64311300,TSLA
2021-04-09 00:00:00-04:00,14.17903308,14.37255608,14.14012946,14.36457539,195172000,NVDA
2021-04-09 00:00:00-04:00,126.5429437,129.7016332,126.2212226,129.6626434,106686700,AAPL
2021-04-12 00:00:00-04:00,129.1946415,129.5163625,127.3520684,127.9467621,91420000,AAPL
2021-04-12 00:00:00-04:00,228.5666656,234.9333344,227.363327,233.9933319,87407100,TSLA
2021-04-13 00:00:00-04:00,129.1166919,131.2809868,128.6194798,131.0567474,91266500,AAPL
2021-04-13 00:00:00-04:00,237.5666656,254.3333282,236.886673,254.1066742,133958400,TSLA
2021-04-14 00:00:00-04:00,131.553932,131.612424,128.3562387,128.7169495,87222800,AAPL
2021-04-14 00:00:00-04:00,256.8999939,260.2633362,242.6766663,244.0766602,147052200,TSLA
2021-04-14 00:00:00-04:00,15.5865615,15.68182656,15.19003934,15.23941803,385500000,NVDA
2021-04-15 00:00:00-04:00,130.4620552,131.6124382,130.2865642,131.1249847,89347100,AAPL
2021-04-15 00:00:00-04:00,247.6999969,247.8966675,240.4366608,246.2833405,83546700,TSLA
2021-04-15 00:00:00-04:00,15.62396692,16.17435967,15.59304305,16.09754944,598480000,NVDA
2021-04-16 00:00:00-04:00,242.8833313,249.8033295,241.5333405,246.593338,83938500,TSLA
2021-04-16 00:00:00-04:00,16.01350551,16.12597912,15.82621755,15.87335205,335208000,NVDA
2021-04-16 00:00:00-04:00,130.9300044,131.2907152,129.9355952,130.7935181,84922400,AAPL
2021-04-19 00:00:00-04:00,15.49827882,15.76861205,15.19552529,15.3239584,404420000,NVDA
2021-04-19 00:00:00-04:00,130.1598536,132.0706782,129.9941211,131.4564819,94264200,AAPL
2021-04-19 00:00:00-04:00,239.8666687,241.8000031,230.6000061,238.2100067,119058600,TSLA
2021-04-20 00:00:00-04:00,15.28555288,15.45887536,14.92618962,15.13392735,334132000,NVDA
2021-04-20 00:00:00-04:00,131.6319273,132.1291245,128.5024698,129.7698517,94812300,AAPL
2021-04-20 00:00:00-04:00,239.1399994,245.75,236.8966675,239.6633301,106827000,TSLA
2021-04-21 00:00:00-04:00,15.0815569,15.32470783,15.06509797,15.3227129,216776000,NVDA
2021-04-21 00:00:00-04:00,129.0386921,130.3938122,128.005293,130.1500854,68847100,AAPL
2021-04-21 00:00:00-04:00,234.9233398,248.2799988,232.6666718,248.0399933,93646500,TSLA
2021-04-22 00:00:00-04:00,129.7016154,130.7837627,128.1125272,128.6292267,84566500,AAPL
2021-04-22 00:00:00-04:00,247.1666718,251.2566681,239.3466644,239.8966675,106770900,TSLA
2021-04-22 00:00:00-04:00,15.33717767,15.40052187,14.74713247,14.8137188,277788000,NVDA
2021-04-23 00:00:00-04:00,239.9333344,245.7866669,238.4866638,243.1333313,85110000,TSLA
2021-04-23 00:00:00-04:00,14.89750945,15.2972737,14.86359365,15.22769547,227500000,NVDA
2021-04-23 00:00:00-04:00,128.8437061,131.7294223,128.8437061,130.9495087,78657500,AAPL
2021-04-26 00:00:00-04:00,247,249.7666626,244.2033386,246.0666656,93115500,TSLA
2021-04-26 00:00:00-04:00,15.14764481,15.44092123,15.08779199,15.43992329,197796000,NVDA
2021-04-26 00:00:00-04:00,131.4467026,131.6709271,130.2085667,131.3394623,66905100,AAPL
2021-04-27 00:00:00-04:00,239.3200073,241.3333282,234.4499969,234.9133301,88311000,TSLA
2021-04-27 00:00:00-04:00,15.54017492,15.6319486,15.31672601,15.34390926,164572000,NVDA
2021-04-27 00:00:00-04:00,131.6221989,132.0121706,130.7447884,131.0177612,66015800,AAPL
2021-04-28 00:00:00-04:00,232.136673,236.1666718,231.1999969,231.4666595,66813000,TSLA
2021-04-28 00:00:00-04:00,130.9397203,131.6319107,129.7405892,130.2280426,107760100,AAPL
2021-04-28 00:00:00-04:00,15.32670177,15.49403945,15.17806816,15.23916721,209416000,NVDA
2021-04-29 00:00:00-04:00,133.0455309,133.6304809,129.1264014,130.1305542,151101000,AAPL
2021-04-29 00:00:00-04:00,233.1699982,234.0833282,222.8333282,225.6666718,86536200,TSLA
2021-04-29 00:00:00-04:00,15.36211576,15.39852595,15.03442407,15.2870512,173196000,NVDA
2021-04-30 00:00:00-04:00,128.473202,130.2085347,127.7810266,128.1612396,109839500,AAPL
2021-04-30 00:00:00-04:00,222.5299988,238.4900055,222.0466614,236.4799957,122276100,TSLA
2021-04-30 00:00:00-04:00,15.13717019,15.32720085,14.96010613,14.97257519,201912000,NVDA
2021-05-03 00:00:00-04:00,128.7266732,130.7057475,128.5219512,129.2141266,75135100,AAPL
2021-05-03 00:00:00-04:00,234.6000061,235.3333282,226.8333282,228.3000031,81129300,TSLA
2021-05-03 00:00:00-04:00,15.08779187,15.20924224,14.75112251,14.80025101,203912000,NVDA
2021-05-04 00:00:00-04:00,226.3133392,227.8166656,219.2333374,224.5333405,89217900,TSLA
2021-05-04 00:00:00-04:00,14.6012394,14.60148865,13.97578209,14.31594276,405324000,NVDA
2021-05-04 00:00:00-04:00,127.8980386,128.1905137,123.5207013,124.6418457,137564700,AAPL
2021-05-05 00:00:00-04:00,14.67281419,14.77705788,14.35210528,14.42293072,292024000,NVDA
2021-05-05 00:00:00-04:00,125.957963,127.1765965,124.7588317,124.8855743,84000900,AAPL
2021-05-05 00:00:00-04:00,227.0200043,228.4333344,222.4466705,223.6466675,65705700,TSLA
2021-05-06 00:00:00-04:00,14.45958956,14.53540281,14.1830223,14.48727131,193380000,NVDA
2021-05-06 00:00:00-04:00,124.6808447,126.4941721,123.9399133,126.4844284,78128300,AAPL
2021-05-06 00:00:00-04:00,226.9199982,227.0066681,216.6666718,221.1799927,83353800,TSLA
2021-05-07 00:00:00-04:00,14.77182037,14.93392003,14.63565582,14.77581024,229328000,NVDA
2021-05-07 00:00:00-04:00,127.7832945,128.1836741,126.4453928,127.1582947,78973300,AAPL
2021-05-07 00:00:00-04:00,221.9333344,230,220.0733337,224.1233368,70407600,TSLA
2021-05-10 00:00:00-04:00,126.3770127,126.5039558,123.8379431,123.8770065,88071200,AAPL
2021-05-10 00:00:00-04:00,221.6333313,221.6833344,209.2033386,209.6799927,94177200,TSLA
2021-05-10 00:00:00-04:00,14.75087141,14.76957547,14.21494353,14.23065472,268904000,NVDA
2021-05-11 00:00:00-04:00,199.7466736,209.0333405,198.5333405,205.7333374,139511700,TSLA
2021-05-11 00:00:00-04:00,13.79098932,14.31943597,13.71617402,14.27105522,285584000,NVDA
2021-05-11 00:00:00-04:00,120.6055176,123.3105936,119.8926234,122.9590378,126142800,AAPL
2021-05-12 00:00:00-04:00,200.8300018,206.8033295,195.5899963,196.6300049,101470800,TSLA
2021-05-12 00:00:00-04:00,13.97503328,14.22516692,13.67552285,13.72465134,303408000,NVDA
2021-05-12 00:00:00-04:00,120.5078633,121.7187992,119.3848145,119.8926239,112172300,AAPL
2021-05-13 00:00:00-04:00,200.5133362,202.1533356,186.5500031,190.5633392,132554700,TSLA
2021-05-13 00:00:00-04:00,13.99922506,14.04611032,13.42588906,13.63163185,285404000,NVDA
2021-05-13 00:00:00-04:00,121.6602025,123.1934059,121.3477027,122.0410614,105861300,AAPL
2021-05-14 00:00:00-04:00,13.8558298,14.29275201,13.71467743,14.20796108,258616000,NVDA
2021-05-14 00:00:00-04:00,123.2910866,124.8926494,122.9004599,124.4629593,81918000,AAPL
2021-05-14 00:00:00-04:00,194.4700012,197.6233368,190.1533356,196.5800018,100112700,TSLA
2021-05-17 00:00:00-04:00,123.8476976,123.9551201,122.2363674,123.310585,74244600,AAPL
2021-05-17 00:00:00-04:00,191.8500061,196.5766602,187.0666656,192.2766724,97171200,TSLA
2021-05-17 00:00:00-04:00,14.12217133,14.13439114,13.81941876,14.13065052,216980000,NVDA
2021-05-18 00:00:00-04:00,123.5937878,124.0137101,121.8555072,121.9238663,63342900,AAPL
2021-05-18 00:00:00-04:00,189.3333282,198.75,187.793335,192.6233368,110491800,TSLA
2021-05-18 00:00:00-04:00,14.23190103,14.36881332,13.96954757,13.98126888,186256000,NVDA
2021-05-19 00:00:00-04:00,120.2734839,121.9922292,119.9805121,121.7676239,92612000,AAPL
2021-05-19 00:00:00-04:00,184.1833344,188.7366638,182.3266602,187.8200073,118735200,TSLA
2021-05-19 00:00:00-04:00,13.5331248,14.04486325,13.50993237,14.031147,344000000,NVDA
2021-05-20 00:00:00-04:00,122.2949875,124.7266273,122.1680296,124.3262329,76857100,AAPL
2021-05-20 00:00:00-04:00,14.26731366,14.64762611,14.2353928,14.57655144,321592000,NVDA
2021-05-20 00:00:00-04:00,191.6666718,196.2833405,190.3566742,195.593338,92463300,TSLA
2021-05-21 00:00:00-04:00,124.8242726,125.0000542,122.2754427,122.4902878,79295400,AAPL
2021-05-21 00:00:00-04:00,198.7033386,198.8933258,193.3333282,193.6266632,78091800,TSLA
2021-05-24 00:00:00-04:00,15.17507697,15.70626729,15.13866678,15.57359505,554816000,NVDA
2021-05-24 00:00:00-04:00,123.0566896,124.9414562,122.9883305,124.1211395,63092900,AAPL
2021-05-24 00:00:00-04:00,193.8666687,204.8266602,191.2166595,202.1466675,103674300,TSLA
2021-05-25 00:00:00-04:00,15.72721286,15.77958348,15.4444106,15.60925388,435408000,NVDA
2021-05-25 00:00:00-04:00,124.8242631,125.3125519,123.3594188,123.925827,72009500,AAPL
2021-05-25 00:00:00-04:00,202.4366608,204.6633301,198.5700073,201.5633392,84017700,TSLA
2021-05-26 00:00:00-04:00,123.984429,124.4043514,123.4570842,123.8770065,56575900,AAPL
2021-05-26 00:00:00-04:00,202.5200043,208.7233276,200.5,206.3766632,85917900,TSLA
2021-05-26 00:00:00-04:00,15.69554009,15.75489344,15.54790444,15.66137409,370440000,NVDA
2021-05-27 00:00:00-04:00,206.7466736,210.3766632,205.4033356,210.2833405,79111800,TSLA
2021-05-27 00:00:00-04:00,15.6611259,15.71125233,15.42196582,15.44989681,581476000,NVDA
2021-05-27 00:00:00-04:00,123.47662,124.6484925,122.1484938,122.3438034,94625600,AAPL
2021-05-28 00:00:00-04:00,209.5,211.863327,207.4600067,208.406662,68211000,TSLA
2021-05-28 00:00:00-04:00,122.6270137,122.8516265,121.6309228,121.6895142,71311100,AAPL
2021-06-01 00:00:00-04:00,209.2666626,211.2666626,206.8500061,207.9666595,54254700,TSLA
2021-06-01 00:00:00-04:00,16.22997266,16.34793163,15.86412423,16.2244854,472804000,NVDA
2021-06-01 00:00:00-04:00,122.1484789,122.4121476,121.0351979,121.3672256,67637100,AAPL
2021-06-02 00:00:00-04:00,206.7100067,207.7866669,199.7133331,201.706665,69908400,TSLA
2021-06-02 00:00:00-04:00,121.3672417,122.3047413,121.1426364,122.1289597,59278900,AAPL
2021-06-02 00:00:00-04:00,16.21226962,16.8771301,16.19556049,16.73697472,594168000,NVDA
2021-06-03 00:00:00-04:00,121.7578504,121.9238643,120.2441751,120.6445694,76229200,AAPL
2021-06-03 00:00:00-04:00,200.6000061,201.5166626,190.406662,190.9466705,90335700,TSLA
2021-06-03 00:00:00-04:00,16.6596622,17.21653919,16.54220173,16.9279995,580008000,NVDA
2021-06-04 00:00:00-04:00,121.1621548,123.203175,120.9473098,122.9394989,75169300,AAPL
2021-06-04 00:00:00-04:00,193.2366638,200.2033386,192.3999939,199.6833344,72110700,TSLA
2021-06-04 00:00:00-04:00,17.07040346,17.61755424,17.05344698,17.53500938,617120000,NVDA
2021-06-07 00:00:00-04:00,123.2129332,123.3594191,121.9043426,122.9492645,71057600,AAPL
2021-06-07 00:00:00-04:00,197.2766724,203.3333282,194.293335,201.7100067,67631100,TSLA
2021-06-07 00:00:00-04:00,17.52802008,17.76867562,17.15045132,17.57565117,575756000,NVDA
2021-06-08 00:00:00-04:00,207.6699982,207.6966705,198.5,201.1966705,78160200,TSLA
2021-06-08 00:00:00-04:00,17.48412778,17.57814562,17.2085566,17.41405106,323848000,NVDA
2021-06-08 00:00:00-04:00,123.6328664,125.4492816,123.2520075,123.7695847,74403800,AAPL
2021-06-09 00:00:00-04:00,17.47666499,17.53578265,17.21724494,17.31951523,381656000,NVDA
2021-06-09 00:00:00-04:00,124.2285785,124.7559234,123.5547476,124.1504517,56877900,AAPL
2021-06-09 00:00:00-04:00,200.7233276,203.9299927,199.2100067,199.593338,49753800,TSLA
2021-06-10 00:00:00-04:00,17.31128453,17.45296786,17.13767302,17.38611603,287772000,NVDA
2021-06-10 00:00:00-04:00,124.0430187,125.1856029,122.9883364,123.1543503,71186400,AAPL
2021-06-10 00:00:00-04:00,201.293335,205.5299988,200.1666718,203.3733368,71758800,TSLA
2021-06-11 00:00:00-04:00,17.44049549,17.89922071,17.40482583,17.78547478,416308000,NVDA
2021-06-11 00:00:00-04:00,123.5644989,124.4531747,123.1445766,124.3652802,53522400,AAPL
2021-06-11 00:00:00-04:00,203.4100037,204.1866608,200.5066681,203.2966614,48615900,TSLA
2021-06-14 00:00:00-04:00,17.86604861,17.99924989,17.62334145,17.97854614,321376000,NVDA
2021-06-14 00:00:00-04:00,204.0766602,208.4966736,203.0599976,205.8966675,61272000,TSLA
2021-06-14 00:00:00-04:00,124.8242599,127.4805045,124.0918378,127.4219131,96906500,AAPL
2021-06-15 00:00:00-04:00,205.5633392,205.5966644,199.4100037,199.7866669,53292300,TSLA
2021-06-15 00:00:00-04:00,17.87502096,17.9760447,17.68843801,17.74880219,243032000,NVDA
2021-06-15 00:00:00-04:00,126.8945878,127.5391229,126.3574752,126.6016159,62746300,AAPL
2021-06-16 00:00:00-04:00,199.1799927,202.8333282,197.8333282,201.6233368,66432300,TSLA
2021-06-16 00:00:00-04:00,17.75105059,17.91468419,17.54525969,17.77050591,307124000,NVDA
2021-06-16 00:00:00-04:00,127.3144925,127.8223094,125.4492688,127.0996475,91815000,AAPL
2021-06-17 00:00:00-04:00,200.6300049,207.156662,200.4466705,205.5333405,68104200,TSLA
2021-06-17 00:00:00-04:00,126.757852,129.4433996,126.6113586,128.7012024,96721700,AAPL
2021-06-18 00:00:00-04:00,127.6465608,128.4277993,127.187575,127.40242,108953300,AAPL
2021-06-18 00:00:00-04:00,204.456665,209.4499969,203.9333344,207.7700043,73682700,TSLA
2021-06-21 00:00:00-04:00,127.2461389,129.306687,126.181689,129.1992645,79663300,AAPL
2021-06-21 00:00:00-04:00,208.1600037,210.4633331,202.9600067,206.9433289,74438100,TSLA
2021-06-22 00:00:00-04:00,129.0332572,130.9375518,128.5352006,130.8398895,74783600,AAPL
2021-06-22 00:00:00-04:00,206.0833282,209.5233307,205.1666718,207.9033356,57476700,TSLA
2021-06-22 00:00:00-04:00,18.4302785,18.92143041,18.34496859,18.84460068,580144000,NVDA
2021-06-23 00:00:00-04:00,130.6348186,131.1719311,130.1074663,130.566452,60214200,AAPL
2021-06-23 00:00:00-04:00,210.6666718,219.0666656,210.0133362,218.8566742,93297600,TSLA
2021-06-23 00:00:00-04:00,18.96533187,19.11000874,18.86555465,19.01472092,332356000,NVDA
2021-06-24 00:00:00-04:00,224.9966736,232.5399933,222.5366669,226.6066742,137947200,TSLA
2021-06-24 00:00:00-04:00,19.18484682,19.37666714,19.04565652,19.16264534,320924000,NVDA
2021-06-24 00:00:00-04:00,131.2988831,131.4844324,129.8145032,130.2832642,68711000,AAPL
2021-06-25 00:00:00-04:00,19.23747461,19.30233009,18.85233632,18.98853111,278364000,NVDA
2021-06-25 00:00:00-04:00,130.3320984,130.7520133,129.6973235,129.9902954,70783700,AAPL
2021-06-25 00:00:00-04:00,229.8600006,231.2700043,222.8999939,223.956665,97490100,TSLA
2021-06-28 00:00:00-04:00,19.31804608,20.03394569,19.27589068,19.94040489,495436000,NVDA
2021-06-28 00:00:00-04:00,130.2832683,132.0801406,130.2246769,131.6211548,62111300,AAPL
2021-06-28 00:00:00-04:00,223.8800049,231.5666656,223.4400024,229.5733337,64884600,TSLA
2021-06-29 00:00:00-04:00,19.83813241,20.05389932,19.6131355,19.98206139,367632000,NVDA
2021-06-29 00:00:00-04:00,131.6406564,133.2910498,131.2012061,133.1347961,64556100,AAPL
2021-06-29 00:00:00-04:00,228.2166595,229.1699982,225.2966614,226.9199982,52143900,TSLA
2021-06-30 00:00:00-04:00,132.978568,134.1895114,132.6855962,133.750061,63261400,AAPL
2021-06-30 00:00:00-04:00,226.5899963,230.9366608,226.0466614,226.5666656,56774700,TSLA
2021-06-30 00:00:00-04:00,19.9546238,20.11750949,19.8194262,19.95786667,326568000,NVDA
2021-07-01 00:00:00-04:00,227.9733276,229.3300018,224.2666626,225.9733276,55903500,TSLA
2021-07-01 00:00:00-04:00,20.08009297,20.41035375,19.9743286,20.16689873,480136000,NVDA
2021-07-01 00:00:00-04:00,133.3984849,134.1113715,132.5781608,134.0527802,52485800,AAPL
2021-07-02 00:00:00-04:00,226.3266602,233.3333282,224.4199982,226.3000031,81163500,TSLA
2021-07-02 00:00:00-04:00,20.39463748,20.45949296,20.24247763,20.44128227,342764000,NVDA
2021-07-02 00:00:00-04:00,134.6680465,136.718835,134.521568,136.6797791,78852600,AAPL
2021-07-06 00:00:00-04:00,227.2366638,228,217.1333313,219.8600006,69853500,TSLA
2021-07-06 00:00:00-04:00,20.69122194,20.79548856,20.30483713,20.65230942,446708000,NVDA
2021-07-06 00:00:00-04:00,136.7871726,139.7949732,136.7871726,138.6914673,108181800,AAPL
2021-07-07 00:00:00-04:00,221.4233398,221.8999939,212.7733307,214.8833313,56376000,TSLA
2021-07-07 00:00:00-04:00,140.1758433,141.4942093,139.3164781,141.1817169,104911600,AAPL
2021-07-07 00:00:00-04:00,20.80696559,20.82841725,20.28662969,20.32629013,418428000,NVDA
2021-07-08 00:00:00-04:00,138.2617454,140.6836167,137.3730698,139.882843,105575500,AAPL
2021-07-08 00:00:00-04:00,209.456665,218.1433258,206.8200073,217.6033325,68319900,TSLA
2021-07-08 00:00:00-04:00,19.81219312,20.08807494,19.65679038,19.85833931,503300000,NVDA
2021-07-09 00:00:00-04:00,139.4043413,142.2363675,139.3066791,141.7090302,99890800,AAPL
2021-07-09 00:00:00-04:00,217.7266693,219.636673,214.8966675,218.9833374,54421500,TSLA
2021-07-09 00:00:00-04:00,19.91795095,20.03543834,19.71016564,20.00550461,296624000,NVDA
2021-07-12 00:00:00-04:00,142.7832714,142.890694,140.6250608,141.1133423,76299700,AAPL
2021-07-12 00:00:00-04:00,220.7333374,229.0800018,220.7200012,228.5666656,77781000,TSLA
2021-07-12 00:00:00-04:00,20.19483529,20.48693144,20.14270197,20.46672821,321984000,NVDA
2021-07-13 00:00:00-04:00,228.7733307,231.093338,222.1000061,222.8466644,62898300,TSLA
2021-07-13 00:00:00-04:00,20.35498036,20.41559577,20.06912059,20.20481682,290708000,NVDA
2021-07-13 00:00:00-04:00,140.6543566,144.0039752,140.2637374,142.2266235,100827100,AAPL
2021-07-14 00:00:00-04:00,20.31232071,20.37218629,19.70867125,19.79722214,380100000,NVDA
2021-07-14 00:00:00-04:00,144.6289939,146.0645428,144.2188243,145.6543732,127050800,AAPL
2021-07-14 00:00:00-04:00,223.5833282,226.2033386,217.613327,217.793335,64923600,TSLA
2021-07-15 00:00:00-04:00,19.76753957,19.80271062,18.81641591,18.9239254,550564000,NVDA
2021-07-15 00:00:00-04:00,145.7422277,146.48441,143.6426089,145.0000305,106820300,AAPL
2021-07-15 00:00:00-04:00,219.4633331,222.0466614,212.6266632,216.8666687,60628800,TSLA
2021-07-16 00:00:00-04:00,218.2266693,218.8999939,214.0666656,214.7400055,49113000,TSLA
2021-07-16 00:00:00-04:00,144.9805069,146.2500265,142.4609733,142.9590149,93251400,AAPL
2021-07-19 00:00:00-04:00,209.9633331,215.7333374,207.0966644,215.406662,63891300,TSLA
2021-07-19 00:00:00-04:00,140.3809086,140.6934158,138.3496561,139.1113739,121434600,AAPL
2021-07-20 00:00:00-04:00,217.3300018,220.7966614,213.5,220.1666718,46461300,TSLA
2021-07-20 00:00:00-04:00,18.68819987,18.79595865,18.12346303,18.57046318,434687000,NVDA
2021-07-20 00:00:00-04:00,140.0977286,143.6524171,139.6094471,142.7246704,96350000,AAPL
2021-07-21 00:00:00-04:00,219.8699951,221.6199951,216.7633362,218.4299927,41859900,TSLA
2021-07-21 00:00:00-04:00,18.83986609,19.48342728,18.7001791,19.36668777,371017000,NVDA
2021-07-21 00:00:00-04:00,142.1191759,142.7051196,141.2402754,141.992218,74993500,AAPL
2021-07-22 00:00:00-04:00,19.59816903,19.84262124,19.23298463,19.5502758,323826000,NVDA
2021-07-22 00:00:00-04:00,142.5196065,144.7266335,142.3926486,143.3594513,77338200,AAPL
2021-07-22 00:00:00-04:00,218.8133392,220.7233276,214.8666687,216.4199982,45317100,TSLA
2021-07-23 00:00:00-04:00,144.0918628,145.2344397,143.4766234,145.078186,71447400,AAPL
2021-07-23 00:00:00-04:00,215.4533386,216.2666626,212.4333344,214.4600067,43814700,TSLA
2021-07-23 00:00:00-04:00,19.61214133,19.65604378,19.20704711,19.51436043,195672000,NVDA
2021-07-26 00:00:00-04:00,144.795027,146.3184632,144.2383788,145.4981537,72434100,AAPL
2021-07-26 00:00:00-04:00,216.9900055,222.7333374,215.7033386,219.206665,76009800,TSLA
2021-07-26 00:00:00-04:00,19.26790831,19.3986146,18.87179295,19.25094604,203943000,NVDA
2021-07-27 00:00:00-04:00,145.6250685,145.7129705,142.1387464,143.3301544,104818600,AAPL
2021-07-27 00:00:00-04:00,221.1333313,222.1666718,209.0800018,214.9266663,98439900,TSLA
2021-07-27 00:00:00-04:00,19.22201409,19.57821787,18.6991831,19.16514206,248863000,NVDA
2021-07-28 00:00:00-04:00,141.4160631,143.5254425,139.1992613,141.582077,118931200,AAPL
2021-07-28 00:00:00-04:00,19.27588897,19.60215892,18.95261258,19.45947838,202191000,NVDA
2021-07-28 00:00:00-04:00,215.6666718,218.3233337,213.1333313,215.6600037,48019800,TSLA
2021-07-29 00:00:00-04:00,19.47543967,19.80869584,19.28486593,19.6181221,190781000,NVDA
2021-07-29 00:00:00-04:00,141.2988917,143.1152994,141.1914692,142.2266235,56699500,AAPL
2021-07-29 00:00:00-04:00,216.5966644,227.8966675,216.2666626,225.7833405,91183800,TSLA
2021-07-30 00:00:00-04:00,19.37466578,19.58619257,19.2200129,19.4554863,183497000,NVDA
2021-07-30 00:00:00-04:00,140.9961583,142.900453,140.7324822,142.4414673,70440600,AAPL
2021-07-30 00:00:00-04:00,223.9199982,232.5099945,223,229.0666656,88969200,TSLA
2021-08-02 00:00:00-04:00,19.65603923,19.91645648,19.31779503,19.7059269,217444000,NVDA
2021-08-02 00:00:00-04:00,142.9297453,143.5059138,141.8457599,142.109436,62880000,AAPL
2021-08-02 00:00:00-04:00,233.3333282,242.3133392,232.8000031,236.5566711,100847400,TSLA
2021-08-03 00:00:00-04:00,142.3926657,144.5703973,141.7774262,143.9063416,64786600,AAPL
2021-08-03 00:00:00-04:00,239.6666718,240.8833313,233.6699982,236.5800018,64860900,TSLA
2021-08-03 00:00:00-04:00,19.69594908,20.17687382,19.17710902,19.77078247,301811000,NVDA
2021-08-04 00:00:00-04:00,237,241.6333313,236.3099976,236.9733276,51007800,TSLA
2021-08-04 00:00:00-04:00,19.94539122,20.27266029,19.78375208,20.22875786,231309000,NVDA
2021-08-04 00:00:00-04:00,143.8184124,144.3262144,142.8516098,143.5059052,56368300,AAPL
2021-08-05 00:00:00-04:00,238.6666718,240.3166656,237.136673,238.2100067,38758800,TSLA
2021-08-05 00:00:00-04:00,20.45425469,20.68673455,20.29660631,20.5909481,211435000,NVDA
2021-08-05 00:00:00-04:00,143.5352002,144.3750448,142.7441867,143.613327,46397700,AAPL
2021-08-06 00:00:00-04:00,237.3000031,238.7766724,232.543335,233.0333405,46869000,TSLA
2021-08-06 00:00:00-04:00,20.47819735,20.52409422,20.16489701,20.32054901,178497000,NVDA
2021-08-06 00:00:00-04:00,143.1341182,143.8774127,142.4299383,142.9287262,54126800,AAPL
2021-08-09 00:00:00-04:00,20.40037411,20.46223603,20.09805075,20.24971199,146443000,NVDA
2021-08-09 00:00:00-04:00,142.9874052,143.4764183,142.3223547,142.8798218,48908700,AAPL
2021-08-09 00:00:00-04:00,236.7233276,239.6766663,235.043335,237.9199982,44145900,TSLA
2021-08-10 00:00:00-04:00,143.2221426,144.4642399,142.1071934,142.4006042,69023100,AAPL
2021-08-10 00:00:00-04:00,237.9966736,238.863327,233.9600067,236.6633301,40296900,TSLA
2021-08-10 00:00:00-04:00,20.27665409,20.38441291,19.79073937,19.89151573,179238000,NVDA
2021-08-11 00:00:00-04:00,142.8406888,143.4959643,142.3321111,142.6548615,48493500,AAPL
2021-08-11 00:00:00-04:00,237.5700073,238.3933258,234.7366638,235.9400024,29401800,TSLA
2021-08-11 00:00:00-04:00,19.99827296,20.00426009,19.38664192,19.65504074,185925000,NVDA
2021-08-12 00:00:00-04:00,142.977619,145.7747739,142.6353039,145.6182861,72282600,AAPL
2021-08-12 00:00:00-04:00,235.4466705,240.9333344,233.1333313,240.75,52377300,TSLA
2021-08-12 00:00:00-04:00,19.82566441,19.98430813,19.57622225,19.86058617,151652000,NVDA
2021-08-13 00:00:00-04:00,241.2366638,243.3000031,238.113327,239.0566711,50194500,TSLA
2021-08-13 00:00:00-04:00,19.86058441,20.16889492,19.80670406,20.14295197,183063000,NVDA
2021-08-13 00:00:00-04:00,145.6965213,146.1561947,145.0119061,145.8236694,59375000,AAPL
2021-08-16 00:00:00-04:00,20.09006989,20.24173114,19.40959063,19.90548325,210876000,NVDA
2021-08-16 00:00:00-04:00,145.275977,147.8677549,143.2514709,147.7992859,103296000,AAPL
2021-08-16 00:00:00-04:00,235.0233307,236.5,225.4666595,228.7233276,68032200,TSLA
2021-08-17 00:00:00-04:00,19.64107212,19.72588343,19.22400563,19.41457939,204585000,NVDA
2021-08-17 00:00:00-04:00,146.9288697,148.3470047,145.8139205,146.8897552,92229700,AAPL
2021-08-17 00:00:00-04:00,224.2200012,224.8600006,216.2799988,221.9033356,71163900,TSLA
2021-08-18 00:00:00-04:00,19.45648736,19.59018913,18.95760307,18.99751472,285913000,NVDA
2021-08-18 00:00:00-04:00,146.5083179,147.4081002,142.9385136,143.1439056,86326000,AAPL
2021-08-18 00:00:00-04:00,223.25,231.9233398,223.1166687,229.6633301,61048200,TSLA
2021-08-19 00:00:00-04:00,226.0700073,228.8500061,222.5299988,224.4900055,42940500,TSLA
2021-08-19 00:00:00-04:00,141.8431234,144.7478621,141.3247707,143.4764252,86960300,AAPL
2021-08-20 00:00:00-04:00,227.6166687,230.7100067,224.5666656,226.7533264,44525700,TSLA
2021-08-20 00:00:00-04:00,144.2001506,145.2368557,143.5546499,144.93367,60549600,AAPL
2021-08-23 00:00:00-04:00,228.4799957,237.3766632,226.9166718,235.4333344,60794700,TSLA
2021-08-23 00:00:00-04:00,20.92419975,21.9479091,20.90324671,21.90899658,575807000,NVDA
2021-08-23 00:00:00-04:00,145.0510578,146.8897517,144.6402886,146.4203033,60131800,AAPL
2021-08-24 00:00:00-04:00,236.8933258,238.406662,234.2133331,236.1633301,39249300,TSLA
2021-08-24 00:00:00-04:00,21.70446356,21.9100033,21.48694957,21.74437332,297299000,NVDA
2021-08-24 00:00:00-04:00,146.1660127,147.5450333,145.8726019,146.3322754,48606400,AAPL
2021-08-25 00:00:00-04:00,21.68849166,22.41985571,21.67352574,22.16342926,347701000,NVDA
2021-08-25 00:00:00-04:00,146.5180799,147.0168827,144.5522529,145.0999451,58991300,AAPL
2021-08-25 00:00:00-04:00,235.6766663,238.9900055,234.6666718,237.0666656,37936800,TSLA
2021-08-26 00:00:00-04:00,145.090172,145.8432413,144.2686188,144.2979584,48597200,AAPL
2021-08-26 00:00:00-04:00,236.1033325,238.4666595,232.5399933,233.7200012,39642900,TSLA
2021-08-26 00:00:00-04:00,22.15046036,22.29014734,21.74137545,22.01875496,237940000,NVDA
2021-08-27 00:00:00-04:00,144.2392566,145.4813537,143.6035457,145.3346558,55802400,AAPL
2021-08-27 00:00:00-04:00,235,238.3333282,234.0333405,237.3066711,41501400,TSLA
2021-08-27 00:00:00-04:00,22.13450008,22.67129973,22.11753781,22.58549118,304722000,NVDA
2021-08-30 00:00:00-04:00,145.7258781,150.1172204,145.3444486,149.7553406,90956700,AAPL
2021-08-30 00:00:00-04:00,238.2400055,243.6666718,237.5766602,243.636673,55812600,TSLA
2021-08-30 00:00:00-04:00,22.77905055,22.99157454,22.50067386,22.63736725,262580000,NVDA
2021-08-31 00:00:00-04:00,149.3054769,149.4423999,147.9655709,148.4937134,86453100,AAPL
2021-08-31 00:00:00-04:00,22.64834767,22.64834767,22.07453079,22.33898544,259850000,NVDA
2021-08-31 00:00:00-04:00,244.3333282,246.7966614,242.1466675,245.2400055,62566200,TSLA
2021-09-01 00:00:00-04:00,22.43878476,22.65034891,22.31104759,22.39487457,201767000,NVDA
2021-09-01 00:00:00-04:00,149.4717127,151.5744626,148.9924746,149.1587372,80313700,AAPL
2021-09-01 00:00:00-04:00,244.6933289,247.3300018,243.7566681,244.6966705,39612900,TSLA
2021-09-02 00:00:00-04:00,22.47171503,22.54656163,22.24917382,22.34996605,187834000,NVDA
2021-09-02 00:00:00-04:00,150.4888638,151.3201919,149.0511643,150.2736969,71115500,AAPL
2021-09-02 00:00:00-04:00,244.8333282,246.9900055,243.5133362,244.1300049,38331900,TSLA
2021-09-03 00:00:00-04:00,22.27911043,22.93875101,22.15436738,22.7960453,280532000,NVDA
2021-09-03 00:00:00-04:00,150.3812662,151.2321589,149.7259906,150.9094086,57808700,AAPL
2021-09-03 00:00:00-04:00,244.0833282,244.6666718,241.3999939,244.5233307,45738300,TSLA
2021-09-07 00:00:00-04:00,151.5646814,153.8043542,150.9974246,153.2468872,82278300,AAPL
2021-09-07 00:00:00-04:00,246.6666718,253.3999939,246.4199982,250.9733276,60119400,TSLA
2021-09-07 00:00:00-04:00,22.78606551,22.85192982,22.47570396,22.61541748,198107000,NVDA
2021-09-08 00:00:00-04:00,253.8600006,254.8166656,246.9233398,251.2899933,56379000,TSLA
2021-09-08 00:00:00-04:00,22.4667234,22.56352413,21.93182398,22.29308128,254434000,NVDA
2021-09-08 00:00:00-04:00,153.5305182,153.5891974,150.5964402,151.7016144,74420200,AAPL
2021-09-09 00:00:00-04:00,251.136673,254.0333405,250.543335,251.6199951,42233100,TSLA
2021-09-09 00:00:00-04:00,22.26613714,22.49167243,22.08550944,22.13141441,196856000,NVDA
2021-09-09 00:00:00-04:00,152.0732585,152.6796298,150.5670902,150.6844635,57305700,AAPL
2021-09-10 00:00:00-04:00,253.1999969,254.2033386,244.8399963,245.4233398,45552600,TSLA
2021-09-10 00:00:00-04:00,22.30206507,22.57949355,22.22422628,22.43179893,248376000,NVDA
2021-09-10 00:00:00-04:00,151.5940129,152.0634611,145.4324468,145.6965179,140893200,AAPL
2021-09-13 00:00:00-04:00,246.7366638,248.2599945,236.2833405,247.6666718,68857500,TSLA
2021-09-13 00:00:00-04:00,147.3200638,148.0926978,145.4813701,146.2637939,102404300,AAPL
2021-09-13 00:00:00-04:00,22.63737234,22.91679748,21.81307,22.10646629,297500000,NVDA
2021-09-14 00:00:00-04:00,147.0462125,147.7503924,143.6818008,144.8652039,109296300,AAPL
2021-09-14 00:00:00-04:00,247.5233307,251.4900055,245.4666595,248.1633301,55574700,TSLA
2021-09-14 00:00:00-04:00,22.22921073,22.36393345,22.04060007,22.19627953,199755000,NVDA
2021-09-15 00:00:00-04:00,145.2955603,146.1562281,143.1536807,145.7552338,83281300,AAPL
2021-09-15 00:00:00-04:00,248.3333282,252.2866669,246.1199951,251.9433289,46073100,TSLA
2021-09-15 00:00:00-04:00,22.26314637,22.32102772,21.92085096,22.29508018,166538000,NVDA
2021-09-16 00:00:00-04:00,145.1781772,145.6965297,143.9849843,145.5204773,68034100,AAPL
2021-09-16 00:00:00-04:00,250.9433289,252.9700012,249.2033386,252.3300018,41770200,TSLA
2021-09-16 00:00:00-04:00,22.13740079,22.23120743,21.88192651,22.19627953,156033000,NVDA
2021-09-17 00:00:00-04:00,252.3833313,253.6799927,250,253.1633301,84612600,TSLA
2021-09-17 00:00:00-04:00,22.25415976,22.2751165,21.78512657,21.85498238,294503000,NVDA
2021-09-17 00:00:00-04:00,145.5498405,145.5498405,142.5570683,142.8504791,129868800,AAPL
2021-09-20 00:00:00-04:00,21.10253226,21.38894296,20.61952792,21.06960106,349440000,NVDA
2021-09-20 00:00:00-04:00,140.6401908,141.6573316,138.1657853,139.7990875,123478900,AAPL
2021-09-20 00:00:00-04:00,244.8533325,247.3333282,239.5399933,243.3899994,74273100,TSLA
2021-09-21 00:00:00-04:00,21.37297383,21.38095681,20.90693477,21.20232582,204688000,NVDA
2021-09-21 00:00:00-04:00,140.767257,141.4225474,139.6425332,140.278244,75834000,AAPL
2021-09-21 00:00:00-04:00,244.9299927,248.2466736,243.4799957,246.4600067,48992100,TSLA
2021-09-22 00:00:00-04:00,21.32208187,21.91486077,21.15243122,21.89590073,268726000,NVDA
2021-09-22 00:00:00-04:00,141.2758656,143.2123531,140.542346,142.6451111,76404300,AAPL
2021-09-22 00:00:00-04:00,247.843338,251.2233276,246.3733368,250.6466675,45378900,TSLA
2021-09-23 00:00:00-04:00,143.427509,143.8480679,142.4397081,143.6035614,64838200,AAPL
2021-09-23 00:00:00-04:00,251.6666718,252.7333374,249.3066711,251.2133331,35842500,TSLA
2021-09-23 00:00:00-04:00,22.09448737,22.48867584,21.84500128,22.43578529,248555000,NVDA
2021-09-24 00:00:00-04:00,248.6300049,258.2666626,248.1866608,258.1300049,64119000,TSLA
2021-09-24 00:00:00-04:00,22.02463122,22.1034693,21.81606122,22.03560829,217655000,NVDA
2021-09-24 00:00:00-04:00,142.459297,144.229522,142.3614884,143.6916046,53477900,AAPL
2021-09-27 00:00:00-04:00,257.706665,266.3333435,256.436676,263.7866821,84212100,TSLA
2021-09-27 00:00:00-04:00,21.66537307,21.75419083,21.28116613,21.61547661,245215000,NVDA
2021-09-27 00:00:00-04:00,142.2734525,142.7526906,140.6597155,142.1756439,74150700,AAPL
2021-09-28 00:00:00-04:00,262.3999939,265.2133179,255.3933258,259.186676,76144200,TSLA
2021-09-28 00:00:00-04:00,21.17039293,21.37497145,20.60854861,20.65645027,343069000,NVDA
2021-09-28 00:00:00-04:00,140.102223,141.569262,138.5765048,138.7916718,108972300,AAPL
2021-09-29 00:00:00-04:00,20.89695766,20.97379905,20.42492845,20.47482681,218394000,NVDA
2021-09-29 00:00:00-04:00,139.3393469,141.2758339,138.9090131,139.6914368,74602000,AAPL
2021-09-29 00:00:00-04:00,259.9333191,264.5,256.8933411,260.436676,62828700,TSLA
2021-09-30 00:00:00-04:00,140.5032259,141.2074058,138.1755191,138.390686,89056700,AAPL
2021-09-30 00:00:00-04:00,260.3333435,263.043335,258.3333435,258.4933472,53868000,TSLA
2021-09-30 00:00:00-04:00,20.72531503,21.02270288,20.64547953,20.67342186,221009000,NVDA
2021-10-01 00:00:00-04:00,138.7818767,139.7794673,136.0531908,139.5153961,94639600,AAPL
2021-10-01 00:00:00-04:00,259.4666748,260.2600098,254.5299988,258.4066772,51094200,TSLA
2021-10-01 00:00:00-04:00,20.70734669,20.81612188,20.16147021,20.69936371,240978000,NVDA
2021-10-04 00:00:00-04:00,138.6449425,139.0850661,135.2316418,136.0825195,98322000,AAPL
2021-10-04 00:00:00-04:00,265.5,268.9899902,258.706665,260.5100098,91449900,TSLA
2021-10-04 00:00:00-04:00,20.46185307,20.49977507,19.51480437,19.69144058,345635000,NVDA
2021-10-05 00:00:00-04:00,136.4248646,139.1144363,136.2977164,138.0092621,80861100,AAPL
2021-10-05 00:00:00-04:00,19.90899077,20.60555588,19.81318744,20.40896034,279282000,NVDA
2021-10-05 00:00:00-04:00,261.6000061,265.769989,258.0666809,260.1966553,55297800,TSLA
2021-10-06 00:00:00-04:00,20.07864205,20.67740716,20.03872336,20.65744972,297202000,NVDA
2021-10-06 00:00:00-04:00,136.405325,139.0264282,135.3294901,138.8797302,83221100,AAPL
2021-10-06 00:00:00-04:00,258.7333374,262.2200012,257.7399902,260.9166565,43898400,TSLA
2021-10-07 00:00:00-04:00,21.04864632,21.27817502,20.92889404,21.03168297,256919000,NVDA
2021-10-07 00:00:00-04:00,139.9163851,141.0508988,139.5838599,140.1413269,61732700,AAPL
2021-10-07 00:00:00-04:00,261.8200073,268.3333435,261.1266785,264.5366821,57587400,TSLA
2021-10-08 00:00:00-04:00,21.05762485,21.16240855,20.73229475,20.7881794,151258000,NVDA
2021-10-08 00:00:00-04:00,140.8651078,141.0118058,139.4274082,139.7599335,58773200,AAPL
2021-10-08 00:00:00-04:00,265.4033203,265.4599915,260.3033447,261.8299866,50215800,TSLA
2021-10-11 00:00:00-04:00,139.1437476,141.6279268,138.6938491,139.671875,64452200,AAPL
2021-10-11 00:00:00-04:00,262.5499878,267.0799866,261.8333435,263.980011,42600900,TSLA
2021-10-11 00:00:00-04:00,20.53270593,21.01970175,20.46883641,20.65245819,163388000,NVDA
2021-10-12 00:00:00-04:00,266.9766541,270.7733459,265.5233459,268.5733337,66060000,TSLA
2021-10-12 00:00:00-04:00,20.78519023,21.01371965,20.4858076,20.62851334,162134000,NVDA
2021-10-12 00:00:00-04:00,140.0826575,140.1022222,137.9407783,138.4004517,73035900,AAPL
2021-10-13 00:00:00-04:00,270.1566772,271.8033447,268.5933228,270.3599854,42360300,TSLA
2021-10-13 00:00:00-04:00,20.8750012,20.94685371,20.67042267,20.89595795,180652000,NVDA
2021-10-13 00:00:00-04:00,138.1363948,138.2928676,136.1412134,137.8136444,78762700,AAPL
2021-10-14 00:00:00-04:00,271.8299866,273.4166565,271.1166687,272.7733459,36741600,TSLA
2021-10-14 00:00:00-04:00,21.24423907,21.71027813,21.07857995,21.70129776,243589000,NVDA
2021-10-14 00:00:00-04:00,138.9873064,140.718417,138.4004847,140.6010437,69907100,AAPL
2021-10-15 00:00:00-04:00,21.76516351,21.88591505,21.61746895,21.81705666,226994000,NVDA
2021-10-15 00:00:00-04:00,140.6108075,141.7159668,140.3565112,141.6572876,67940300,AAPL
2021-10-15 00:00:00-04:00,274.5799866,281.0700073,274.1166687,281.0100098,56773800,TSLA
2021-10-18 00:00:00-04:00,140.2978254,143.6133329,140.0142044,143.3297119,85589200,AAPL
2021-10-18 00:00:00-04:00,283.9299927,291.7533264,283.8233337,290.0366821,72621600,TSLA
2021-10-18 00:00:00-04:00,21.70429561,22.24518135,21.59950999,22.17632294,189494000,NVDA
2021-10-19 00:00:00-04:00,143.7795892,145.8921289,143.3297057,145.4911346,76378900,AAPL
2021-10-19 00:00:00-04:00,292.5100098,292.6499939,287.5033264,288.0899963,52143300,TSLA
2021-10-19 00:00:00-04:00,22.23020952,22.33299844,21.99170238,22.24418259,161473000,NVDA
2021-10-20 00:00:00-04:00,145.4324562,146.4593864,144.8651993,145.9801483,58418800,AAPL
2021-10-20 00:00:00-04:00,288.4500122,289.8299866,285.793335,288.6000061,42096300,TSLA
2021-10-20 00:00:00-04:00,22.2591482,22.38688533,21.93681223,22.05756378,146276000,NVDA
2021-10-21 00:00:00-04:00,285.3333435,300,285.1666565,298,94444500,TSLA
2021-10-21 00:00:00-04:00,22.0515771,22.66431527,22.03760594,22.64535332,187590000,NVDA
2021-10-21 00:00:00-04:00,145.5400673,146.3518308,144.6207203,146.195343,61421000,AAPL
2021-10-22 00:00:00-04:00,22.7760877,23.08245587,22.5146271,22.67928696,249384000,NVDA
2021-10-22 00:00:00-04:00,146.4007097,146.8799329,145.3737794,145.4226837,58883400,AAPL
2021-10-22 00:00:00-04:00,298.5,303.3333435,296.9866638,303.2266541,68642400,TSLA
2021-10-25 00:00:00-04:00,22.92577554,23.30699026,22.72319371,23.11837959,230235000,NVDA
2021-10-25 00:00:00-04:00,145.4128938,146.0877341,144.3761886,145.3737793,50720600,AAPL
2021-10-25 00:00:00-04:00,316.8433228,348.3399963,314.7333374,341.6199951,188556300,TSLA
2021-10-26 00:00:00-04:00,23.93968883,25.20707869,23.87482191,24.6661911,485898000,NVDA
2021-10-26 00:00:00-04:00,146.0486238,147.5254376,145.7356483,146.0388489,60893400,AAPL
2021-10-26 00:00:00-04:00,341.563324,364.980011,333.813324,339.4766541,187245000,TSLA
2021-10-27 00:00:00-04:00,24.42369311,25.0384261,24.23208644,24.40073967,245990000,NVDA
2021-10-27 00:00:00-04:00,346.5533447,356.9599915,343.5933228,345.9533386,115579500,TSLA
2021-10-27 00:00:00-04:00,146.0779811,146.4398459,145.2271031,145.5791931,56094900,AAPL
2021-10-28 00:00:00-04:00,356.1033325,360.3333435,351.3999939,359.0133362,81639600,TSLA
2021-10-28 00:00:00-04:00,24.82686404,24.89871655,24.47259419,24.88973427,234204000,NVDA
2021-10-28 00:00:00-04:00,146.5278512,149.8042291,146.4300426,149.2174225,100077900,AAPL
2021-10-29 00:00:00-04:00,360.6199951,371.7366638,357.7366638,371.3333435,89755200,TSLA
2021-10-29 00:00:00-04:00,24.94960596,25.65615074,24.94860857,25.51444244,292503000,NVDA
2021-10-29 00:00:00-04:00,143.9850069,146.6452391,143.1928081,146.508316,124953200,AAPL
2021-11-01 00:00:00-04:00,381.6666565,403.25,372.8866577,402.8633423,168146100,TSLA
2021-11-01 00:00:00-04:00,25.59627881,25.84077415,25.17514535,25.77391243,265740000,NVDA
2021-11-01 00:00:00-04:00,145.7161072,146.4104973,144.5522538,145.6867676,74588300,AAPL
2021-11-02 00:00:00-04:00,25.76891717,26.62315645,25.74696113,26.34672546,294112000,NVDA
2021-11-02 00:00:00-04:00,145.3933339,148.2393928,145.3835441,146.7234497,69122000,AAPL
2021-11-02 00:00:00-04:00,386.4533386,402.8633423,382,390.6666565,128213400,TSLA
2021-11-03 00:00:00-04:00,147.0853439,148.6306269,146.5278768,148.1611786,54511500,AAPL
2021-11-03 00:00:00-04:00,392.4433289,405.1300049,384.206665,404.6199951,103885500,TSLA
2021-11-03 00:00:00-04:00,26.61517793,26.72894391,26.18107263,26.54332542,239910000,NVDA
2021-11-04 00:00:00-04:00,148.2491783,149.0804915,147.3298315,147.642807,60394600,AAPL
2021-11-04 00:00:00-04:00,411.4700012,414.4966736,405.6666565,409.9700012,76192200,TSLA
2021-11-05 00:00:00-04:00,148.769205,149.0728332,146.9768031,148.1717377,65463900,AAPL
2021-11-05 00:00:00-04:00,409.3333435,413.2900085,402.6666565,407.3633423,64886400,TSLA
2021-11-08 00:00:00-05:00,383.2633362,399,377.6666565,387.6466675,100337100,TSLA
2021-11-08 00:00:00-05:00,30.08702828,31.0360737,29.84552514,30.7406826,503101000,NVDA
2021-11-08 00:00:00-05:00,148.2990702,148.4557864,147.0747532,147.348999,55020900,AAPL
2021-11-09 00:00:00-05:00,147.1139128,148.3186364,146.9767899,147.71138,56787900,AAPL
2021-11-09 00:00:00-05:00,391.2000122,391.5,337.1733398,341.1666565,177317400,TSLA
2021-11-10 00:00:00-05:00,146.9376263,147.0453668,144.8122138,144.8807678,65187100,AAPL
2021-11-10 00:00:00-05:00,336.8033447,359.3666687,329.1033325,355.9833374,128408100,TSLA
2021-11-11 00:00:00-05:00,30.40536868,30.52711763,29.71578915,30.327528,332172000,NVDA
2021-11-11 00:00:00-05:00,145.8993721,146.3597014,144.6456581,144.8317566,41000000,AAPL
2021-11-11 00:00:00-05:00,367.5899963,368.3233337,351.5599976,354.5033264,67189800,TSLA
2021-11-12 00:00:00-05:00,145.3802586,147.3097829,144.4497808,146.9082184,63804000,AAPL
2021-11-12 00:00:00-05:00,349.1666565,351.5,339.7333374,344.4733276,76719300,TSLA
2021-11-12 00:00:00-05:00,29.94830999,30.61693277,29.56909007,30.327528,413054000,NVDA
2021-11-15 00:00:00-05:00,339.2099915,343.9933472,326.2000122,337.7966614,104326800,TSLA
2021-11-15 00:00:00-05:00,30.48919878,30.58100873,29.18688097,29.96328163,384909000,NVDA
2021-11-15 00:00:00-05:00,147.2803922,148.7593763,146.3597037,146.9179993,59222800,AAPL
2021-11-16 00:00:00-05:00,334.436676,352.3999939,334.0599976,351.5766602,79627200,TSLA
2021-11-16 00:00:00-05:00,29.69782925,30.3275308,29.64493679,30.14091492,264484000,NVDA
2021-11-16 00:00:00-05:00,146.8592882,148.3774444,146.27161,147.8975067,59256200,AAPL
2021-11-17 00:00:00-05:00,354.5033264,373.2133179,351.8333435,363.0033264,94336200,TSLA
2021-11-17 00:00:00-05:00,30.35547669,30.44629115,28.74080237,29.20085526,428508000,NVDA
2021-11-17 00:00:00-05:00,147.8974594,151.8152729,147.8876703,150.3363037,88807000,AAPL
2021-11-18 00:00:00-05:00,368.8500061,370.6666565,358.3399963,365.4599915,62696700,TSLA
2021-11-18 00:00:00-05:00,150.5517675,155.4098473,149.9053248,154.6262817,137827700,AAPL
2021-11-19 00:00:00-05:00,154.4108123,157.7115802,153.3138294,157.251236,117305600,AAPL
2021-11-19 00:00:00-05:00,366.2900085,379.5733337,364.2333374,379.019989,64926900,TSLA
2021-11-19 00:00:00-05:00,32.17671909,33.01998327,31.83941457,32.91719437,533867000,NVDA
2021-11-22 00:00:00-05:00,158.3580368,162.2954442,157.6920156,157.7116089,117467900,AAPL
2021-11-22 00:00:00-05:00,387.4433289,400.6499939,377.4766541,385.6233215,99217500,TSLA
2021-11-23 00:00:00-05:00,157.8095475,158.4755837,155.7918756,158.0935974,96041900,AAPL
2021-11-23 00:00:00-05:00,389.1700134,393.5,354.2333374,369.6766663,108515100,TSLA
2021-11-23 00:00:00-05:00,31.47017745,32.29348237,30.81652317,31.68074417,532163000,NVDA
2021-11-24 00:00:00-05:00,360.1300049,377.5899963,354,372,67680600,TSLA
2021-11-24 00:00:00-05:00,31.39632854,32.7874621,30.86442324,32.60683441,435162000,NVDA
2021-11-24 00:00:00-05:00,157.4471342,158.8085738,156.3599403,158.6126862,69463600,AAPL
2021-11-26 00:00:00-05:00,32.53298318,32.64275767,31.28555469,31.43824005,283069000,NVDA
2021-11-26 00:00:00-05:00,156.2914055,157.1533145,153.1473532,153.5881042,76959800,AAPL
2021-11-26 00:00:00-05:00,366.4899902,369.5933228,360.3333435,360.6400146,35042700,TSLA
2021-11-29 00:00:00-05:00,32.29946624,33.3433136,31.9701428,33.30738831,454964000,NVDA
2021-11-29 00:00:00-05:00,156.0954668,157.878079,155.5273821,156.9476013,88748200,AAPL
2021-11-29 00:00:00-05:00,366.9966736,380.8900146,366.730011,378.9966736,58393500,TSLA
2021-11-30 00:00:00-05:00,33.10081998,33.28444369,31.798504,32.60883331,622066000,NVDA
2021-11-30 00:00:00-05:00,156.7027607,162.119137,156.6341917,161.903656,174048100,AAPL
2021-11-30 00:00:00-05:00,381.456665,389.3333435,372.6666565,381.5866699,81276000,TSLA
2021-12-01 00:00:00-05:00,33.15477888,33.22464324,31.31933164,31.37422562,484368000,NVDA
2021-12-01 00:00:00-05:00,386.8999939,390.9466553,363.5866699,365,68450400,TSLA
2021-12-01 00:00:00-05:00,164.038878,166.8009443,161.149493,161.3845673,152052500,AAPL
2021-12-02 00:00:00-05:00,366.3533325,371,352.2166748,361.5333252,73114800,TSLA
2021-12-02 00:00:00-05:00,31.15365302,32.4152092,30.96501734,32.06388855,472890000,NVDA
2021-12-02 00:00:00-05:00,155.4784633,160.8262714,154.5577746,160.3953094,136739200,AAPL
2021-12-03 00:00:00-05:00,361.5966797,363.5266724,333.4033203,338.3233337,92322000,TSLA
2021-12-03 00:00:00-05:00,31.93813362,32.06688584,30.0717481,30.63366127,544325000,NVDA
2021-12-03 00:00:00-05:00,160.6499562,161.5706449,156.4383035,158.51474,118023100,AAPL
2021-12-06 00:00:00-05:00,333.8366699,340.5466614,316.8333435,336.3366699,81663000,TSLA
2021-12-06 00:00:00-05:00,160.9143975,164.4306467,160.9046084,161.9232483,107497000,AAPL
2021-12-07 00:00:00-05:00,30.89715193,32.38626804,30.59174185,32.3643074,593053000,NVDA
2021-12-07 00:00:00-05:00,165.6059834,168.0546169,164.8811825,167.6628265,120405400,AAPL
2021-12-07 00:00:00-05:00,348.0666809,352.5566711,342.269989,350.5833435,56084700,TSLA
2021-12-08 00:00:00-05:00,168.5933421,172.3446509,167.1927158,171.4827271,116998900,AAPL
2021-12-08 00:00:00-05:00,350.9033203,357.4599915,344.3333435,356.3200073,41906400,TSLA
2021-12-08 00:00:00-05:00,31.93713693,32.2275747,31.36025335,31.76447105,475551000,NVDA
2021-12-09 00:00:00-05:00,171.3161728,173.1183632,170.3465087,170.9733582,108923700,AAPL
2021-12-09 00:00:00-05:00,353.5466614,354.1633301,334.1199951,334.6000061,59438400,TSLA
2021-12-09 00:00:00-05:00,31.67264562,32.14273758,30.36917085,30.43105125,488507000,NVDA
2021-12-10 00:00:00-05:00,171.6100212,175.939203,171.1007013,175.7628937,115402700,AAPL
2021-12-10 00:00:00-05:00,336.25,340.3266602,327.5100098,339.0100098,59664300,TSLA
2021-12-10 00:00:00-05:00,31.08977511,31.24447612,29.80326767,30.13961601,488825000,NVDA
2021-12-13 00:00:00-05:00,177.3985997,178.3878572,171.9234586,172.1291504,153237000,AAPL
2021-12-13 00:00:00-05:00,30.19052048,30.23543356,28.06164286,28.10655594,598344000,NVDA
2021-12-13 00:00:00-05:00,333.6966553,335,317.1400146,322.1366577,78595500,TSLA
2021-12-14 00:00:00-05:00,171.6492032,174.0880475,168.6716715,170.7481079,139380400,AAPL
2021-12-14 00:00:00-05:00,315,322.1366577,310,319.5033264,70806300,TSLA
2021-12-15 00:00:00-05:00,171.5120852,175.811885,168.7696127,175.6159973,131063300,AAPL
2021-12-15 00:00:00-05:00,317.7366638,326.25,309.4166565,325.3299866,75169200,TSLA
2021-12-16 00:00:00-05:00,175.5964252,177.4182094,167.2416879,168.7206573,150185800,AAPL
2021-12-16 00:00:00-05:00,331.5,331.6600037,307.2833252,308.9733276,82771500,TSLA
2021-12-17 00:00:00-05:00,166.4385272,169.9058009,166.2034679,167.6236725,195432700,AAPL
2021-12-17 00:00:00-05:00,304.9233398,320.2200012,303.0133362,310.8566589,100437300,TSLA
2021-12-20 00:00:00-05:00,303.5666809,307.230011,297.7966614,299.980011,56480100,TSLA
2021-12-20 00:00:00-05:00,27.2522137,28.08959052,27.09252317,27.6654129,461847000,NVDA
2021-12-20 00:00:00-05:00,164.8224397,167.0751858,164.0192955,166.2622375,107499100,AAPL
2021-12-21 00:00:00-05:00,305.6233215,313.1666565,295.3733215,312.8433228,71517900,TSLA
2021-12-21 00:00:00-05:00,28.31914248,29.06370046,27.34802219,29.01878738,524385000,NVDA
2021-12-21 00:00:00-05:00,168.0350124,169.6413153,165.6451438,169.4356384,91185900,AAPL
2021-12-22 00:00:00-05:00,321.8866577,338.5533447,319.0166626,336.2900085,93634200,TSLA
2021-12-22 00:00:00-05:00,28.83514393,29.49785974,28.39399714,29.34315872,395184000,NVDA
2021-12-22 00:00:00-05:00,169.4846042,172.2466699,168.6128913,172.031189,92135300,AAPL
2021-12-23 00:00:00-05:00,29.69747053,30.00088363,29.37409755,29.5826931,343022000,NVDA
2021-12-23 00:00:00-05:00,172.2368775,173.2163309,171.6687928,172.6580353,68356600,AAPL
2021-12-23 00:00:00-05:00,335.6000061,357.6600037,332.519989,355.6666565,92713200,TSLA
2021-12-27 00:00:00-05:00,173.4514277,176.7130099,173.4318494,176.6248627,74919600,AAPL
2021-12-27 00:00:00-05:00,357.8900146,372.3333435,356.9066772,364.6466675,71145900,TSLA
2021-12-27 00:00:00-05:00,29.60265641,31.02689755,29.58269462,30.88517189,403686000,NVDA
2021-12-28 00:00:00-05:00,176.4582898,177.6042483,174.8617764,175.6061554,79144300,AAPL
2021-12-28 00:00:00-05:00,369.8299866,373,359.4733276,362.8233337,60324000,TSLA
2021-12-28 00:00:00-05:00,31.25146589,31.26943074,29.95397799,30.26338005,420591000,NVDA
2021-12-29 00:00:00-05:00,175.6453908,176.9186833,174.4798388,175.6943665,62348900,AAPL
2021-12-29 00:00:00-05:00,366.2133179,368,354.7133179,362.063324,56154000,TSLA
2021-12-29 00:00:00-05:00,30.21447237,30.48894032,29.30922443,29.94299698,343139000,NVDA
2021-12-30 00:00:00-05:00,353.7766724,365.1833191,351.0499878,356.7799988,47040900,TSLA
2021-12-30 00:00:00-05:00,29.76933618,30.39811929,29.48289227,29.52880287,308864000,NVDA
2021-12-30 00:00:00-05:00,175.7825148,176.8599196,174.4308643,174.5386047,59773000,AAPL
2021-12-31 00:00:00-05:00,29.61662944,29.97194206,29.27429217,29.35413742,266530000,NVDA
2021-12-31 00:00:00-05:00,174.4308596,175.5474359,173.6179114,173.9215546,64062300,AAPL
2021-12-31 00:00:00-05:00,357.813324,360.6666565,351.5299988,352.2600098,40733700,TSLA
2022-01-03 00:00:00-05:00,29.75735698,30.65162458,29.72741429,30.06276512,391547000,NVDA
2022-01-03 00:00:00-05:00,174.1762014,179.1224441,174.0586717,178.2703094,104487900,AAPL
2022-01-03 00:00:00-05:00,382.5833435,400.3566589,378.6799927,399.9266663,103931400,TSLA
2022-01-04 00:00:00-05:00,30.21846496,30.40909568,28.29419292,29.23337364,527154000,NVDA
2022-01-04 00:00:00-05:00,178.8776039,179.1812321,175.4397124,176.0077972,99310400,AAPL
2022-01-04 00:00:00-05:00,396.5166626,402.6666565,374.3500061,383.1966553,100248300,TSLA
2022-01-05 00:00:00-05:00,28.89302546,29.35912346,27.47976489,27.55062675,498064000,NVDA
2022-01-05 00:00:00-05:00,382.2166748,390.1133423,360.3366699,362.706665,80119800,TSLA
2022-01-05 00:00:00-05:00,175.919612,176.4681035,171.0517278,171.3259735,94537600,AAPL
2022-01-06 00:00:00-05:00,359,362.6666565,340.1666565,354.8999939,90336600,TSLA
2022-01-06 00:00:00-05:00,27.58655809,28.38301551,27.01267099,28.12351799,454186000,NVDA
2022-01-06 00:00:00-05:00,169.1516026,171.6981874,168.1133843,168.4659882,96904000,AAPL
2022-01-07 00:00:00-05:00,360.1233215,360.3099976,336.6666565,342.3200073,84164700,TSLA
2022-01-07 00:00:00-05:00,28.0865952,28.36705208,27.00468938,27.19432259,409939000,NVDA
2022-01-07 00:00:00-05:00,169.3376691,170.5619856,167.5158855,168.6324615,86709100,AAPL
2022-01-10 00:00:00-05:00,333.3333435,353.0333252,326.6666565,352.706665,91815000,TSLA
2022-01-10 00:00:00-05:00,26.52960626,27.41588985,25.59441764,27.34702301,594681000,NVDA
2022-01-10 00:00:00-05:00,165.6059986,168.9557278,164.7146924,168.6520996,106765600,AAPL
2022-01-11 00:00:00-05:00,27.2701698,28.01073569,26.78710638,27.76321411,404089000,NVDA
2022-01-11 00:00:00-05:00,168.7794407,171.5806634,167.3102604,171.4827271,76138300,AAPL
2022-01-11 00:00:00-05:00,351.2233276,358.6166687,346.2733459,354.7999878,66063300,TSLA
2022-01-12 00:00:00-05:00,172.5013359,173.5395541,171.2280583,171.9234619,74805200,AAPL
2022-01-12 00:00:00-05:00,359.6166687,371.6133423,357.5299988,368.7399902,83739000,TSLA
2022-01-12 00:00:00-05:00,28.01273742,28.53971651,27.55462517,27.94487,383413000,NVDA
2022-01-13 00:00:00-05:00,172.1683341,172.9910714,168.2603092,168.6520996,84505800,AAPL
2022-01-13 00:00:00-05:00,369.6900024,371.8666687,342.1799927,343.8533325,97209900,TSLA
2022-01-13 00:00:00-05:00,28.32413577,28.42494034,26.44677171,26.52362442,540171000,NVDA
2022-01-14 00:00:00-05:00,339.9599915,350.6666565,337.793335,349.8699951,72924300,TSLA
2022-01-14 00:00:00-05:00,26.24915079,27.14441779,26.15932464,26.88990974,395832000,NVDA
2022-01-14 00:00:00-05:00,167.8195877,170.2094571,167.5747243,169.5140533,80440800,AAPL
2022-01-18 00:00:00-05:00,26.20923068,26.58650014,25.72017825,25.85292053,424270000,NVDA
2022-01-18 00:00:00-05:00,167.9860601,168.994896,165.9292167,166.311203,90956700,AAPL
2022-01-18 00:00:00-05:00,342.2033386,356.9299927,338.686676,343.5033264,66743400,TSLA
2022-01-19 00:00:00-05:00,26.02857809,26.49167977,25.00356332,25.01853371,488315000,NVDA
2022-01-19 00:00:00-05:00,166.507104,167.5649156,162.530525,162.8145599,94815000,AAPL
2022-01-19 00:00:00-05:00,347.2366638,351.5566711,331.6666565,331.8833313,75442500,TSLA
2022-01-20 00:00:00-05:00,25.2550818,25.52954977,24.03145023,24.10331154,435181000,NVDA
2022-01-20 00:00:00-05:00,163.5491186,166.1936397,160.8066462,161.1298676,91420500,AAPL
2022-01-20 00:00:00-05:00,336.5766602,347.2200012,331.3333435,332.0899963,70488600,TSLA
2022-01-21 00:00:00-05:00,161.0417245,162.9124841,158.9652881,159.0730286,122848900,AAPL
2022-01-21 00:00:00-05:00,332.1133423,334.8500061,313.5,314.6333313,103416000,TSLA
2022-01-24 00:00:00-05:00,301.5866699,311.1700134,283.8233337,310,151565700,TSLA
2022-01-24 00:00:00-05:00,156.7321389,158.9652915,151.5214396,158.2992554,162294600,AAPL
2022-01-25 00:00:00-05:00,304.7333374,317.0866699,301.0700073,306.1333313,86595900,TSLA
2022-01-25 00:00:00-05:00,155.7134894,159.4158219,153.7937692,156.4970551,115798400,AAPL
2022-01-26 00:00:00-05:00,317.4766541,329.230011,302,312.4700012,104867400,TSLA
2022-01-26 00:00:00-05:00,160.1406355,161.0123484,154.5773472,156.4089203,108275300,AAPL
2022-01-27 00:00:00-05:00,311.1199951,311.7966614,276.3333435,276.3666687,147109500,TSLA
2022-01-27 00:00:00-05:00,159.1122394,160.4736794,155.0279196,155.9486084,121954600,AAPL
2022-01-27 00:00:00-05:00,23.52243385,23.94860832,21.63309227,21.90157318,573353000,NVDA
2022-01-28 00:00:00-05:00,162.3052369,166.8499003,159.4550238,166.830307,179935700,AAPL
2022-01-28 00:00:00-05:00,277.186676,285.8333435,264.0033264,282.1166687,134789100,TSLA
2022-01-28 00:00:00-05:00,21.96944289,22.81380797,21.25482755,22.79584312,543774000,NVDA
2022-01-31 00:00:00-05:00,166.6637883,171.404339,166.0271346,171.188858,115541600,AAPL
2022-01-31 00:00:00-05:00,290.9033203,312.6633301,287.3500061,312.2399902,104436000,TSLA
2022-01-31 00:00:00-05:00,23.13718173,24.46161783,23.00743389,24.43866158,564680000,NVDA
2022-02-01 00:00:00-05:00,170.4347065,171.2476548,168.7696385,171.0223846,86213900,AAPL
2022-02-01 00:00:00-05:00,311.7366638,314.5666809,301.6666565,310.4166565,73138200,TSLA
2022-02-01 00:00:00-05:00,25.05546697,25.09638807,23.84381327,24.59036827,518925000,NVDA
2022-02-02 00:00:00-05:00,309.3933411,310.5,296.4700012,301.8866577,66792900,TSLA
2022-02-02 00:00:00-05:00,25.744132,25.76708634,24.50553015,25.19319916,543419000,NVDA
2022-02-02 00:00:00-05:00,171.1594655,172.2662525,169.7686436,172.227066,84914300,AAPL
2022-02-03 00:00:00-05:00,24.41071326,25.02851598,23.73402461,23.90169907,410178000,NVDA
2022-02-03 00:00:00-05:00,170.8950266,172.6188741,168.5835159,169.3474884,89418100,AAPL
2022-02-03 00:00:00-05:00,294,312.3333435,293.5066528,297.0466614,78855600,TSLA
2022-02-04 00:00:00-05:00,23.92565296,24.58737123,23.58631016,24.27198219,354829000,NVDA
2022-02-04 00:00:00-05:00,168.3668058,170.7401163,167.3861044,169.0631104,82465400,AAPL
2022-02-04 00:00:00-05:00,299.0733337,312.1666565,293.7233276,307.7733459,73625400,TSLA
2022-02-07 00:00:00-05:00,24.32488032,25.13331378,24.15520891,24.68019295,376868000,NVDA
2022-02-07 00:00:00-05:00,169.5240218,170.5929825,167.6508787,168.3471832,77251200,AAPL
2022-02-07 00:00:00-05:00,307.9299927,315.9233398,300.9033203,302.4466553,60994500,TSLA
2022-02-08 00:00:00-05:00,168.4158439,171.9659931,168.1216305,171.4560242,74829200,AAPL
2022-02-08 00:00:00-05:00,301.8433228,308.7633362,298.2666626,307.3333435,50729100,TSLA
2022-02-08 00:00:00-05:00,24.31190529,25.18122165,23.93363832,25.05945778,410359000,NVDA
2022-02-09 00:00:00-05:00,311.6666565,315.4233398,306.6666565,310.6666565,52259400,TSLA
2022-02-09 00:00:00-05:00,25.57245988,26.67332788,25.30398088,26.65336609,524282000,NVDA
2022-02-09 00:00:00-05:00,172.6524641,173.2408759,171.5246487,172.8780212,71285000,AAPL
2022-02-10 00:00:00-05:00,302.7900085,314.6033325,298.8999939,301.5166626,66126900,TSLA
2022-02-10 00:00:00-05:00,25.94474156,26.87294188,25.5505048,25.77407074,513200000,NVDA
2022-02-10 00:00:00-05:00,170.7793611,172.0934975,168.2393478,168.7983398,90865900,AAPL
2022-02-11 00:00:00-05:00,303.2099915,305.3200073,283.5666809,286.6666565,79645800,TSLA
2022-02-11 00:00:00-05:00,25.86589459,26.10143837,23.7270382,23.90269661,605472000,NVDA
2022-02-11 00:00:00-05:00,169.0042577,169.7397837,164.7970408,165.3854675,98670700,AAPL
2022-02-14 00:00:00-05:00,23.88772875,24.82690951,23.70907395,24.22008514,440424000,NVDA
2022-02-14 00:00:00-05:00,164.139981,166.3073376,163.3456153,165.6208496,86185500,AAPL
2022-02-14 00:00:00-05:00,287.1900024,299.6266785,284.3833313,291.9200134,67756500,TSLA
2022-02-15 00:00:00-05:00,167.6704995,169.6122838,166.9643934,169.455368,62527400,AAPL
2022-02-15 00:00:00-05:00,300,307.6666565,297.793335,307.4766541,57286200,TSLA
2022-02-16 00:00:00-05:00,168.5335133,169.9947486,166.7682481,169.2200012,61177400,AAPL
2022-02-16 00:00:00-05:00,304.6833191,308.8099976,300.4033203,307.7966614,51294300,TSLA
2022-02-17 00:00:00-05:00,167.7293515,168.5923735,165.2187585,165.6208496,69589300,AAPL
2022-02-17 00:00:00-05:00,304.4200134,306.1666565,291.3666687,292.1166687,55178400,TSLA
2022-02-18 00:00:00-05:00,166.5427219,167.2488131,162.9827709,164.0713501,82772700,AAPL
2022-02-18 00:00:00-05:00,295.3333435,295.6233215,279.2033386,285.6600037,68501700,TSLA
2022-02-22 00:00:00-05:00,161.7961163,163.4731223,159.0207295,161.1488647,91162800,AAPL
2022-02-22 00:00:00-05:00,278.043335,285.5766602,267.0333252,273.8433228,83288100,TSLA
2022-02-23 00:00:00-05:00,23.75597674,24.10829482,22.2578796,22.34371185,566511000,NVDA
2022-02-23 00:00:00-05:00,162.3452879,162.9435163,156.6670339,156.9808655,90009200,AAPL
2022-02-23 00:00:00-05:00,276.8099976,278.4333191,253.5200043,254.6799927,95256900,TSLA
2022-02-24 00:00:00-05:00,149.6354345,159.707243,149.0666259,159.5993652,141147500,AAPL
2022-02-24 00:00:00-05:00,233.4633331,267.4933472,233.3333282,266.9233398,135322200,TSLA
2022-02-25 00:00:00-05:00,160.6780918,161.9333882,157.7654078,161.6686096,91974200,AAPL
2022-02-25 00:00:00-05:00,269.7433472,273.1666565,260.7999878,269.956665,76067700,TSLA
2022-02-25 00:00:00-05:00,23.67514401,24.17018354,23.33580113,24.11030006,528866000,NVDA
2022-02-28 00:00:00-05:00,271.6700134,292.2866821,271.5700073,290.1433411,99006900,TSLA
2022-02-28 00:00:00-05:00,23.94561081,24.61730986,23.66116202,24.33785057,477319000,NVDA
2022-02-28 00:00:00-05:00,159.913138,162.2275935,159.2952915,161.9333801,95056600,AAPL
2022-03-01 00:00:00-05:00,289.8933411,296.6266785,284.5933228,288.1233215,74766900,TSLA
2022-03-01 00:00:00-05:00,24.24403547,24.32986964,23.08727592,23.4316082,412056000,NVDA
2022-03-01 00:00:00-05:00,161.5214975,163.3848389,158.8441872,160.0504456,83474400,AAPL
2022-03-02 00:00:00-05:00,290.7099915,295.4933472,281.4233398,293.2966614,74643300,TSLA
2022-03-02 00:00:00-05:00,23.71411125,24.36595969,23.37371294,24.17729187,389642000,NVDA
2022-03-02 00:00:00-05:00,161.2174764,164.1301603,159.8052642,163.3455963,79724800,AAPL
2022-03-03 00:00:00-05:00,292.9233398,295.480011,277.5333252,279.7633362,61623600,TSLA
2022-03-03 00:00:00-05:00,165.218749,165.6502599,162.355103,163.0219727,76678400,AAPL
2022-03-03 00:00:00-05:00,24.21921609,24.28310432,23.42761518,23.67218399,365095000,NVDA
2022-03-04 00:00:00-05:00,161.3155595,162.3551005,158.971684,160.0210266,83737200,AAPL
2022-03-04 00:00:00-05:00,283.0333252,285.2166748,275.0533447,279.4299927,66999600,TSLA
2022-03-04 00:00:00-05:00,23.34276739,23.63824498,22.44235748,22.8955574,431415000,NVDA
2022-03-07 00:00:00-05:00,160.2073839,161.8353518,155.9707466,156.2257385,96418800,AAPL
2022-03-07 00:00:00-05:00,285.4333191,288.7133179,268.1900024,268.1933289,72494100,TSLA
2022-03-07 00:00:00-05:00,22.77676303,22.99238363,21.29238575,21.31434631,450821000,NVDA
2022-03-08 00:00:00-05:00,155.7549993,159.7366445,152.7932769,154.4016266,131148300,AAPL
2022-03-08 00:00:00-05:00,265.1766663,283.3299866,260.7233276,274.7999878,80399100,TSLA
2022-03-08 00:00:00-05:00,21.27142812,22.33355126,20.61358967,21.47606659,557467000,NVDA
2022-03-09 00:00:00-05:00,279.8266602,286.8533325,277.3366699,286.3233337,59184000,TSLA
2022-03-09 00:00:00-05:00,22.34752398,23.17905532,22.20777145,22.97341919,492742000,NVDA
2022-03-09 00:00:00-05:00,158.3636504,160.2564118,156.3336064,159.8052826,91454900,AAPL
2022-03-10 00:00:00-05:00,22.49127085,22.74781765,21.84341507,22.61804771,428066000,NVDA
2022-03-10 00:00:00-05:00,157.108356,157.2946917,152.9697951,155.4607849,105342000,AAPL
2022-03-10 00:00:00-05:00,283.8166809,284.8166809,270.1199951,279.4333191,58648500,TSLA
2022-03-11 00:00:00-05:00,22.98140455,23.10418876,22.00712571,22.06103134,367209000,NVDA
2022-03-11 00:00:00-05:00,155.86287,156.2061215,151.5183699,151.743927,96970100,AAPL
2022-03-11 00:00:00-05:00,280.0666809,281.2666626,264.5899963,265.1166687,67037100,TSLA
2022-03-14 00:00:00-04:00,21.83043415,22.22274075,21.12168713,21.2923851,385354000,NVDA
2022-03-14 00:00:00-04:00,148.5271795,151.1456497,147.203242,147.7131958,108732100,AAPL
2022-03-14 00:00:00-04:00,260.2033386,266.8999939,252.0133362,255.456665,71152200,TSLA
2022-03-15 00:00:00-04:00,21.48005877,22.99737913,21.28440521,22.93249321,491996000,NVDA
2022-03-15 00:00:00-04:00,258.4233398,268.5233459,252.1900024,267.2966614,66841200,TSLA
2022-03-15 00:00:00-04:00,147.9878137,152.5677017,147.4778598,152.0969543,92964300,AAPL
2022-03-16 00:00:00-04:00,269.6666565,280.6666565,267.4200134,280.0766602,84028800,TSLA
2022-03-16 00:00:00-04:00,154.0191268,156.9121924,151.4791143,156.5101013,102300200,AAPL
2022-03-17 00:00:00-04:00,276.9966736,291.6666565,275.2399902,290.5333252,66582900,TSLA
2022-03-17 00:00:00-04:00,24.0774693,24.79819439,23.86384595,24.72233009,471941000,NVDA
2022-03-17 00:00:00-04:00,155.549029,157.8929044,154.5879459,157.5202332,75615400,AAPL
2022-03-18 00:00:00-04:00,291.4966736,302.6166687,289.1300049,301.7966614,100414200,TSLA
2022-03-18 00:00:00-04:00,157.4123494,161.3057345,156.6768235,160.8153839,123511700,AAPL
2022-03-21 00:00:00-04:00,26.46026012,27.10412324,25.92121139,26.68685913,591727000,NVDA
2022-03-21 00:00:00-04:00,160.3544483,163.1396511,159.8640977,162.1883698,95811400,AAPL
2022-03-21 00:00:00-04:00,304.9933472,314.2833252,302.3633423,307.0533447,81981600,TSLA
2022-03-22 00:00:00-04:00,162.3158627,166.1504082,161.7274509,165.5619965,81532000,AAPL
2022-03-22 00:00:00-04:00,310,332.6199951,307.25,331.3266602,105868500,TSLA
2022-03-22 00:00:00-04:00,26.67987508,27.18997569,26.02603117,26.47723389,547007000,NVDA
2022-03-23 00:00:00-04:00,164.7479978,169.3082523,164.414548,166.9251556,98062700,AAPL
2022-03-23 00:00:00-04:00,326.6466675,346.8999939,325.4666748,333.0366821,120676200,TSLA
2022-03-23 00:00:00-04:00,26.07993156,26.56507466,25.52990445,25.58880043,502120000,NVDA
2022-03-24 00:00:00-04:00,167.7587577,170.7793194,166.9251706,170.7106781,90131400,AAPL
2022-03-24 00:00:00-04:00,336.5766602,341.4966736,329.6000061,337.9733276,68920800,TSLA
2022-03-25 00:00:00-04:00,336,340.6000061,332.4400024,336.8800049,62031600,TSLA
2022-03-25 00:00:00-04:00,27.83682756,28.30799539,27.22291224,27.6431694,579016000,NVDA
2022-03-25 00:00:00-04:00,170.5243438,171.8973196,169.4161465,171.3481293,80546200,AAPL
2022-03-28 00:00:00-04:00,27.70706177,28.20019024,27.15803038,28.16924477,425494000,NVDA
2022-03-28 00:00:00-04:00,168.8473679,172.3386627,168.6806504,172.2111816,90371900,AAPL
2022-03-28 00:00:00-04:00,355.0333252,365.9599915,351.2000122,363.9466553,102506100,TSLA
2022-03-29 00:00:00-04:00,28.64439954,28.89495638,27.9306602,28.60546875,488984000,NVDA
2022-03-29 00:00:00-04:00,173.280136,175.5553555,172.9368845,175.5063324,100589400,AAPL
2022-03-29 00:00:00-04:00,369.3299866,371.5899963,357.7033386,366.5233459,73614900,TSLA
2022-03-30 00:00:00-04:00,28.25409391,28.4457548,27.45450568,27.64117622,463487000,NVDA
2022-03-30 00:00:00-04:00,175.104225,176.143766,173.2899216,174.3392792,92633200,AAPL
2022-03-30 00:00:00-04:00,363.7233276,371.3166809,361.3333435,364.6633301,59865000,TSLA
2022-03-31 00:00:00-04:00,174.4079106,174.5942462,171.0342958,171.2402496,103049300,AAPL
2022-03-31 00:00:00-04:00,364.8566589,367.7133179,358.8800049,359.2000122,48992700,TSLA
2022-03-31 00:00:00-04:00,27.73301019,28.19818807,27.22191389,27.23788452,523440000,NVDA
2022-04-01 00:00:00-04:00,360.3833313,364.9166565,355.5466614,361.5299988,54263100,TSLA
2022-04-01 00:00:00-04:00,27.32673089,27.44751783,26.22068478,26.66489983,517235000,NVDA
2022-04-01 00:00:00-04:00,170.671465,171.5050672,168.6218026,170.9460602,78751300,AAPL
2022-04-04 00:00:00-04:00,363.1266785,383.3033447,357.5100098,381.8166809,82035900,TSLA
2022-04-04 00:00:00-04:00,26.68087058,27.50940695,26.56607359,27.31175613,397120000,NVDA
2022-04-04 00:00:00-04:00,171.2010287,175.0453759,171.0735328,174.9963379,76468400,AAPL
2022-04-05 00:00:00-04:00,378.7666626,384.2900085,362.4333191,363.7533264,80075100,TSLA
2022-04-05 00:00:00-04:00,27.20593995,27.27082587,25.77446866,25.88527298,436615000,NVDA
2022-04-05 00:00:00-04:00,174.0744933,174.8590574,171.0539313,171.6815796,73401800,AAPL
2022-04-06 00:00:00-04:00,357.8233337,359.6666565,342.5666809,348.5866699,89348400,TSLA
2022-04-06 00:00:00-04:00,169.0336559,170.2791506,166.8466965,168.5138855,89058800,AAPL
2022-04-07 00:00:00-04:00,167.856849,170.014389,166.5721326,168.8179321,77594700,AAPL
2022-04-07 00:00:00-04:00,350.7966614,358.8633423,340.5133362,352.4200134,79447200,TSLA
2022-04-07 00:00:00-04:00,24.39790459,24.67840926,23.43660325,24.16531563,557992000,NVDA
2022-04-08 00:00:00-04:00,168.4648829,168.4648829,165.9346715,166.8074951,76575500,AAPL
2022-04-08 00:00:00-04:00,347.7366638,349.480011,340.813324,341.8299866,55013700,TSLA
2022-04-08 00:00:00-04:00,23.87482891,23.88081885,23.02133692,23.07823563,524781000,NVDA
2022-04-11 00:00:00-04:00,165.454137,165.7679536,162.3060789,162.5512543,72246700,AAPL
2022-04-11 00:00:00-04:00,326.7999878,336.1566772,324.8800049,325.3099976,59357100,TSLA
2022-04-11 00:00:00-04:00,22.17483416,22.28064626,21.62181009,21.87835693,575207000,NVDA
2022-04-12 00:00:00-04:00,332.5466614,340.3966675,325.5333252,328.9833374,65976000,TSLA
2022-04-12 00:00:00-04:00,164.7774458,166.5917343,163.4240731,164.4243927,79265200,AAPL
2022-04-13 00:00:00-04:00,21.68968796,22.46032606,21.41716862,22.16384888,516943000,NVDA
2022-04-13 00:00:00-04:00,164.1595605,167.7391136,163.5515306,167.1114655,70618900,AAPL
2022-04-13 00:00:00-04:00,327.0266724,342.0799866,324.3666687,340.7900085,55121100,TSLA
2022-04-14 00:00:00-04:00,22.46531515,22.73683679,21.1256825,21.2205143,569097000,NVDA
2022-04-14 00:00:00-04:00,167.3272369,167.9647017,161.8549224,162.1000977,75329400,AAPL
2022-04-14 00:00:00-04:00,333.0966797,337.5700073,327.3966675,328.3333435,58422300,TSLA
2022-04-18 00:00:00-04:00,21.16261859,22.04905135,21.04183166,21.74459076,525701000,NVDA
2022-04-18 00:00:00-04:00,160.7565686,163.3848561,160.4133321,161.8843842,69023900,AAPL
2022-04-18 00:00:00-04:00,329.6766663,338.3066711,324.4700012,334.7633362,51715200,TSLA
2022-04-19 00:00:00-04:00,161.835359,164.5813261,160.7467798,164.1694183,67723800,AAPL
2022-04-19 00:00:00-04:00,335.019989,344.980011,331.7766724,342.7166748,49847700,TSLA
2022-04-19 00:00:00-04:00,21.68170331,22.33355184,21.27641902,22.15886116,512781000,NVDA
2022-04-20 00:00:00-04:00,343.3333435,344.6666565,325.0833435,325.7333374,70711200,TSLA
2022-04-20 00:00:00-04:00,22.4772952,22.63002529,21.16261808,21.44412041,468974000,NVDA
2022-04-20 00:00:00-04:00,165.5031574,165.6208518,162.8945032,164.0026855,67929800,AAPL
2022-04-21 00:00:00-04:00,358.2433472,364.0733337,332.1400146,336.2600098,105416400,TSLA
2022-04-21 00:00:00-04:00,165.6502647,168.2196974,162.7081607,163.208313,87227800,AAPL
2022-04-22 00:00:00-04:00,338.3033447,344.9500122,331.3333435,335.0166626,69696600,TSLA
2022-04-22 00:00:00-04:00,20.26720154,20.44987944,19.46561788,19.48059082,624713000,NVDA
2022-04-22 00:00:00-04:00,163.2475677,164.6303454,158.383282,158.6676788,84882400,AAPL
2022-04-25 00:00:00-04:00,158.0105894,160.0210301,155.4019353,159.7366333,96046400,AAPL
2022-04-25 00:00:00-04:00,326.3233337,336.206665,325.1000061,332.6733398,68341200,TSLA
2022-04-26 00:00:00-04:00,159.1188066,159.2070661,153.6955289,153.7739868,95623200,AAPL
2022-04-26 00:00:00-04:00,331.8099976,333.3333435,291.6666565,292.1400146,136133700,TSLA
2022-04-27 00:00:00-04:00,152.9011497,156.7062607,152.3813791,153.5484161,88063200,AAPL
2022-04-27 00:00:00-04:00,299.5266724,306,292.4533386,293.8366699,76956300,TSLA
2022-04-27 00:00:00-04:00,18.56520234,19.13319916,18.25774683,18.3825264,499460000,NVDA
2022-04-28 00:00:00-04:00,156.1766859,161.3449861,155.8628543,160.4819641,130216800,AAPL
2022-04-28 00:00:00-04:00,299.9933472,300,273.8999939,292.5033264,124948500,TSLA
2022-04-28 00:00:00-04:00,18.93355455,20.00166942,18.45739636,19.747118,570327000,NVDA
2022-04-29 00:00:00-04:00,158.7167315,162.9925908,154.2153151,154.6075897,131747600,AAPL
2022-04-29 00:00:00-04:00,19.36778943,20.09250913,18.4843497,18.51429749,500435000,NVDA
2022-04-29 00:00:00-04:00,300.75,311.4666748,290,290.2533264,88133100,TSLA
2022-05-02 00:00:00-04:00,18.50830849,19.53948612,18.35857335,19.49855995,572049000,NVDA
2022-05-02 00:00:00-04:00,153.6857139,155.1763692,150.3120989,154.9115906,123055300,AAPL
2022-05-02 00:00:00-04:00,286.9233398,302.1199951,282.6766663,300.980011,75781500,TSLA
2022-05-03 00:00:00-04:00,19.36579273,19.79004449,19.09926332,19.56743622,475751000,NVDA
2022-05-03 00:00:00-04:00,155.0979024,157.6085103,153.3032322,156.4022369,88966500,AAPL
2022-05-03 00:00:00-04:00,301.0599976,308.0266724,296.1966553,303.0833435,63709500,TSLA
2022-05-04 00:00:00-04:00,156.5885659,163.267139,156.1864748,162.8160248,108256500,AAPL
2022-05-04 00:00:00-04:00,301.313324,318.5,295.0933228,317.5400085,81643800,TSLA
2022-05-05 00:00:00-04:00,160.6879199,160.913477,151.959669,153.7445526,130525300,AAPL
2022-05-05 00:00:00-04:00,313.0066528,315.2000122,285.8999939,291.0933228,92519100,TSLA
2022-05-05 00:00:00-04:00,19.83196879,19.88986517,18.46737866,18.81077194,626331000,NVDA
2022-05-06 00:00:00-04:00,295.6666565,296,281.0366821,288.5499878,72903000,TSLA
2022-05-06 00:00:00-04:00,153.224019,156.592775,151.4266968,154.471344,116124600,AAPL
2022-05-09 00:00:00-04:00,278.8166809,281.8766785,260.3833313,262.3699951,90810300,TSLA
2022-05-09 00:00:00-04:00,152.1633024,153.0472395,148.7847454,149.3445587,131577900,AAPL
2022-05-10 00:00:00-04:00,273.1033325,275.1199951,258.0833435,266.6799927,84401700,TSLA
2022-05-10 00:00:00-04:00,152.7427514,153.940966,150.1989918,151.7507782,115366700,AAPL
2022-05-11 00:00:00-04:00,150.7588623,152.6740371,143.2061847,143.8838654,142689800,AAPL
2022-05-11 00:00:00-04:00,265,269.9233398,242.3999939,244.6666718,97224600,TSLA
2022-05-12 00:00:00-04:00,140.2204319,143.5891721,136.3213265,140.0141754,182602000,AAPL
2022-05-12 00:00:00-04:00,233.6666718,253.2200012,226.6666718,242.6666718,140313000,TSLA
2022-05-13 00:00:00-04:00,142.0079531,145.4552822,140.5543867,144.4829559,113990900,AAPL
2022-05-13 00:00:00-04:00,257.8266602,262.4500122,250.5233307,256.5299988,92150700,TSLA
2022-05-16 00:00:00-04:00,142.95081,144.8856315,141.6052649,142.940979,86643800,AAPL
2022-05-16 00:00:00-04:00,255.7200012,256.5866699,239.6966705,241.456665,86098500,TSLA
2022-05-16 00:00:00-04:00,17.47812555,17.7566329,17.07583632,17.23355675,521446000,NVDA
2022-05-17 00:00:00-04:00,249.1199951,254.8266602,242.9499969,253.8699951,80236200,TSLA
2022-05-17 00:00:00-04:00,18.04212994,18.33860713,17.60290715,18.14494896,585830000,NVDA
2022-05-17 00:00:00-04:00,146.2016713,147.0954242,144.0605938,146.5748901,78336300,AAPL
2022-05-18 00:00:00-04:00,17.67377829,18.0860501,16.83426173,16.90813065,545161000,NVDA
2022-05-18 00:00:00-04:00,144.2275675,144.7284546,137.4016682,138.3052521,109742900,AAPL
2022-05-18 00:00:00-04:00,248.1733398,253.5,233.6033325,236.6033325,87811800,TSLA
2022-05-19 00:00:00-04:00,16.90713855,17.65581623,16.70449544,17.09380913,621310000,NVDA
2022-05-19 00:00:00-04:00,137.3820661,139.1302781,134.1606406,134.8972473,136095600,AAPL
2022-05-19 00:00:00-04:00,235.6666718,244.6666718,231.3699951,236.4733276,90296700,TSLA
2022-05-20 00:00:00-04:00,136.6061941,138.1874441,130.241915,135.1329803,137426100,AAPL
2022-05-20 00:00:00-04:00,237.9966736,240.5266724,211,221.3000031,144973200,TSLA
2022-05-23 00:00:00-04:00,218.3399963,226.6533356,212.6866608,224.9666595,88903500,TSLA
2022-05-23 00:00:00-04:00,135.3293929,140.7017129,135.1918936,140.5543976,117726300,AAPL
2022-05-24 00:00:00-04:00,217.843338,217.9733276,206.8566742,209.386673,89092500,TSLA
2022-05-24 00:00:00-04:00,16.48088815,16.56773463,15.75217486,16.12551498,588550000,NVDA
2022-05-24 00:00:00-04:00,138.2954614,139.4347501,134.8776103,137.8535004,104132700,AAPL
2022-05-25 00:00:00-04:00,207.9499969,223.1066742,207.6699982,219.6000061,92139300,TSLA
2022-05-25 00:00:00-04:00,135.9579467,139.2579453,135.8695574,138.0106354,92482700,AAPL
2022-05-26 00:00:00-04:00,220.4733276,239.5566711,217.886673,235.9100037,106003200,TSLA
2022-05-26 00:00:00-04:00,134.9364852,141.7623689,134.6909497,141.2123718,90601500,AAPL
2022-05-27 00:00:00-04:00,142.7936687,147.0070525,142.6659854,146.9677734,90978500,AAPL
2022-05-27 00:00:00-04:00,241.0833282,253.2666626,240.1766663,253.2100067,89295000,TSLA
2022-05-31 00:00:00-04:00,146.4079561,147.9695587,144.2177681,146.1820526,103718400,AAPL
2022-05-31 00:00:00-04:00,257.9466553,259.6000061,244.7433319,252.7533264,101914500,TSLA
2022-06-01 00:00:00-04:00,147.2230883,149.030241,145.0427317,146.0543518,74286600,AAPL
2022-06-01 00:00:00-04:00,251.7200012,257.3266602,243.6399994,246.7899933,77247900,TSLA
2022-06-01 00:00:00-04:00,18.69098572,19.01940417,18.09004601,18.28769684,544514000,NVDA
2022-06-02 00:00:00-04:00,145.1900746,148.568646,144.2373955,148.5097198,72348100,AAPL
2022-06-02 00:00:00-04:00,244.156662,264.2099915,242.0666656,258.3333435,93473100,TSLA
2022-06-03 00:00:00-04:00,144.2766894,145.3275888,141.8802749,142.783844,88570300,AAPL
2022-06-03 00:00:00-04:00,19.04834996,19.29790909,18.48933614,18.68698692,598779000,NVDA
2022-06-03 00:00:00-04:00,243.2266693,247.7966614,233.4166718,234.5166626,112393800,TSLA
2022-06-06 00:00:00-04:00,19.10525258,19.3029034,18.5312657,18.75287437,422406000,NVDA
2022-06-06 00:00:00-04:00,144.4043641,145.9168715,142.3123965,143.5302582,71598400,AAPL
2022-06-06 00:00:00-04:00,244.3533325,244.8666687,234.3500061,238.2799988,84204600,TSLA
2022-06-07 00:00:00-04:00,18.4394278,18.96649664,18.15592819,18.89262772,388914000,NVDA
2022-06-07 00:00:00-04:00,141.7722118,146.3391664,141.5266763,146.0543518,67808200,AAPL
2022-06-07 00:00:00-04:00,234,239.9966736,230.093338,238.886673,72808500,TSLA
2022-06-08 00:00:00-04:00,18.7698214,19.15023056,18.50623122,18.6190567,363252000,NVDA
2022-06-08 00:00:00-04:00,145.9266876,147.1936445,144.8266932,145.3177643,53950200,AAPL
2022-06-08 00:00:00-04:00,240.0866699,249.9633331,239.1766663,241.8666687,76210500,TSLA
2022-06-09 00:00:00-04:00,144.4534561,145.3079149,139.9847067,140.0927429,69473000,AAPL
2022-06-09 00:00:00-04:00,249.3399963,255.5466614,239.3266602,239.706665,96491400,TSLA
2022-06-09 00:00:00-04:00,18.45231364,18.90361168,18.0129961,18.0199852,395574000,NVDA
2022-06-10 00:00:00-04:00,235.156662,239.5,227.9133301,232.2299957,97536600,TSLA
2022-06-10 00:00:00-04:00,17.57268055,17.6695301,16.84281436,16.94765282,465248000,NVDA
2022-06-10 00:00:00-04:00,137.7749096,138.2463337,134.6124105,134.6811676,91437900,AAPL
2022-06-13 00:00:00-04:00,223.1666718,226.6333313,214.6833344,215.7366638,102767400,TSLA
2022-06-13 00:00:00-04:00,15.97516388,16.28667985,15.58177541,15.62271214,604153000,NVDA
2022-06-13 00:00:00-04:00,130.4972134,132.7856063,129.0927574,129.5249023,122207100,AAPL
2022-06-14 00:00:00-04:00,218.2866669,226.3300018,211.7366638,220.8899994,97988700,TSLA
2022-06-14 00:00:00-04:00,15.70658103,16.04106105,15.38807596,15.81141853,469680000,NVDA
2022-06-14 00:00:00-04:00,130.7525935,131.4990161,129.1320499,130.3891907,84784300,AAPL
2022-06-15 00:00:00-04:00,220.9166718,235.6633301,218.1499939,233,119131800,TSLA
2022-06-15 00:00:00-04:00,131.8918637,134.8874002,129.7999111,133.0115051,91533000,AAPL
2022-06-15 00:00:00-04:00,16.07001419,16.84181493,15.90127686,16.50134468,563936000,NVDA
2022-06-16 00:00:00-04:00,129.7213584,130.0258201,126.7356374,127.7374268,108123900,AAPL
2022-06-16 00:00:00-04:00,222.7366638,225.1666718,208.6933289,213.1000061,107390700,TSLA
2022-06-16 00:00:00-04:00,15.83538097,15.91725442,15.37709382,15.57678318,545749000,NVDA
2022-06-17 00:00:00-04:00,127.74725,130.7034927,127.4918834,129.2106323,134520300,AAPL
2022-06-17 00:00:00-04:00,213.4333344,220.9700012,213.1966705,216.7599945,92641800,TSLA
2022-06-17 00:00:00-04:00,15.62370932,15.9701708,15.30420637,15.85534954,630334000,NVDA
2022-06-21 00:00:00-04:00,131.037419,134.6124162,130.9392138,133.4436646,81000500,AAPL
2022-06-21 00:00:00-04:00,224.6033325,243.5766602,224.3333282,237.0366669,122793000,TSLA
2022-06-21 00:00:00-04:00,16.44942676,16.98159844,16.38153152,16.54028511,483089000,NVDA
2022-06-22 00:00:00-04:00,234.5033264,246.8333282,233.8266602,236.0866699,101107500,TSLA
2022-06-22 00:00:00-04:00,16.20081339,16.63613744,16.15488527,16.33460617,437135000,NVDA
2022-06-22 00:00:00-04:00,132.3829711,135.2999353,131.5186959,132.9329834,73409200,AAPL
2022-06-23 00:00:00-04:00,16.49335812,16.55925566,15.82839248,16.19981575,463680000,NVDA
2022-06-23 00:00:00-04:00,134.3767236,136.1151048,133.2079718,135.800827,72433800,AAPL
2022-06-23 00:00:00-04:00,237.906662,239.3166656,228.636673,235.0700073,104202600,TSLA
2022-06-24 00:00:00-04:00,16.47438527,17.11339112,16.2846797,17.09941292,472153000,NVDA
2022-06-24 00:00:00-04:00,137.4016995,139.3758151,137.2740312,139.1302795,89116800,AAPL
2022-06-24 00:00:00-04:00,237.4700012,246.0666656,236.0866699,245.706665,95770800,TSLA
2022-06-27 00:00:00-04:00,17.28512857,17.30310028,16.60019255,16.8428154,427968000,NVDA
2022-06-27 00:00:00-04:00,140.1517009,140.9276017,138.452599,139.1302795,70207900,AAPL
2022-06-27 00:00:00-04:00,249.3666687,252.0700073,242.5666656,244.9199982,89178300,TSLA
2022-06-28 00:00:00-04:00,139.5918755,140.8588324,134.867774,134.9856262,67083400,AAPL
2022-06-28 00:00:00-04:00,244.4833374,249.9700012,232.343338,232.6633301,90391200,TSLA
2022-06-28 00:00:00-04:00,16.87376572,17.17529697,15.92024825,15.95719147,461149000,NVDA
2022-06-29 00:00:00-04:00,230.5,231.1733398,222.2733307,228.4900055,82897200,TSLA
2022-06-29 00:00:00-04:00,15.78945088,15.79544113,15.14645055,15.51787281,482352000,NVDA
2022-06-29 00:00:00-04:00,135.0052715,138.1579395,134.2293707,136.7436523,66242400,AAPL
2022-06-30 00:00:00-04:00,224.5099945,229.456665,218.863327,224.4733276,94600500,TSLA
2022-06-30 00:00:00-04:00,134.7989917,135.898986,131.3811417,134.2784576,98964500,AAPL
2022-07-01 00:00:00-04:00,227,230.2299957,222.1199951,227.2633362,74460300,TSLA
2022-07-01 00:00:00-04:00,14.8758726,15.03961758,14.36965964,14.50045586,577610000,NVDA
2022-07-01 00:00:00-04:00,133.6106298,136.5570566,133.2374259,136.4490204,71051600,AAPL
2022-07-05 00:00:00-04:00,135.3097461,139.0811688,134.4847352,139.0320587,73353800,AAPL
2022-07-05 00:00:00-04:00,223,233.1466675,216.1666718,233.0666656,84581100,TSLA
2022-07-06 00:00:00-04:00,138.8258118,141.546335,138.5606292,140.3677673,74064300,AAPL
2022-07-06 00:00:00-04:00,230.7799988,234.5633392,227.1866608,231.7333374,71853600,TSLA
2022-07-06 00:00:00-04:00,14.98669942,15.29521976,14.76604182,15.10651302,529066000,NVDA
2022-07-07 00:00:00-04:00,140.7311436,143.9329367,140.7213276,143.7365112,66253700,AAPL
2022-07-07 00:00:00-04:00,233.9199982,245.363327,232.2100067,244.543335,81930600,TSLA
2022-07-07 00:00:00-04:00,15.43200811,15.9202484,15.36511172,15.83338356,492903000,NVDA
2022-07-08 00:00:00-04:00,142.6659726,144.9150867,142.410621,144.4141846,64547800,AAPL
2022-07-08 00:00:00-04:00,242.3333282,254.9799957,241.1600037,250.7633362,101854200,TSLA
2022-07-08 00:00:00-04:00,15.40604886,16.01210698,15.36511214,15.81341553,467972000,NVDA
2022-07-11 00:00:00-04:00,143.0686452,144.0213243,141.2123971,142.2829285,63141600,AAPL
2022-07-11 00:00:00-04:00,15.50189899,15.50289784,15.0146566,15.12847996,437321000,NVDA
2022-07-11 00:00:00-04:00,252.1033325,253.0633392,233.6266632,234.343338,99241200,TSLA
2022-07-12 00:00:00-04:00,15.24429917,15.40704625,14.85390633,15.05858803,458483000,NVDA
2022-07-12 00:00:00-04:00,143.1570441,145.799009,142.4597315,143.2552643,77588800,AAPL
2022-07-12 00:00:00-04:00,236.8466644,239.7733307,228.3699951,233.0700073,87930900,TSLA
2022-07-13 00:00:00-04:00,14.56735256,15.35113388,14.4425466,15.14046097,521918000,NVDA
2022-07-13 00:00:00-04:00,140.4365507,143.8347551,139.5820766,142.8919067,71185600,AAPL
2022-07-13 00:00:00-04:00,225.5,242.0599976,225.0333405,237.0399933,97954500,TSLA
2022-07-14 00:00:00-04:00,15.08454772,15.44898091,14.70513748,15.34813786,456235000,NVDA
2022-07-14 00:00:00-04:00,141.5070606,146.2900886,140.6918807,145.8186646,78140700,AAPL
2022-07-14 00:00:00-04:00,234.8966675,238.6533356,229.3333282,238.3133392,78557400,TSLA
2022-07-15 00:00:00-04:00,147.1052616,148.165977,145.5534751,147.4882965,76259900,AAPL
2022-07-15 00:00:00-04:00,240,243.6233368,236.8899994,240.0666656,69683100,TSLA
2022-07-15 00:00:00-04:00,15.63469282,15.75750107,15.42102431,15.73753262,385935000,NVDA
2022-07-18 00:00:00-04:00,244.9366608,250.5166626,239.6033325,240.5466614,82537500,TSLA
2022-07-18 00:00:00-04:00,148.0481091,148.8632888,144.0802465,144.4436493,81420900,AAPL
2022-07-19 00:00:00-04:00,245,247.1399994,236.9766693,245.5299988,80890200,TSLA
2022-07-19 00:00:00-04:00,145.2784821,148.5293706,144.2865238,148.3034821,82982400,AAPL
2022-07-20 00:00:00-04:00,246.7833405,250.6633301,243.4833374,247.5,88864200,TSLA
2022-07-20 00:00:00-04:00,148.4213261,150.9749018,147.6847194,150.3070374,64823400,AAPL
2022-07-21 00:00:00-04:00,255.1066742,273.2666626,254.8666687,271.706665,142032300,TSLA
2022-07-21 00:00:00-04:00,151.7409484,152.7918476,149.2266671,152.5757751,65086600,AAPL
2022-07-21 00:00:00-04:00,17.85723929,18.11583615,17.51776689,18.02198219,557049000,NVDA
2022-07-22 00:00:00-04:00,152.615106,153.4892121,150.6704682,151.3383179,66675400,AAPL
2022-07-22 00:00:00-04:00,276.2200012,280.7866821,270.7133179,272.2433472,103472700,TSLA
2022-07-22 00:00:00-04:00,17.86522653,17.93911107,17.11039946,17.29211807,536671000,NVDA
2022-07-25 00:00:00-04:00,151.2597269,152.2713322,149.5606249,150.2186584,53623900,AAPL
2022-07-25 00:00:00-04:00,272.2166748,274.1466675,267.3999939,268.4333191,64073400,TSLA
2022-07-25 00:00:00-04:00,16.99257673,17.09741517,16.62315223,16.99757004,480748000,NVDA
2022-07-26 00:00:00-04:00,149.5409637,150.3561435,148.1070445,148.8927612,55138700,AAPL
2022-07-26 00:00:00-04:00,266.5133362,267.3099976,256.2633362,258.8599854,66820800,TSLA
2022-07-26 00:00:00-04:00,16.86278396,16.89273808,16.45242264,16.50733757,397865000,NVDA
2022-07-27 00:00:00-04:00,263.8099976,275.9266663,261.7900085,274.8200073,88110000,TSLA
2022-07-27 00:00:00-04:00,17.0055616,17.9081596,16.88674684,17.76238632,569776000,NVDA
2022-07-27 00:00:00-04:00,149.855286,154.5204623,149.442788,153.990097,78620700,AAPL
2022-07-28 00:00:00-04:00,17.9470984,18.11184128,17.41292901,17.9560833,474646000,NVDA
2022-07-28 00:00:00-04:00,154.176682,154.8248995,151.6525843,154.5400848,81378700,AAPL
2022-07-28 00:00:00-04:00,280.0666809,283.2999878,272.7999878,280.8999939,84723000,TSLA
2022-07-29 00:00:00-04:00,17.78534673,18.2156774,17.66453428,18.13480377,435460000,NVDA
2022-07-29 00:00:00-04:00,158.3606005,160.7079195,156.6516678,159.6079102,101786900,AAPL
2022-07-29 00:00:00-04:00,280.7000122,298.3200073,279.1000061,297.1499939,95313000,TSLA
2022-08-01 00:00:00-04:00,18.15377764,18.81674846,17.96207622,18.4123764,476469000,NVDA
2022-08-01 00:00:00-04:00,158.1347071,160.6686357,158.0168548,158.6257782,67829400,AAPL
2022-08-01 00:00:00-04:00,301.2766724,311.8766785,295,297.2766724,117042900,TSLA
2022-08-02 00:00:00-04:00,18.09386976,18.9086031,18.06391564,18.49724197,489527000,NVDA
2022-08-02 00:00:00-04:00,294.0033264,307.8333435,292.6666565,300.5866699,95577600,TSLA
2022-08-02 00:00:00-04:00,157.2409463,159.509692,156.7793383,157.1525421,59907000,AAPL
2022-08-03 00:00:00-04:00,305,309.5499878,301.1499939,307.3966675,80091000,TSLA
2022-08-03 00:00:00-04:00,18.15576952,18.93855277,18.10884161,18.86366844,418146000,NVDA
2022-08-03 00:00:00-04:00,157.9677438,163.6150613,157.8793546,163.1632843,82507500,AAPL
2022-08-04 00:00:00-04:00,311,313.6066589,305,308.6333313,72256200,TSLA
2022-08-04 00:00:00-04:00,18.81974008,19.24407955,18.73087754,19.18517113,409652000,NVDA
2022-08-04 00:00:00-04:00,163.045455,164.2043909,161.4936682,162.8490295,55474100,AAPL
2022-08-05 00:00:00-04:00,302.6700134,304.6066589,285.543335,288.1700134,113172900,TSLA
2022-08-05 00:00:00-04:00,18.78079927,19.19914945,18.63702371,18.95952225,386068000,NVDA
2022-08-05 00:00:00-04:00,160.5180995,163.114556,160.3115565,162.6228027,56697000,AAPL
2022-08-08 00:00:00-04:00,163.6259862,165.0422381,161.4917787,162.1507263,60276900,AAPL
2022-08-08 00:00:00-04:00,295,305.2000122,289.0866699,290.4233398,98994000,TSLA
2022-08-09 00:00:00-04:00,161.3147251,163.0850396,160.557421,162.1998749,63135500,AAPL
2022-08-09 00:00:00-04:00,290.293335,292.3966675,279.3533325,283.3333435,86244600,TSLA
2022-08-10 00:00:00-04:00,164.9143411,166.5469653,164.1472073,166.4486237,70170500,AAPL
2022-08-10 00:00:00-04:00,297.0666809,297.5100098,283.3699951,294.3566589,94918800,TSLA
2022-08-10 00:00:00-04:00,17.67052974,18.08987791,17.2901206,18.0689106,597422000,NVDA
2022-08-11 00:00:00-04:00,167.2550958,168.1697645,165.4159436,165.7109985,57149200,AAPL
2022-08-11 00:00:00-04:00,296.5133362,298.2366638,285.8333435,286.6300049,70155000,TSLA
2022-08-11 00:00:00-04:00,18.10285218,18.67795815,17.848247,17.91414452,509327000,NVDA
2022-08-12 00:00:00-04:00,289.4166565,300.1600037,285.0333252,300.0299988,79657200,TSLA
2022-08-12 00:00:00-04:00,18.1318126,18.68894706,17.92513317,18.67996025,478094000,NVDA
2022-08-12 00:00:00-04:00,167.019081,169.3303123,166.6059951,169.2614746,68039400,AAPL
2022-08-15 00:00:00-04:00,18.67197297,19.13425365,18.58411021,19.00245857,457666000,NVDA
2022-08-15 00:00:00-04:00,168.6910571,170.5302097,168.5238628,170.3335114,54091700,AAPL
2022-08-15 00:00:00-04:00,301.7866821,313.1333313,301.230011,309.3200073,89359200,TSLA
2022-08-16 00:00:00-04:00,18.89063193,19.11228746,18.47228169,18.84969521,451240000,NVDA
2022-08-16 00:00:00-04:00,169.9302556,170.8449244,168.8287331,170.1761322,56377100,AAPL
2022-08-16 00:00:00-04:00,311.6666565,314.6666565,302.8833313,306.563324,88136400,TSLA
2022-08-17 00:00:00-04:00,18.49424743,18.65899031,18.11683394,18.30653763,446799000,NVDA
2022-08-17 00:00:00-04:00,169.9203957,173.2446369,169.7236974,171.6710358,79542000,AAPL
2022-08-17 00:00:00-04:00,303.3966675,309.6566772,300.0333252,303.9966736,68766000,TSLA
2022-08-18 00:00:00-04:00,170.8842523,172.0152788,170.2646384,171.2776489,62290100,AAPL
2022-08-18 00:00:00-04:00,306,306.5,301.8533325,302.8699951,47500500,TSLA
2022-08-18 00:00:00-04:00,18.27259093,18.83571458,18.15477408,18.74385834,415447000,NVDA
2022-08-19 00:00:00-04:00,299,300.3599854,292.5,296.6666565,61395300,TSLA
2022-08-19 00:00:00-04:00,18.37742939,18.49125275,17.74241694,17.82129478,441588000,NVDA
2022-08-19 00:00:00-04:00,170.1761141,170.8744102,168.4844818,168.6910248,70346300,AAPL
2022-08-22 00:00:00-04:00,291.9133301,292.3999939,286.2966614,289.9133301,55843200,TSLA
2022-08-22 00:00:00-04:00,17.46285036,17.53074559,16.93966359,17.00755882,409593000,NVDA
2022-08-22 00:00:00-04:00,166.8912272,167.0584215,164.3832825,164.8061981,69026800,AAPL
2022-08-23 00:00:00-04:00,291.4533386,298.8266602,287.9233398,296.4533386,63984900,TSLA
2022-08-23 00:00:00-04:00,16.96262791,17.43788884,16.9436564,17.1543293,369986000,NVDA
2022-08-23 00:00:00-04:00,164.3242665,165.9273869,163.9013509,164.4717865,54147100,AAPL
2022-08-24 00:00:00-04:00,297.563324,303.6466675,296.5,297.0966797,57259800,TSLA
2022-08-24 00:00:00-04:00,164.560333,165.3372966,163.5079737,164.766861,53841500,AAPL
2022-08-24 00:00:00-04:00,16.9855936,17.37898305,16.86877653,17.19526863,522661000,NVDA
2022-08-25 00:00:00-04:00,165.9962333,167.3338028,165.5733327,167.2256165,51218200,AAPL
2022-08-25 00:00:00-04:00,302.3599854,302.9599915,291.6000061,296.0700073,53230000,TSLA
2022-08-26 00:00:00-04:00,167.7566918,168.2287707,160.8623024,160.9213104,78961000,AAPL
2022-08-26 00:00:00-04:00,297.4299927,302,287.4700012,288.0899963,57163900,TSLA
2022-08-29 00:00:00-04:00,158.4920597,160.213196,157.1840093,158.718277,73314000,AAPL
2022-08-29 00:00:00-04:00,282.8299866,287.7399902,280.7000122,284.8200073,41864700,TSLA
2022-08-29 00:00:00-04:00,15.99513392,16.31263921,15.74252638,15.77647305,496132000,NVDA
2022-08-30 00:00:00-04:00,287.8699951,288.480011,272.6499939,277.7000122,50541800,TSLA
2022-08-30 00:00:00-04:00,15.93522566,16.01410255,15.15843345,15.44398975,530181000,NVDA
2022-08-30 00:00:00-04:00,159.4559088,159.8788093,155.1186416,156.2890167,77906200,AAPL
2022-08-31 00:00:00-04:00,15.3601198,15.51587778,14.93577932,15.07056999,573710000,NVDA
2022-08-31 00:00:00-04:00,157.665908,157.9314589,154.5481945,154.6268768,87991100,AAPL
2022-08-31 00:00:00-04:00,280.6199951,281.25,271.8099976,275.6099854,52107300,TSLA
2022-09-01 00:00:00-04:00,154.0564397,155.8070798,152.1189309,155.3546753,74229900,AAPL
2022-09-01 00:00:00-04:00,272.5799866,277.5799866,266.1499939,277.1600037,54287000,TSLA
2022-09-02 00:00:00-04:00,157.1151608,157.7151003,152.414001,153.2401428,76957800,AAPL
2022-09-02 00:00:00-04:00,281.0700073,282.3500061,269.0799866,270.2099915,50890100,TSLA
2022-09-06 00:00:00-04:00,13.70968438,13.7576102,13.33027417,13.44409752,535751000,NVDA
2022-09-06 00:00:00-04:00,272.6799927,275.9899902,265.7399902,274.4200134,55860000,TSLA
2022-09-06 00:00:00-04:00,153.8892673,154.4990365,151.1551203,151.9812622,73714800,AAPL
2022-09-07 00:00:00-04:00,273.1000061,283.8399963,272.269989,283.7000122,50028900,TSLA
2022-09-07 00:00:00-04:00,13.54596978,13.82062506,13.32924224,13.6967802,512657000,NVDA
2022-09-07 00:00:00-04:00,152.2664832,154.0859613,151.0764338,153.3876801,87449600,AAPL
2022-09-08 00:00:00-04:00,281.2999878,289.5,279.7600098,289.2600098,53713100,TSLA
2022-09-08 00:00:00-04:00,13.44210338,13.99041491,13.35221716,13.9724369,624873000,NVDA
2022-09-08 00:00:00-04:00,152.0894538,153.7810863,150.1617743,151.9124298,84923800,AAPL
2022-09-09 00:00:00-04:00,291.6700134,299.8500061,291.25,299.6799927,54338100,TSLA
2022-09-09 00:00:00-04:00,14.13922482,14.4558272,14.10826456,14.36893654,486612000,NVDA
2022-09-09 00:00:00-04:00,152.9057879,155.2170346,152.1976618,154.7744446,68028800,AAPL
2022-09-12 00:00:00-04:00,14.35095982,14.52873583,14.18017404,14.48678875,484159000,NVDA
2022-09-12 00:00:00-04:00,156.9577901,161.5507634,156.6725799,160.7344513,104956000,AAPL
2022-09-12 00:00:00-04:00,300.7200012,305.4899902,300.3999939,304.4200134,48674600,TSLA
2022-09-13 00:00:00-04:00,157.2626901,157.8921337,150.8403935,151.3026428,122656600,AAPL
2022-09-13 00:00:00-04:00,292.8999939,297.3999939,290.3999939,292.1300049,68229600,TSLA
2022-09-14 00:00:00-04:00,152.236955,154.5088675,151.0764246,152.7483826,87965400,AAPL
2022-09-14 00:00:00-04:00,292.2399902,306,291.6400146,302.6099854,72628700,TSLA
2022-09-14 00:00:00-04:00,13.2373582,13.27331325,12.89678675,13.11151695,588507000,NVDA
2022-09-15 00:00:00-04:00,152.0992661,152.6795463,148.8832108,149.8568726,90481100,AAPL
2022-09-15 00:00:00-04:00,301.8299866,309.1199951,300.7200012,303.75,64795500,TSLA
2022-09-15 00:00:00-04:00,12.99865988,13.21638564,12.77394199,12.91276741,523625000,NVDA
2022-09-16 00:00:00-04:00,148.7160144,148.8537047,145.9228447,148.2144165,162278800,AAPL
2022-09-16 00:00:00-04:00,299.6099854,303.7099915,295.6000061,303.3500061,87087800,TSLA
2022-09-19 00:00:00-04:00,12.9956628,13.44609676,12.99366546,13.36519814,569685000,NVDA
2022-09-19 00:00:00-04:00,146.8473415,152.0107502,146.6408135,151.9320679,81474200,AAPL
2022-09-19 00:00:00-04:00,300.0899963,309.8399963,297.7999878,309.0700073,60231200,TSLA
2022-09-20 00:00:00-04:00,13.19840971,13.4660729,13.04060807,13.15945816,524818000,NVDA
2022-09-20 00:00:00-04:00,150.8699065,155.4727252,150.5551922,154.3121796,107689800,AAPL
2022-09-20 00:00:00-04:00,306.9100037,313.3299866,305.5799866,308.730011,61642800,TSLA
2022-09-21 00:00:00-04:00,154.7448891,156.121807,151.0665849,151.1846008,101696800,AAPL
2022-09-21 00:00:00-04:00,308.2900085,313.7999878,300.6300049,300.7999878,62555700,TSLA
2022-09-22 00:00:00-04:00,149.8667013,151.9222259,148.4209458,150.2207642,86652500,AAPL
2022-09-22 00:00:00-04:00,299.8599854,301.2900085,285.8200073,288.5899963,70545400,TSLA
2022-09-23 00:00:00-04:00,283.0899963,284.5,272.8200073,275.3299866,63748400,TSLA
2022-09-23 00:00:00-04:00,148.696327,148.9717075,146.1097005,147.9488525,96029900,AAPL
2022-09-26 00:00:00-04:00,271.8299866,284.0899963,270.3099976,276.0100098,58076900,TSLA
2022-09-26 00:00:00-04:00,12.47531676,12.64310604,12.19866412,12.21264648,547343000,NVDA
2022-09-26 00:00:00-04:00,147.1915563,151.2337678,147.171882,148.2832489,93339400,AAPL
2022-09-27 00:00:00-04:00,283.8399963,288.6700134,277.5100098,282.9400024,61925200,TSLA
2022-09-27 00:00:00-04:00,12.49129604,12.7200086,12.24260909,12.39741421,553854000,NVDA
2022-09-27 00:00:00-04:00,150.2207746,152.1681131,147.4767833,149.2569275,84442700,AAPL
2022-09-28 00:00:00-04:00,12.39441703,12.80689855,12.33848759,12.7200079,542414000,NVDA
2022-09-28 00:00:00-04:00,145.2048653,148.1553841,142.4510447,147.368576,146691400,AAPL
2022-09-28 00:00:00-04:00,283.0799866,289,277.5700073,287.8099976,54664800,TSLA
2022-09-29 00:00:00-04:00,143.6902774,144.3000465,138.35966,140.1299744,128138200,AAPL
2022-09-29 00:00:00-04:00,282.7600098,283.6499939,265.7799988,268.2099915,77620600,TSLA
2022-09-29 00:00:00-04:00,12.43237098,12.48430574,11.93100141,12.20465755,532763000,NVDA
2022-09-30 00:00:00-04:00,138.9498106,140.7397998,135.7239102,135.9206085,124925300,AAPL
2022-09-30 00:00:00-04:00,266.1499939,275.5700073,262.4700012,265.25,67726600,TSLA
2022-09-30 00:00:00-04:00,12.07182451,12.61713948,12.05983949,12.12375927,565638000,NVDA
2022-10-03 00:00:00-04:00,135.9304365,140.7102786,135.419009,140.1004944,114311700,AAPL
2022-10-03 00:00:00-04:00,254.5,255.1600037,241.0099945,242.3999939,98363500,TSLA
2022-10-03 00:00:00-04:00,12.3314993,12.66208408,12.08980253,12.49629211,547478000,NVDA
2022-10-04 00:00:00-04:00,250.5200043,257.5,242.0099945,249.4400024,109578500,TSLA
2022-10-04 00:00:00-04:00,12.86282843,13.20340082,12.86282843,13.15046692,584182000,NVDA
2022-10-04 00:00:00-04:00,142.6379484,143.8083236,141.8806442,143.6903076,87830100,AAPL
2022-10-05 00:00:00-04:00,12.89479,13.30427508,12.60515415,13.19241524,507131000,NVDA
2022-10-05 00:00:00-04:00,141.6937795,144.9491834,140.6512501,143.9853363,79471000,AAPL
2022-10-05 00:00:00-04:00,245.0099945,246.6699982,233.2700043,240.8099976,86982700,TSLA
2022-10-06 00:00:00-04:00,143.4050635,145.1065254,142.8247984,143.0313263,68402200,AAPL
2022-10-06 00:00:00-04:00,239.4400024,244.5800018,235.3500061,238.1300049,69298400,TSLA
2022-10-07 00:00:00-04:00,140.1890068,140.739783,137.1499754,137.7794189,85925600,AAPL
2022-10-07 00:00:00-04:00,233.9400024,234.5700073,222.0200043,223.0700073,83916800,TSLA
2022-10-10 00:00:00-04:00,223.9299927,226.9900055,218.3600006,222.9600067,67925000,TSLA
2022-10-10 00:00:00-04:00,138.1039581,139.5497136,136.2844804,138.1039581,74899000,AAPL
2022-10-11 00:00:00-04:00,220.9499969,225.75,215,216.5,77013200,TSLA
2022-10-11 00:00:00-04:00,137.5925531,139.0186495,135.9402693,136.6877289,77033700,AAPL
2022-10-12 00:00:00-04:00,215.3300018,219.3000031,211.5099945,217.2400055,66860700,TSLA
2022-10-12 00:00:00-04:00,11.5644617,11.720265,11.3307553,11.48556042,492590000,NVDA
2022-10-12 00:00:00-04:00,136.8352518,138.0449605,135.8812494,136.0582733,70433700,AAPL
2022-10-13 00:00:00-04:00,208.3000031,222.9900055,206.2200012,221.7200012,91483000,TSLA
2022-10-13 00:00:00-04:00,132.7635547,141.221702,132.1537704,140.6316071,113224000,AAPL
2022-10-14 00:00:00-04:00,141.9297958,142.1363387,135.9107419,136.0976105,88598000,AAPL
2022-10-14 00:00:00-04:00,224.0099945,226.2599945,204.1600037,204.9900055,94124500,TSLA
2022-10-17 00:00:00-04:00,138.7432471,140.5430505,137.956439,140.061142,85250900,AAPL
2022-10-17 00:00:00-04:00,210.0399933,221.8600006,209.4499969,219.3500061,79428800,TSLA
2022-10-17 00:00:00-04:00,11.50353732,11.93299771,11.50253913,11.87307262,580774000,NVDA
2022-10-18 00:00:00-04:00,143.0903655,144.2804,138.290849,141.3790588,99136600,AAPL
2022-10-18 00:00:00-04:00,229.5,229.8200073,217.25,220.1900024,75891900,TSLA
2022-10-19 00:00:00-04:00,139.3530364,142.5592621,139.1661677,141.4872437,61758300,AAPL
2022-10-19 00:00:00-04:00,219.8000031,222.9299927,217.7799988,222.0399933,66571500,TSLA
2022-10-19 00:00:00-04:00,11.86408467,12.33449397,11.8191411,12.03586864,523131000,NVDA
2022-10-20 00:00:00-04:00,208.2799988,215.5500031,202,207.2799988,117798100,TSLA
2022-10-20 00:00:00-04:00,140.6611013,143.4837601,140.2971937,141.0249939,64522000,AAPL
2022-10-21 00:00:00-04:00,12.08281084,12.48230922,11.87207625,12.45034885,609494000,NVDA
2022-10-21 00:00:00-04:00,140.5135807,145.4114543,140.2972081,144.8410187,86548600,AAPL
2022-10-21 00:00:00-04:00,206.4199982,214.6600037,203.8000031,214.4400024,75713800,TSLA
2022-10-24 00:00:00-04:00,12.49229414,12.69404015,12.04885142,12.58317947,517457000,NVDA
2022-10-24 00:00:00-04:00,144.762297,147.7521496,143.5919221,146.9850159,75981900,AAPL
2022-10-24 00:00:00-04:00,205.8200073,213.5,198.5899963,211.25,100446800,TSLA
2022-10-25 00:00:00-04:00,12.67806287,13.28330198,12.64809985,13.24435043,505482000,NVDA
2022-10-25 00:00:00-04:00,147.6145027,149.9749276,146.8965471,149.8273926,74732300,AAPL
2022-10-25 00:00:00-04:00,210.1000061,224.3500061,210,222.4199982,96507900,TSLA
2022-10-26 00:00:00-04:00,148.4701342,149.4831446,145.5982822,146.8866882,88194300,AAPL
2022-10-26 00:00:00-04:00,219.3999939,230.6000061,218.1999969,224.6399994,85012500,TSLA
2022-10-26 00:00:00-04:00,12.85284285,13.37119033,12.69204474,12.87980843,532953000,NVDA
2022-10-27 00:00:00-04:00,229.7700043,233.8099976,222.8500061,225.0899963,61638800,TSLA
2022-10-27 00:00:00-04:00,13.61288867,13.82062772,13.10552605,13.15945816,583113000,NVDA
2022-10-27 00:00:00-04:00,145.6278136,146.5916458,141.7527956,142.4117432,109180200,AAPL
2022-10-28 00:00:00-04:00,225.3999939,228.8600006,216.3500061,228.5200043,69152400,TSLA
2022-10-28 00:00:00-04:00,13.08754557,13.83260911,13.04459934,13.81662846,521040000,NVDA
2022-10-28 00:00:00-04:00,145.7556484,154.9022611,145.3819261,153.1712952,164762400,AAPL
2022-10-31 00:00:00-04:00,226.1900024,229.8500061,221.9400024,227.5399933,61554300,TSLA
2022-10-31 00:00:00-04:00,13.76070026,13.82062535,13.28030426,13.48005295,486341000,NVDA
2022-10-31 00:00:00-04:00,150.6338891,151.6960781,149.4143354,150.8109131,97943200,AAPL
2022-11-01 00:00:00-04:00,234.0500031,237.3999939,227.2799988,227.8200073,62688800,TSLA
2022-11-01 00:00:00-04:00,152.5221787,152.8860713,146.6703185,148.1652374,80379300,AAPL
2022-11-01 00:00:00-04:00,13.79365937,13.90751655,13.50202617,13.52599621,432817000,NVDA
2022-11-02 00:00:00-04:00,146.4932986,149.6601909,142.6084507,142.6379547,93604600,AAPL
2022-11-02 00:00:00-04:00,226.0399933,227.8699951,214.8200073,214.9799957,63070300,TSLA
2022-11-03 00:00:00-04:00,139.7169294,140.4447296,136.4615253,136.589386,97918500,AAPL
2022-11-03 00:00:00-04:00,211.3600006,221.1999969,210.1399994,215.3099976,56538800,TSLA
2022-11-03 00:00:00-04:00,13.02662341,13.76369669,12.93973276,13.4041481,500065000,NVDA
2022-11-04 00:00:00-04:00,139.9782482,140.54963,132.382843,136.3233948,140814800,AAPL
2022-11-04 00:00:00-04:00,222.6000061,223.8000031,203.0800018,207.4700012,98622200,TSLA
2022-11-04 00:00:00-04:00,13.96843988,14.21113481,13.67980222,14.13822651,612576000,NVDA
2022-11-07 00:00:00-05:00,208.6499939,208.8999939,196.6600037,197.0800018,93916500,TSLA
2022-11-07 00:00:00-05:00,14.21013461,14.39390359,13.93647944,14.28304291,410061000,NVDA
2022-11-07 00:00:00-05:00,135.0722647,137.0819395,133.6536636,136.8553619,83374600,AAPL
2022-11-08 00:00:00-05:00,14.78241635,14.87230351,14.19815081,14.5836668,595292000,NVDA
2022-11-08 00:00:00-05:00,138.3232063,139.3280361,135.4466057,137.4267273,89908500,AAPL
2022-11-08 00:00:00-05:00,194.0200043,195.1999969,186.75,191.3000031,128803400,TSLA
2022-11-09 00:00:00-05:00,14.14421728,14.19315649,13.74172343,13.75870228,454414000,NVDA
2022-11-09 00:00:00-05:00,136.4415792,136.490839,132.5896869,132.8655243,74917800,AAPL
2022-11-09 00:00:00-05:00,190.7799988,195.8899994,177.1199951,177.5899963,127062700,TSLA
2022-11-10 00:00:00-05:00,139.1408935,144.6872101,137.426748,144.6872101,118854000,AAPL
2022-11-10 00:00:00-05:00,189.8999939,191,180.0299988,190.7200012,132703000,TSLA
2022-11-11 00:00:00-05:00,143.6528483,147.7805644,142.224386,147.475174,93979700,AAPL
2022-11-11 00:00:00-05:00,186,196.5200043,182.5899963,195.9700012,114403600,TSLA
2022-11-14 00:00:00-05:00,192.7700043,195.7299957,186.3399963,190.9499969,92226600,TSLA
2022-11-14 00:00:00-05:00,16.19763886,16.5192351,15.90201001,16.27454185,527852000,NVDA
2022-11-14 00:00:00-05:00,146.7560111,148.0465395,145.2388901,146.0762634,73374100,AAPL
2022-11-15 00:00:00-05:00,195.8800049,200.8200073,192.0599976,194.4199982,91293800,TSLA
2022-11-15 00:00:00-05:00,16.7010062,16.97665876,16.36143291,16.64507675,545876000,NVDA
2022-11-15 00:00:00-05:00,149.9577131,151.3073474,146.3521043,147.8101044,89868300,AAPL
2022-11-16 00:00:00-05:00,191.5099945,192.5700073,185.6600037,186.9199982,66567600,TSLA
2022-11-16 00:00:00-05:00,146.9136327,147.6426251,145.1009673,146.5786743,64218300,AAPL
2022-11-17 00:00:00-05:00,144.2537899,149.2287412,143.9779524,148.4800415,80389400,AAPL
2022-11-17 00:00:00-05:00,183.9600067,186.1600037,180.8999939,183.1699982,64336000,TSLA
2022-11-18 00:00:00-05:00,150.0463795,150.4305827,147.74116,149.0415344,74829600,AAPL
2022-11-18 00:00:00-05:00,185.0500031,185.1900024,176.5500031,180.1900024,76048900,TSLA
2022-11-18 00:00:00-05:00,15.94595306,15.98190906,15.10101556,15.38965321,492072000,NVDA
2022-11-21 00:00:00-05:00,147.9283125,148.135183,145.5245736,145.810257,58724100,AAPL
2022-11-21 00:00:00-05:00,175.8500061,176.7700043,167.5399933,167.8699951,92882700,TSLA
2022-11-21 00:00:00-05:00,15.12798197,15.45756755,15.0610657,15.29776859,404739000,NVDA
2022-11-22 00:00:00-05:00,145.9284624,148.1844213,144.746285,147.9479828,51804100,AAPL
2022-11-22 00:00:00-05:00,168.6300049,170.9199982,166.1900024,169.9100037,78452300,TSLA
2022-11-22 00:00:00-05:00,15.3087556,16.03783957,15.10301391,16.01786423,472866000,NVDA
2022-11-23 00:00:00-05:00,147.22888,149.5735134,147.1205142,148.8248138,58301400,AAPL
2022-11-23 00:00:00-05:00,16.07778579,16.50624796,16.02784934,16.49825668,427241000,NVDA
2022-11-23 00:00:00-05:00,173.5700073,183.6199951,172.5,183.1999969,109536700,TSLA
2022-11-25 00:00:00-05:00,16.29751282,16.46629936,16.15169622,16.24957275,167934000,NVDA
2022-11-25 00:00:00-05:00,146.1058075,146.6673434,144.933491,145.908783,35195900,AAPL
2022-11-25 00:00:00-05:00,185.0599976,185.1999969,180.6300049,182.8600006,50672700,TSLA
2022-11-28 00:00:00-05:00,16.00587461,16.33646024,15.70525389,15.80712509,303741000,NVDA
2022-11-28 00:00:00-05:00,142.9829242,144.4606312,141.2490868,142.0765991,69246000,AAPL
2022-11-28 00:00:00-05:00,179.9600067,188.5,179,182.9199982,92905200,TSLA
2022-11-29 00:00:00-05:00,15.80712842,15.91199709,15.50051466,15.61936474,298384000,NVDA
2022-11-29 00:00:00-05:00,142.1455557,142.6578317,138.2641246,139.0719299,83763800,AAPL
2022-11-29 00:00:00-05:00,184.9900055,186.3800049,178.75,180.8300018,83357100,TSLA
2022-11-30 00:00:00-05:00,139.2984727,146.5096883,138.4611146,145.8299408,111380900,AAPL
2022-11-30 00:00:00-05:00,182.4299927,194.7599945,180.6300049,194.6999969,109186400,TSLA
2022-11-30 00:00:00-05:00,15.68129994,16.91306749,15.58140053,16.90607452,565298000,NVDA
2022-12-01 00:00:00-05:00,197.0800018,198.9199982,191.8000031,194.6999969,80046200,TSLA
2022-12-01 00:00:00-05:00,16.98199715,17.24772992,16.61836092,17.11786079,470977000,NVDA
2022-12-01 00:00:00-05:00,146.0073149,146.9136401,144.431088,146.1058197,71250400,AAPL
2022-12-02 00:00:00-05:00,191.7799988,196.25,191.1100006,194.8600006,73645900,TSLA
2022-12-02 00:00:00-05:00,16.64234118,16.91606734,16.42855448,16.85912323,371389000,NVDA
2022-12-02 00:00:00-05:00,143.7907393,145.8004141,143.4853339,145.6132355,65447400,AAPL
2022-12-05 00:00:00-05:00,189.4400024,191.2700043,180.5500031,182.4499969,93122700,TSLA
2022-12-05 00:00:00-05:00,16.66232075,16.97800471,16.45552703,16.59338951,352255000,NVDA
2022-12-05 00:00:00-05:00,145.5738471,148.6770258,143.6035711,144.4507904,68826400,AAPL
2022-12-06 00:00:00-05:00,181.2200012,183.6499939,175.3300018,179.8200073,92150800,TSLA
2022-12-06 00:00:00-05:00,144.8842494,145.1108269,139.8107798,140.7860718,64727200,AAPL
2022-12-06 00:00:00-05:00,16.51347028,16.55642654,15.80318085,15.97101307,352694000,NVDA
2022-12-07 00:00:00-05:00,140.0767901,141.2392458,137.9193352,138.8453674,69721100,AAPL
2022-12-07 00:00:00-05:00,175.0299988,179.3800049,172.2200012,174.0399933,84213300,TSLA
2022-12-07 00:00:00-05:00,15.75622742,16.16981391,15.65133193,16.10387993,372388000,NVDA
2022-12-08 00:00:00-05:00,140.2442695,141.3870334,139.0030009,140.529953,62128300,AAPL
2022-12-08 00:00:00-05:00,172.1999969,175.1999969,169.0599976,173.4400024,97624500,TSLA
2022-12-08 00:00:00-05:00,16.25672501,17.16181899,15.94303798,17.15182877,515456000,NVDA
2022-12-09 00:00:00-05:00,140.2245283,143.4065346,138.8059273,140.0472107,76097000,AAPL
2022-12-09 00:00:00-05:00,173.8399963,182.5,173.3600006,179.0500031,104872300,TSLA
2022-12-09 00:00:00-05:00,17.14283488,17.56541209,16.95802047,16.98399353,465338000,NVDA
2022-12-12 00:00:00-05:00,176.1000061,177.3699951,167.5200043,167.8200073,109794500,TSLA
2022-12-12 00:00:00-05:00,17.01996067,17.52045904,16.78020094,17.51746178,457328000,NVDA
2022-12-12 00:00:00-05:00,140.5791548,142.3524058,138.9635295,142.3425598,70462700,AAPL
2022-12-13 00:00:00-05:00,147.2781499,147.741166,142.0963287,143.3080444,93886200,AAPL
2022-12-13 00:00:00-05:00,174.8699951,175.0500031,156.9100037,160.9499969,175862700,TSLA
2022-12-14 00:00:00-05:00,17.96901109,18.23374736,17.4025787,17.65632439,496888000,NVDA
2022-12-14 00:00:00-05:00,143.189783,144.4803111,139.0620533,141.0815887,82291200,AAPL
2022-12-14 00:00:00-05:00,159.25,161.6199951,155.3099976,156.8000031,140682300,TSLA
2022-12-15 00:00:00-05:00,17.12884953,17.30267527,16.6832965,16.93504333,478542000,NVDA
2022-12-15 00:00:00-05:00,139.0128152,139.6925628,134.0083127,134.4713287,98931900,AAPL
2022-12-15 00:00:00-05:00,153.4400024,160.9299927,153.2799988,157.6699982,122334500,TSLA
2022-12-16 00:00:00-05:00,16.84714016,17.02396324,16.39359358,16.55443192,478232000,NVDA
2022-12-16 00:00:00-05:00,159.6399994,160.9900055,150.0399933,150.2299957,139032200,TSLA
2022-12-16 00:00:00-05:00,134.6585032,135.6042272,131.7424884,132.5108948,160156900,AAPL
2022-12-19 00:00:00-05:00,154,155.25,145.8200073,149.8699951,139390600,TSLA
2022-12-19 00:00:00-05:00,16.55542807,16.59238982,16.12885503,16.23774529,354039000,NVDA
2022-12-19 00:00:00-05:00,133.1020246,133.1906834,129.3683574,130.4027405,79592600,AAPL
2022-12-20 00:00:00-05:00,146.0500031,148.4700012,137.6600037,137.8000031,159563300,TSLA
2022-12-20 00:00:00-05:00,16.04793741,16.29369173,15.83615044,16.06891632,403260000,NVDA
2022-12-20 00:00:00-05:00,129.4372763,131.2696336,127.9595694,130.3337555,77432800,AAPL
2022-12-21 00:00:00-05:00,139.3399963,141.2599945,135.8899994,137.5700073,145417400,TSLA
2022-12-21 00:00:00-05:00,16.0978887,16.61037626,16.08589966,16.48450089,325025000,NVDA
2022-12-21 00:00:00-05:00,131.0036434,134.7767237,130.7770659,133.4369354,85928000,AAPL
2022-12-22 00:00:00-05:00,16.07790497,16.12186159,14.86711714,15.3236599,565045000,NVDA
2022-12-22 00:00:00-05:00,132.3532729,132.5601434,128.3634617,130.2647705,77852100,AAPL
2022-12-22 00:00:00-05:00,136,136.6300049,122.2600021,125.3499985,210090300,TSLA
2022-12-23 00:00:00-05:00,128.9742669,130.451974,127.7132915,129.9002991,63814900,AAPL
2022-12-23 00:00:00-05:00,126.3700027,128.6199951,121.0199966,123.1500015,166989700,TSLA
2022-12-23 00:00:00-05:00,15.18080376,15.32366041,14.86811704,15.19079399,349326000,NVDA
2022-12-27 00:00:00-05:00,129.4274307,129.4569836,126.8069601,128.0974884,69007800,AAPL
2022-12-27 00:00:00-05:00,117.5,119.6699982,108.7600021,109.0999985,208643400,TSLA
2022-12-27 00:00:00-05:00,15.05892426,15.08489828,14.0419418,14.10687733,464902000,NVDA
2022-12-28 00:00:00-05:00,127.7428499,129.0826382,123.9993298,124.1668015,85438400,AAPL
2022-12-28 00:00:00-05:00,110.3499985,116.2699966,108.2399979,112.7099991,221070500,TSLA
2022-12-28 00:00:00-05:00,13.91307287,14.2477379,13.87011565,14.02196407,351066000,NVDA
2022-12-29 00:00:00-05:00,120.3899994,123.5699997,117.5,121.8199997,221923300,TSLA
2022-12-29 00:00:00-05:00,14.38759782,14.66831599,14.21277264,14.58839607,354923000,NVDA
2022-12-29 00:00:00-05:00,126.0878275,128.5408193,125.831697,127.683754,75703700,AAPL
2022-12-30 00:00:00-05:00,14.31966553,14.61437061,14.2187667,14.59938622,310490000,NVDA
2022-12-30 00:00:00-05:00,126.5016013,128.0187075,125.5361625,127.9990005,77034200,AAPL
2022-12-30 00:00:00-05:00,119.9499969,124.4800034,119.75,123.1800003,157777300,TSLA
2023-01-03 00:00:00-05:00,14.83614919,14.98100465,14.08190406,14.30068493,401277000,NVDA
2023-01-03 00:00:00-05:00,128.3437645,128.9545451,122.3245713,123.2111969,112117500,AAPL
2023-01-03 00:00:00-05:00,118.4700012,118.8000031,104.6399994,108.0999985,231402800,TSLA
2023-01-04 00:00:00-05:00,14.55243287,14.83814616,14.22675867,14.73425007,431324000,NVDA
2023-01-04 00:00:00-05:00,125.0041547,126.7478531,123.2210574,124.4820328,89113600,AAPL
2023-01-04 00:00:00-05:00,109.1100006,114.5899963,107.5199966,113.6399994,180389000,TSLA
2023-01-05 00:00:00-05:00,125.2405987,125.8710864,122.9058263,123.1619568,80962700,AAPL
2023-01-05 00:00:00-05:00,110.5100021,111.75,107.1600037,110.3399963,157986300,TSLA
2023-01-05 00:00:00-05:00,14.47650815,14.54943509,14.13385076,14.25073433,389168000,NVDA
2023-01-06 00:00:00-05:00,103,114.3899994,101.8099976,113.0599976,220911100,TSLA
2023-01-06 00:00:00-05:00,14.45952485,14.99498906,14.01996531,14.84414005,405044000,NVDA
2023-01-06 00:00:00-05:00,124.1372246,128.3536059,123.0338675,127.6935654,87754700,AAPL
2023-01-09 00:00:00-05:00,118.9599991,123.5199966,117.1100006,119.7699966,190284000,TSLA
2023-01-09 00:00:00-05:00,15.26871653,16.0399439,15.12585893,15.6123724,504231000,NVDA
2023-01-09 00:00:00-05:00,128.5309496,131.4272576,127.9595678,128.2156982,70790800,AAPL
2023-01-10 00:00:00-05:00,121.0699997,122.7600021,114.9199982,118.8499985,167642500,TSLA
2023-01-10 00:00:00-05:00,15.49149092,15.94603578,15.45652608,15.89308929,384101000,NVDA
2023-01-10 00:00:00-05:00,128.3240476,129.3091854,126.2158533,128.7870636,63896200,AAPL
2023-01-11 00:00:00-05:00,122.0899963,125.9499969,120.5100021,123.2200012,183810800,TSLA
2023-01-11 00:00:00-05:00,129.2993435,131.5257497,128.5210912,131.5060577,69458900,AAPL
2023-01-11 00:00:00-05:00,15.82415946,16.01197117,15.54743604,15.98499775,353285000,NVDA
2023-01-12 00:00:00-05:00,131.8902774,132.2646196,129.4865383,131.4272614,71379600,AAPL
2023-01-12 00:00:00-05:00,122.5599976,124.1299973,117,123.5599976,169400900,TSLA
2023-01-12 00:00:00-05:00,16.08389763,16.62035928,15.47650498,16.49448586,551409000,NVDA
2023-01-13 00:00:00-05:00,130.0677645,132.9148126,129.7032682,132.7571869,57809700,AAPL
2023-01-13 00:00:00-05:00,116.5500031,122.6299973,115.5999985,122.4000015,180714100,TSLA
2023-01-13 00:00:00-05:00,16.26171994,16.90507687,16.14883399,16.88209915,447287000,NVDA
2023-01-17 00:00:00-05:00,132.8261738,135.2496052,132.1365802,133.9196777,63646600,AAPL
2023-01-17 00:00:00-05:00,125.6999969,131.6999969,125.0199966,131.4900055,186477000,TSLA
2023-01-17 00:00:00-05:00,16.88209925,17.71027063,16.88209925,17.68429565,511102000,NVDA
2023-01-18 00:00:00-05:00,136.5599976,136.6799927,127.0100021,128.7799988,195680300,TSLA
2023-01-18 00:00:00-05:00,17.64933389,17.85512728,17.26471864,17.35962486,439624000,NVDA
2023-01-18 00:00:00-05:00,134.7865885,136.5499789,133.0231831,133.2005157,69672800,AAPL
2023-01-19 00:00:00-05:00,17.01895882,17.17979898,16.7142655,16.74822998,452932000,NVDA
2023-01-19 00:00:00-05:00,132.0872814,134.2250286,131.781891,133.2595978,58280400,AAPL
2023-01-19 00:00:00-05:00,127.2600021,129.9900055,124.3099976,127.1699982,170291900,TSLA
2023-01-20 00:00:00-05:00,16.99399009,17.83814638,16.80817715,17.82116318,564967000,NVDA
2023-01-20 00:00:00-05:00,133.2694499,135.9687331,132.2252062,135.8209534,80223600,AAPL
2023-01-20 00:00:00-05:00,128.6799927,133.5099945,127.3499985,133.4199982,138858100,TSLA
2023-01-23 00:00:00-05:00,136.0672644,141.1899944,135.8505328,139.0128326,81760300,AAPL
2023-01-23 00:00:00-05:00,135.8699951,145.3800049,134.2700043,143.75,203119200,TSLA
2023-01-24 00:00:00-05:00,143,146.5,141.1000061,143.8899994,158699100,TSLA
2023-01-24 00:00:00-05:00,18.80817156,19.4755047,18.80117859,19.24573326,496204000,NVDA
2023-01-24 00:00:00-05:00,138.2247202,141.0323697,138.2148742,140.4117279,66435100,AAPL
2023-01-25 00:00:00-05:00,141.9100037,146.4100037,138.0700073,144.4299927,192734300,TSLA
2023-01-25 00:00:00-05:00,18.89408303,19.35062666,18.56141592,19.30367279,449537000,NVDA
2023-01-25 00:00:00-05:00,138.7960782,140.313184,136.7469896,139.7516632,65799300,AAPL
2023-01-26 00:00:00-05:00,159.9700012,161.4199982,154.7599945,160.2700043,234815100,TSLA
2023-01-26 00:00:00-05:00,19.68129533,20.14583039,19.25871807,19.78219414,489535000,NVDA
2023-01-26 00:00:00-05:00,141.0421977,142.1061485,139.7910683,141.8204651,54105100,AAPL
2023-01-27 00:00:00-05:00,19.4425363,20.60737057,19.3855941,20.3446331,542142000,NVDA
2023-01-27 00:00:00-05:00,141.0323782,145.0418825,140.9535653,143.7612,70555800,AAPL
2023-01-27 00:00:00-05:00,162.4299927,180.6799927,161.1699982,177.8999939,306590600,TSLA
2023-01-30 00:00:00-05:00,142.8056023,143.3868301,140.7269607,140.8747253,64015300,AAPL
2023-01-30 00:00:00-05:00,178.0500031,179.7700043,166.5,166.6600037,230878800,TSLA
2023-01-30 00:00:00-05:00,19.93004958,20.1198582,19.13084849,19.14283752,488611000,NVDA
2023-01-31 00:00:00-05:00,140.5791727,142.1947982,140.1654166,142.1455383,65874500,AAPL
2023-01-31 00:00:00-05:00,164.5700073,174.3000031,162.7799988,173.2200012,196813500,TSLA
2023-01-31 00:00:00-05:00,19.1508301,19.6673133,18.93105079,19.51746368,498017000,NVDA
2023-02-01 00:00:00-05:00,141.8303075,144.431071,139.219698,143.2686005,77663600,AAPL
2023-02-01 00:00:00-05:00,173.8899994,183.8099976,169.9299927,181.4100037,213806300,TSLA
2023-02-02 00:00:00-05:00,146.6870435,148.933157,145.967897,148.5785217,118339000,AAPL
2023-02-02 00:00:00-05:00,20.97900142,21.92705189,20.67930216,21.6872921,564276000,NVDA
2023-02-02 00:00:00-05:00,187.3300018,196.75,182.6100006,188.2700043,217448300,TSLA
2023-02-03 00:00:00-05:00,20.97899711,21.72325284,20.7682077,21.07889748,429366000,NVDA
2023-02-03 00:00:00-05:00,145.8299826,155.0410293,145.632958,152.2038269,154357300,AAPL
2023-02-03 00:00:00-05:00,183.9499969,199,183.6900024,189.9799957,232662000,TSLA
2023-02-06 00:00:00-05:00,20.78519321,21.54842913,20.76521275,21.06791115,452197000,NVDA
2023-02-06 00:00:00-05:00,150.3025029,150.8246248,148.5390975,149.4749756,69858300,AAPL
2023-02-06 00:00:00-05:00,193.0099945,198.1699982,189.9199982,194.7599945,186188100,TSLA
2023-02-07 00:00:00-05:00,148.4012097,152.9229902,148.4012097,152.3516083,83322600,AAPL
2023-02-07 00:00:00-05:00,196.4299927,197.5,189.5500031,196.8099976,186010300,TSLA
2023-02-08 00:00:00-05:00,151.5930012,152.2825946,148.9232713,149.6621246,64120100,AAPL
2023-02-08 00:00:00-05:00,196.1000061,203,194.3099976,201.2899933,180673600,TSLA
2023-02-08 00:00:00-05:00,22.36460793,22.85511797,21.98598729,22.18279076,559651000,NVDA
2023-02-09 00:00:00-05:00,207.7799988,214,204.7700043,207.3200073,215431400,TSLA
2023-02-09 00:00:00-05:00,22.58339494,22.9969805,22.09788088,22.31466293,523876000,NVDA
2023-02-09 00:00:00-05:00,151.494517,152.0363459,148.1844528,148.6277618,56007100,AAPL
2023-02-10 00:00:00-05:00,202.2299957,206.1999969,192.8899994,196.8899994,204754100,TSLA
2023-02-10 00:00:00-05:00,21.66831245,22.05592306,20.79019166,21.24373627,550737000,NVDA
2023-02-10 00:00:00-05:00,147.46353,149.3184068,147.2267304,148.9928131,57450700,AAPL
2023-02-13 00:00:00-05:00,194.4199982,196.3000031,187.6100006,194.6399994,172475500,TSLA
2023-02-13 00:00:00-05:00,21.5164568,22.02594691,20.94103273,21.76620674,474919000,NVDA
2023-02-13 00:00:00-05:00,148.9336203,152.1994032,148.9040222,151.7948914,62199000,AAPL
2023-02-14 00:00:00-05:00,150.0880195,151.7159883,148.8448556,151.153595,61707600,AAPL
2023-02-14 00:00:00-05:00,191.9400024,209.8200073,189.4400024,209.25,216455700,TSLA
2023-02-15 00:00:00-05:00,151.0647651,153.422839,150.8378417,153.2551117,65573800,AAPL
2023-02-15 00:00:00-05:00,211.7599945,214.6600037,206.1100006,214.2400055,181006400,TSLA
2023-02-15 00:00:00-05:00,22.52645058,22.83214434,22.0838947,22.74123573,420575000,NVDA
2023-02-16 00:00:00-05:00,151.4594436,154.2417819,151.3015923,151.6567841,68167900,AAPL
2023-02-16 00:00:00-05:00,210.7799988,217.6499939,201.8399963,202.0399933,229586500,TSLA
2023-02-16 00:00:00-05:00,22.11086332,22.52744608,21.90506998,21.97999573,412026000,NVDA
2023-02-17 00:00:00-05:00,150.3149274,150.9562387,148.8349643,150.5122528,59144100,AAPL
2023-02-17 00:00:00-05:00,199.9900055,208.4400024,197.5,208.3099976,213738500,TSLA
2023-02-17 00:00:00-05:00,21.6093685,21.71825875,20.95402439,21.36661148,465888000,NVDA
2023-02-21 00:00:00-05:00,204.9900055,209.7100067,197.2200012,197.3699951,180018600,TSLA
2023-02-21 00:00:00-05:00,20.97899839,21.47250383,20.59738045,20.6343441,410015000,NVDA
2023-02-21 00:00:00-05:00,148.1936381,149.2789505,146.4275554,146.4966125,58867200,AAPL
2023-02-22 00:00:00-05:00,20.68629577,21.08289817,20.40058054,20.73324776,513184000,NVDA
2023-02-22 00:00:00-05:00,146.8813938,147.946969,145.1942444,146.9208679,51011300,AAPL
2023-02-22 00:00:00-05:00,197.9299927,201.9900055,191.7799988,200.8600006,191828500,TSLA
2023-02-23 00:00:00-05:00,148.0850975,148.331758,145.2731768,147.4043121,48394200,AAPL
2023-02-23 00:00:00-05:00,203.9100037,205.1399994,196.3300018,202.0700073,146360000,TSLA
2023-02-24 00:00:00-05:00,23.20177647,23.45052803,22.92405457,23.26271439,589716000,NVDA
2023-02-24 00:00:00-05:00,145.1449102,145.2238434,143.7734784,144.7502594,55469600,AAPL
2023-02-24 00:00:00-05:00,196.3300018,197.6699982,192.8000031,196.8800049,142228100,TSLA
2023-02-27 00:00:00-05:00,23.64632872,23.85611779,23.43054512,23.4774971,452994000,NVDA
2023-02-27 00:00:00-05:00,202.0299988,209.4199982,201.2599945,207.6300049,161028300,TSLA
2023-02-27 00:00:00-05:00,145.7369054,147.1773944,145.4803688,145.9440918,44998500,AAPL
2023-02-28 00:00:00-05:00,210.5899963,211.2299957,203.75,205.7100067,153144900,TSLA
2023-02-28 00:00:00-05:00,23.34862749,23.80117551,23.18279313,23.19278336,455963000,NVDA
2023-02-28 00:00:00-05:00,145.085711,147.0885931,144.8686485,145.4409027,50547000,AAPL
2023-03-01 00:00:00-05:00,206.2100067,207.1999969,198.5200043,202.7700043,156852800,TSLA
2023-03-01 00:00:00-05:00,23.16880215,23.23273922,22.48548629,22.67529678,460026000,NVDA
2023-03-01 00:00:00-05:00,144.8686731,145.263324,143.0729771,143.3689728,55479000,AAPL
2023-03-02 00:00:00-05:00,186.7400055,193.75,186.0099945,190.8999939,181500700,TSLA
2023-03-02 00:00:00-05:00,22.46551149,23.35661773,22.40956583,23.29068375,389415000,NVDA
2023-03-02 00:00:00-05:00,142.4514066,144.7502848,141.9778075,143.960968,52238100,AAPL
2023-03-03 00:00:00-05:00,23.29667828,23.87609817,23.10686776,23.86610794,412393000,NVDA
2023-03-03 00:00:00-05:00,146.0625076,149.0915064,145.362,149.0125732,70732300,AAPL
2023-03-03 00:00:00-05:00,194.8000031,200.4799957,192.8800049,197.7899933,154193300,TSLA
2023-03-06 00:00:00-05:00,151.7356876,154.212169,151.410109,151.7751617,87558000,AAPL
2023-03-06 00:00:00-05:00,198.5399933,198.6000061,192.3000031,193.8099976,128100100,TSLA
2023-03-06 00:00:00-05:00,23.86710603,24.22374742,23.46350886,23.53044319,437429000,NVDA
2023-03-07 00:00:00-05:00,151.6468751,151.9724688,149.111213,149.5749359,56182000,AAPL
2023-03-07 00:00:00-05:00,191.3800049,194.1999969,186.1000061,187.7100067,148125800,TSLA
2023-03-07 00:00:00-05:00,23.58040269,24.10496634,23.22169964,23.2686615,515154000,NVDA
2023-03-08 00:00:00-05:00,150.7687763,151.4199637,149.8018713,150.8279724,47204800,AAPL
2023-03-08 00:00:00-05:00,185.0399933,186.5,180,182,151897800,TSLA
2023-03-08 00:00:00-05:00,23.46749711,24.17990633,23.4045497,24.1609211,513573000,NVDA
2023-03-09 00:00:00-05:00,151.5087584,152.4756635,148.2232384,148.5784302,53833600,AAPL
2023-03-09 00:00:00-05:00,24.15492491,24.43369447,23.36358275,23.41654015,501257000,NVDA
2023-03-09 00:00:00-05:00,180.25,185.1799927,172.5099945,172.9199982,170023800,TSLA
2023-03-10 00:00:00-05:00,23.38956009,23.60737946,22.70712673,22.94592857,474866000,NVDA
2023-03-10 00:00:00-05:00,148.2035067,148.9237511,145.6382314,146.5163422,68572400,AAPL
2023-03-10 00:00:00-05:00,175.1300049,178.2899933,168.4400024,173.4400024,191488900,TSLA
2023-03-13 00:00:00-04:00,22.73310505,23.27865112,22.27848301,22.94692612,421890000,NVDA
2023-03-13 00:00:00-04:00,145.8355656,151.0943698,145.7270344,148.4600372,84457100,AAPL
2023-03-13 00:00:00-04:00,167.4600067,177.3500061,163.9100037,174.4799957,167790300,TSLA
2023-03-14 00:00:00-04:00,23.47648973,24.19888894,23.44051842,24.04301834,474910000,NVDA
2023-03-14 00:00:00-04:00,149.2591831,151.350859,148.0949529,150.5516815,73695900,AAPL
2023-03-14 00:00:00-04:00,177.3099976,183.8000031,177.1399994,183.2599945,143717900,TSLA
2023-03-15 00:00:00-04:00,149.1704218,151.2029021,147.9173821,150.9463806,77167900,AAPL
2023-03-15 00:00:00-04:00,180.8000031,182.3399963,176.0299988,180.4499969,145995600,TSLA
2023-03-15 00:00:00-04:00,23.74126876,24.26583242,23.34060268,24.20788193,524486000,NVDA
2023-03-16 00:00:00-04:00,180.3699951,185.8099976,178.8399963,184.1300049,121136800,TSLA
2023-03-16 00:00:00-04:00,24.00704796,25.5667506,23.87415708,25.51979065,583253000,NVDA
2023-03-16 00:00:00-04:00,150.1274616,154.3700255,149.6144035,153.7681732,76161100,AAPL
2023-03-17 00:00:00-04:00,184.5200043,186.2200012,177.3300018,180.1300049,133197100,TSLA
2023-03-17 00:00:00-04:00,153.9950949,154.6462823,152.2191362,152.9295197,98944600,AAPL
2023-03-20 00:00:00-04:00,178.0800018,186.4400024,176.3500061,183.25,129684400,TSLA
2023-03-20 00:00:00-04:00,25.59373294,26.00239377,25.109135,25.87849617,432747000,NVDA
2023-03-20 00:00:00-04:00,152.9985921,155.7118577,152.0908681,155.2974548,73641400,AAPL
2023-03-21 00:00:00-04:00,188.2799988,198,188.0399933,197.5800018,153391400,TSLA
2023-03-21 00:00:00-04:00,155.2185338,157.270736,154.4489391,157.1523438,73938300,AAPL
2023-03-21 00:00:00-04:00,26.15826086,26.37008472,25.35992455,26.17724419,547408000,NVDA
2023-03-22 00:00:00-04:00,157.1720752,159.9741349,155.7019731,155.7217102,75701800,AAPL
2023-03-22 00:00:00-04:00,199.3000031,200.6600037,190.9499969,191.1499939,150376400,TSLA
2023-03-23 00:00:00-04:00,156.7083669,159.3920346,155.5737195,156.8070221,67622100,AAPL
2023-03-23 00:00:00-04:00,195.2599945,199.3099976,188.6499939,192.2200012,144193900,TSLA
2023-03-23 00:00:00-04:00,27.09248749,27.47616945,26.66784111,27.16842461,564889000,NVDA
2023-03-24 00:00:00-04:00,156.7379584,158.1981844,155.7414553,158.1093903,59196500,AAPL
2023-03-24 00:00:00-04:00,191.6499939,192.3600006,187.1499939,190.4100037,116312400,TSLA
2023-03-24 00:00:00-04:00,27.00855694,27.14444371,26.33311762,26.75676537,454920000,NVDA
2023-03-27 00:00:00-04:00,194.4199982,197.3899994,189.9400024,191.8099976,120851600,TSLA
2023-03-27 00:00:00-04:00,26.814714,26.97757875,26.34310584,26.50896835,361026000,NVDA
2023-03-27 00:00:00-04:00,157.8035245,158.6224392,155.7611684,156.1656952,52390300,AAPL
2023-03-28 00:00:00-04:00,26.42503908,26.49098426,25.82853471,26.38806915,356104000,NVDA
2023-03-28 00:00:00-04:00,155.8598611,156.3729193,153.8964378,155.5441284,45992200,AAPL
2023-03-28 00:00:00-04:00,192,192.3500061,185.4299927,189.1900024,98654600,TSLA
2023-03-29 00:00:00-04:00,26.80272716,27.05551544,26.57491583,26.96159363,393694000,NVDA
2023-03-29 00:00:00-04:00,157.2411741,158.8987409,157.2214521,158.6224823,51305700,AAPL
2023-03-29 00:00:00-04:00,193.1300049,195.2899933,189.4400024,193.8800049,123660000,TSLA
2023-03-30 00:00:00-04:00,27.20639046,27.47616672,27.07949511,27.36026192,364516000,NVDA
2023-03-30 00:00:00-04:00,159.3723235,160.2997697,159.1158019,160.1912384,49501700,AAPL
2023-03-30 00:00:00-04:00,195.5800018,197.3300018,194.4199982,195.2799988,110252200,TSLA
2023-03-31 00:00:00-04:00,160.2701647,162.7959664,159.7472455,162.6972961,68749800,AAPL
2023-03-31 00:00:00-04:00,197.5299988,207.7899933,197.1999969,207.4600067,170222100,TSLA
2023-03-31 00:00:00-04:00,27.11746091,27.81088482,27.08249013,27.75393295,433933000,NVDA
2023-04-03 00:00:00-04:00,199.9100037,202.6900024,192.1999969,194.7700043,169545900,TSLA
2023-04-03 00:00:00-04:00,27.48615559,27.97674706,27.31329893,27.94177628,398716000,NVDA
2023-04-03 00:00:00-04:00,162.0757034,164.0687096,162.0263683,163.9503174,56976200,AAPL
2023-04-04 00:00:00-04:00,197.3200073,198.7400055,190.3200073,192.5800018,126463800,TSLA
2023-04-04 00:00:00-04:00,27.94277504,27.9767472,27.28432191,27.43020058,368592000,NVDA
2023-04-04 00:00:00-04:00,164.3745856,164.6113701,162.9044834,163.4175415,46278300,AAPL
2023-04-05 00:00:00-04:00,190.5200043,190.6799927,183.7599945,185.5200043,133882500,TSLA
2023-04-05 00:00:00-04:00,26.80672195,26.97558034,26.37308233,26.85867882,515015000,NVDA
2023-04-05 00:00:00-04:00,162.5394452,162.8453019,159.6387147,161.572525,51511700,AAPL
2023-04-06 00:00:00-04:00,26.5619244,27.05751282,26.40505519,27.01454926,397654000,NVDA
2023-04-06 00:00:00-04:00,160.2602873,162.7565059,159.8360384,162.4605103,45390100,AAPL
2023-04-06 00:00:00-04:00,183.0800018,186.3899994,179.7400055,185.0599976,123857900,TSLA
2023-04-10 00:00:00-04:00,159.2637636,159.8656158,157.9416668,159.8656158,47716900,AAPL
2023-04-10 00:00:00-04:00,179.9400024,185.1000061,176.1100006,184.5099945,142154600,TSLA
2023-04-10 00:00:00-04:00,26.80072435,27.59806197,26.64685291,27.55609703,395279000,NVDA
2023-04-11 00:00:00-04:00,160.1813675,160.1912285,158.3659344,158.6520691,47644200,AAPL
2023-04-11 00:00:00-04:00,186.6900024,189.1900024,185.6499939,186.7899933,115770900,TSLA
2023-04-11 00:00:00-04:00,27.70097801,27.76692319,27.10347313,27.1464386,314378000,NVDA
2023-04-12 00:00:00-04:00,159.0664603,159.8952361,157.645693,157.9614258,50133100,AAPL
2023-04-12 00:00:00-04:00,190.7400055,191.5800018,180.3099976,180.5399933,150256300,TSLA
2023-04-12 00:00:00-04:00,27.34727101,27.4451892,26.42603581,26.47299767,446259000,NVDA
2023-04-13 00:00:00-04:00,159.4709538,163.5852492,159.2637524,163.3484497,68445600,AAPL
2023-04-13 00:00:00-04:00,26.71179965,26.86467248,26.30713718,26.44102478,353615000,NVDA
2023-04-13 00:00:00-04:00,182.9600067,186.5,180.9400024,185.8999939,112933000,TSLA
2023-04-14 00:00:00-04:00,26.48198814,26.86067309,26.1982236,26.7357769,395660000,NVDA
2023-04-14 00:00:00-04:00,162.3913998,164.0983013,161.6316963,163.0031281,49386500,AAPL
2023-04-14 00:00:00-04:00,183.9499969,186.2799988,182.0099945,185,96438700,TSLA
2023-04-17 00:00:00-04:00,26.54293876,26.9835725,26.41104841,26.97957611,321471000,NVDA
2023-04-17 00:00:00-04:00,162.8847436,163.1807393,161.8389054,163.0228729,41516200,AAPL
2023-04-17 00:00:00-04:00,186.3200073,189.6900024,182.6900024,187.0399933,116662200,TSLA
2023-04-18 00:00:00-04:00,27.5101401,28.08666068,27.33428564,27.64402771,604812000,NVDA
2023-04-18 00:00:00-04:00,163.8812851,165.173784,163.437284,164.2463379,49923000,AAPL
2023-04-18 00:00:00-04:00,187.1499939,187.6900024,183.5800018,184.3099976,92067000,TSLA
2023-04-19 00:00:00-04:00,163.5852514,165.9137272,163.3287148,165.3908081,47720200,AAPL
2023-04-19 00:00:00-04:00,179.1000061,183.5,177.6499939,180.5899963,125732700,TSLA
2023-04-19 00:00:00-04:00,27.33828376,27.97675317,27.20939115,27.90781021,358660000,NVDA
2023-04-20 00:00:00-04:00,166.1699982,169.6999969,160.5599976,162.9900055,210970800,TSLA
2023-04-20 00:00:00-04:00,27.64802199,28.00672504,26.97757965,27.08149338,427713000,NVDA
2023-04-20 00:00:00-04:00,163.8714024,165.6276244,163.3484833,164.4239197,52456400,AAPL
2023-04-21 00:00:00-04:00,164.8000031,166,161.3200073,165.0800018,123539000,TSLA
2023-04-21 00:00:00-04:00,26.92962207,27.16043118,26.69981349,27.09648323,345103000,NVDA
2023-04-21 00:00:00-04:00,162.8453024,164.2265955,162.2927852,162.8157043,58337300,AAPL
2023-04-24 00:00:00-04:00,164.6499939,165.6499939,158.6100006,162.5500031,140006600,TSLA
2023-04-24 00:00:00-04:00,26.99056935,27.34327496,26.64885238,27.0195446,339282000,NVDA
2023-04-24 00:00:00-04:00,162.7959426,163.3879338,161.7007693,163.1215363,41949600,AAPL
2023-04-25 00:00:00-04:00,27.05551061,27.22437088,26.2032203,26.21920586,378527000,NVDA
2023-04-25 00:00:00-04:00,162.9834276,164.088462,161.5429233,161.5823975,48714100,AAPL
2023-04-25 00:00:00-04:00,159.8200073,163.4700012,158.75,160.6699982,121999300,TSLA
2023-04-26 00:00:00-04:00,160.8818785,163.0722254,160.6253569,161.572525,45498800,AAPL
2023-04-26 00:00:00-04:00,160.2899933,160.6699982,153.1399994,153.75,153364100,TSLA
2023-04-26 00:00:00-04:00,26.97957796,27.3073047,26.68282371,26.93361473,406337000,NVDA
2023-04-27 00:00:00-04:00,162.9834116,166.3083907,162.9834116,166.1604004,64902300,AAPL
2023-04-27 00:00:00-04:00,152.6399994,160.4799957,152.3699951,160.1900024,127015200,TSLA
2023-04-27 00:00:00-04:00,27.3402793,27.47216966,26.60289125,27.20339203,377161000,NVDA
2023-04-28 00:00:00-04:00,166.2393453,167.5811793,165.637493,167.4134369,55275900,AAPL
2023-04-28 00:00:00-04:00,160.8999939,165,157.3200073,164.3099976,122515800,TSLA
2023-04-28 00:00:00-04:00,27.20239096,27.73494736,27.04851762,27.72595596,292216000,NVDA
2023-05-01 00:00:00-04:00,163.1699982,163.2799988,158.8300018,161.8300018,109015000,TSLA
2023-05-01 00:00:00-04:00,27.81688092,29.03386986,27.75693128,28.88599205,570329000,NVDA
2023-05-01 00:00:00-04:00,167.0187893,168.1731589,166.3873389,167.324646,52472900,AAPL
2023-05-02 00:00:00-04:00,28.65618589,28.81205649,28.05968149,28.18657494,402730000,NVDA
2023-05-02 00:00:00-04:00,167.8179796,168.0745162,165.3020388,166.288681,48425700,AAPL
2023-05-02 00:00:00-04:00,161.8800049,165.4900055,158.9299927,160.3099976,128259700,TSLA
2023-05-03 00:00:00-04:00,27.81688205,28.34344486,27.4491876,27.7789135,383387000,NVDA
2023-05-03 00:00:00-04:00,167.2358458,168.6368758,164.9271067,165.2132263,65136000,AAPL
2023-05-03 00:00:00-04:00,160.0099945,165,159.9100037,160.6100006,119728000,TSLA
2023-05-04 00:00:00-04:00,27.62804081,27.83586829,27.21738276,27.53911591,321850000,NVDA
2023-05-04 00:00:00-04:00,162.6874369,164.8087117,162.1151826,163.5754089,81235400,AAPL
2023-05-04 00:00:00-04:00,162.7100067,162.9499969,159.6499939,161.1999969,95108500,TSLA
2023-05-05 00:00:00-04:00,27.8028905,28.7311179,27.70797008,28.65618134,361494000,NVDA
2023-05-05 00:00:00-04:00,163.9700012,170.7899933,163.5099945,170.0599976,107607300,TSLA
2023-05-05 00:00:00-04:00,168.6960806,171.97174,168.4790181,171.2514954,113453200,AAPL
2023-05-08 00:00:00-04:00,173.7200012,173.8000031,169.1900024,171.7899933,112249400,TSLA
2023-05-08 00:00:00-04:00,28.49831177,29.19573203,28.32645564,29.12678909,344979000,NVDA
2023-05-08 00:00:00-04:00,170.1760092,171.527719,169.8109565,171.1823883,55962800,AAPL
2023-05-09 00:00:00-04:00,168.9499969,169.8200073,166.5599976,169.1499939,88965000,TSLA
2023-05-09 00:00:00-04:00,28.87500036,28.94893831,28.42637383,28.54727173,314869000,NVDA
2023-05-09 00:00:00-04:00,170.7384103,171.2218552,169.3077823,169.4755096,45326900,AAPL
2023-05-10 00:00:00-04:00,172.5500031,174.4299927,166.6799927,168.5399933,119840700,TSLA
2023-05-10 00:00:00-04:00,28.98091652,29.08882856,28.43736948,28.86101723,369350000,NVDA
2023-05-10 00:00:00-04:00,170.708858,171.7053613,169.6038083,171.2416382,53724500,AAPL
2023-05-11 00:00:00-04:00,28.87200654,28.92596255,28.22254664,28.55426979,322149000,NVDA
2023-05-11 00:00:00-04:00,171.5277474,172.257853,169.8701807,171.4290771,49514700,AAPL
2023-05-11 00:00:00-04:00,168.6999969,173.5700073,166.7899933,172.0800018,103889900,TSLA
2023-05-12 00:00:00-04:00,171.5377461,171.9724715,168.9491729,170.500351,45533100,AAPL
2023-05-12 00:00:00-04:00,176.0700073,177.3800049,167.2299957,167.9799957,157849600,TSLA
2023-05-12 00:00:00-04:00,28.50530952,28.75610245,28.02271079,28.31646729,274222000,NVDA
2023-05-15 00:00:00-04:00,171.0832562,171.1326595,169.4135223,170.0063324,37266700,AAPL
2023-05-15 00:00:00-04:00,167.6600037,169.7599945,164.5500031,166.3500061,105592500,TSLA
2023-05-15 00:00:00-04:00,28.48432493,28.94494254,28.12862158,28.92895508,293926000,NVDA
2023-05-16 00:00:00-04:00,169.92729,171.0634918,169.7395663,170.0063324,42110300,AAPL
2023-05-16 00:00:00-04:00,165.6499939,169.5200043,164.3500061,166.5200043,98288800,TSLA
2023-05-16 00:00:00-04:00,28.81704708,29.84519372,28.80805568,29.18873787,449405000,NVDA
2023-05-17 00:00:00-04:00,168.4100037,174.5,167.1900024,173.8600006,125473600,TSLA
2023-05-17 00:00:00-04:00,29.55943225,30.17392131,29.40556081,30.15293884,432535000,NVDA
2023-05-17 00:00:00-04:00,169.6506389,170.8559932,168.3761018,170.6188812,57951600,AAPL
2023-05-18 00:00:00-04:00,170.9252053,173.1383463,170.5102441,172.9506226,65496700,AAPL
2023-05-18 00:00:00-04:00,174.2200012,177.0599976,172.4499969,176.8899994,109520300,TSLA
2023-05-19 00:00:00-04:00,31.50981251,31.5537766,30.89032841,31.23803902,473908000,NVDA
2023-05-19 00:00:00-04:00,174.2745399,174.2745399,172.8419329,173.0592957,55809500,AAPL
2023-05-19 00:00:00-04:00,177.1699982,181.9499969,176.3099976,180.1399994,136196700,TSLA
2023-05-22 00:00:00-04:00,30.87534088,31.49382829,30.65452562,31.15011406,372000000,NVDA
2023-05-22 00:00:00-04:00,171.8934161,172.6146719,171.3697737,172.1107788,43570900,AAPL
2023-05-22 00:00:00-04:00,180.6999969,189.3200073,180.1100006,188.8699951,132001400,TSLA
2023-05-23 00:00:00-04:00,171.0536501,171.3006518,169.2258312,169.5024719,50747300,AAPL
2023-05-23 00:00:00-04:00,186.1999969,192.9600067,185.2599945,185.7700043,156952100,TSLA
2023-05-23 00:00:00-04:00,30.97425682,31.26201777,30.60556377,30.66251564,356253000,NVDA
2023-05-24 00:00:00-04:00,182.2299957,184.2200012,178.2200012,182.8999939,137605100,TSLA
2023-05-24 00:00:00-04:00,169.0380782,170.352129,168.4749221,169.7790833,45143500,AAPL
2023-05-25 00:00:00-04:00,186.5399933,186.7799988,180.5800018,184.4700012,96870700,TSLA
2023-05-25 00:00:00-04:00,170.3422679,171.8143885,169.6309018,170.9153137,56058300,AAPL
2023-05-26 00:00:00-04:00,184.6199951,198.6000061,184.5299988,193.1699982,162061500,TSLA
2023-05-26 00:00:00-04:00,171.2413395,173.661953,171.0338514,173.3260193,54835000,AAPL
2023-05-30 00:00:00-04:00,200.1000061,204.4799957,197.5299988,201.1600037,128818700,TSLA
2023-05-30 00:00:00-04:00,174.8376958,176.8433485,174.4523737,175.1736145,55964400,AAPL
2023-05-31 00:00:00-04:00,175.2032794,177.1990577,174.6401082,175.1242371,99625300,AAPL
2023-05-31 00:00:00-04:00,199.7799988,203.9499969,195.1199951,203.9299927,150711700,TSLA
2023-06-01 00:00:00-04:00,175.5688246,177.9597995,174.8080551,177.9301605,68901800,AAPL
2023-06-01 00:00:00-04:00,202.5899963,209.8000031,199.3699951,207.5200043,148029900,TSLA
2023-06-02 00:00:00-04:00,178.8589038,179.5999091,177.1101272,178.7798615,61996900,AAPL
2023-06-02 00:00:00-04:00,210.1499939,217.25,209.75,213.9700012,164398400,TSLA
2023-06-02 00:00:00-04:00,40.06370697,40.46637223,39.0255682,39.29434586,482731000,NVDA
2023-06-05 00:00:00-04:00,217.8000031,221.2899933,214.5200043,217.6100006,151143100,TSLA
2023-06-05 00:00:00-04:00,38.87668625,39.53213967,38.67485435,39.1384697,396094000,NVDA
2023-06-05 00:00:00-04:00,180.4396779,182.7318457,175.9047154,177.4262543,121946500,AAPL
2023-06-06 00:00:00-04:00,38.79775499,39.12747896,38.11631835,38.62189865,388729000,NVDA
2023-06-06 00:00:00-04:00,177.8115792,177.9597742,175.3020335,177.0606995,64848400,AAPL
2023-06-06 00:00:00-04:00,216.1399994,221.9100037,212.5299988,221.3099976,146911600,TSLA
2023-06-07 00:00:00-04:00,38.88670153,39.47027648,37.32883333,37.44774628,511998000,NVDA
2023-06-07 00:00:00-04:00,176.2999373,179.0367204,175.1933745,175.6873779,61944600,AAPL
2023-06-07 00:00:00-04:00,228,230.8300018,223.1999969,224.5700073,185710800,TSLA
2023-06-08 00:00:00-04:00,37.69657063,38.83574115,37.4777319,38.48199844,417772000,NVDA
2023-06-08 00:00:00-04:00,175.7664272,178.67117,175.3317168,178.4044189,50214900,AAPL
2023-06-08 00:00:00-04:00,224.2200012,235.2299957,223.0099945,234.8600006,164489700,TSLA
2023-06-09 00:00:00-04:00,39.00861784,39.68212761,38.53896213,38.74181366,427717000,NVDA
2023-06-09 00:00:00-04:00,249.0700073,252.4199982,242.0200043,244.3999939,200242400,TSLA
2023-06-09 00:00:00-04:00,179.3232357,180.0444764,178.4636746,178.7897186,48900000,AAPL
2023-06-12 00:00:00-04:00,247.9400024,250.9700012,244.5899963,249.8300018,150337900,TSLA
2023-06-12 00:00:00-04:00,39.17150777,39.50126592,38.58993007,39.45330048,388701000,NVDA
2023-06-12 00:00:00-04:00,179.0960033,181.6845764,178.7995982,181.5857697,54274900,AAPL
2023-06-13 00:00:00-04:00,253.5099945,259.6799927,251.3399963,258.7099915,162384300,TSLA
2023-06-13 00:00:00-04:00,40.1567853,41.071121,39.7111104,40.99217606,613208000,NVDA
2023-06-13 00:00:00-04:00,180.607618,181.9414179,180.251935,181.111496,54929100,AAPL
2023-06-14 00:00:00-04:00,260.1700134,261.5700073,250.5,256.7900085,170575500,TSLA
2023-06-14 00:00:00-04:00,181.1708049,182.1785761,179.8370048,181.7438507,57462900,AAPL
2023-06-15 00:00:00-04:00,42.5710324,43.25753328,42.11636133,42.62199402,568622000,NVDA
2023-06-15 00:00:00-04:00,181.7537574,184.2830527,181.5759084,183.7791595,65433200,AAPL
2023-06-15 00:00:00-04:00,248.3999939,258.9500122,247.2899933,255.8999939,160171200,TSLA
2023-06-16 00:00:00-04:00,184.4904993,184.7473907,182.0600111,182.7022095,101256200,AAPL
2023-06-16 00:00:00-04:00,258.9200134,263.6000061,257.2099915,260.5400085,167915600,TSLA
2023-06-20 00:00:00-04:00,182.1983274,183.8680612,182.1983274,182.7911224,49799100,AAPL
2023-06-20 00:00:00-04:00,261.5,274.75,261.1199951,274.4500122,165611200,TSLA
2023-06-20 00:00:00-04:00,42.96674107,43.95802045,42.64297531,43.77614975,451153000,NVDA
2023-06-21 00:00:00-04:00,182.6824521,183.1863453,180.4001588,181.7537384,49515700,AAPL
2023-06-21 00:00:00-04:00,275.1300049,276.9899902,257.7799988,259.4599915,211797100,TSLA
2023-06-21 00:00:00-04:00,43.46937599,43.58329535,42.04941138,43.01370621,551603000,NVDA
2023-06-22 00:00:00-04:00,181.5363666,184.8066665,181.4671989,184.7572632,51245300,AAPL
2023-06-22 00:00:00-04:00,42.22227161,43.39441893,42.20328823,42.99371338,417737000,NVDA
2023-06-22 00:00:00-04:00,250.7700043,265,248.25,264.6099854,166875900,TSLA
2023-06-23 00:00:00-04:00,42.43312606,42.77787262,41.9844512,42.17831039,358140000,NVDA
2023-06-23 00:00:00-04:00,183.3246788,185.3105672,182.7911467,184.4411163,53117000,AAPL
2023-06-23 00:00:00-04:00,259.2900085,262.4500122,252.8000031,256.6000061,177460800,TSLA
2023-06-26 00:00:00-04:00,42.43013175,42.73291289,40.07084801,40.60246277,594322000,NVDA
2023-06-26 00:00:00-04:00,184.589323,185.7946925,183.008506,183.0480347,48088700,AAPL
2023-06-26 00:00:00-04:00,250.0700073,258.3699951,240.6999969,241.0500031,179990600,TSLA
2023-06-27 00:00:00-04:00,40.7693377,41.909507,40.41859496,41.84555435,462175000,NVDA
2023-06-27 00:00:00-04:00,183.6605924,186.1306095,183.4432297,185.8045654,50730800,AAPL
2023-06-27 00:00:00-04:00,243.2400055,250.3899994,240.8500061,250.2100067,164968200,TSLA
2023-06-28 00:00:00-04:00,185.6761246,187.6224993,185.3500956,186.9803009,51216800,AAPL
2023-06-28 00:00:00-04:00,249.6999969,259.8800049,248.8899994,256.2399902,159770800,TSLA
2023-06-28 00:00:00-04:00,40.63044012,41.81458,40.48854506,41.08710861,582639000,NVDA
2023-06-29 00:00:00-04:00,258.0299988,260.7399902,253.6100006,257.5,131283400,TSLA
2023-06-29 00:00:00-04:00,41.52778134,41.56975062,40.57047773,40.79231644,380514000,NVDA
2023-06-29 00:00:00-04:00,186.8123451,187.7904773,186.6740247,187.3162231,46347300,AAPL
2023-06-30 00:00:00-04:00,260.6000061,264.4500122,259.8900146,261.769989,112620800,TSLA
2023-06-30 00:00:00-04:00,41.64969842,42.51906485,41.4708277,42.27124405,501148000,NVDA
2023-06-30 00:00:00-04:00,189.3317445,192.1475548,188.9661717,191.6436768,85213200,AAPL
2023-07-03 00:00:00-04:00,276.4899902,284.25,275.1099854,279.8200073,119685900,TSLA
2023-07-03 00:00:00-04:00,42.48608466,42.86680816,42.17131507,42.38216019,198209000,NVDA
2023-07-03 00:00:00-04:00,191.4559556,191.5547623,189.4601776,190.1517944,31458200,AAPL
2023-07-05 00:00:00-04:00,42.10436511,43.14560737,42.05440222,42.28623581,323618000,NVDA
2023-07-05 00:00:00-04:00,189.2724817,190.6655599,188.3338631,189.0353546,46920300,AAPL
2023-07-05 00:00:00-04:00,278.8200073,283.8500061,277.6000061,282.480011,131530900,TSLA
2023-07-06 00:00:00-04:00,187.5631928,189.7170553,186.9308691,189.5095673,45094300,AAPL
2023-07-06 00:00:00-04:00,278.0899963,279.9700012,272.8800049,276.5400085,120332100,TSLA
2023-07-06 00:00:00-04:00,41.81358852,42.14834411,41.31594938,42.07239914,303582000,NVDA
2023-07-07 00:00:00-04:00,189.1143833,190.3592664,187.9584171,188.3931274,46815000,AAPL
2023-07-07 00:00:00-04:00,278.4299927,280.7799988,273.769989,274.4299927,113879200,TSLA
2023-07-07 00:00:00-04:00,42.29123113,43.18258477,42.14933607,42.4720993,355881000,NVDA
2023-07-10 00:00:00-04:00,186.9901751,187.711431,184.7967987,186.3479767,59922200,AAPL
2023-07-10 00:00:00-04:00,276.4700012,277.519989,265.1000061,269.6099854,119425400,TSLA
2023-07-10 00:00:00-04:00,42.62599221,42.77987958,41.61872173,42.14933777,353908000,NVDA
2023-07-11 00:00:00-04:00,268.6499939,270.8999939,266.3699951,269.7900085,91972400,TSLA
2023-07-11 00:00:00-04:00,42.45010953,42.72690854,42.03641291,42.37416458,298244000,NVDA
2023-07-11 00:00:00-04:00,186.8913594,187.0296797,184.3620645,185.8243103,46638100,AAPL
2023-07-12 00:00:00-04:00,43.00171141,43.90305599,42.74589703,43.87007904,481277000,NVDA
2023-07-12 00:00:00-04:00,187.4051475,189.4009257,186.2096676,187.4940796,60750200,AAPL
2023-07-12 00:00:00-04:00,276.3299866,276.519989,271.4599915,271.9899902,95672100,TSLA
2023-07-13 00:00:00-04:00,44.48563046,46.12143734,44.45964839,45.94356918,478204000,NVDA
2023-07-13 00:00:00-04:00,188.2152929,188.89702,187.5039268,188.2548065,41342300,AAPL
2023-07-13 00:00:00-04:00,274.5899963,279.4500122,270.6000061,277.8999939,112681500,TSLA
2023-07-14 00:00:00-04:00,187.9485254,188.8871288,187.3557304,188.4030151,41616200,AAPL
2023-07-14 00:00:00-04:00,277.0100098,285.2999878,276.3099976,281.3800049,120062400,TSLA
2023-07-17 00:00:00-04:00,46.25535117,46.46219761,45.22909733,46.42722321,510488000,NVDA
2023-07-17 00:00:00-04:00,286.6300049,292.230011,283.5700073,290.3800049,131569600,TSLA
2023-07-17 00:00:00-04:00,189.5985064,191.9894962,189.5095894,191.6634521,50520200,AAPL
2023-07-18 00:00:00-04:00,290.1499939,295.2600098,286.0100098,293.3399963,112120300,TSLA
2023-07-18 00:00:00-04:00,46.66704613,47.86117699,45.70075013,47.45946884,569164000,NVDA
2023-07-18 00:00:00-04:00,191.0311076,191.99935,190.1122535,191.4065399,48288200,AAPL
2023-07-19 00:00:00-04:00,296.0400085,299.2900085,289.519989,291.2600098,142355400,TSLA
2023-07-19 00:00:00-04:00,47.42949773,47.78324049,46.70802245,47.04277802,427502000,NVDA
2023-07-19 00:00:00-04:00,190.7841182,195.8525829,190.3395031,192.7601318,80507300,AAPL
2023-07-20 00:00:00-04:00,279.5599976,280.9299927,261.2000122,262.8999939,175158300,TSLA
2023-07-20 00:00:00-04:00,46.47319383,47.05277406,45.02924451,45.48691177,537865000,NVDA
2023-07-20 00:00:00-04:00,192.750236,194.1136902,190.1913021,190.8137512,59581200,AAPL
2023-07-21 00:00:00-04:00,191.7721139,192.631675,188.9365243,189.6380157,71951700,AAPL
2023-07-21 00:00:00-04:00,268,268,255.8000031,260.019989,161796100,TSLA
2023-07-24 00:00:00-04:00,191.0904121,192.5724224,189.9443205,190.438324,45377800,AAPL
2023-07-24 00:00:00-04:00,255.8500061,269.8500061,254.1199951,269.0599976,136508500,TSLA
2023-07-24 00:00:00-04:00,44.69848375,45.07621114,44.00798796,44.57957077,382516000,NVDA
2023-07-25 00:00:00-04:00,191.0113667,192.1080549,190.6062803,191.2978821,37283200,AAPL
2023-07-25 00:00:00-04:00,272.3800049,272.8999939,265,265.2799988,112757300,TSLA
2023-07-25 00:00:00-04:00,44.90833145,46.14942533,44.89034298,45.64579391,348081000,NVDA
2023-07-26 00:00:00-04:00,191.3472956,193.2936704,191.0015022,192.1673431,47471900,AAPL
2023-07-26 00:00:00-04:00,45.98754335,46.01952158,44.59755574,45.41895676,364237000,NVDA
2023-07-26 00:00:00-04:00,263.25,268.0400085,261.75,264.3500061,95856200,TSLA
2023-07-27 00:00:00-04:00,46.48518,47.36054257,45.71673808,45.86663055,455976000,NVDA
2023-07-27 00:00:00-04:00,193.6691016,194.8349424,190.2407167,190.9026794,47460200,AAPL
2023-07-27 00:00:00-04:00,268.3099976,269.1300049,255.3000031,255.7100067,103697300,TSLA
2023-07-28 00:00:00-04:00,46.63407755,46.99281776,46.34728741,46.71601868,331194000,NVDA
2023-07-28 00:00:00-04:00,192.3352775,194.2717775,191.8116352,193.481369,48291400,AAPL
2023-07-28 00:00:00-04:00,259.8599854,267.25,258.230011,266.4400024,111446000,TSLA
2023-07-31 00:00:00-04:00,46.72000975,47.09573583,46.47218895,46.6950264,251055000,NVDA
2023-07-31 00:00:00-04:00,193.7085958,194.1334466,192.9181874,194.0939178,38824100,AAPL
2023-07-31 00:00:00-04:00,267.480011,269.0799866,263.7799988,267.4299927,84582200,TSLA
2023-08-01 00:00:00-04:00,193.886472,194.3705857,192.9379788,193.2640228,35175100,AAPL
2023-08-01 00:00:00-04:00,266.2600098,266.4700012,260.25,261.0700073,83166000,TSLA
2023-08-01 00:00:00-04:00,46.42621597,46.86589847,45.99353216,46.47318268,237858000,NVDA
2023-08-02 00:00:00-04:00,255.5700073,259.519989,250.4900055,254.1100006,101752900,TSLA
2023-08-02 00:00:00-04:00,45.79768502,45.80667735,43.35546141,44.23682022,530142000,NVDA
2023-08-02 00:00:00-04:00,192.700859,192.8391794,189.5491297,190.2703705,50389300,AAPL
2023-08-03 00:00:00-04:00,252.0399933,260.4899902,252,259.3200073,97569100,TSLA
2023-08-03 00:00:00-04:00,43.76815517,45.08519774,43.76815517,44.4826355,324176000,NVDA
2023-08-03 00:00:00-04:00,189.2724854,190.0628788,188.4030345,188.8772736,61235200,AAPL
2023-08-04 00:00:00-04:00,260.9700012,264.769989,253.1100006,253.8600006,99539900,TSLA
2023-08-04 00:00:00-04:00,44.95228905,45.60880898,44.36072048,44.64751053,362666000,NVDA
2023-08-04 00:00:00-04:00,183.2950205,185.1327137,179.7381901,179.8073578,115956800,AAPL
2023-08-07 00:00:00-04:00,251.4499969,253.6499939,242.7599945,251.4499969,111097900,TSLA
2023-08-07 00:00:00-04:00,179.9456781,180.9336849,175.2230069,176.7050171,97576100,AAPL
2023-08-07 00:00:00-04:00,45.07820252,45.50689147,44.5306006,45.3839798,322154000,NVDA
2023-08-08 00:00:00-04:00,177.5349649,178.1080107,175.4502697,177.6436462,67823000,AAPL
2023-08-08 00:00:00-04:00,247.4499969,250.9199982,245.0099945,249.6999969,96642200,TSLA
2023-08-08 00:00:00-04:00,44.82039637,45.20911354,44.02397483,44.63153458,353843000,NVDA
2023-08-09 00:00:00-04:00,178.7007682,178.7600462,174.8870617,176.0529175,60378500,AAPL
2023-08-09 00:00:00-04:00,250.8699951,251.1000061,241.8999939,242.1900024,101596300,TSLA
2023-08-09 00:00:00-04:00,44.24181061,44.279785,42.10336702,42.52306366,586449000,NVDA
2023-08-10 00:00:00-04:00,177.3274561,178.582229,175.4700136,175.8355713,54686900,AAPL
2023-08-10 00:00:00-04:00,245.3999939,251.8000031,243,245.3399963,109498600,TSLA
2023-08-10 00:00:00-04:00,42.12935806,43.54233183,41.80459351,42.35719299,492705000,NVDA
2023-08-11 00:00:00-04:00,241.7700043,243.7899933,238.0200043,242.6499939,99038600,TSLA
2023-08-11 00:00:00-04:00,41.72064683,41.98745483,40.60945574,40.82529831,533085000,NVDA
2023-08-11 00:00:00-04:00,175.4299212,176.7160522,174.6681245,175.8948975,52036700,AAPL
2023-08-14 00:00:00-04:00,176.0729958,177.7746633,175.4200272,177.5471191,43675600,AAPL
2023-08-14 00:00:00-04:00,235.6999969,240.6600037,233.75,239.7599945,98595300,TSLA
2023-08-15 00:00:00-04:00,176.9733288,177.5669243,175.1628329,175.5585632,43622600,AAPL
2023-08-15 00:00:00-04:00,238.7299957,240.5,232.6100006,232.9600067,88197600,TSLA
2023-08-16 00:00:00-04:00,44.48764029,44.64252641,43.3744478,43.45439148,527451000,NVDA
2023-08-16 00:00:00-04:00,175.241971,176.6369303,174.6186814,174.6879425,46964900,AAPL
2023-08-16 00:00:00-04:00,228.0200043,233.9700012,225.3800049,225.6000061,112484500,TSLA
2023-08-17 00:00:00-04:00,175.2518702,175.6179216,171.6308784,172.14534,66062900,AAPL
2023-08-17 00:00:00-04:00,226.0599976,226.7400055,218.8300018,219.2200012,120718400,TSLA
2023-08-17 00:00:00-04:00,43.93803287,44.02996504,42.96973562,43.31248856,452395000,NVDA
2023-08-18 00:00:00-04:00,214.1199951,217.5800018,212.3600006,215.4900055,136276600,TSLA
2023-08-18 00:00:00-04:00,42.60399842,43.54631356,41.62970887,43.26751709,583768000,NVDA
2023-08-18 00:00:00-04:00,170.4634676,173.2336256,170.1270953,172.630127,61172200,AAPL
2023-08-21 00:00:00-04:00,221.5500031,232.1300049,220.5800018,231.2799988,135702700,TSLA
2023-08-21 00:00:00-04:00,173.2039318,174.2526308,171.8881065,173.9657135,46311900,AAPL
2023-08-22 00:00:00-04:00,240.25,240.8200073,229.5500031,233.1900024,130442800,TSLA
2023-08-22 00:00:00-04:00,175.1727105,175.786097,174.3713467,175.3408966,42038900,AAPL
2023-08-23 00:00:00-04:00,176.6171603,179.6148623,176.4291831,179.1894379,52722800,AAPL
2023-08-23 00:00:00-04:00,229.3399963,238.9799957,229.2899933,236.8600006,101077600,TSLA
2023-08-24 00:00:00-04:00,178.7442201,179.1696445,174.1338878,174.4999542,54945800,AAPL
2023-08-24 00:00:00-04:00,238.6600037,238.9199982,228.1799927,230.0399933,99777400,TSLA
2023-08-25 00:00:00-04:00,175.4893068,177.2404295,173.9459373,176.706192,51449600,AAPL
2023-08-25 00:00:00-04:00,231.3099976,239,230.3500061,238.5899963,106612200,TSLA
2023-08-28 00:00:00-04:00,178.1703928,178.6650632,176.6468145,178.2693329,43820700,AAPL
2023-08-28 00:00:00-04:00,242.5800018,244.3800049,235.3500061,238.8200073,107673700,TSLA
2023-08-29 00:00:00-04:00,177.7845701,182.9291402,177.586705,182.1574554,53003900,AAPL
2023-08-29 00:00:00-04:00,238.5800018,257.480011,237.7700043,257.1799927,134047600,TSLA
2023-08-30 00:00:00-04:00,182.9687205,185.8477063,182.7708553,185.649826,60813900,AAPL
2023-08-30 00:00:00-04:00,254.1999969,260.5100098,250.5899963,256.8999939,121988400,TSLA
2023-08-31 00:00:00-04:00,49.34410948,49.70784333,48.92241533,49.31912613,528570000,NVDA
2023-08-31 00:00:00-04:00,185.8377984,187.1041536,185.4816351,185.8674774,60794500,AAPL
2023-08-31 00:00:00-04:00,255.9799957,261.1799927,255.0500031,258.0799866,108861700,TSLA
2023-09-01 00:00:00-04:00,49.72582321,49.76379378,48.10699823,48.47373199,463830000,NVDA
2023-09-01 00:00:00-04:00,187.4702308,187.8956402,186.2731215,187.4405518,45766500,AAPL
2023-09-01 00:00:00-04:00,257.2600098,259.0799866,242.0099945,245.0099945,132541600,TSLA
2023-09-05 00:00:00-04:00,186.2731464,187.9550233,185.6102897,187.678009,45280000,AAPL
2023-09-05 00:00:00-04:00,245,258,244.8600006,256.4899902,129469600,TSLA
2023-09-05 00:00:00-04:00,48.18794226,48.81548788,47.8252072,48.51270676,382653000,NVDA
2023-09-06 00:00:00-04:00,255.1399994,255.3899994,245.0599976,251.9199982,116959800,TSLA
2023-09-06 00:00:00-04:00,48.40977397,48.51770225,46.54997362,47.03066254,468670000,NVDA
2023-09-06 00:00:00-04:00,186.3918298,186.8370454,179.5357043,180.9603577,81755800,AAPL
2023-09-07 00:00:00-04:00,245.0700073,252.8099976,243.2700043,251.4900055,115312900,TSLA
2023-09-07 00:00:00-04:00,45.49565503,46.31412733,45.12289438,46.21119308,433330000,NVDA
2023-09-07 00:00:00-04:00,173.3127525,176.3104696,171.6902338,175.6673889,112488800,AAPL
2023-09-08 00:00:00-04:00,251.2200012,256.519989,246.6699982,248.5,118367700,TSLA
2023-09-08 00:00:00-04:00,45.91238585,46.57595546,45.24181696,45.54262161,473069000,NVDA
2023-09-08 00:00:00-04:00,176.448963,178.3188167,175.8949194,176.2807617,65551300,AAPL
2023-09-11 00:00:00-04:00,264.269989,274.8500061,260.6099854,273.5799866,174667900,TSLA
2023-09-11 00:00:00-04:00,178.1506658,178.37821,175.4497536,177.4482269,58953100,AAPL
2023-09-11 00:00:00-04:00,46.11824826,46.13323798,44.28343335,45.14887619,473966000,NVDA
2023-09-12 00:00:00-04:00,177.5768224,178.21,172.9566017,174.4208221,90370200,AAPL
2023-09-12 00:00:00-04:00,270.7600098,278.3900146,266.6000061,267.480011,135999900,TSLA
2023-09-12 00:00:00-04:00,44.70916101,45.64355969,44.50229371,44.8410759,349256000,NVDA
2023-09-13 00:00:00-04:00,174.6285759,175.4101637,172.1255443,172.3531036,84267900,AAPL
2023-09-13 00:00:00-04:00,270.0700073,274.980011,268.1000061,271.2999878,111673700,TSLA
2023-09-13 00:00:00-04:00,44.57124545,45.90038984,44.47430786,45.45567703,398355000,NVDA
2023-09-14 00:00:00-04:00,172.1453471,174.2229694,171.7298257,173.866806,60895800,AAPL
2023-09-14 00:00:00-04:00,271.3200073,276.7099915,270.4200134,276.0400085,107709800,TSLA
2023-09-14 00:00:00-04:00,45.92038596,45.95736086,45.10191356,45.5516243,370097000,NVDA
2023-09-15 00:00:00-04:00,277.5499878,278.980011,271,274.3900146,133692300,TSLA
2023-09-15 00:00:00-04:00,45.31176151,45.56959456,43.77974912,43.87169266,506831000,NVDA
2023-09-15 00:00:00-04:00,174.5989096,174.6187007,171.9672738,173.144577,109259500,AAPL
2023-09-18 00:00:00-04:00,42.7204431,44.21347945,41.9729242,43.9376564,500271000,NVDA
2023-09-18 00:00:00-04:00,174.5988898,177.4679877,174.2921965,176.0730133,67257600,AAPL
2023-09-18 00:00:00-04:00,271.1600037,271.4400024,263.7600098,265.2799988,101543300,TSLA
2023-09-19 00:00:00-04:00,43.80473745,43.93765112,42.97427199,43.49193954,373064000,NVDA
2023-09-19 00:00:00-04:00,175.627804,177.7153139,175.2419616,177.1612854,51826900,AAPL
2023-09-19 00:00:00-04:00,264.3500061,267.8500061,261.2000122,266.5,103704000,TSLA
2023-09-20 00:00:00-04:00,43.5718918,43.87469787,42.19578058,42.2117691,367108000,NVDA
2023-09-20 00:00:00-04:00,177.3492502,177.7845627,173.5303936,173.6194458,58436200,AAPL
2023-09-20 00:00:00-04:00,267.0400085,273.9299927,262.4599915,262.5899963,122514600,TSLA
2023-09-21 00:00:00-04:00,41.55619567,42.0728607,40.95358372,40.99055862,450736000,NVDA
2023-09-21 00:00:00-04:00,257.8500061,260.8599854,254.2100067,255.6999969,119951500,TSLA
2023-09-21 00:00:00-04:00,172.689482,174.4208289,172.0068343,172.0760803,63149100,AAPL
2023-09-22 00:00:00-04:00,257.3999939,257.7900085,244.4799957,244.8800049,127524100,TSLA
2023-09-22 00:00:00-04:00,41.54519814,42.08785117,41.20441837,41.58317566,479236000,NVDA
2023-09-22 00:00:00-04:00,172.8081791,175.1924943,172.1947925,172.9268951,56725400,AAPL
2023-09-25 00:00:00-04:00,243.3800049,247.1000061,238.3099976,246.9900055,104636600,TSLA
2023-09-25 00:00:00-04:00,41.5641885,42.50857902,41.15045392,42.19478226,419091000,NVDA
2023-09-25 00:00:00-04:00,172.3431897,175.0836684,172.2937196,174.2031555,46172700,AAPL
2023-09-26 00:00:00-04:00,242.9799957,249.5500031,241.6600037,244.1199951,101993600,TSLA
2023-09-26 00:00:00-04:00,41.97391811,42.79239028,41.62814053,41.88397598,402282000,NVDA
2023-09-26 00:00:00-04:00,172.9566064,173.3325457,169.8302851,170.1270905,64588900,AAPL
2023-09-27 00:00:00-04:00,42.30271271,42.84436311,41.60216442,42.44062042,444935000,NVDA
2023-09-27 00:00:00-04:00,170.7800319,171.1955533,167.2480925,168.6133728,66921800,AAPL
2023-09-27 00:00:00-04:00,244.2599945,245.3300018,234.5800018,240.5,136597200,TSLA
2023-09-28 00:00:00-04:00,167.5349892,170.1963187,165.8333216,168.8706055,56294400,AAPL
2023-09-28 00:00:00-04:00,240.0200043,247.5500031,238.6499939,246.3800049,117058900,TSLA
2023-09-28 00:00:00-04:00,42.4326222,43.41798652,42.08784724,43.06121826,424663000,NVDA
2023-09-29 00:00:00-04:00,170.1864346,171.2252456,168.5243339,169.3850708,51861100,AAPL
2023-09-29 00:00:00-04:00,250,254.7700043,246.3500061,250.2200012,128522700,TSLA
2023-09-29 00:00:00-04:00,43.79874254,44.11553949,43.27907734,43.4709549,397830000,NVDA
2023-10-02 00:00:00-04:00,169.3949786,172.4421509,169.1080612,171.8980103,52164500,AAPL
2023-10-02 00:00:00-04:00,244.8099976,254.2799988,242.6199951,251.6000061,123810400,TSLA
2023-10-02 00:00:00-04:00,44.00161394,45.14587625,43.83272417,44.75313187,433298000,NVDA
2023-10-03 00:00:00-04:00,248.6100006,250.0200043,244.4499969,246.5299988,101985300,TSLA
2023-10-03 00:00:00-04:00,44.77910527,45.10090005,43.21811222,43.48893738,470850000,NVDA
2023-10-03 00:00:00-04:00,170.4238708,171.7792782,168.9992325,170.5623779,49594600,AAPL
2023-10-04 00:00:00-04:00,43.71380434,44.11454683,43.26409365,44.01261139,361821000,NVDA
2023-10-04 00:00:00-04:00,169.2663464,172.3531005,169.1476303,171.80896,53020300,AAPL
2023-10-04 00:00:00-04:00,248.1399994,261.8599854,247.6000061,261.1600037,129721600,TSLA
2023-10-05 00:00:00-04:00,44.02160194,44.87105626,43.85970762,44.65919113,393483000,NVDA
2023-10-05 00:00:00-04:00,171.9375668,173.5798765,170.8393977,173.045639,48527900,AAPL
2023-10-05 00:00:00-04:00,260,263.6000061,256.25,260.0499878,119159200,TSLA
2023-10-06 00:00:00-04:00,44.16450946,45.75948119,43.99761731,45.73249817,434436000,NVDA
2023-10-06 00:00:00-04:00,171.9474737,176.092815,171.334072,175.5981445,57266700,AAPL
2023-10-06 00:00:00-04:00,253.9799957,261.6499939,250.6499939,260.5299988,118121800,TSLA
2023-10-09 00:00:00-04:00,174.925367,177.1414961,173.9261381,177.0821381,42390800,AAPL
2023-10-09 00:00:00-04:00,255.3099976,261.3599854,252.0500031,259.6700134,101377900,TSLA
2023-10-09 00:00:00-04:00,44.81309066,45.57559926,44.33939721,45.24381256,409675000,NVDA
2023-10-10 00:00:00-04:00,257.75,268.9400024,257.6499939,263.6199951,122656000,TSLA
2023-10-10 00:00:00-04:00,45.28078645,46.22917206,45.05892947,45.76847076,368582000,NVDA
2023-10-10 00:00:00-04:00,176.2016536,177.8043814,176.0532434,176.4885559,43698000,AAPL
2023-10-11 00:00:00-04:00,266.2000122,268.6000061,260.8999939,262.9899902,103706300,TSLA
2023-10-11 00:00:00-04:00,46.16621437,46.82878892,46.0203086,46.77582169,378137000,NVDA
2023-10-11 00:00:00-04:00,176.3005779,177.9329997,175.7069823,177.8835297,47551100,AAPL
2023-10-12 00:00:00-04:00,262.9200134,265.4100037,256.6300049,258.8699951,111508100,TSLA
2023-10-12 00:00:00-04:00,46.74683913,47.5783034,46.30012875,46.91473007,481325000,NVDA
2023-10-12 00:00:00-04:00,178.1506359,180.396429,177.1316008,178.7838135,56743100,AAPL
2023-10-13 00:00:00-04:00,258.8999939,259.6000061,250.2200012,251.1199951,102073800,TSLA
2023-10-13 00:00:00-04:00,179.4862324,179.9907909,176.2411953,176.943634,51427100,AAPL
2023-10-13 00:00:00-04:00,46.92972437,47.08562584,45.25080715,45.43169022,474115000,NVDA
2023-10-16 00:00:00-04:00,174.8660148,177.171181,174.6285675,176.8150177,52517000,AAPL
2023-10-16 00:00:00-04:00,250.0500031,255.3999939,248.4799957,253.9199982,88917200,TSLA
2023-10-16 00:00:00-04:00,45.03395227,46.195202,44.88304863,46.06528854,375099000,NVDA
2023-10-17 00:00:00-04:00,174.767094,176.5182319,172.9368221,175.2617645,57549400,AAPL
2023-10-17 00:00:00-04:00,250.1000061,257.1799927,247.0800018,254.8500061,93562900,TSLA
2023-10-18 00:00:00-04:00,173.7084903,175.6871722,173.2434988,173.9657135,54764400,AAPL
2023-10-18 00:00:00-04:00,252.6999969,254.6300049,242.0800018,242.6799927,125147800,TSLA
2023-10-18 00:00:00-04:00,42.56354235,43.19113966,41.79803733,42.16879654,627294000,NVDA
2023-10-19 00:00:00-04:00,225.9499969,230.6100006,216.7799988,220.1100006,170772700,TSLA
2023-10-19 00:00:00-04:00,42.78340541,43.2690922,41.85500338,42.07386398,501233000,NVDA
2023-10-19 00:00:00-04:00,174.1635872,175.9444041,173.3226564,173.5897827,59302900,AAPL
2023-10-20 00:00:00-04:00,41.86299514,42.44262308,41.05151832,41.36032104,477266000,NVDA
2023-10-20 00:00:00-04:00,173.4413686,173.5501967,170.7998299,171.0372772,64244000,AAPL
2023-10-20 00:00:00-04:00,217.0099945,218.8600006,210.4199982,211.9900055,138010100,TSLA
2023-10-23 00:00:00-04:00,41.20242326,43.22012279,40.91860593,42.94729614,478530000,NVDA
2023-10-23 00:00:00-04:00,169.0882716,172.1552196,168.1187065,171.1559906,55980100,AAPL
2023-10-23 00:00:00-04:00,210,216.9799957,202.5099945,212.0800018,150683400,TSLA
2023-10-24 00:00:00-04:00,43.04922879,43.66882803,42.66347987,43.63484955,401463000,NVDA
2023-10-24 00:00:00-04:00,171.2054662,171.8188528,169.6225145,171.5913086,43816600,AAPL
2023-10-24 00:00:00-04:00,216.5,222.0500031,214.1100006,216.5200043,118231100,TSLA
2023-10-25 00:00:00-04:00,170.0479299,171.215345,168.8310296,169.2762451,57157000,AAPL
2023-10-25 00:00:00-04:00,215.8800049,220.1000061,212.1999969,212.4199982,107065100,TSLA
2023-10-25 00:00:00-04:00,43.3700234,43.62186367,41.52821294,41.75206757,398379000,NVDA
2023-10-26 00:00:00-04:00,211.3200073,214.8000031,204.8800049,205.7599945,115112600,TSLA
2023-10-26 00:00:00-04:00,41.82601906,42.22875913,39.85429143,40.30000305,541001000,NVDA
2023-10-26 00:00:00-04:00,168.5540169,169.5532609,163.9041173,165.1111145,70625300,AAPL
2023-10-27 00:00:00-04:00,210.6000061,212.4100037,205.7700043,207.3000031,94881200,TSLA
2023-10-27 00:00:00-04:00,41.10348716,41.17943838,39.98920425,40.47389221,416784000,NVDA
2023-10-27 00:00:00-04:00,165.1309066,167.1590587,165.0517576,166.4269409,58499100,AAPL
2023-10-30 00:00:00-04:00,209.2799988,210.8800049,194.6699982,197.3600006,136448200,TSLA
2023-10-30 00:00:00-04:00,41.06051066,41.73906991,40.45489858,41.13446045,388028000,NVDA
2023-10-30 00:00:00-04:00,167.2184317,169.345509,167.0700215,168.474884,51131000,AAPL
2023-10-31 00:00:00-04:00,40.42392262,40.8526469,39.20470793,40.75370789,517969000,NVDA
2023-10-31 00:00:00-04:00,167.5449208,169.0783874,166.1103641,168.9497833,44846000,AAPL
2023-10-31 00:00:00-04:00,196.1199951,202.8000031,194.0700073,200.8399963,118068300,TSLA
2023-11-01 00:00:00-04:00,169.1773025,172.3728696,168.3066777,172.1156464,56934900,AAPL
2023-11-01 00:00:00-04:00,204.0399933,205.9900055,197.8500061,205.6600037,121661700,TSLA
2023-11-01 00:00:00-04:00,40.85764503,42.35368171,40.84265531,42.29771805,437593000,NVDA
2023-11-02 00:00:00-04:00,173.6491398,175.885045,173.5897817,175.6772919,77334800,AAPL
2023-11-02 00:00:00-04:00,212.9700012,219.1999969,211.4499969,218.5099945,125987600,TSLA
2023-11-02 00:00:00-04:00,43.30006061,43.85570185,42.86634235,43.47794724,409172000,NVDA
2023-11-03 00:00:00-04:00,172.3827743,174.9352758,171.5022615,174.7670746,79829200,AAPL
2023-11-03 00:00:00-04:00,221.1499939,226.3699951,218.3999939,219.9600067,119534800,TSLA
2023-11-03 00:00:00-04:00,43.9916209,45.27978753,43.69481149,44.97598648,424610000,NVDA
2023-11-06 00:00:00-05:00,174.4999673,177.5174453,174.3317812,177.3195801,63841300,AAPL
2023-11-06 00:00:00-05:00,45.25580881,45.90539134,44.87005604,45.72150803,400733000,NVDA
2023-11-06 00:00:00-05:00,223.9799957,226.3200073,215,219.2700043,117335800,TSLA
2023-11-07 00:00:00-05:00,45.68952897,46.18820402,45.12888979,45.92537689,343165000,NVDA
2023-11-07 00:00:00-05:00,177.2701138,180.4953751,177.0623606,179.8819885,70530000,AAPL
2023-11-07 00:00:00-05:00,219.9799957,223.1199951,215.7200012,222.1799927,116900100,TSLA
2023-11-08 00:00:00-05:00,46.07028235,46.83679004,45.93836747,46.54397964,346719000,NVDA
2023-11-08 00:00:00-05:00,180.4063448,181.4946108,179.6544359,180.9405823,49340300,AAPL
2023-11-08 00:00:00-05:00,223.1499939,224.1499939,217.6399994,222.1100006,106584800,TSLA
2023-11-09 00:00:00-05:00,47.43639611,48.19890468,46.71985932,46.91973114,540496000,NVDA
2023-11-09 00:00:00-05:00,181.0098541,182.1574783,179.8721028,180.4657135,53763500,AAPL
2023-11-09 00:00:00-05:00,219.75,220.8000031,206.6799927,209.9799957,142110500,TSLA
2023-11-10 00:00:00-05:00,182.2488691,184.8245508,181.8129831,184.6561279,66133400,AAPL
2023-11-10 00:00:00-05:00,210.0299988,215.3800049,205.6900024,214.6499939,130994000,TSLA
2023-11-10 00:00:00-05:00,47.46937607,48.44074953,47.25251692,48.30383682,421245000,NVDA
2023-11-13 00:00:00-05:00,215.6000061,225.3999939,211.6100006,223.7100067,140447600,TSLA
2023-11-13 00:00:00-05:00,48.28884395,49.08433213,48.06798577,48.58864975,384136000,NVDA
2023-11-13 00:00:00-05:00,184.0815369,184.2895637,182.4865989,183.0710754,43627500,AAPL
2023-11-14 00:00:00-05:00,235.0299988,238.1399994,230.7200012,237.4100037,149771600,TSLA
2023-11-14 00:00:00-05:00,49.64796808,49.80186811,49.00838134,49.62398148,416954000,NVDA
2023-11-14 00:00:00-05:00,185.9439482,186.350116,184.5570521,185.6863861,60108400,AAPL
2023-11-15 00:00:00-05:00,239.2899933,246.6999969,236.4499969,242.8399963,150354000,TSLA
2023-11-15 00:00:00-05:00,49.90280937,49.92779096,48.16892727,48.85648346,475497000,NVDA
2023-11-15 00:00:00-05:00,186.092546,187.7271031,186.0231936,186.2510376,53790500,AAPL
2023-11-16 00:00:00-05:00,48.64762625,49.49308165,48.29885216,49.44810867,339756000,NVDA
2023-11-16 00:00:00-05:00,187.7964758,189.173471,186.8850696,187.9351654,54412900,AAPL
2023-11-16 00:00:00-05:00,239.4900055,240.8800049,230.9600067,233.5899963,136816800,TSLA
2023-11-17 00:00:00-05:00,188.4701027,188.5988913,186.8058273,187.9153442,50922700,AAPL
2023-11-17 00:00:00-05:00,232,237.3899994,226.5399933,234.3000031,142532800,TSLA
2023-11-17 00:00:00-05:00,49.49207616,49.68495255,48.97541111,49.26622391,325205000,NVDA
2023-11-20 00:00:00-05:00,188.1134867,190.1145929,188.1035857,189.6588898,46505100,AAPL
2023-11-20 00:00:00-05:00,234.0399933,237.1000061,231.0200043,235.6000061,116320100,TSLA
2023-11-20 00:00:00-05:00,49.28020635,50.51540949,49.14929029,50.37649918,414120000,NVDA
2023-11-21 00:00:00-05:00,189.6192764,189.7282479,187.9649018,188.8564758,38134500,AAPL
2023-11-21 00:00:00-05:00,235.0399933,243.6199951,233.3399963,241.1999969,122288000,TSLA
2023-11-21 00:00:00-05:00,50.09367842,50.48442515,49.19026199,49.91179657,565747000,NVDA
2023-11-22 00:00:00-05:00,242.0399933,244.0099945,231.3999939,234.2100067,117950600,TSLA
2023-11-22 00:00:00-05:00,189.698496,191.1250112,189.0446671,189.5201721,39617700,AAPL
2023-11-24 00:00:00-05:00,48.43875782,48.88946732,47.71422286,47.74520493,294645000,NVDA
2023-11-24 00:00:00-05:00,189.0843078,189.1140259,187.4794685,188.1927338,24048300,AAPL
2023-11-24 00:00:00-05:00,233.75,238.75,232.3300018,235.4499969,65125200,TSLA
2023-11-27 00:00:00-05:00,47.76918296,48.49871188,47.62127957,48.21089935,395662000,NVDA
2023-11-27 00:00:00-05:00,188.1431776,188.8861609,187.1327162,188.014389,40552600,AAPL
2023-11-27 00:00:00-05:00,236.8899994,238.3300018,232.1000061,236.0800018,112031800,TSLA
2023-11-28 00:00:00-05:00,48.20490597,48.29185169,47.44239733,47.79017258,401491000,NVDA
2023-11-28 00:00:00-05:00,188.0045034,189.2923442,187.6280537,188.6186981,38415400,AAPL
2023-11-28 00:00:00-05:00,236.6799927,247,234.0099945,246.7200012,148549900,TSLA
2023-11-29 00:00:00-05:00,48.34781882,48.73057138,47.82915234,48.10897064,382005000,NVDA
2023-11-29 00:00:00-05:00,249.2100067,252.75,242.7599945,244.1399994,135401300,TSLA
2023-11-29 00:00:00-05:00,189.1140124,190.2928816,187.2020759,187.5983276,43014200,AAPL
2023-11-30 00:00:00-05:00,245.1399994,245.2200012,236.9100037,240.0800018,132353200,TSLA
2023-11-30 00:00:00-05:00,47.99303456,48.07898146,46.39207008,46.73984528,526247000,NVDA
2023-11-30 00:00:00-05:00,188.0639259,188.539446,186.4293687,188.1728973,48794400,AAPL
2023-12-01 00:00:00-05:00,233.1399994,240.1900024,231.8999939,238.8300018,121331700,TSLA
2023-12-01 00:00:00-05:00,46.49500869,47.16957278,46.15722534,46.73485184,369317000,NVDA
2023-12-01 00:00:00-05:00,188.5493614,189.7678498,187.4596464,189.4508514,45704800,AAPL
2023-12-04 00:00:00-05:00,235.75,239.3699951,233.2899933,235.5800018,104099800,TSLA
2023-12-04 00:00:00-05:00,46.0472953,46.0472953,44.98098182,45.48065948,437543000,NVDA
2023-12-04 00:00:00-05:00,188.2026181,188.2719704,185.6962889,187.6577606,43389500,AAPL
2023-12-05 00:00:00-05:00,45.44068732,46.57405486,45.24579619,46.54007721,371718000,NVDA
2023-12-05 00:00:00-05:00,188.430468,192.5812551,188.4007347,191.6104279,66628400,AAPL
2023-12-05 00:00:00-05:00,233.8699951,246.6600037,233.6999969,238.7200012,137971100,TSLA
2023-12-06 00:00:00-05:00,192.6308144,192.9379118,190.31271,190.520752,41089700,AAPL
2023-12-06 00:00:00-05:00,242.9199982,246.5700073,239.1699982,239.3699951,126436200,TSLA
2023-12-06 00:00:00-05:00,47.18870965,47.36061476,45.3867122,45.47766113,380590000,NVDA
2023-12-07 00:00:00-05:00,191.8184876,193.1756656,191.7788533,192.4524994,47477700,AAPL
2023-12-07 00:00:00-05:00,241.5500031,244.0800018,236.9799957,242.6399994,107142300,TSLA
2023-12-07 00:00:00-05:00,45.67455588,46.60303949,45.57860866,46.57005692,350823000,NVDA
2023-12-08 00:00:00-05:00,192.3831456,194.1564076,191.8581052,193.8790283,53406400,AAPL
2023-12-08 00:00:00-05:00,240.2700043,245.2700043,239.2700043,243.8399963,103126800,TSLA
2023-12-08 00:00:00-05:00,46.56905361,47.71441534,46.52407669,47.47954559,359224000,NVDA
2023-12-11 00:00:00-05:00,191.3033282,191.6797778,189.6291368,191.3726654,60943700,AAPL
2023-12-11 00:00:00-05:00,47.46455721,47.50453204,45.80448279,46.60103607,509728000,NVDA
2023-12-11 00:00:00-05:00,242.7400055,243.4400024,237.4499969,239.7400055,97913900,TSLA
2023-12-12 00:00:00-05:00,46.02035971,47.63945651,46.02035971,47.63046265,372387000,NVDA
2023-12-12 00:00:00-05:00,191.2736116,192.8982677,189.9263347,192.8883667,52696900,AAPL
2023-12-12 00:00:00-05:00,238.5500031,238.9900055,233.8699951,237.0099945,95328300,TSLA
2023-12-13 00:00:00-05:00,47.60248183,48.56694467,47.58149361,48.06122589,447792000,NVDA
2023-12-13 00:00:00-05:00,193.2648115,196.1475903,193.0270665,196.1079712,70404200,AAPL
2023-12-13 00:00:00-05:00,234.1900024,240.3000031,228.1999969,239.2899933,146286300,TSLA
2023-12-14 00:00:00-05:00,48.3630568,48.64289968,47.39559726,48.32307816,391232000,NVDA
2023-12-14 00:00:00-05:00,196.1674222,197.7524442,194.3248228,196.2565765,66831600,AAPL
2023-12-14 00:00:00-05:00,241.2200012,253.8800049,240.7899933,251.0500031,160829200,TSLA
2023-12-15 00:00:00-05:00,195.6819997,196.5438555,195.1569593,195.7216339,128538400,AAPL
2023-12-15 00:00:00-05:00,251.2100067,254.1300049,248.3000031,253.5,135932800,TSLA
2023-12-15 00:00:00-05:00,48.16716609,49.37649146,48.09320598,48.86277771,479948000,NVDA
2023-12-18 00:00:00-05:00,253.7799988,258.7399902,251.3600006,252.0800018,116416500,TSLA
2023-12-18 00:00:00-05:00,49.37249684,50.40491882,49.12263603,50.04911804,412587000,NVDA
2023-12-18 00:00:00-05:00,194.2554684,194.7904249,192.5713758,194.0573425,55751900,AAPL
2023-12-19 00:00:00-05:00,253.4799957,258.3399963,253.0099945,257.2200012,106737400,TSLA
2023-12-19 00:00:00-05:00,49.3964778,49.67232508,48.86777304,49.57637787,464444000,NVDA
2023-12-19 00:00:00-05:00,194.3248175,195.1074199,194.0573392,195.0975189,40714100,AAPL
2023-12-20 00:00:00-05:00,256.4100037,259.8399963,247,247.1399994,125097000,TSLA
2023-12-20 00:00:00-05:00,49.62734838,49.9711586,48.07121619,48.08420944,397894000,NVDA
2023-12-20 00:00:00-05:00,195.0578894,195.8305908,193.0072632,193.0072632,52242800,AAPL
2023-12-21 00:00:00-05:00,251.8999939,254.8000031,248.5500031,254.5,109594200,TSLA
2023-12-21 00:00:00-05:00,194.2653863,195.2362136,191.6897046,192.8586578,46482500,AAPL
2023-12-21 00:00:00-05:00,48.7838178,49.06766003,48.392034,48.96271896,300425000,NVDA
2023-12-22 00:00:00-05:00,193.3539775,193.5818366,191.1646617,191.7887726,37149600,AAPL
2023-12-22 00:00:00-05:00,256.7600098,258.2200012,251.3699951,252.5399933,93370100,TSLA
2023-12-22 00:00:00-05:00,49.16760144,49.35549646,48.44000624,48.80280685,252507000,NVDA
2023-12-26 00:00:00-05:00,191.7986702,192.0760494,191.0259688,191.2439117,28919300,AAPL
2023-12-26 00:00:00-05:00,254.4900055,257.9700012,252.9100037,256.6099854,86892400,TSLA
2023-12-26 00:00:00-05:00,48.94072877,49.57237678,48.9327338,49.2515564,244200000,NVDA
2023-12-27 00:00:00-05:00,190.6891427,191.6896881,189.3022315,191.3429565,48087700,AAPL
2023-12-27 00:00:00-05:00,258.3500061,263.3399963,257.519989,261.4400024,106494400,TSLA
2023-12-27 00:00:00-05:00,49.48343766,49.65234229,49.05767232,49.38948822,233648000,NVDA
2023-12-28 00:00:00-05:00,263.6600037,265.1300049,252.7100067,253.1799927,113619900,TSLA
2023-12-28 00:00:00-05:00,49.61536155,49.85622469,49.38448736,49.49442673,246587000,NVDA
2023-12-28 00:00:00-05:00,192.3236946,192.8388339,191.3627683,191.7689362,34049900,AAPL
2023-12-29 00:00:00-05:00,49.78526507,49.96916455,48.72385609,49.49442673,389293000,NVDA
2023-12-29 00:00:00-05:00,192.0859377,192.5812599,189.9362412,190.7287598,42672100,AAPL
2023-12-29 00:00:00-05:00,255.1000061,255.1900024,247.4299927,248.4799957,100891600,TSLA
2024-01-02 00:00:00-05:00,49.2165753,49.26754559,47.56849537,48.14117432,411254000,NVDA
2024-01-02 00:00:00-05:00,185.3990964,186.6770361,182.169601,183.9032288,82488700,AAPL
2024-01-02 00:00:00-05:00,250.0800018,251.25,244.4100037,248.4199982,104654200,TSLA
2024-01-03 00:00:00-05:00,47.45855813,48.15716638,47.2936491,47.54251099,320896000,NVDA
2024-01-03 00:00:00-05:00,182.4965422,184.1410158,181.7139246,182.5262604,58414500,AAPL
2024-01-03 00:00:00-05:00,244.9799957,245.6799927,236.3200073,238.4499969,121082600,TSLA
2024-01-04 00:00:00-05:00,180.4458749,181.377083,179.1877673,180.2081299,71983600,AAPL
2024-01-04 00:00:00-05:00,239.25,242.6999969,237.7299957,237.9299927,102629300,TSLA
2024-01-04 00:00:00-05:00,47.74040494,48.47299857,47.48155026,47.97127914,306535000,NVDA
2024-01-05 00:00:00-05:00,236.8600006,240.1199951,234.8999939,237.4900055,92488900,TSLA
2024-01-05 00:00:00-05:00,48.435023,49.51941806,48.2791078,49.06966782,415039000,NVDA
2024-01-05 00:00:00-05:00,180.2874049,181.0501903,178.4844246,179.4849701,62379700,AAPL
2024-01-08 00:00:00-05:00,236.1399994,241.25,235.3000031,240.4499969,85166600,TSLA
2024-01-08 00:00:00-05:00,180.3864223,183.8635936,179.8019458,183.8239594,59144500,AAPL
2024-01-09 00:00:00-05:00,238.1100006,238.9600067,232.0399933,234.9600067,96705700,TSLA
2024-01-09 00:00:00-05:00,182.1993258,183.4178142,181.0204565,183.4079132,42841800,AAPL
2024-01-10 00:00:00-05:00,53.58614782,54.56959728,53.45921582,54.31973648,533796000,NVDA
2024-01-10 00:00:00-05:00,182.6252924,184.6561012,182.1993074,184.4480743,46792900,AAPL
2024-01-10 00:00:00-05:00,235.1000061,235.5,231.2899933,233.9400024,91628500,TSLA
2024-01-11 00:00:00-05:00,184.7947926,185.3000309,181.9021129,183.8536835,49128400,AAPL
2024-01-11 00:00:00-05:00,230.5700073,230.9299927,225.3699951,227.2200012,105873600,TSLA
2024-01-11 00:00:00-05:00,54.96837679,55.3151837,53.53017885,54.79147339,596759000,NVDA
2024-01-12 00:00:00-05:00,184.3192926,184.9929387,183.4574369,184.180603,40477800,AAPL
2024-01-12 00:00:00-05:00,220.0800018,225.3399963,217.1499939,218.8899994,123043800,TSLA
2024-01-12 00:00:00-05:00,54.58958868,54.9393961,54.29975304,54.67953873,352994000,NVDA
2024-01-16 00:00:00-05:00,180.4557846,182.5361288,179.2372812,181.9120331,65603000,AAPL
2024-01-16 00:00:00-05:00,215.1000061,223.4900055,212.1799927,219.9100037,115355000,TSLA
2024-01-16 00:00:00-05:00,54.98736611,56.80335188,54.86943178,56.35060501,449580000,NVDA
2024-01-17 00:00:00-05:00,179.5741045,181.2185626,178.6131782,180.9709015,47317400,AAPL
2024-01-17 00:00:00-05:00,56.31562456,56.43955606,54.70952094,56.02178955,474394000,NVDA
2024-01-17 00:00:00-05:00,214.8600006,215.6699982,212.0099945,215.5500031,103164400,TSLA
2024-01-18 00:00:00-05:00,57.22812146,57.56793233,56.07576346,57.07520676,491650000,NVDA
2024-01-18 00:00:00-05:00,184.3490346,187.3705034,184.0914725,186.8652802,78005800,AAPL
2024-01-18 00:00:00-05:00,216.8800049,217.4499969,208.7400055,211.8800049,108595400,TSLA
2024-01-19 00:00:00-05:00,57.95670795,59.46686816,57.19313344,59.4578743,543501000,NVDA
2024-01-19 00:00:00-05:00,187.5587048,190.1541882,187.0534816,189.7678375,68903000,AAPL
2024-01-19 00:00:00-05:00,209.9900055,213.1900024,207.5599976,212.1900024,102260300,TSLA
2024-01-22 00:00:00-05:00,60.01556145,60.29740591,59.03710651,59.62078094,452955000,NVDA
2024-01-22 00:00:00-05:00,190.5009136,193.5025648,190.4612794,192.0760345,60133900,AAPL
2024-01-22 00:00:00-05:00,212.2599945,217.8000031,206.2700043,208.8000031,117952500,TSLA
2024-01-23 00:00:00-05:00,193.1954513,193.9186174,192.0165822,193.3539429,42355600,AAPL
2024-01-23 00:00:00-05:00,211.3000031,215.6499939,207.75,209.1399994,106605900,TSLA
2024-01-23 00:00:00-05:00,59.53682797,59.87663879,58.55237586,59.83966064,294654000,NVDA
2024-01-24 00:00:00-05:00,211.8800049,212.7299957,206.7700043,207.8300018,123369900,TSLA
2024-01-24 00:00:00-05:00,60.27042174,62.81400277,59.90462441,61.32783127,560271000,NVDA
2024-01-24 00:00:00-05:00,193.5917347,194.54276,192.5218369,192.6803436,53631300,AAPL
2024-01-25 00:00:00-05:00,189.6999969,193,180.0599976,182.6300049,198076800,TSLA
2024-01-25 00:00:00-05:00,62.31528094,62.68407877,60.81611617,61.58269119,482777000,NVDA
2024-01-25 00:00:00-05:00,193.3936037,194.4337834,191.3033434,192.3534241,54822100,AAPL
2024-01-26 00:00:00-05:00,185.5,186.7799988,182.1000061,183.25,107343200,TSLA
2024-01-26 00:00:00-05:00,192.4525104,192.9379165,190.1443069,190.619812,44594000,AAPL
2024-01-26 00:00:00-05:00,60.92605348,61.74859706,60.53927176,60.99701309,390309000,NVDA
2024-01-29 00:00:00-05:00,190.2136433,190.4018682,187.8063844,189.936264,47145600,AAPL
2024-01-29 00:00:00-05:00,185.6300049,191.4799957,183.6699982,190.9299927,125013100,TSLA
2024-01-29 00:00:00-05:00,61.19789887,62.45419882,60.87308291,62.43021393,348733000,NVDA
2024-01-30 00:00:00-05:00,189.153655,190.0056098,185.7161175,186.280777,55859400,AAPL
2024-01-30 00:00:00-05:00,195.3300018,196.3600006,190.6100006,191.5899963,109982300,TSLA
2024-01-30 00:00:00-05:00,62.86497347,63.45764174,62.22532667,62.73904037,410735000,NVDA
2024-01-31 00:00:00-05:00,185.2901205,185.3495719,182.6252998,182.6748199,55467800,AAPL
2024-01-31 00:00:00-05:00,187,193.9700012,185.8500061,187.2899933,103221400,TSLA
2024-01-31 00:00:00-05:00,61.40578347,62.23432419,60.6661977,61.49273682,453795000,NVDA
2024-02-01 00:00:00-05:00,188.5,189.8800049,184.2799988,188.8600006,91843300,TSLA
2024-02-01 00:00:00-05:00,62.06541944,63.15581536,61.61567306,62.99190521,369146000,NVDA
2024-02-01 00:00:00-05:00,182.2686868,185.200986,182.100279,185.1118317,64885400,AAPL
2024-02-02 00:00:00-05:00,63.93837399,66.56291111,63.65453175,66.12316132,476578000,NVDA
2024-02-02 00:00:00-05:00,178.1773017,185.5774166,177.573008,184.1112671,102551700,AAPL
2024-02-02 00:00:00-05:00,185.0399933,188.6900024,182,187.9100037,110612700,TSLA
2024-02-05 00:00:00-05:00,186.3897527,187.4794676,184.1013663,185.9241486,69668800,AAPL
2024-02-05 00:00:00-05:00,184.2599945,184.6799927,175.0099945,181.0599976,134294400,TSLA
2024-02-06 00:00:00-05:00,185.1118018,187.5388774,185.0226475,187.5289764,43490800,AAPL
2024-02-06 00:00:00-05:00,177.2100067,186.4900055,177.1100006,185.1000061,122676000,TSLA
2024-02-07 00:00:00-05:00,68.28095195,70.18089422,67.56235061,70.05995941,495575000,NVDA
2024-02-07 00:00:00-05:00,188.1799927,189.7899933,182.6799927,187.5800018,111535200,TSLA
2024-02-07 00:00:00-05:00,188.8564584,189.2626263,186.8454514,187.63797,53439000,AAPL
2024-02-08 00:00:00-05:00,189,191.6199951,185.5800018,189.5599976,83034000,TSLA
2024-02-08 00:00:00-05:00,70.03496849,70.75456869,69.41631758,69.602211,414422000,NVDA
2024-02-08 00:00:00-05:00,187.6181328,187.7667234,185.597225,186.5581512,40962000,AAPL
2024-02-09 00:00:00-05:00,190.1799927,194.1199951,189.4799957,193.5700073,84476300,TSLA
2024-02-09 00:00:00-05:00,70.49373429,72.14481511,70.17291383,72.09284973,436637000,NVDA
2024-02-09 00:00:00-05:00,187.1235361,188.452705,186.4788016,187.3219299,45155200,AAPL
2024-02-12 00:00:00-05:00,192.1100006,194.7299957,187.2799988,188.1300049,95498600,TSLA
2024-02-12 00:00:00-05:00,72.55957267,74.56945448,71.21032592,72.2077713,613710000,NVDA
2024-02-12 00:00:00-05:00,186.8953939,187.143371,185.2785782,185.6356659,41781900,AAPL
2024-02-13 00:00:00-05:00,70.36080999,73.40910749,69.58124544,72.08784485,602580000,NVDA
2024-02-13 00:00:00-05:00,184.266844,184.7032861,182.0251211,183.5427399,56529500,AAPL
2024-02-13 00:00:00-05:00,183.9900055,187.2599945,182.1100006,184.0200043,86759500,TSLA
2024-02-14 00:00:00-05:00,183.8204889,184.0287812,180.9637876,182.6599426,54630500,AAPL
2024-02-14 00:00:00-05:00,185.3000031,188.8899994,183.3500061,188.7100067,81203000,TSLA
2024-02-14 00:00:00-05:00,73.16126189,74.19468299,71.89796545,73.85887146,504917000,NVDA
2024-02-15 00:00:00-05:00,182.06481,182.9972064,179.8826143,182.3722992,65434500,AAPL
2024-02-15 00:00:00-05:00,189.1600037,200.8800049,188.8600006,200.4499969,120831800,TSLA
2024-02-15 00:00:00-05:00,73.82786253,73.93379867,72.35967891,72.61753082,420122000,NVDA
2024-02-16 00:00:00-05:00,181.9358579,183.354295,180.200018,180.8348389,49752500,AAPL
2024-02-16 00:00:00-05:00,202.0599976,203.1699982,197.3999939,199.9499969,111346700,TSLA
2024-02-16 00:00:00-05:00,74.05873462,74.3605684,72.46062603,72.57256317,495327000,NVDA
2024-02-20 00:00:00-05:00,196.1300049,198.6000061,189.1300049,193.7599945,104545800,TSLA
2024-02-20 00:00:00-05:00,180.3190466,180.9538675,178.543537,180.0909119,53665600,AAPL
2024-02-21 00:00:00-05:00,180.4678423,181.4101523,179.1982005,180.8447723,41371400,AAPL
2024-02-21 00:00:00-05:00,193.3600006,199.4400024,191.9499969,194.7700043,103500300,TSLA
2024-02-22 00:00:00-05:00,181.9953606,183.4633961,180.9836249,182.8781586,52292200,AAPL
2024-02-22 00:00:00-05:00,194,198.3200073,191.3600006,197.4100037,92739500,TSLA
2024-02-23 00:00:00-05:00,183.512979,183.542735,180.7554747,181.0431366,45119700,AAPL
2024-02-23 00:00:00-05:00,195.3099976,197.5700073,191.5,191.9700012,78841900,TSLA
2024-02-26 00:00:00-05:00,180.7654005,181.281182,179.1882546,179.6941376,40867400,AAPL
2024-02-26 00:00:00-05:00,192.2899933,201.7799988,192,199.3999939,111747100,TSLA
2024-02-26 00:00:00-05:00,79.65562156,80.60110162,78.46128722,79.047966,503973000,NVDA
2024-02-27 00:00:00-05:00,204.0399933,205.6000061,198.2599945,199.7299957,108645400,TSLA
2024-02-27 00:00:00-05:00,79.33680251,79.43575404,77.11904376,78.65718079,391705000,NVDA
2024-02-27 00:00:00-05:00,179.6346334,182.4318075,178.1070859,181.1522522,54318900,AAPL
2024-02-28 00:00:00-05:00,200.4199982,205.3000031,198.4400024,202.0399933,99806200,TSLA
2024-02-28 00:00:00-05:00,77.57677566,78.88904035,77.08204858,77.61975098,393110000,NVDA
2024-02-28 00:00:00-05:00,181.0332183,181.6382831,178.6724863,179.9520416,48953900,AAPL
2024-02-29 00:00:00-05:00,204.1799927,205.2799988,198.4499969,201.8800049,85907000,TSLA
2024-02-29 00:00:00-05:00,79.0499673,79.94546456,78.30637821,79.06795502,507289000,NVDA
2024-02-29 00:00:00-05:00,179.8032876,181.0927719,178.0773611,179.2874908,136682600,AAPL
2024-03-01 00:00:00-05:00,200.5200043,204.5200043,198.5,202.6399994,82243100,TSLA
2024-03-01 00:00:00-05:00,178.0971883,179.0692544,175.9447485,178.2062988,73563100,AAPL
2024-03-01 00:00:00-05:00,79.95545448,82.25417684,79.39076664,82.23318481,479135000,NVDA
2024-03-04 00:00:00-05:00,174.7246736,175.4686049,172.3837689,173.6831818,81510100,AAPL
2024-03-04 00:00:00-05:00,198.7299957,199.75,186.7200012,188.1399994,134334900,TSLA
2024-03-04 00:00:00-05:00,84.08314367,87.6461607,83.67237708,85.18952942,615616000,NVDA
2024-03-05 00:00:00-05:00,169.3782748,170.6479163,168.2474998,168.743454,95132400,AAPL
2024-03-05 00:00:00-05:00,183.0500031,184.5899963,177.5700073,180.7400055,119660800,TSLA
2024-03-05 00:00:00-05:00,85.22651962,86.05310144,83.37446759,85.92016602,520639000,NVDA
2024-03-06 00:00:00-05:00,169.6758767,169.8544281,167.3151295,167.7515717,68587700,AAPL
2024-03-06 00:00:00-05:00,179.9900055,181.5800018,173.6999969,176.5399933,107920900,TSLA
2024-03-06 00:00:00-05:00,87.97712182,89.67824985,86.98562324,88.6547699,582520000,NVDA
2024-03-07 00:00:00-05:00,174.3500061,180.0399933,173.6999969,178.6499939,102129000,TSLA
2024-03-07 00:00:00-05:00,90.11202114,92.71969185,89.55630492,92.62174225,608119000,NVDA
2024-03-07 00:00:00-05:00,167.7813181,169.3485353,167.12667,167.6325378,71765100,AAPL
2024-03-08 00:00:00-05:00,167.6325135,172.2944798,167.5730014,169.3485107,76267000,AAPL
2024-03-08 00:00:00-05:00,181.5,182.7299957,174.6999969,175.3399963,85544600,TSLA
2024-03-11 00:00:00-04:00,171.5406684,172.9690192,170.6578704,171.3522034,60139500,AAPL
2024-03-11 00:00:00-04:00,175.4499969,182.8699951,174.8000031,177.7700043,85391500,TSLA
2024-03-12 00:00:00-04:00,171.7489536,172.6218379,169.62627,171.8283081,59825400,AAPL
2024-03-12 00:00:00-04:00,177.7700043,179.4299927,172.4100037,177.5399933,87391700,TSLA
2024-03-13 00:00:00-04:00,173.0500031,176.0500031,169.1499939,169.4799957,106524500,TSLA
2024-03-13 00:00:00-04:00,171.372045,171.7886447,169.3782991,169.7453156,52488700,AAPL
2024-03-14 00:00:00-04:00,167.7700043,171.1699982,160.5099945,162.5,126325700,TSLA
2024-03-14 00:00:00-04:00,89.5313174,90.59977244,86.55583073,87.89914703,602318000,NVDA
2024-03-14 00:00:00-04:00,171.5109058,172.8995717,170.6578639,171.600174,72913500,AAPL
2024-03-15 00:00:00-04:00,163.1600037,165.1799927,160.7599945,163.5700073,97146800,TSLA
2024-03-15 00:00:00-04:00,169.784987,171.2232513,168.9121026,171.2232513,121752700,AAPL
2024-03-18 00:00:00-04:00,170.0200043,174.7200012,165.8999939,173.8000031,108214400,TSLA
2024-03-18 00:00:00-04:00,174.1493677,176.2720511,172.1159524,172.3143311,75604200,AAPL
2024-03-19 00:00:00-04:00,172.9293168,175.1809532,171.6299191,174.6552429,55215200,AAPL
2024-03-19 00:00:00-04:00,172.3600006,172.8200073,167.4199982,171.3200073,77271400,TSLA
2024-03-20 00:00:00-04:00,174.2981619,177.2242889,173.6732547,177.2242889,53423100,AAPL
2024-03-20 00:00:00-04:00,173,176.25,170.8200073,175.6600037,83846700,TSLA
2024-03-20 00:00:00-04:00,89.75120873,90.36390274,88.17801383,90.3259201,479063000,NVDA
2024-03-21 00:00:00-04:00,175.6174165,176.0538587,169.4576576,169.9833679,106181300,AAPL
2024-03-21 00:00:00-04:00,176.3899994,178.1799927,171.8000031,172.8200073,73178000,TSLA
2024-03-21 00:00:00-04:00,92.25293105,92.60075315,90.35889321,91.3883667,480372000,NVDA
2024-03-22 00:00:00-04:00,170.3701897,171.6497601,168.6839484,170.8859863,71160100,AAPL
2024-03-22 00:00:00-04:00,166.6900024,171.1999969,166.3000031,170.8300018,75580600,TSLA
2024-03-22 00:00:00-04:00,91.09452365,94.72967008,90.78768099,94.24092102,586719000,NVDA
2024-03-25 00:00:00-04:00,169.1898571,170.5487671,168.0789092,169.4675903,54288300,AAPL
2024-03-25 00:00:00-04:00,93.8930963,96.71665263,93.46231633,94.95355225,552136000,NVDA
2024-03-25 00:00:00-04:00,168.7599945,175.2400055,168.7299957,172.6300049,74228600,TSLA
2024-03-26 00:00:00-04:00,95.80212497,96.32585986,92.45483355,92.51380157,513648000,NVDA
2024-03-26 00:00:00-04:00,168.6244541,170.0329624,168.2078543,168.3368073,57388400,AAPL
2024-03-26 00:00:00-04:00,178.5800018,184.25,177.3800049,177.6699982,113186200,TSLA
2024-03-27 00:00:00-04:00,93.06452748,93.19246057,89.07756281,90.20398712,586067000,NVDA
2024-03-27 00:00:00-04:00,169.0311253,172.1953157,168.7335497,171.9076538,60273300,AAPL
2024-03-27 00:00:00-04:00,181.4100037,181.9100037,176,179.8300018,81804000,TSLA
2024-03-28 00:00:00-04:00,89.95410002,91.25344007,89.14751238,90.30992126,435212000,NVDA
2024-03-28 00:00:00-04:00,170.3602878,170.8363996,169.1303158,170.0924683,65672700,AAPL
2024-03-28 00:00:00-04:00,177.4499969,179.5700073,175.3000031,175.7899933,77654800,TSLA
2024-04-01 00:00:00-04:00,169.8048228,169.8643349,168.1086526,168.6542053,46240500,AAPL
2024-04-01 00:00:00-04:00,176.1699982,176.75,170.2100067,175.2200012,81562100,TSLA
2024-04-01 00:00:00-04:00,90.25295469,92.17796739,89.15851188,90.31691742,452441000,NVDA
2024-04-02 00:00:00-04:00,164.75,167.6900024,163.4299927,166.6300049,116650600,TSLA
2024-04-02 00:00:00-04:00,88.40288635,90.04805055,87.57531335,89.4063797,433064000,NVDA
2024-04-02 00:00:00-04:00,167.7118794,167.9697701,166.8687512,167.4738159,49329500,AAPL
2024-04-03 00:00:00-04:00,164.0200043,168.8200073,163.2799988,168.3800049,82950100,TSLA
2024-04-03 00:00:00-04:00,88.43888913,90.32792493,88.35493232,88.91864014,370067000,NVDA
2024-04-03 00:00:00-04:00,167.4242256,169.298932,167.2159333,168.2772675,47691700,AAPL
2024-04-04 00:00:00-04:00,170.0700073,177.1900024,168.0099945,171.1100006,123162000,TSLA
2024-04-04 00:00:00-04:00,90.35988689,90.58777506,85.83619439,85.86118317,434965000,NVDA
2024-04-04 00:00:00-04:00,168.9120863,170.5289019,167.4539948,167.4539948,53704400,AAPL
2024-04-05 00:00:00-04:00,86.82170354,88.43588552,85.88218804,87.96312714,399678000,NVDA
2024-04-05 00:00:00-04:00,168.2177536,169.0112834,167.5829328,168.20784,42104800,AAPL
2024-04-05 00:00:00-04:00,169.0800018,170.8600006,160.5099945,164.8999939,143157600,TSLA
2024-04-08 00:00:00-04:00,167.6622685,167.8308911,166.8786676,167.0869598,37425500,AAPL
2024-04-08 00:00:00-04:00,169.3399963,174.5,167.7899933,172.9799957,104423300,TSLA
2024-04-08 00:00:00-04:00,88.6547565,88.78469507,86.68776556,87.08856201,283220000,NVDA
2024-04-09 00:00:00-04:00,167.3349515,168.70379,166.9877926,168.2971039,42373800,AAPL
2024-04-09 00:00:00-04:00,172.9100037,179.2200012,171.9199982,176.8800049,102951700,TSLA
2024-04-09 00:00:00-04:00,87.39740307,87.59030542,82.97965924,85.31046295,501700000,NVDA
2024-04-10 00:00:00-04:00,167.43416,167.7218068,165.7578322,166.4224091,49709300,AAPL
2024-04-10 00:00:00-04:00,173.0399933,174.9299927,170.0099945,171.7599945,84532400,TSLA
2024-04-10 00:00:00-04:00,83.88320224,87.35542961,83.66631004,86.99461365,431929000,NVDA
2024-04-11 00:00:00-04:00,172.5500031,175.8800049,168.5099945,174.6000061,94516000,TSLA
2024-04-11 00:00:00-04:00,87.37542414,90.69273208,86.88168036,90.5697937,431637000,NVDA
2024-04-11 00:00:00-04:00,166.9778586,174.0402568,166.7993224,173.623642,91070300,AAPL
2024-04-12 00:00:00-04:00,89.65325834,90.12902117,87.48536563,88.14102936,426805000,NVDA
2024-04-12 00:00:00-04:00,172.8499809,176.916812,172.8003976,175.12146,101670900,AAPL
2024-04-12 00:00:00-04:00,172.3399963,173.8099976,170.3600006,171.0500031,64722700,TSLA
2024-04-15 00:00:00-04:00,89.05256659,90.56679344,85.88518381,85.95714569,443077000,NVDA
2024-04-15 00:00:00-04:00,173.9410727,175.2008007,171.1042138,171.2926788,73531800,AAPL
2024-04-15 00:00:00-04:00,170.2400055,170.6900024,161.3800049,161.4799957,100245300,TSLA
2024-04-16 00:00:00-04:00,86.38892844,88.07306685,86.02012091,87.37042999,370453000,NVDA
2024-04-16 00:00:00-04:00,170.3602632,172.3539936,166.9084263,168.0094452,73711200,AAPL
2024-04-16 00:00:00-04:00,156.7400055,158.1900024,153.75,157.1100006,97000000,TSLA
2024-04-17 00:00:00-04:00,88.29493864,88.72972196,83.90717837,83.99214172,495400000,NVDA
2024-04-17 00:00:00-04:00,157.6399994,158.3300018,153.7799988,155.4499969,82439700,TSLA
2024-04-17 00:00:00-04:00,168.2375983,169.2691764,166.640625,166.640625,50901200,AAPL
2024-04-18 00:00:00-04:00,151.25,152.1999969,148.6999969,149.9299927,96098800,TSLA
2024-04-18 00:00:00-04:00,84.92667401,86.14605314,82.35998267,84.62782288,447260000,NVDA
2024-04-18 00:00:00-04:00,166.6703952,167.27546,165.2023748,165.6884003,43122900,AAPL
2024-04-19 00:00:00-04:00,148.9700012,150.9400024,146.2200012,147.0500031,87074500,TSLA
2024-04-19 00:00:00-04:00,164.8651484,165.0535983,162.7523781,163.6649323,68149400,AAPL
2024-04-22 00:00:00-04:00,140.5599976,144.4400024,138.8000031,142.0500031,107097600,TSLA
2024-04-22 00:00:00-04:00,78.06417461,80.03217247,76.36104865,79.47745514,596341000,NVDA
2024-04-22 00:00:00-04:00,164.1806898,165.9066008,163.4367585,164.4980927,48116400,AAPL
2024-04-23 00:00:00-04:00,80.72781777,82.72679808,80.22307798,82.38097382,438559000,NVDA
2024-04-23 00:00:00-04:00,164.0120839,165.6983254,163.5855553,165.54953,49537800,AAPL
2024-04-23 00:00:00-04:00,143.3300018,147.2599945,141.1100006,144.6799927,124545100,TSLA
2024-04-24 00:00:00-04:00,165.1924304,167.9301074,164.8651139,167.6523743,48251800,AAPL
2024-04-24 00:00:00-04:00,162.8399963,167.9700012,157.5099945,162.1300049,181178000,TSLA
2024-04-24 00:00:00-04:00,83.90719166,84.03912814,79.14262402,79.63637543,512208000,NVDA
2024-04-25 00:00:00-04:00,168.1582626,169.2295257,166.7894239,168.5153503,50558300,AAPL
2024-04-25 00:00:00-04:00,158.9600067,170.8800049,158.3600006,170.1799927,126427500,TSLA
2024-04-25 00:00:00-04:00,78.82778576,83.28051623,78.18311797,82.58987427,424641000,NVDA
2024-04-26 00:00:00-04:00,168.5054082,169.953586,167.8110602,167.9300995,44838400,AAPL
2024-04-26 00:00:00-04:00,168.8500061,172.1199951,166.3699951,168.2899933,109815700,TSLA
2024-04-26 00:00:00-04:00,83.77526671,88.28596627,83.3444867,87.69026947,551011000,NVDA
2024-04-29 00:00:00-04:00,188.4199982,198.8699951,184.5399933,194.0500031,243869700,TSLA
2024-04-29 00:00:00-04:00,87.55034504,87.9471382,85.22252999,87.71226501,388971000,NVDA
2024-04-29 00:00:00-04:00,171.9671622,174.6056423,171.6993578,172.0961151,68169400,AAPL
2024-04-30 00:00:00-04:00,87.19551849,88.77371581,86.25600293,86.3579483,363709000,NVDA
2024-04-30 00:00:00-04:00,171.9275078,173.5740796,168.6244506,168.9517822,65934800,AAPL
2024-04-30 00:00:00-04:00,186.9799957,190.9499969,182.8399963,183.2799988,127031800,TSLA
2024-05-01 00:00:00-04:00,85.03360654,85.95613224,81.21354988,82.99864197,559863000,NVDA
2024-05-01 00:00:00-04:00,168.2078326,171.3125109,167.7416345,167.9300995,50383100,AAPL
2024-05-01 00:00:00-04:00,182,185.8600006,179.0099945,179.9900055,92829700,TSLA
2024-05-02 00:00:00-04:00,84.4059329,86.19302313,83.15756928,85.77323914,377898000,NVDA
2024-05-02 00:00:00-04:00,171.1141319,172.0167723,169.507245,171.6299286,94214900,AAPL
2024-05-02 00:00:00-04:00,182.8600006,184.6000061,176.0200043,180.0099945,89148000,TSLA
2024-05-03 00:00:00-04:00,185.139709,185.486883,181.1820039,181.8961792,163224100,AAPL
2024-05-03 00:00:00-04:00,182.1000061,184.7799988,178.4199982,181.1900024,75491500,TSLA
2024-05-03 00:00:00-04:00,87.74423099,89.23546687,86.99561241,88.74372101,398341000,NVDA
2024-05-06 00:00:00-04:00,183.8000031,187.5599976,182.1999969,184.7599945,84390300,TSLA
2024-05-06 00:00:00-04:00,89.34441979,92.17297862,89.00959152,92.09301758,376203000,NVDA
2024-05-06 00:00:00-04:00,180.8745058,182.7095273,178.9601147,180.2396851,78569700,AAPL
2024-05-07 00:00:00-04:00,182.3999939,183.2599945,177.3999939,177.8099976,75045900,TSLA
2024-05-07 00:00:00-04:00,91.05154142,91.73419176,88.96560776,90.50782013,437342000,NVDA
2024-05-07 00:00:00-04:00,181.9656251,183.4038895,179.8528701,180.924118,77305800,AAPL
2024-05-08 00:00:00-04:00,171.5899963,176.0599976,170.1499939,174.7200012,79969500,TSLA
2024-05-08 00:00:00-04:00,89.43737101,91.14749704,89.3743996,90.36589813,325721000,NVDA
2024-05-08 00:00:00-04:00,181.3704631,181.5886841,179.9817822,181.2613525,45057100,AAPL
2024-05-09 00:00:00-04:00,175.0099945,175.6199951,171.3699951,171.9700012,65950300,TSLA
2024-05-09 00:00:00-04:00,181.0828227,183.1658367,180.6364669,183.0765686,48983000,AAPL
2024-05-09 00:00:00-04:00,90.48283301,91.02555537,88.18600838,88.70174408,378013000,NVDA
2024-05-10 00:00:00-04:00,183.6526505,183.8413712,180.9013479,181.8151398,50759500,AAPL
2024-05-10 00:00:00-04:00,173.0500031,173.0599976,167.75,168.4700012,72627200,TSLA
2024-05-10 00:00:00-04:00,90.25894513,91.35438685,89.18149198,89.83216095,335325000,NVDA
2024-05-13 00:00:00-04:00,184.1890163,185.8378215,183.3745407,185.0233459,72044800,AAPL
2024-05-13 00:00:00-04:00,170,175.3999939,169,171.8899994,67018900,TSLA
2024-05-13 00:00:00-04:00,90.43185974,90.95159885,88.48385609,90.35290527,289680000,NVDA
2024-05-14 00:00:00-04:00,186.2450353,187.0297143,185.0332643,186.1655731,52393600,AAPL
2024-05-14 00:00:00-04:00,174.5,179.4900055,174.0700073,177.5500031,86407400,TSLA
2024-05-14 00:00:00-04:00,89.55330989,91.60426547,88.88864808,91.30941772,296507000,NVDA
2024-05-15 00:00:00-04:00,179.8999939,180,173.1100006,173.9900055,79663000,TSLA
2024-05-15 00:00:00-04:00,92.42485211,94.81363293,91.55229612,94.58174896,417735000,NVDA
2024-05-15 00:00:00-04:00,186.6423374,189.3638433,186.1059719,188.4401245,70400000,AAPL
2024-05-16 00:00:00-04:00,94.86160409,95.77013712,94.05500878,94.31088257,323952000,NVDA
2024-05-16 00:00:00-04:00,189.1850657,189.8108205,188.3805325,188.5593109,52845200,AAPL
2024-05-16 00:00:00-04:00,174.1000061,175.7899933,171.4299927,174.8399963,59812200,TSLA
2024-05-17 00:00:00-04:00,94.32089003,94.69169545,91.75919322,92.43184662,359691000,NVDA
2024-05-17 00:00:00-04:00,188.2315393,189.5227724,187.9037637,188.5891113,41282900,AAPL
2024-05-17 00:00:00-04:00,173.5500031,179.6300049,172.75,177.4600067,77445800,TSLA
2024-05-20 00:00:00-04:00,93.70219302,95.15145056,93.39235355,94.73166656,318764000,NVDA
2024-05-20 00:00:00-04:00,188.0527499,190.6252737,187.7349014,189.7512054,44361300,AAPL
2024-05-20 00:00:00-04:00,177.5599976,177.75,173.5200043,174.9499969,61727400,TSLA
2024-05-21 00:00:00-04:00,189.8008739,191.4298096,189.6320225,191.0523834,42309400,AAPL
2024-05-21 00:00:00-04:00,175.5099945,186.8800049,174.7100067,186.6000061,115266500,TSLA
2024-05-21 00:00:00-04:00,93.55127283,95.351357,93.13248776,95.3373642,328946000,NVDA
2024-05-22 00:00:00-04:00,182.8500061,183.8000031,178.1199951,180.1100006,88313500,TSLA
2024-05-22 00:00:00-04:00,95.41033162,95.97104262,93.20145926,94.90158844,548648000,NVDA
2024-05-22 00:00:00-04:00,190.9729202,191.5192128,188.9864125,189.6121521,34648500,AAPL
2024-05-23 00:00:00-04:00,181.8000031,181.8999939,173.2599945,173.7400055,71975500,TSLA
2024-05-23 00:00:00-04:00,189.6916251,189.7114944,185.3709797,185.6192932,51005900,AAPL
2024-05-24 00:00:00-04:00,174.8399963,180.0800018,173.7299957,179.2400055,65584500,TSLA
2024-05-24 00:00:00-04:00,104.3957293,106.420697,102.9474708,106.4147034,429494000,NVDA
2024-05-24 00:00:00-04:00,187.5461861,189.2943073,186.7714342,188.698349,36327000,AAPL
2024-05-28 00:00:00-04:00,190.218048,191.6980018,187.8243176,188.708313,52280100,AAPL
2024-05-28 00:00:00-04:00,176.3999939,178.25,173.1600037,176.75,59736600,TSLA
2024-05-29 00:00:00-04:00,188.3308812,190.953071,188.2315498,189.0062866,53068000,AAPL
2024-05-29 00:00:00-04:00,174.1900024,178.1499939,173.9299927,176.1900024,54782600,TSLA
2024-05-29 00:00:00-04:00,112.9923526,115.433101,110.8444464,114.7664413,557442000,NVDA
2024-05-30 00:00:00-04:00,189.4730732,190.8834917,189.3439605,189.9994965,49889100,AAPL
2024-05-30 00:00:00-04:00,178.5800018,182.6699982,175.3800049,178.7899933,77618400,TSLA
2024-05-30 00:00:00-04:00,114.5915503,115.759953,109.6070933,110.4436646,484553000,NVDA
2024-05-31 00:00:00-04:00,190.1485155,191.2708972,188.6288384,190.9530487,75158300,AAPL
2024-05-31 00:00:00-04:00,178.5,180.3200073,173.8200073,178.0800018,67314600,TSLA
2024-05-31 00:00:00-04:00,112.4626162,112.659522,106.8854676,109.577095,613263000,NVDA
2024-06-03 00:00:00-04:00,191.5986571,193.6745692,191.221231,192.7210388,50080500,AAPL
2024-06-03 00:00:00-04:00,113.5630658,114.9413605,111.945887,114.9413605,438392000,NVDA
2024-06-03 00:00:00-04:00,178.1300049,182.6399994,174.4900055,176.2899933,68568900,TSLA
2024-06-04 00:00:00-04:00,115.6570067,116.5405511,113.9868534,116.3776321,403324000,NVDA
2024-06-04 00:00:00-04:00,193.3269316,194.0023521,191.7277923,193.0388947,47471400,AAPL
2024-06-04 00:00:00-04:00,174.7799988,177.7599945,174,174.7700043,60056300,TSLA
2024-06-05 00:00:00-04:00,118.3106382,122.3865539,117.4080989,122.3775635,528402000,NVDA
2024-06-05 00:00:00-04:00,194.081784,195.5716647,193.5553607,194.5486145,54156800,AAPL
2024-06-05 00:00:00-04:00,175.3500061,176.1499939,172.1300049,175,57953800,TSLA
2024-06-06 00:00:00-04:00,194.3698584,195.1743917,192.8601082,193.1680145,41181800,AAPL
2024-06-06 00:00:00-04:00,174.6000061,179.7299957,172.7299957,177.9400024,69887000,TSLA
2024-06-07 00:00:00-04:00,193.3368431,195.6114028,192.8302892,195.5617371,53103900,AAPL
2024-06-07 00:00:00-04:00,176.1300049,179.3500061,175.5800018,177.4799957,56244900,TSLA
2024-06-07 00:00:00-04:00,119.7089212,121.6299458,117.9618191,120.826355,412386000,NVDA
2024-06-10 00:00:00-04:00,176.0599976,178.5700073,173.1699982,173.7899933,50774600,TSLA
2024-06-10 00:00:00-04:00,120.308616,123.0372195,116.950329,121.72789,313434100,NVDA
2024-06-10 00:00:00-04:00,195.5716985,195.9690091,190.8537422,191.8171997,97010200,AAPL
2024-06-11 00:00:00-04:00,173.9199982,174.75,167.4100037,170.6600037,64761900,TSLA
2024-06-11 00:00:00-04:00,121.7179014,122.8174369,118.6891989,120.8582764,222551200,NVDA
2024-06-11 00:00:00-04:00,192.3435915,205.7624599,192.3237373,205.7525177,172373300,AAPL
2024-06-12 00:00:00-04:00,171.1199951,180.5500031,169.8000031,177.2899933,90389400,TSLA
2024-06-12 00:00:00-04:00,123.0073472,126.8257125,122.5175589,125.146431,299595000,NVDA
2024-06-12 00:00:00-04:00,205.97104,218.7144883,205.5042095,211.6325989,198134300,AAPL
2024-06-13 00:00:00-04:00,188.3899994,191.0800018,181.2299957,182.4700012,118984100,TSLA
2024-06-13 00:00:00-04:00,213.2913199,215.2877545,210.1725036,212.794693,97862700,AAPL
2024-06-13 00:00:00-04:00,129.3346278,129.744456,127.1055864,129.5545349,260704500,NVDA
2024-06-14 00:00:00-04:00,212.4073444,213.7184316,209.874544,211.0565186,70122700,AAPL
2024-06-14 00:00:00-04:00,185.8000031,186,176.9199982,178.0099945,82038200,TSLA
2024-06-14 00:00:00-04:00,129.9044163,132.783174,128.2651184,131.8235931,309320400,NVDA
2024-06-17 00:00:00-04:00,211.9305872,217.472946,211.2849782,215.2083282,93728300,AAPL
2024-06-17 00:00:00-04:00,177.9199982,188.8099976,177,187.4400024,109786100,TSLA
2024-06-17 00:00:00-04:00,132.9331154,133.6727891,129.5245704,130.9239655,288504400,NVDA
2024-06-18 00:00:00-04:00,216.1221166,217.1551091,211.5630847,212.8443756,79943300,AAPL
2024-06-18 00:00:00-04:00,186.5599976,187.1999969,182.3699951,184.8600006,68982300,TSLA
2024-06-18 00:00:00-04:00,131.0838853,136.271667,130.6340809,135.5219879,294335100,NVDA
2024-06-20 00:00:00-04:00,184.6799927,185.2100067,179.6600037,181.5700073,55893100,TSLA
2024-06-20 00:00:00-04:00,139.7402062,140.699787,129.4646045,130.7240601,517768400,NVDA
2024-06-20 00:00:00-04:00,212.4868015,212.794723,207.441085,208.2654724,86172500,AAPL
2024-06-21 00:00:00-04:00,208.970686,210.4605668,205.7128144,206.0902557,241805100,AAPL
2024-06-21 00:00:00-04:00,182.3000031,183.9499969,180.6900024,183.0099945,61937300,TSLA
2024-06-24 00:00:00-04:00,123.1872657,124.4067449,117.9894938,118.0594635,476060900,NVDA
2024-06-24 00:00:00-04:00,206.3187055,211.2651058,205.1963238,206.7358704,80727000,AAPL
2024-06-24 00:00:00-04:00,184.9700012,188.8000031,182.5500031,182.5800018,61992100,TSLA
2024-06-25 00:00:00-04:00,121.1481417,126.4458771,119.2689488,126.0360489,414192600,NVDA
2024-06-25 00:00:00-04:00,207.7390539,209.9540211,207.2027035,207.6596069,55549700,AAPL
2024-06-25 00:00:00-04:00,184.3999939,187.9700012,182.0099945,187.3500061,62905700,TSLA
2024-06-26 00:00:00-04:00,126.0760432,128.0651898,122.5475545,126.345932,362975900,NVDA
2024-06-26 00:00:00-04:00,186.5399933,197.7599945,186.3600006,196.3699951,95737100,TSLA
2024-06-26 00:00:00-04:00,210.0731918,213.4105254,209.2189929,211.8113861,66213200,AAPL
2024-06-27 00:00:00-04:00,195.1699982,198.7200012,194.0500031,197.4199982,72746500,TSLA
2024-06-27 00:00:00-04:00,124.0469042,126.3559211,122.8674088,123.9369507,252571700,NVDA
2024-06-27 00:00:00-04:00,213.241671,214.2845906,210.9174607,212.6556549,49772700,AAPL
2024-06-28 00:00:00-04:00,199.5500031,203.1999969,195.2599945,197.8800049,95438100,TSLA
2024-06-28 00:00:00-04:00,124.5267004,127.6553585,122.6974816,123.4871445,315516700,NVDA
2024-06-28 00:00:00-04:00,214.3143938,214.612373,208.8812938,209.1991272,82542700,AAPL
2024-07-01 00:00:00-04:00,201.0200043,213.2299957,200.8500061,209.8600006,135691400,TSLA
2024-07-01 00:00:00-04:00,123.4171794,124.7865884,118.7791651,124.2468262,284885500,NVDA
2024-07-01 00:00:00-04:00,210.6592289,216.0426636,210.4903776,215.287796,60402900,AAPL
2024-07-02 00:00:00-04:00,121.078181,123.3572121,120.9782254,122.6175232,218374000,NVDA
2024-07-02 00:00:00-04:00,214.691811,218.8932856,213.6489066,218.7840271,58046200,AAPL
2024-07-02 00:00:00-04:00,218.8899994,231.3000031,218.0599976,231.2599945,205047900,TSLA
2024-07-03 00:00:00-04:00,218.5158278,220.0553741,217.5523704,220.0553741,37369800,AAPL
2024-07-03 00:00:00-04:00,234.5599976,248.3500061,234.25,246.3899994,166561500,TSLA
2024-07-03 00:00:00-04:00,121.6079502,128.2251129,121.3080755,128.2251129,215749000,NVDA
2024-07-05 00:00:00-04:00,220.1547167,224.9223384,220.1547167,224.8130798,60412400,AAPL
2024-07-05 00:00:00-04:00,249.8099976,252.3699951,242.4600067,251.5200043,154501200,TSLA
2024-07-05 00:00:00-04:00,127.3255011,128.7948811,125.6262315,125.7761688,214176700,NVDA
2024-07-08 00:00:00-04:00,225.5580253,226.312908,221.743934,226.2831116,59085900,AAPL
2024-07-08 00:00:00-04:00,247.7100067,259.4400024,244.5700073,252.9400024,157219600,TSLA
2024-07-08 00:00:00-04:00,127.4354463,130.7140492,126.9856419,128.1451416,237677300,NVDA
2024-07-09 00:00:00-04:00,251,265.6099854,250.3000031,262.3299866,160210900,TSLA
2024-07-09 00:00:00-04:00,130.2942486,133.7627655,128.5949635,131.3238068,285366600,NVDA
2024-07-09 00:00:00-04:00,226.3923581,227.8524426,224.8428845,227.1372986,48076100,AAPL
2024-07-10 00:00:00-04:00,133.9726665,135.0422161,132.3633545,134.8522949,248978600,NVDA
2024-07-10 00:00:00-04:00,227.7531125,231.5076109,227.7034468,231.4082794,62627700,AAPL
2024-07-10 00:00:00-04:00,262.7999878,267.5899963,257.8599854,263.2600098,128519400,TSLA
2024-07-11 00:00:00-04:00,135.6919314,136.0917542,126.995656,127.3455048,374782700,NVDA
2024-07-11 00:00:00-04:00,229.8289964,230.8222502,224.2469149,226.0347748,64710600,AAPL
2024-07-11 00:00:00-04:00,263.2999878,271,239.6499939,241.0299988,221707300,TSLA
2024-07-12 00:00:00-04:00,128.2051311,131.8635692,127.1655827,129.1847229,252680500,NVDA
2024-07-12 00:00:00-04:00,227.3756748,231.0705804,227.1372884,228.9847412,53046500,AAPL
2024-07-12 00:00:00-04:00,235.8000031,251.8399963,233.0899963,248.2299957,155955800,TSLA
2024-07-15 00:00:00-04:00,234.8846803,235.6296207,231.5175501,232.8187103,62631300,AAPL
2024-07-15 00:00:00-04:00,255.9700012,265.6000061,251.7299957,252.6399994,146912900,TSLA
2024-07-15 00:00:00-04:00,130.5041437,131.3337905,127.1255924,128.3850555,208326200,NVDA
2024-07-16 00:00:00-04:00,255.3099976,258.6199951,245.8000031,256.5599976,126332500,TSLA
2024-07-16 00:00:00-04:00,128.3850429,128.984777,124.526694,126.3059311,214769500,NVDA
2024-07-16 00:00:00-04:00,233.4146793,234.6761161,230.7626931,233.2359009,43234300,AAPL
2024-07-17 00:00:00-04:00,252.7299957,258.4700012,246.1799927,248.5,115584800,TSLA
2024-07-17 00:00:00-04:00,121.2980771,121.7978632,116.6700609,117.9395142,390086200,NVDA
2024-07-17 00:00:00-04:00,227.9021149,229.898565,225.1110737,227.335968,57345900,AAPL
2024-07-18 00:00:00-04:00,251.0899963,257.1400146,247.1999969,249.2299957,110869000,TSLA
2024-07-18 00:00:00-04:00,121.7978621,122.3476298,116.5101246,121.0381851,320979500,NVDA
2024-07-18 00:00:00-04:00,228.7265031,228.8854273,220.7705449,222.6676483,66034600,AAPL
2024-07-19 00:00:00-04:00,247.7899933,249.4400024,236.8300018,239.1999969,87403900,TSLA
2024-07-19 00:00:00-04:00,223.3033526,225.2699912,221.7737331,222.7967834,49151500,AAPL
2024-07-19 00:00:00-04:00,120.2985177,121.547983,117.3197967,117.8795547,217223800,NVDA
2024-07-22 00:00:00-04:00,225.4785546,226.2433643,221.5850013,222.4491425,48201800,AAPL
2024-07-22 00:00:00-04:00,244.2100067,253.2100067,243.75,251.5099945,101225400,TSLA
2024-07-22 00:00:00-04:00,120.2985069,124.0169165,119.8087186,123.4871445,258068900,NVDA
2024-07-23 00:00:00-04:00,222.8563683,225.409038,221.1777668,223.4920502,39960300,AAPL
2024-07-23 00:00:00-04:00,253.6000061,255.7599945,245.6300049,246.3800049,111928200,TSLA
2024-07-23 00:00:00-04:00,122.727473,124.6366596,122.0477636,122.5375519,173911000,NVDA
2024-07-24 00:00:00-04:00,222.4888618,223.2834679,215.6652127,217.0656891,61777600,AAPL
2024-07-24 00:00:00-04:00,225.4199982,225.9900055,214.7100067,215.9900055,167942900,TSLA
2024-07-24 00:00:00-04:00,119.1190037,119.8986687,113.3914599,114.2011108,327776900,NVDA
2024-07-25 00:00:00-04:00,216.8000031,226,216.2299957,220.25,100636500,TSLA
2024-07-25 00:00:00-04:00,112.9916334,116.5800937,106.2545195,112.2319565,460067000,NVDA
2024-07-25 00:00:00-04:00,217.4530695,219.3601303,213.1721476,216.0227966,51391200,AAPL
2024-07-26 00:00:00-04:00,116.140293,116.1502832,111.5322647,113.0116272,293399100,NVDA
2024-07-26 00:00:00-04:00,217.2246222,218.0093013,214.5527668,216.489624,41601300,AAPL
2024-07-26 00:00:00-04:00,221.1900024,222.2799988,215.3300018,219.8000031,94604100,TSLA
2024-07-29 00:00:00-04:00,113.641367,116.2302553,111.25239,111.5422592,248152100,NVDA
2024-07-29 00:00:00-04:00,215.496367,217.8205774,214.2945231,216.7677307,36311800,AAPL
2024-07-29 00:00:00-04:00,224.8999939,234.2700043,224.6999969,232.1000061,129201800,TSLA
2024-07-30 00:00:00-04:00,111.4722836,111.9420837,102.4961299,103.6856232,486833300,NVDA
2024-07-30 00:00:00-04:00,232.25,232.4100037,220,222.6199951,100560300,TSLA
2024-07-30 00:00:00-04:00,217.7113278,218.8436366,214.662031,217.3239594,41643800,AAPL
2024-07-31 00:00:00-04:00,227.8999939,234.6799927,226.7899933,232.0700073,67497000,TSLA
2024-07-31 00:00:00-04:00,112.8516927,118.2893598,110.8325528,116.9699249,473174200,NVDA
2024-07-31 00:00:00-04:00,219.9461358,222.3100848,219.1416026,220.5818176,50036300,AAPL
2024-08-01 00:00:00-04:00,227.6900024,231.8699951,214.3300018,216.8600006,83861900,TSLA
2024-08-01 00:00:00-04:00,117.4797169,120.1085966,106.7643019,109.1632767,523462300,NVDA
2024-08-01 00:00:00-04:00,222.8563675,222.965626,215.5559606,216.8869171,62501000,AAPL
2024-08-02 00:00:00-04:00,214.8800049,216.1300049,205.7799988,207.6699982,82880100,TSLA
2024-08-02 00:00:00-04:00,103.7155982,108.6734746,101.3266216,107.2240906,482027500,NVDA
2024-08-02 00:00:00-04:00,217.6715988,224.078099,216.2413258,218.3768158,105568600,AAPL
2024-08-05 00:00:00-04:00,92.02061774,103.3657687,90.65120865,100.4070282,552842400,NVDA
2024-08-05 00:00:00-04:00,197.7469134,212.0597056,194.6777625,207.8582458,119548600,AAPL
2024-08-05 00:00:00-04:00,185.2200012,203.8800049,182,198.8800049,100308800,TSLA
2024-08-06 00:00:00-04:00,203.9150431,208.5734066,199.7135831,205.832016,69660500,AAPL
2024-08-06 00:00:00-04:00,200.75,202.8999939,192.6699982,200.6399994,73783900,TSLA
2024-08-06 00:00:00-04:00,103.7955703,107.6639173,100.5069846,104.2053986,409012100,NVDA
2024-08-07 00:00:00-04:00,205.5042413,212.1987786,204.9976873,208.4045563,63516400,AAPL
2024-08-07 00:00:00-04:00,200.7700043,203.4900055,191.4799957,191.7599945,71159800,TSLA
2024-08-07 00:00:00-04:00,107.7638693,108.7534512,98.64777632,98.86768341,411440400,NVDA
2024-08-08 00:00:00-04:00,211.6723392,212.7549823,207.4212137,211.8709869,47161100,AAPL
2024-08-08 00:00:00-04:00,195.6999969,200.6999969,192.0399933,198.8399963,65033900,TSLA
2024-08-08 00:00:00-04:00,101.9563565,105.454859,97.47827008,104.925087,391910000,NVDA
2024-08-09 00:00:00-04:00,210.6691641,215.3175852,210.5400362,214.7812347,42201600,AAPL
2024-08-09 00:00:00-04:00,105.5948113,106.5543997,103.3857575,104.7051926,290844200,NVDA
2024-08-09 00:00:00-04:00,197.0500031,200.8800049,195.1100006,200,58648300,TSLA
2024-08-12 00:00:00-04:00,106.2745163,111.0224842,106.2145444,108.9733582,325559900,NVDA
2024-08-12 00:00:00-04:00,214.8608013,218.281537,214.3934303,216.3126221,38028100,AAPL
2024-08-12 00:00:00-04:00,199.0200043,199.2599945,194.6699982,197.4900055,64044900,TSLA
2024-08-13 00:00:00-04:00,112.3918952,116.1802746,111.5322626,116.0903091,312646700,NVDA
2024-08-13 00:00:00-04:00,217.7843004,220.6481873,217.7843004,220.031662,44155300,AAPL
2024-08-13 00:00:00-04:00,198.4700012,208.4900055,197.0599976,207.8300018,76247400,TSLA
2024-08-14 00:00:00-04:00,118.4792921,118.5492618,114.0212009,118.0294876,339246400,NVDA
2024-08-14 00:00:00-04:00,219.3356137,221.7818381,218.4704722,220.4791718,41960600,AAPL
2024-08-14 00:00:00-04:00,207.3899994,208.4400024,198.75,201.3800049,70250000,TSLA
2024-08-15 00:00:00-04:00,223.3430483,224.0888509,221.5133341,223.4623718,46414000,AAPL
2024-08-15 00:00:00-04:00,205.0200043,215.8800049,204.8200073,214.1399994,89848500,TSLA
2024-08-15 00:00:00-04:00,118.7091972,123.1872764,117.4197481,122.8074417,318086700,NVDA
2024-08-16 00:00:00-04:00,211.1499939,219.8000031,210.8000031,216.1199951,88765100,TSLA
2024-08-16 00:00:00-04:00,121.887833,124.9465214,121.128156,124.5267029,302589900,NVDA
2024-08-16 00:00:00-04:00,222.666858,225.5605762,222.3983648,224.7849426,44340200,AAPL
2024-08-19 00:00:00-04:00,217.0700073,222.9799957,214.0899963,222.7200012,76435200,TSLA
2024-08-19 00:00:00-04:00,124.2268423,129.944397,123.3672095,129.944397,318333600,NVDA
2024-08-19 00:00:00-04:00,224.4567772,224.7252704,221.7917677,224.625824,40687800,AAPL
2024-08-20 00:00:00-04:00,224.8800049,228.2200012,219.5599976,221.1000061,74001200,TSLA
2024-08-20 00:00:00-04:00,128.3450662,129.8244441,125.8361454,127.1955643,300087400,NVDA
2024-08-20 00:00:00-04:00,224.5065064,225.8986654,224.18829,225.2423553,30299000,AAPL
2024-08-21 00:00:00-04:00,127.2655271,129.294665,126.6058135,128.4450226,257883600,NVDA
2024-08-21 00:00:00-04:00,225.2522886,226.7041092,223.7905142,225.1329498,34765500,AAPL
2024-08-21 00:00:00-04:00,222.6699982,224.6600037,218.8600006,223.2700043,70146000,TSLA
2024-08-22 00:00:00-04:00,226.5151878,227.0621128,222.6469584,223.2734375,43695300,AAPL
2024-08-22 00:00:00-04:00,223.8200073,224.8000031,210.3200073,210.6600037,79514500,TSLA
2024-08-22 00:00:00-04:00,129.9643851,130.6940686,123.0473395,123.6870651,376189100,NVDA
2024-08-23 00:00:00-04:00,224.3971067,226.9427773,223.0745482,225.5704956,38677300,AAPL
2024-08-23 00:00:00-04:00,214.4600067,221.4799957,214.2100067,220.3200073,81525200,TSLA
2024-08-23 00:00:00-04:00,125.8061585,129.5445641,125.1664329,129.3146515,323230300,NVDA
2024-08-26 00:00:00-04:00,225.4909369,226.008031,222.6370037,225.9085846,30602200,AAPL
2024-08-26 00:00:00-04:00,218.75,219.0899963,211.0099945,213.2100067,59301200,TSLA
2024-08-26 00:00:00-04:00,129.514569,131.2038331,124.3167893,126.4058914,331964700,NVDA
2024-08-27 00:00:00-04:00,213.25,215.6600037,206.9400024,209.2100067,62821400,TSLA
2024-08-27 00:00:00-04:00,124.9965075,129.1447261,123.8270022,128.2451172,303134600,NVDA
2024-08-27 00:00:00-04:00,224.7352072,227.5692634,223.6314186,226.7538452,35934600,AAPL
2024-08-28 00:00:00-04:00,128.0651876,128.2751044,122.5875361,125.5562668,448101100,NVDA
2024-08-28 00:00:00-04:00,226.6444476,228.5735929,224.4169783,225.2224579,38052200,AAPL
2024-08-28 00:00:00-04:00,209.7200012,211.8399963,202.5899963,205.75,64116400,TSLA
2024-08-29 00:00:00-04:00,121.3080795,124.3767657,116.6600673,117.5396881,453023300,NVDA
2024-08-29 00:00:00-04:00,228.8122451,231.616455,227.5990717,228.5039673,51906300,AAPL
2024-08-29 00:00:00-04:00,209.8000031,214.8899994,205.9700012,206.2799988,62308800,TSLA
2024-08-30 00:00:00-04:00,119.4788668,121.6979184,117.1698574,119.3189392,333751600,NVDA
2024-08-30 00:00:00-04:00,228.901757,229.1105732,226.2069167,227.7184143,52990800,AAPL
2024-08-30 00:00:00-04:00,208.6300049,214.5700073,207.0299988,214.1100006,63370600,TSLA
2024-09-03 00:00:00-04:00,115.9603718,116.1602831,107.244101,107.9537964,477155100,NVDA
2024-09-03 00:00:00-04:00,215.2599945,219.8999939,209.6399994,210.6000061,76714200,TSLA
2024-09-03 00:00:00-04:00,227.2709519,227.7184305,219.9322483,221.5233002,50190600,AAPL
2024-09-04 00:00:00-04:00,210.5899963,222.2200012,210.5700073,219.4100037,80651800,TSLA
2024-09-04 00:00:00-04:00,105.3649053,113.2215354,104.0754563,106.1645584,372470300,NVDA
2024-09-04 00:00:00-04:00,220.4194934,220.5388169,216.2628787,219.6140289,43840200,AAPL
2024-09-05 00:00:00-04:00,223.4900055,235,222.25,230.1699982,119355000,TSLA
2024-09-05 00:00:00-04:00,104.9450797,109.6030897,104.7151824,107.1641312,306850700,NVDA
2024-09-05 00:00:00-04:00,220.3896801,224.2181249,220.2802951,221.1354828,36615400,AAPL
2024-09-06 00:00:00-04:00,232.6000061,233.6000061,210.5099945,210.7299957,112177000,TSLA
2024-09-06 00:00:00-04:00,107.993773,108.1037265,100.9068026,102.7860031,413638100,NVDA
2024-09-06 00:00:00-04:00,222.6966862,223.9794754,218.5400864,219.5842133,48423000,AAPL
2024-09-09 00:00:00-04:00,104.8351225,106.5044137,103.6456368,106.4244461,273912000,NVDA
2024-09-09 00:00:00-04:00,219.5841981,220.0316767,215.4971989,219.6736908,67180000,AAPL
2024-09-09 00:00:00-04:00,216.1999969,219.8699951,213.6699982,216.2700043,67443500,TSLA
2024-09-10 00:00:00-04:00,217.694816,220.2404865,215.5170698,218.8781586,51591000,AAPL
2024-09-10 00:00:00-04:00,220.0700073,226.3999939,218.6399994,226.1699982,78891100,TSLA
2024-09-10 00:00:00-04:00,107.7638646,109.3531882,104.9050878,108.0537415,268283700,NVDA
2024-09-11 00:00:00-04:00,220.2206134,221.8414809,216.6705855,221.4138947,44587100,AAPL
2024-09-11 00:00:00-04:00,224.5500031,228.4700012,216.8000031,228.1300049,83548600,TSLA
2024-09-11 00:00:00-04:00,109.3431913,117.1398567,107.374033,116.8599777,441422400,NVDA
2024-09-12 00:00:00-04:00,221.2548069,222.2989338,218.5898125,221.5233002,37455600,AAPL
2024-09-12 00:00:00-04:00,224.6600037,231.4499969,223.8300018,229.8099976,71894900,TSLA
2024-09-12 00:00:00-04:00,116.8000045,120.748657,115.3405051,119.0992203,366052700,NVDA
2024-09-13 00:00:00-04:00,222.3287489,222.7861661,220.6680968,221.2547913,36766600,AAPL
2024-09-13 00:00:00-04:00,119.0392372,119.9189332,117.5597405,119.059227,238358300,NVDA
2024-09-13 00:00:00-04:00,228,232.6699982,226.3200073,230.2899933,59515100,TSLA
2024-09-16 00:00:00-04:00,116.7500195,118.139543,114.320851,116.7400208,248772300,NVDA
2024-09-16 00:00:00-04:00,215.3281451,216.0043474,212.7228126,215.1093903,59357400,AAPL
2024-09-16 00:00:00-04:00,229.3000031,229.9600067,223.5299988,226.7799988,54323000,TSLA
2024-09-17 00:00:00-04:00,118.129549,118.7593382,114.7906959,115.5504303,231925900,NVDA
2024-09-17 00:00:00-04:00,214.5425634,215.6861214,213.299559,215.5767365,45519300,AAPL
2024-09-17 00:00:00-04:00,229.4499969,234.5700073,226.5500031,227.8699951,66761600,TSLA
2024-09-18 00:00:00-04:00,115.850326,117.6597039,113.1812418,113.331192,310318900,NVDA
2024-09-18 00:00:00-04:00,216.3324989,221.463625,216.3225452,219.4549255,59894900,AAPL
2024-09-18 00:00:00-04:00,230.0899963,235.6799927,226.8800049,227.1999969,78010200,TSLA
2024-09-19 00:00:00-04:00,223.7308663,228.5338374,223.3728804,227.5891418,66781300,AAPL
2024-09-19 00:00:00-04:00,234,244.2400055,232.1300049,243.9199982,102694600,TSLA
2024-09-19 00:00:00-04:00,117.3098246,119.619039,117.2098604,117.8296509,293506400,NVDA
2024-09-20 00:00:00-04:00,241.5200043,243.9900055,235.9199982,238.25,99879100,TSLA
2024-09-20 00:00:00-04:00,117.0199237,118.5793948,115.3504972,115.960289,382462400,NVDA
2024-09-20 00:00:00-04:00,228.682996,231.7855303,226.3461414,226.9228973,318679900,AAPL
2024-09-23 00:00:00-04:00,242.6100006,250,241.9199982,250,86927200,TSLA
2024-09-23 00:00:00-04:00,116.5101089,116.9499531,114.8206849,116.2202072,206228500,NVDA
2024-09-23 00:00:00-04:00,226.0677019,228.165894,224.5462657,225.2025757,54146000,AAPL
2024-09-24 00:00:00-04:00,254.0800018,257.1900024,249.0500031,254.2700043,88491000,TSLA
2024-09-24 00:00:00-04:00,116.4801041,121.7583028,115.340495,120.8286209,354966800,NVDA
2024-09-24 00:00:00-04:00,227.3703695,228.0664642,224.4667129,226.0975342,43556100,AAPL
2024-09-25 00:00:00-04:00,252.5399933,257.0499878,252.2799988,257.019989,65034300,TSLA
2024-09-25 00:00:00-04:00,223.6711754,226.0179683,222.7662797,225.1031189,42308700,AAPL
2024-09-25 00:00:00-04:00,121.9782246,124.8972308,121.5683689,123.46772,284692900,NVDA
2024-09-26 00:00:00-04:00,226.0279341,227.2212153,224.148512,226.2467041,36636700,AAPL
2024-09-26 00:00:00-04:00,260.6000061,261.75,251.5299988,254.2200012,67142200,TSLA
2024-09-26 00:00:00-04:00,126.756593,127.6262902,121.7583047,123.9975357,302582900,NVDA
2024-09-27 00:00:00-04:00,227.1814462,228.2355116,226.0279345,226.5151825,34026000,AAPL
2024-09-27 00:00:00-04:00,257.3800049,260.7000122,254.1199951,260.4599915,70988100,TSLA
2024-09-27 00:00:00-04:00,123.9275642,123.9875412,119.2191774,121.3584442,271009200,NVDA
2024-09-30 00:00:00-04:00,228.7526035,231.6960449,228.3647867,231.6960449,54541900,AAPL
2024-09-30 00:00:00-04:00,259.0400085,264.8599854,255.7700043,261.6300049,80705700,TSLA
2024-09-30 00:00:00-04:00,118.2694965,121.4584069,118.1095552,121.3984299,226553700,NVDA
2024-10-01 00:00:00-04:00,262.6700134,263.980011,248.5299988,258.019989,87397600,TSLA
2024-10-01 00:00:00-04:00,121.7283014,122.3980778,115.7503533,116.959938,302094500,NVDA
2024-10-01 00:00:00-04:00,228.2355195,228.3647817,222.4878679,224.944046,63285000,AAPL
2024-10-02 00:00:00-04:00,116.4001474,119.3391359,115.1005893,118.8093185,221845900,NVDA
2024-10-02 00:00:00-04:00,224.6258152,226.0975282,221.7718819,225.5108337,32880600,AAPL
2024-10-02 00:00:00-04:00,247.5500031,251.1600037,241.5,249.0200043,93983900,TSLA
2024-10-03 00:00:00-04:00,120.8786056,124.3174305,120.2988023,122.8079453,277118000,NVDA
2024-10-03 00:00:00-04:00,223.8800108,225.5406629,222.0702043,224.4070435,34044200,AAPL
2024-10-03 00:00:00-04:00,244.4799957,249.7899933,237.8099976,240.6600037,80729200,TSLA
2024-10-04 00:00:00-04:00,124.8972328,124.9971971,121.7882968,124.8772354,243678100,NVDA
2024-10-04 00:00:00-04:00,226.624566,226.7240124,222.8756755,225.5307312,37245100,AAPL
2024-10-04 00:00:00-04:00,246.6900024,250.9600067,244.5800018,250.0800018,86573200,TSLA
2024-10-07 00:00:00-04:00,223.2435817,224.4269242,220.0913244,220.4493103,39505400,AAPL
2024-10-07 00:00:00-04:00,249,249.8300018,240.6999969,240.8300018,68113300,TSLA
2024-10-07 00:00:00-04:00,124.9472159,130.5952835,124.9072286,127.6762848,346250200,NVDA
2024-10-08 00:00:00-04:00,243.5599976,246.2100067,240.5599976,244.5,56303200,TSLA
2024-10-08 00:00:00-04:00,130.2153933,133.434292,129.3756846,132.8444977,285722500,NVDA
2024-10-08 00:00:00-04:00,223.0447258,224.7153165,222.000599,224.5065002,31855700,AAPL
2024-10-09 00:00:00-04:00,243.8200073,247.4299927,239.5099945,241.0500031,66289500,TSLA
2024-10-09 00:00:00-04:00,134.0640906,134.473954,131.3350295,132.6045837,246191600,NVDA
2024-10-09 00:00:00-04:00,223.9695094,228.4642178,223.5717541,228.2553864,33591100,AAPL
2024-10-10 00:00:00-04:00,241.8099976,242.7899933,232.3399963,238.7700043,83087100,TSLA
2024-10-10 00:00:00-04:00,131.8648537,134.9537924,130.9551615,134.763855,242311300,NVDA
2024-10-10 00:00:00-04:00,226.5052205,228.2155957,225.8986338,227.7581635,28183500,AAPL
2024-10-11 00:00:00-04:00,133.9641224,135.7335207,133.6142513,134.7538605,170209500,NVDA
2024-10-11 00:00:00-04:00,228.0167567,228.1261417,226.0677189,226.2765503,31759200,AAPL
2024-10-11 00:00:00-04:00,220.1300049,223.3399963,214.3800049,217.8000031,142628900,TSLA
2024-10-14 00:00:00-04:00,227.4200988,230.4331405,227.3206675,230.0055542,39882100,AAPL
2024-10-14 00:00:00-04:00,220.1300049,221.9100037,213.7400055,219.1600037,86291900,TSLA
2024-10-14 00:00:00-04:00,136.4232924,139.552226,136.2533524,138.0227509,232347700,NVDA
2024-10-15 00:00:00-04:00,232.3026127,236.1609033,231.0695469,232.541275,64751400,AAPL
2024-10-15 00:00:00-04:00,220.0099945,224.2599945,217.1199951,219.5700073,62988800,TSLA
2024-10-15 00:00:00-04:00,137.8228051,138.5225777,128.6959405,131.5549622,377831000,NVDA
2024-10-16 00:00:00-04:00,230.3038485,230.8209274,228.5536887,230.4828339,34082200,AAPL
2024-10-16 00:00:00-04:00,221.3999939,222.8200073,218.9299927,221.3300018,49632800,TSLA
2024-10-16 00:00:00-04:00,133.9341284,136.573224,131.5349561,135.6735382,264879700,NVDA
2024-10-17 00:00:00-04:00,232.123635,232.5412979,229.2299319,230.8507996,32993800,AAPL
2024-10-17 00:00:00-04:00,139.2922963,140.8417688,136.8231407,136.8831177,306435900,NVDA
2024-10-17 00:00:00-04:00,221.5899963,222.0800018,217.8999939,220.8899994,50791800,TSLA
2024-10-18 00:00:00-04:00,138.6225276,138.8524446,137.233004,137.9527588,176090200,NVDA
2024-10-18 00:00:00-04:00,234.8582186,234.8582186,232.7003648,233.6848297,46431500,AAPL
2024-10-18 00:00:00-04:00,220.7100067,222.2799988,219.2299957,220.6999969,49611900,TSLA
2024-10-21 00:00:00-04:00,138.0827207,143.6608124,137.9527603,143.6608124,264554500,NVDA
2024-10-21 00:00:00-04:00,233.137902,235.5244795,233.137902,235.1565399,36254500,AAPL
2024-10-21 00:00:00-04:00,218.8999939,220.4799957,215.7299957,218.8500061,47329000,TSLA
2024-10-22 00:00:00-04:00,142.8610879,144.3705655,141.7314698,143.5408478,226311600,NVDA
2024-10-22 00:00:00-04:00,232.5810324,234.8979944,231.2982586,234.5400085,38846600,AAPL
2024-10-22 00:00:00-04:00,217.3099976,218.2200012,215.2599945,217.9700012,43268700,TSLA
2024-10-23 00:00:00-04:00,232.7699941,233.8240595,226.4853561,229.4685669,52287000,AAPL
2024-10-23 00:00:00-04:00,217.1300049,218.7200012,212.1100006,213.6499939,80938900,TSLA
2024-10-23 00:00:00-04:00,141.981378,142.3812349,137.4129503,139.5122223,285930000,NVDA
2024-10-24 00:00:00-04:00,244.6799927,262.1199951,242.6499939,260.480011,204491900,TSLA
2024-10-24 00:00:00-04:00,140.7718018,141.3016191,138.4126091,140.3619385,172354900,NVDA
2024-10-24 00:00:00-04:00,228.6929229,229.5282335,227.1317173,229.2796326,31109500,AAPL
2024-10-25 00:00:00-04:00,256.0100098,269.4899902,255.3200073,269.1900024,161611900,TSLA
2024-10-25 00:00:00-04:00,140.8817548,144.0806717,140.7518097,141.4915466,205122100,NVDA
2024-10-25 00:00:00-04:00,228.4542922,231.9148126,228.2852454,230.1149445,38802300,AAPL
2024-10-28 00:00:00-04:00,270,273.5400085,262.2399902,262.5100098,107653600,TSLA
2024-10-28 00:00:00-04:00,142.9510399,143.0909914,140.002053,140.4718933,173586700,NVDA
2024-10-28 00:00:00-04:00,232.0142568,233.4163544,231.2485618,232.0937958,36087100,AAPL
2024-10-29 00:00:00-04:00,140.2419668,142.2112936,138.8524433,141.2016449,157593600,NVDA
2024-10-29 00:00:00-04:00,231.7954873,233.0185995,231.0198537,232.3622894,35417200,AAPL
2024-10-29 00:00:00-04:00,264.5100098,264.980011,255.5099945,259.519989,80521800,TSLA
2024-10-30 00:00:00-04:00,231.3082032,232.1633909,228.2653309,228.8122559,47070900,AAPL
2024-10-30 00:00:00-04:00,258.0400085,263.3500061,255.8200073,257.5499878,53993600,TSLA
2024-10-30 00:00:00-04:00,139.4922258,140.281964,136.7631647,139.2922974,179418100,NVDA
2024-10-31 00:00:00-04:00,228.056503,228.5437662,224.1087198,224.6457062,64370100,AAPL
2024-10-31 00:00:00-04:00,257.9899902,259.75,249.25,249.8500061,66575300,TSLA
2024-10-31 00:00:00-04:00,137.5529246,137.5629157,132.0647976,132.7145691,270039600,NVDA
2024-11-01 00:00:00-04:00,219.7333456,224.0888378,219.0372662,221.6624908,65276700,AAPL
2024-11-01 00:00:00-04:00,252.0399933,254,246.6300049,248.9799957,57544800,TSLA
2024-11-01 00:00:00-04:00,134.6538956,137.2630029,134.5239504,135.353653,207127800,NVDA
2024-11-04 00:00:00-05:00,244.5599976,248.8999939,238.8800049,242.8399963,68802400,TSLA
2024-11-04 00:00:00-05:00,137.1630398,138.9124408,135.5236018,136.0034332,187528200,NVDA
2024-11-04 00:00:00-05:00,219.7532364,221.5431506,218.4804012,220.7675171,44944500,AAPL
2024-11-05 00:00:00-05:00,137.4029418,140.3219403,137.2829877,139.8621063,160537400,NVDA
2024-11-05 00:00:00-05:00,220.5587183,222.6966799,219.9024083,222.1994781,28111300,AAPL
2024-11-05 00:00:00-05:00,247.3399963,255.2799988,246.2100067,251.4400024,69282500,TSLA
2024-11-06 00:00:00-05:00,142.9110785,146.4398691,141.9114207,145.5601654,242043900,NVDA
2024-11-06 00:00:00-05:00,221.3641563,224.8047989,219.9521052,221.4735413,54561100,AAPL
2024-11-06 00:00:00-05:00,284.6700134,289.5899963,275.6199951,288.5299988,165228700,TSLA
2024-11-07 00:00:00-05:00,146.3399024,148.8790265,146.1199765,148.8290558,207323300,NVDA
2024-11-07 00:00:00-05:00,223.3728833,226.604695,223.3132215,226.2069244,42137700,AAPL
2024-11-07 00:00:00-05:00,288.8900146,299.75,285.519989,296.9100037,117309200,TSLA
2024-11-08 00:00:00-05:00,148.7190615,149.7187191,146.2099113,147.5794525,175665800,NVDA
2024-11-08 00:00:00-05:00,299.1400146,328.7099915,297.6600037,321.2200012,204782800,TSLA
2024-11-08 00:00:00-05:00,226.1471869,227.6304837,225.3906142,225.9381409,38328800,AAPL
2024-11-11 00:00:00-05:00,346.2999878,358.6400146,336,350,210521600,TSLA
2024-11-11 00:00:00-05:00,148.6290935,148.7990487,143.5208575,145.2102661,182325600,NVDA
2024-11-11 00:00:00-05:00,223.9869506,224.6837958,220.5027091,223.2204132,42005600,AAPL
2024-11-12 00:00:00-05:00,342.7399902,345.8399963,323.3099976,328.4899902,155726000,TSLA
2024-11-12 00:00:00-05:00,146.7297346,149.5987469,145.959994,148.239212,198634700,NVDA
2024-11-12 00:00:00-05:00,223.5389797,224.5742905,222.3543352,223.2204132,40398300,AAPL
2024-11-13 00:00:00-05:00,335.8500061,344.6000061,322.5,330.2399902,125405600,TSLA
2024-11-13 00:00:00-05:00,149.0189849,149.2788904,145.8500565,146.2199402,191903300,NVDA
2024-11-13 00:00:00-05:00,223.0014119,225.6295249,221.7570399,224.1064148,48566200,AAPL
2024-11-14 00:00:00-05:00,147.5894663,148.9490014,145.5001853,146.7097626,194463300,NVDA
2024-11-14 00:00:00-05:00,224.0068699,227.8395265,223.9869557,227.1924591,44923900,AAPL
2024-11-14 00:00:00-05:00,327.6900024,329.980011,310.3699951,311.1799927,120726100,TSLA
2024-11-15 00:00:00-05:00,225.3806443,225.8983073,223.2602448,223.9869537,47923700,AAPL
2024-11-15 00:00:00-05:00,310.5700073,324.6799927,309.2200012,320.7200012,114440300,TSLA
2024-11-15 00:00:00-05:00,144.8203911,145.1902748,140.0320379,141.9313812,250132900,NVDA
2024-11-18 00:00:00-05:00,224.235845,228.7056349,224.1562033,226.9933777,44633700,AAPL
2024-11-18 00:00:00-05:00,340.730011,348.5499878,330.0100098,338.7399902,126085600,TSLA
2024-11-18 00:00:00-05:00,139.4522337,141.5015348,137.1030322,140.102005,221205300,NVDA
2024-11-19 00:00:00-05:00,225.9580473,229.1237377,225.639496,227.2521973,36211800,AAPL
2024-11-19 00:00:00-05:00,335.7600098,347.3800049,332.75,346,88852500,TSLA
2024-11-19 00:00:00-05:00,141.2716316,147.0796403,140.9417427,146.959671,227834900,NVDA
2024-11-20 00:00:00-05:00,345,346.6000061,334.2999878,342.0299988,66340700,TSLA
2024-11-20 00:00:00-05:00,147.3595413,147.5094839,142.6811355,145.8400574,309871700,NVDA
2024-11-20 00:00:00-05:00,227.0331782,228.8947538,224.8729502,227.9689484,35169600,AAPL
2024-11-21 00:00:00-05:00,149.2988874,152.837669,140.6518389,146.6197968,400946600,NVDA
2024-11-21 00:00:00-05:00,227.8494991,229.1237349,224.6937735,227.4911194,42108300,AAPL
2024-11-21 00:00:00-05:00,343.8099976,347.9899902,335.2799988,339.6400146,58011700,TSLA
2024-11-22 00:00:00-05:00,145.8800465,147.1096365,141.051713,141.901413,236406200,NVDA
2024-11-22 00:00:00-05:00,227.0331889,229.6812163,227.0331889,228.8350372,38168300,AAPL
2024-11-22 00:00:00-05:00,341.0899963,361.5299988,337.7000122,352.5599976,89140700,TSLA
2024-11-25 00:00:00-05:00,141.9413917,142.0013687,135.773506,135.9734344,344941900,NVDA
2024-11-25 00:00:00-05:00,230.4178779,232.1998119,228.7056208,231.8215179,90152800,AAPL
2024-11-25 00:00:00-05:00,360.1400146,361.9299927,338.2000122,338.5899963,95890900,TSLA
2024-11-26 00:00:00-05:00,232.2794566,234.5093767,232.2794566,234.0016632,45986200,AAPL
2024-11-26 00:00:00-05:00,341,346.9599915,335.6600037,338.230011,62295900,TSLA
2024-11-26 00:00:00-05:00,137.6528549,139.2523132,135.6235511,136.8731232,190287700,NVDA
2024-11-27 00:00:00-05:00,341.7999878,342.5499878,326.5899963,332.8900146,57896400,TSLA
2024-11-27 00:00:00-05:00,134.9637666,137.1730166,131.7548742,135.2936554,226370900,NVDA
2024-11-27 00:00:00-05:00,233.414333,234.6288413,232.7573009,233.8722534,33498400,AAPL
2024-11-29 00:00:00-05:00,336.0799866,345.4500122,334.6499939,345.1600037,37167600,TSLA
2024-11-29 00:00:00-05:00,136.7331844,139.3023121,136.0034385,138.2026825,141863200,NVDA
2024-11-29 00:00:00-05:00,233.752801,236.739294,232.9165866,236.2614594,28481400,AAPL
2024-12-02 00:00:00-05:00,352.3800049,360,351.1499939,357.0899963,77986500,TSLA
2024-12-02 00:00:00-05:00,138.7824785,140.4019191,137.7728298,138.58255,171682800,NVDA
2024-12-02 00:00:00-05:00,236.2017145,239.705855,236.0922092,238.511261,48137100,AAPL
2024-12-03 00:00:00-05:00,351.7999878,355.6900024,348.2000122,351.4200134,58267200,TSLA
2024-12-03 00:00:00-05:00,238.7302855,241.6670005,237.824379,241.5574951,38861000,AAPL
2024-12-03 00:00:00-05:00,138.2126749,140.4918933,137.9027834,140.2119904,164414000,NVDA
2024-12-04 00:00:00-05:00,241.7765092,243.0109318,240.1638079,241.9158783,44383900,AAPL
2024-12-04 00:00:00-05:00,353,358.1000061,348.6000061,357.9299927,50810900,TSLA
2024-12-04 00:00:00-05:00,141.9513922,145.7400882,140.2419709,145.0903168,231224300,NVDA
2024-12-05 00:00:00-05:00,242.8914747,243.4389862,241.0398484,241.9457397,40033900,AAPL
2024-12-05 00:00:00-05:00,359.8699951,375.4299927,359.5,369.4899902,81403600,TSLA
2024-12-05 00:00:00-05:00,145.0703293,146.4999311,143.9106428,145.02034,172621200,NVDA
2024-12-06 00:00:00-05:00,241.8163352,243.5285923,240.9900703,241.7466431,36870600,AAPL
2024-12-06 00:00:00-05:00,377.4200134,389.4899902,370.7999878,389.2200012,81455800,TSLA
2024-12-06 00:00:00-05:00,144.5604752,145.6601653,141.2713661,142.401062,188505600,NVDA
2024-12-09 00:00:00-05:00,397.6099854,404.7999878,378.0100098,389.7900085,96359200,TSLA
2024-12-09 00:00:00-05:00,138.9319936,139.9117213,137.0925005,138.7720337,189308600,NVDA
2024-12-09 00:00:00-05:00,240.7411916,246.1268374,240.66155,245.6390381,44649200,AAPL
2024-12-10 00:00:00-05:00,138.9719754,141.7812197,133.7534018,135.0330658,210020900,NVDA
2024-12-10 00:00:00-05:00,245.7783915,247.0924556,244.2353672,246.6544342,36914800,AAPL
2024-12-10 00:00:00-05:00,392.6799927,409.730011,390.8500061,400.9899902,97563600,TSLA
2024-12-11 00:00:00-05:00,137.3224327,140.1316618,135.1730269,139.2718964,184905200,NVDA
2024-12-11 00:00:00-05:00,246.8436013,249.6708109,245.1512431,245.3802185,45205800,AAPL
2024-12-11 00:00:00-05:00,409.7000122,424.8800049,402.3800049,424.769989,104287600,TSLA
2024-12-12 00:00:00-05:00,137.042521,138.4021498,135.7628722,137.3024445,159211400,NVDA
2024-12-12 00:00:00-05:00,245.7783925,247.620069,244.5738337,246.8435822,32777500,AAPL
2024-12-12 00:00:00-05:00,424.8399963,429.2999878,415,418.1000061,87752200,TSLA
2024-12-13 00:00:00-05:00,138.9020072,139.5618304,132.5037483,134.2132874,231514900,NVDA
2024-12-13 00:00:00-05:00,420,436.2999878,415.7099915,436.230011,89000200,TSLA
2024-12-13 00:00:00-05:00,246.704246,248.1676137,245.1313579,247.0128479,33155300,AAPL
2024-12-16 00:00:00-05:00,134.1432941,134.3632352,130.384328,131.9638977,237951100,NVDA
2024-12-16 00:00:00-05:00,246.8734431,250.2481792,246.5349624,249.9096985,51694800,AAPL
2024-12-17 00:00:00-05:00,129.0546921,131.5540084,126.8253062,130.3543396,259410300,NVDA
2024-12-17 00:00:00-05:00,248.9540441,252.6871601,248.6553917,252.3387299,51356400,AAPL
2024-12-18 00:00:00-05:00,133.8233993,136.6626191,128.2449232,128.8747559,277444500,NVDA
2024-12-18 00:00:00-05:00,251.0246775,253.1351275,246.6245799,246.9331818,56774100,AAPL
2024-12-19 00:00:00-05:00,131.7239477,133.9933309,129.5145609,130.6442413,209719200,NVDA
2024-12-19 00:00:00-05:00,246.3856614,250.8654007,245.9775037,248.6653442,60882300,AAPL
2024-12-20 00:00:00-05:00,246.9232059,253.8518755,244.5837958,253.3441772,147495300,AAPL
2024-12-20 00:00:00-05:00,425.5100098,447.0799866,417.6400146,421.0599976,132216200,TSLA
2024-12-20 00:00:00-05:00,129.7745,135.2430055,128.1849385,134.6631622,306528600,NVDA
2024-12-23 00:00:00-05:00,253.6229177,254.4989452,252.3088537,254.1206665,40858800,AAPL
2024-12-23 00:00:00-05:00,431,434.5100098,415.4100037,430.6000061,72698100,TSLA
2024-12-23 00:00:00-05:00,136.2427181,139.7517525,135.0830318,139.6317902,176053500,NVDA
2024-12-24 00:00:00-05:00,254.3396706,257.0474099,254.1405589,257.0374756,23234700,AAPL
2024-12-24 00:00:00-05:00,139.9617148,141.8611891,138.6120779,140.1816559,105157000,NVDA
2024-12-26 00:00:00-05:00,257.0275102,258.9289141,256.470034,257.8537598,27237100,AAPL
2024-12-26 00:00:00-05:00,139.6617908,140.8114854,137.6923284,139.8917236,116205600,NVDA
2024-12-27 00:00:00-05:00,138.5121217,138.9819944,134.6731752,136.9725342,170582600,NVDA
2024-12-27 00:00:00-05:00,256.6691137,257.5352221,251.9206015,254.439209,42355300,AAPL
2024-12-27 00:00:00-05:00,449.519989,450,426.5,431.6600037,82666800,TSLA
2024-12-30 00:00:00-05:00,134.7931166,140.2316308,133.9833406,137.4523926,167734700,NVDA
2024-12-30 00:00:00-05:00,251.0943474,252.3586335,249.6210152,251.0644836,35557500,AAPL
2024-12-30 00:00:00-05:00,419.3999939,427,415.75,417.4100037,64941000,TSLA
2024-12-31 00:00:00-05:00,137.9922637,138.0322613,133.7934149,134.2532806,155659200,NVDA
2024-12-31 00:00:00-05:00,251.3034358,252.1396502,248.3069781,249.2925262,39480700,AAPL
2024-12-31 00:00:00-05:00,423.7900085,427.9299927,402.5400085,403.8399963,76825100,TSLA
2025-01-02 00:00:00-05:00,247.8092204,247.9784683,240.7312467,242.7521057,55740700,AAPL
2025-01-02 00:00:00-05:00,390.1000061,392.730011,373.0400085,379.2799988,109710700,TSLA
2025-01-02 00:00:00-05:00,135.9628202,138.8420378,134.5931996,138.2721863,198247200,NVDA
2025-01-03 00:00:00-05:00,381.480011,411.8800049,379.4500122,410.4400024,95423300,TSLA
2025-01-03 00:00:00-05:00,139.9717091,144.8603713,139.6917869,144.4304962,229322500,NVDA
2025-01-03 00:00:00-05:00,242.2643127,243.0806129,240.80093,242.2643127,40244100,AAPL
2025-01-06 00:00:00-05:00,423.2000122,426.4299927,401.7000122,411.0499878,85516500,TSLA
2025-01-06 00:00:00-05:00,148.549363,152.1183941,147.7795846,149.3891296,265377400,NVDA
2025-01-06 00:00:00-05:00,243.2100158,246.2164228,242.1050129,243.8969116,45045600,AAPL
2025-01-07 00:00:00-05:00,405.8299866,414.3299866,390,394.3599854,75699500,TSLA
2025-01-07 00:00:00-05:00,152.9881431,153.0881219,139.9717,140.1016693,351782200,NVDA
2025-01-07 00:00:00-05:00,241.8859985,244.4444346,240.2633478,241.1194763,40856000,AAPL
2025-01-08 00:00:00-05:00,142.5410116,143.910632,137.5223801,140.0716858,227349900,NVDA
2025-01-08 00:00:00-05:00,240.8307671,242.6127163,238.9691916,241.607254,37628900,AAPL
2025-01-08 00:00:00-05:00,392.9500122,402.5,387.3999939,394.9400024,73038800,TSLA
2025-01-10 00:00:00-05:00,238.9293915,239.0787252,231.9509582,235.7836304,61710900,AAPL
2025-01-10 00:00:00-05:00,391.3999939,399.2799988,377.2900085,394.7399902,62287300,TSLA
2025-01-10 00:00:00-05:00,137.4124208,139.8817468,134.1833081,135.8728485,207602500,NVDA
2025-01-13 00:00:00-05:00,232.4785569,233.6134236,228.6857135,233.344635,49630700,AAPL
2025-01-13 00:00:00-05:00,383.2099915,403.7900085,380.0700073,403.3099976,67580500,TSLA
2025-01-13 00:00:00-05:00,129.9544685,133.4535117,129.4745888,133.193573,204808900,NVDA
2025-01-14 00:00:00-05:00,233.693058,235.0568848,231.4233247,232.2296753,39435300,AAPL
2025-01-14 00:00:00-05:00,414.3399963,422.6400146,394.5400085,396.3599854,84565000,TSLA
2025-01-14 00:00:00-05:00,136.0127883,136.3426999,130.0144295,131.7239532,195590500,NVDA
2025-01-15 00:00:00-05:00,409.8999939,429.7999878,405.6600037,428.2200012,81375500,TSLA
2025-01-15 00:00:00-05:00,133.6134553,136.4126928,131.2540999,136.2027588,185217300,NVDA
2025-01-15 00:00:00-05:00,233.5835432,237.8840998,233.374482,236.798996,39832000,AAPL
2025-01-16 00:00:00-05:00,138.6020833,138.7120538,133.4534978,133.5334778,209235600,NVDA
2025-01-16 00:00:00-05:00,236.2813696,236.9383865,227.0033243,227.2322845,71759100,AAPL
2025-01-16 00:00:00-05:00,423.4899902,424,409.1300049,413.8200073,68335200,TSLA
2025-01-17 00:00:00-05:00,136.6526227,138.4621253,135.4229633,137.672348,201188800,NVDA
2025-01-17 00:00:00-05:00,231.0748986,231.2441313,227.4512879,228.9445343,68488300,AAPL
2025-01-17 00:00:00-05:00,421.5,439.7399902,419.75,426.5,94991400,TSLA
2025-01-21 00:00:00-05:00,139.1219472,141.7912152,137.0525059,140.7914886,197749000,NVDA
2025-01-21 00:00:00-05:00,222.9914505,223.4095577,218.3922567,221.6375732,98070400,AAPL
2025-01-21 00:00:00-05:00,432.6400146,433.2000122,406.3099976,424.0700073,87320900,TSLA
2025-01-22 00:00:00-05:00,144.6204556,147.7495895,143.6307208,147.0298004,237651400,NVDA
2025-01-22 00:00:00-05:00,416.8099976,428,414.5899963,415.1099854,60963300,TSLA
2025-01-22 00:00:00-05:00,218.8004162,223.1109227,218.8004162,222.8222351,64126500,AAPL
2025-01-23 00:00:00-05:00,416.0599976,420.730011,408.9500122,412.3800049,50690600,TSLA
2025-01-23 00:00:00-05:00,145.0103437,147.1897403,143.6807055,147.1797485,155915500,NVDA
2025-01-23 00:00:00-05:00,223.7281391,226.007822,221.2991225,222.6529999,60234800,AAPL
2025-01-24 00:00:00-05:00,414.4500122,418.8800049,405.7799988,406.5799866,56427100,TSLA
2025-01-24 00:00:00-05:00,148.3294371,148.9292792,141.841221,142.5810089,234657600,NVDA
2025-01-24 00:00:00-05:00,223.7679422,224.6141212,220.4131202,221.776947,54697900,AAPL
2025-01-27 00:00:00-05:00,394.7999878,406.6900024,389,397.1499939,58125500,TSLA
2025-01-27 00:00:00-05:00,223.0113859,231.1047714,222.9715575,228.8250885,94863400,AAPL
2025-01-28 00:00:00-05:00,121.7766829,128.9647189,116.218206,128.9547272,579666400,NVDA
2025-01-28 00:00:00-05:00,229.8106301,239.1085742,229.7708017,237.1872559,75707600,AAPL
2025-01-28 00:00:00-05:00,396.9100037,400.5899963,386.5,398.0899963,48910700,TSLA
2025-01-29 00:00:00-05:00,233.06589,238.7800516,232.9563847,238.2823029,45486100,AAPL
2025-01-29 00:00:00-05:00,395.2099915,398.5899963,384.480011,389.1000061,68033600,TSLA
2025-01-29 00:00:00-05:00,126.4654055,126.8552983,120.0171725,123.6661682,467120600,NVDA
2025-01-30 00:00:00-05:00,237.5954029,239.7058529,236.1419849,236.5202637,55658300,AAPL
2025-01-30 00:00:00-05:00,410.7799988,412.5,384.4100037,400.2799988,98092900,TSLA
2025-01-30 00:00:00-05:00,123.0663418,124.9658238,118.0677088,124.615921,392925500,NVDA
2025-01-31 00:00:00-05:00,401.5299988,419.9899902,401.3399963,404.6000061,83283600,TSLA
2025-01-31 00:00:00-05:00,123.7461551,127.815042,119.1574138,120.0371704,388161100,NVDA
2025-01-31 00:00:00-05:00,246.0770598,246.0770598,232.3889675,234.937439,100959800,AAPL
2025-02-03 00:00:00-05:00,228.9544946,230.7862065,224.6838015,226.9833984,73063300,AAPL
2025-02-03 00:00:00-05:00,114.7186238,118.5375789,112.9791017,116.6281052,371235700,NVDA
2025-02-03 00:00:00-05:00,386.6799927,389.1700134,374.3599854,383.6799927,93732100,TSLA
2025-02-04 00:00:00-05:00,116.9280134,121.1668518,116.6680824,118.6175537,256550000,NVDA
2025-02-04 00:00:00-05:00,226.2268315,232.0803623,225.6295269,231.7518463,45067300,AAPL
2025-02-04 00:00:00-05:00,382.6300049,394,381.3999939,392.2099915,57072200,TSLA
2025-02-05 00:00:00-05:00,121.7267077,124.9658196,120.7269811,124.7958679,262230800,NVDA
2025-02-05 00:00:00-05:00,227.5010617,231.6224211,227.2422378,231.4233246,39620300,AAPL
2025-02-05 00:00:00-05:00,387.5100098,388.3900146,375.5299988,378.1700134,57223300,TSLA
2025-02-06 00:00:00-05:00,373.0299988,375.3999939,363.1799927,374.3200073,77918200,TSLA
2025-02-06 00:00:00-05:00,230.2486341,232.7473428,229.3925056,232.1699524,29925300,AAPL
2025-02-06 00:00:00-05:00,127.385171,128.7348082,125.175776,128.6448212,251483600,NVDA
2025-02-07 00:00:00-05:00,231.5527576,232.9464482,226.2367886,226.6051331,39707200,AAPL
2025-02-07 00:00:00-05:00,129.1846636,130.334343,124.9658164,129.8044891,228186300,NVDA
2025-02-07 00:00:00-05:00,370.1900024,380.5499878,360.3399963,361.6199951,70298300,TSLA
2025-02-10 00:00:00-05:00,356.2099915,362.7000122,350.5100098,350.730011,77514900,TSLA
2025-02-10 00:00:00-05:00,228.7876615,229.8041746,226.4257279,226.8741913,33115600,AAPL
2025-02-10 00:00:00-05:00,130.0544185,134.9630794,129.9244645,133.5334778,216989100,NVDA
2025-02-11 00:00:00-05:00,227.4223349,234.4283767,227.3525813,231.8272705,53718400,AAPL
2025-02-11 00:00:00-05:00,132.5437461,134.4432204,130.9841751,132.7636871,178902400,NVDA
2025-02-11 00:00:00-05:00,345.7999878,349.3699951,325.1000061,328.5,118543400,TSLA
2025-02-12 00:00:00-05:00,230.4120991,236.1524795,229.8938669,236.0627747,45243300,AAPL
2025-02-12 00:00:00-05:00,129.9844524,132.2038466,129.044707,131.1041412,160278600,NVDA
2025-02-12 00:00:00-05:00,329.9400024,346.3999939,329.1199951,336.5100098,105382700,TSLA
2025-02-13 00:00:00-05:00,236.1026432,241.5141311,234.7672134,240.7068939,53614100,AAPL
2025-02-13 00:00:00-05:00,131.5240152,136.4626665,131.1341224,135.2529907,197430000,NVDA
2025-02-13 00:00:00-05:00,345,358.6900024,342.8500061,355.9400024,89441500,TSLA
2025-02-14 00:00:00-05:00,360.6199951,362,347.5,355.8399963,68277300,TSLA
2025-02-14 00:00:00-05:00,136.4426649,139.2119115,135.4629372,138.812027,195479600,NVDA
2025-02-14 00:00:00-05:00,240.4278591,244.7132085,240.1687507,243.766449,40896200,AAPL
2025-02-18 00:00:00-05:00,355.0100098,359.1000061,350.019989,354.1099854,51631700,TSLA
2025-02-18 00:00:00-05:00,243.3179698,244.3444585,241.0158443,243.6368866,48822500,AAPL
2025-02-18 00:00:00-05:00,141.2313765,143.4007813,137.8922782,139.3618774,219176600,NVDA
2025-02-19 00:00:00-05:00,354,367.3399963,353.6700134,360.5599976,67094400,TSLA
2025-02-19 00:00:00-05:00,243.8262314,245.1716216,242.3313432,244.0355072,32204200,AAPL
2025-02-19 00:00:00-05:00,139.4718473,141.3213475,137.1824801,139.191925,167536000,NVDA
2025-02-20 00:00:00-05:00,244.1052821,245.939008,243.4574881,244.9922485,32316900,AAPL
2025-02-20 00:00:00-05:00,139.9917058,140.6215384,136.7525864,140.0716858,143903600,NVDA
2025-02-20 00:00:00-05:00,361.5100098,362.2999878,348,354.3999939,45965400,TSLA
2025-02-21 00:00:00-05:00,245.1118266,247.8424944,244.3843186,244.7131958,53197400,AAPL
2025-02-21 00:00:00-05:00,353.4400024,354.980011,334.4200134,337.7999878,74058600,TSLA
2025-02-21 00:00:00-05:00,140.0017009,141.421326,133.9933497,134.3932343,228217600,NVDA
2025-02-24 00:00:00-05:00,338.1400146,342.3999939,324.7000122,330.5299988,76052300,TSLA
2025-02-24 00:00:00-05:00,136.5226668,138.5521107,130.0444425,130.2443848,251381100,NVDA
2025-02-24 00:00:00-05:00,244.095301,248.011916,243.5870445,246.2579193,51326400,AAPL
2025-02-25 00:00:00-05:00,129.9444576,130.1643987,124.405979,126.5953751,271428700,NVDA
2025-02-25 00:00:00-05:00,327.019989,328.8900146,297.25,302.7999878,134228800,TSLA
2025-02-25 00:00:00-05:00,247.1548553,249.1480396,244.0753892,246.1981201,48013300,AAPL
2025-02-26 00:00:00-05:00,129.9544695,133.6934373,128.4548795,131.2441101,322553800,NVDA
2025-02-26 00:00:00-05:00,303.7099915,309,288.0400085,290.7999878,100118300,TSLA
2025-02-26 00:00:00-05:00,243.4973657,244.1451445,238.3150894,239.5408936,44433600,AAPL
2025-02-27 00:00:00-05:00,291.1600037,297.230011,280.8800049,281.9500122,101748200,TSLA
2025-02-27 00:00:00-05:00,134.9630874,134.9730792,119.9771882,120.1171494,443175800,NVDA
2025-02-27 00:00:00-05:00,238.5941278,241.6337368,236.2521302,236.4913177,41153600,AAPL
2025-02-28 00:00:00-05:00,236.1425037,241.2649867,229.4155068,241.0158386,56833400,AAPL
2025-02-28 00:00:00-05:00,117.9877193,125.0557854,116.3681672,124.8858337,389091100,NVDA
2025-02-28 00:00:00-05:00,279.5,293.8800049,273.6000061,292.980011,115697000,TSLA
2025-03-03 00:00:00-05:00,123.4762291,123.666172,112.2492965,114.0288086,411381400,NVDA
2025-03-03 00:00:00-05:00,300.3399963,303.9400024,277.2999878,284.6499939,115551400,TSLA
2025-03-03 00:00:00-05:00,240.9660073,243.1983791,235.3053712,237.2188263,47184000,AAPL
2025-03-04 00:00:00-05:00,110.6197463,119.2773744,110.079893,115.9582825,398163300,NVDA
2025-03-04 00:00:00-05:00,236.8999246,239.2518826,233.8802364,235.1259766,53798100,AAPL
2025-03-04 00:00:00-05:00,270.9299927,284.3500061,261.8399963,272.0400085,126706600,TSLA
2025-03-05 00:00:00-05:00,234.6177135,235.7438674,228.4488059,234.9366302,47227600,AAPL
2025-03-05 00:00:00-05:00,272.9200134,279.5499878,267.7099915,279.1000061,94042900,TSLA
2025-03-05 00:00:00-05:00,117.5478436,118.2476491,114.4786836,117.2679214,284337900,NVDA
2025-03-06 00:00:00-05:00,272.0599976,272.6499939,260.019989,263.4500122,98451600,TSLA
2025-03-06 00:00:00-05:00,233.6410792,237.0494227,232.3654424,234.5280457,45170400,AAPL
2025-03-06 00:00:00-05:00,113.4989541,115.3184561,110.1898616,110.5397644,321181900,NVDA
2025-03-07 00:00:00-05:00,259.3200073,266.25,250.7299957,262.6700134,102369600,TSLA
2025-03-07 00:00:00-05:00,234.3087832,240.5474446,233.9599698,238.2552948,46273600,AAPL
2025-03-07 00:00:00-05:00,111.2195786,113.4489722,107.5305852,112.6591873,341755500,NVDA
2025-03-10 00:00:00-04:00,109.8699442,111.8194078,105.4311561,106.9507446,366487400,NVDA
2025-03-10 00:00:00-04:00,234.7373031,235.3552005,223.4558881,226.7047729,72071200,AAPL
2025-03-10 00:00:00-04:00,252.5399933,253.3699951,220,222.1499939,189076900,TSLA
2025-03-11 00:00:00-04:00,106.960735,112.209299,104.7413409,108.7302551,354865700,NVDA
2025-03-11 00:00:00-04:00,223.0472822,225.070363,216.7089556,220.0874023,76137400,AAPL
2025-03-11 00:00:00-04:00,225.3099976,237.0599976,217.0200043,230.5800018,174896400,TSLA
2025-03-12 00:00:00-04:00,114.099293,116.7388133,112.8595125,115.7189941,323857500,NVDA
2025-03-12 00:00:00-04:00,219.3897896,220.9943035,214.177617,216.2405548,62547500,AAPL
2025-03-12 00:00:00-04:00,247.2200012,251.8399963,241.1000061,248.0899963,142215700,TSLA
2025-03-13 00:00:00-04:00,117.0087625,117.7386333,113.7693525,115.5590286,299033100,NVDA
2025-03-13 00:00:00-04:00,215.2140603,216.1010266,207.709723,208.9654236,61368300,AAPL
2025-03-13 00:00:00-04:00,248.1300049,248.2899933,232.6000061,240.6799927,114813500,TSLA
2025-03-14 00:00:00-04:00,210.5300794,213.220875,208.8657724,212.7624512,60107600,AAPL
2025-03-14 00:00:00-04:00,118.5884764,121.8578797,118.1285608,121.6479187,277593500,NVDA
2025-03-14 00:00:00-04:00,247.3099976,251.5800018,240.7299957,249.9799957,100242300,TSLA
2025-03-17 00:00:00-04:00,212.5830552,214.4865497,209.2544413,213.2707062,48073400,AAPL
2025-03-17 00:00:00-04:00,122.717725,122.8676993,118.0085806,119.5083084,255501500,NVDA
2025-03-17 00:00:00-04:00,245.0599976,245.3999939,232.8000031,238.0099945,111900600,TSLA
2025-03-18 00:00:00-04:00,117.9785832,118.9983947,114.5192121,115.40905,299686900,NVDA
2025-03-18 00:00:00-04:00,228.1600037,230.1000061,222.2799988,225.3099976,111477600,TSLA
2025-03-18 00:00:00-04:00,213.4301864,214.416803,210.7692871,211.9651947,42432400,AAPL
2025-03-19 00:00:00-04:00,213.4899568,218.0144782,213.0215573,214.506485,54385400,AAPL
2025-03-19 00:00:00-04:00,117.2487102,120.4281333,115.6590025,117.4986649,273426200,NVDA
2025-03-19 00:00:00-04:00,231.6100006,241.4100037,229.1999969,235.8600006,111993800,TSLA
2025-03-20 00:00:00-04:00,213.2607661,216.7488387,211.4967937,213.3703918,48862900,AAPL
2025-03-20 00:00:00-04:00,116.5288476,120.1781789,116.4488602,118.5084839,248829700,NVDA
2025-03-20 00:00:00-04:00,233.3500061,238,230.0500031,236.2599945,99028300,TSLA
2025-03-21 00:00:00-04:00,116.9187781,117.9685829,115.3990497,117.6786346,266498500,NVDA
2025-03-21 00:00:00-04:00,234.9900055,249.5200043,234.5500031,248.7100067,132728700,TSLA
2025-03-21 00:00:00-04:00,210.8390289,218.0942184,210.5599843,217.5261688,94127800,AAPL
2025-03-24 00:00:00-04:00,119.8582412,122.1978205,119.3183383,121.38797,228452500,NVDA
2025-03-24 00:00:00-04:00,258.0799866,278.6400146,256.3299866,278.3900146,169079900,TSLA
2025-03-24 00:00:00-04:00,220.2468521,220.725212,217.835101,219.9777679,44299500,AAPL
2025-03-25 00:00:00-04:00,120.5281245,121.267988,118.8984154,120.6680984,167447200,NVDA
2025-03-25 00:00:00-04:00,283.6000061,288.2000122,271.2799988,288.1400146,150361500,TSLA
2025-03-25 00:00:00-04:00,220.0176475,223.3363011,219.3299965,222.9874878,34493600,AAPL
2025-03-26 00:00:00-04:00,118.7084563,118.8184293,112.6895445,113.739357,293463300,NVDA
2025-03-26 00:00:00-04:00,282.6600037,284.8999939,266.5100098,272.0599976,153629800,TSLA
2025-03-26 00:00:00-04:00,222.7483031,224.253167,219.7186697,220.7750549,34466100,AAPL
2025-03-27 00:00:00-04:00,220.6355499,224.223288,219.8083766,223.0871735,37094800,AAPL
2025-03-27 00:00:00-04:00,272.480011,291.8500061,271.8200073,273.1300049,162572100,TSLA
2025-03-27 00:00:00-04:00,111.3297951,114.4292311,110.6399255,111.4097824,236902100,NVDA
2025-03-28 00:00:00-04:00,220.9145816,223.0472882,216.9381734,217.1574249,39818600,AAPL
2025-03-28 00:00:00-04:00,275.5799866,276.1000061,260.5700073,263.5499878,123809400,TSLA
2025-03-28 00:00:00-04:00,111.4697702,112.8495247,109.0502111,109.6501007,229872500,NVDA
2025-03-31 00:00:00-04:00,249.3099976,260.5599976,243.3600006,259.1600037,134008900,TSLA
2025-03-31 00:00:00-04:00,105.1109185,110.9398623,103.6311913,108.3603287,299212700,NVDA
2025-03-31 00:00:00-04:00,216.2704543,224.8511132,215.4931136,221.3730164,65299300,AAPL
2025-04-01 00:00:00-04:00,108.5003034,110.1799989,106.45068,110.1300125,222614000,NVDA
2025-04-01 00:00:00-04:00,219.0609114,222.917718,218.1540089,222.4293976,36412700,AAPL
2025-04-01 00:00:00-04:00,263.7999878,277.4500122,259.25,268.4599915,146486900,TSLA
2025-04-02 00:00:00-04:00,254.6000061,284.9899902,251.2700043,282.7600098,212787800,TSLA
2025-04-02 00:00:00-04:00,220.5657803,224.422587,220.2667996,223.1270142,35905900,AAPL
2025-04-02 00:00:00-04:00,107.2705266,111.9596778,106.7706174,110.3999557,220601200,NVDA
2025-04-03 00:00:00-04:00,265.2900085,276.2999878,261.5100098,267.2799988,136174300,TSLA
2025-04-03 00:00:00-04:00,103.4912211,105.6108316,101.581564,101.7815323,338769400,NVDA
2025-04-03 00:00:00-04:00,204.8395256,206.7828922,200.5641523,202.4975433,103419000,AAPL
2025-04-04 00:00:00-04:00,98.89205625,100.1118285,92.09328707,94.29288483,532273800,NVDA
2025-04-04 00:00:00-04:00,255.3800049,261,236,239.4299927,181229400,TSLA
2025-04-04 00:00:00-04:00,193.2292545,199.198847,186.7015727,187.7380371,125910900,AAPL
2025-04-07 00:00:00-04:00,223.7799988,252,214.25,233.2899933,183453800,TSLA
2025-04-07 00:00:00-04:00,87.44412382,101.7315309,86.60427995,97.62227631,611041300,NVDA
2025-04-07 00:00:00-04:00,176.5961216,193.4883551,174.0249121,180.8416138,160466300,AAPL
2025-04-08 00:00:00-04:00,103.7911555,105.8307862,94.44285411,96.28252411,476243400,NVDA
2025-04-08 00:00:00-04:00,186.0637471,189.6913418,168.6333605,171.8324127,120859500,AAPL
2025-04-08 00:00:00-04:00,245,250.4400024,217.8000031,221.8600006,171603500,TSLA
2025-04-09 00:00:00-04:00,98.87204994,115.0791068,97.51229618,114.3092499,612918300,NVDA
2025-04-09 00:00:00-04:00,171.3640242,199.9263601,171.3042311,198.1723633,184395900,AAPL
2025-04-09 00:00:00-04:00,224.6900024,274.6900024,223.8800049,272.2000122,219433400,TSLA
2025-04-10 00:00:00-04:00,109.3501524,110.8398799,99.13200611,107.5504761,437812400,NVDA
2025-04-10 00:00:00-04:00,260,262.4899902,239.3300018,252.3999939,181722600,TSLA
2025-04-10 00:00:00-04:00,188.4256821,194.1162147,182.3763606,189.7710724,121880000,AAPL
2025-04-11 00:00:00-04:00,251.8399963,257.7399902,241.3600006,252.3099976,128948100,TSLA
2025-04-11 00:00:00-04:00,108.4803071,111.5297565,107.4604956,110.9098663,313417300,NVDA
2025-04-11 00:00:00-04:00,185.465808,198.8599939,185.4259358,197.4747314,87435900,AAPL
2025-04-14 00:00:00-04:00,258.3599854,261.7999878,245.9299927,252.3500061,100135200,TSLA
2025-04-14 00:00:00-04:00,210.7194495,212.2143378,200.4744833,201.8298492,101352900,AAPL
2025-04-14 00:00:00-04:00,114.0892876,114.2692553,109.0502016,110.6899033,264705000,NVDA
2025-04-15 00:00:00-04:00,110.9498616,113.5993822,110.4799457,112.1796341,228966900,NVDA
2025-04-15 00:00:00-04:00,201.1720815,202.8164524,199.1191042,201.4511261,51343900,AAPL
2025-04-15 00:00:00-04:00,249.9100037,258.75,247.5399933,254.1100006,79594300,TSLA
2025-04-16 00:00:00-04:00,197.6840141,200.016036,191.7144218,193.6079559,59732400,AAPL
2025-04-16 00:00:00-04:00,247.6100006,251.9700012,233.8899994,241.5500031,112378700,TSLA
2025-04-16 00:00:00-04:00,104.5310331,106.7706245,100.4317709,104.4710388,397016900,NVDA
2025-04-17 00:00:00-04:00,243.4700012,244.3399963,237.6799927,241.3699951,83404800,TSLA
2025-04-17 00:00:00-04:00,104.4310346,104.4510352,100.0318395,101.4715729,292517500,NVDA
2025-04-17 00:00:00-04:00,196.5279673,198.1524174,193.7574424,196.3087158,52164700,AAPL
2025-04-21 00:00:00-04:00,230.2599945,232.2100067,222.7899933,227.5,97768000,TSLA
2025-04-21 00:00:00-04:00,98.75207337,99.42195758,95.0227545,96.89241791,288501100,NVDA
2025-04-21 00:00:00-04:00,192.6113652,193.1395579,189.1631498,192.5017395,46742500,AAPL
2025-04-22 00:00:00-04:00,230.9600067,242.7899933,229.8500061,237.9700012,120858500,TSLA
2025-04-22 00:00:00-04:00,98.76206678,99.79187858,97.26233908,98.87204742,241004800,NVDA
2025-04-22 00:00:00-04:00,195.4516522,200.9030126,195.3021694,199.0593262,52976400,AAPL
2025-04-23 00:00:00-04:00,254.8600006,259.4500122,244.4299927,250.7400055,150381900,TSLA
2025-04-23 00:00:00-04:00,205.2979786,207.2911629,202.1088869,203.9027557,52929200,AAPL
2025-04-23 00:00:00-04:00,104.5010296,104.7809852,102.0014832,102.6913605,247526000,NVDA
2025-04-24 00:00:00-04:00,103.4612212,106.5206633,103.0912856,106.4106827,220815000,NVDA
2025-04-24 00:00:00-04:00,250.5,259.5400085,249.1999969,259.5100098,94464200,TSLA
2025-04-24 00:00:00-04:00,204.1917755,208.1183512,202.2484238,207.6599121,47311000,AAPL
2025-04-25 00:00:00-04:00,106.8306117,111.8996915,105.7108198,110.9898605,251064700,NVDA
2025-04-25 00:00:00-04:00,261.6900024,286.8500061,259.6300049,284.9500122,167560700,TSLA
2025-04-25 00:00:00-04:00,205.6667162,209.0352025,205.4972973,208.566803,38222300,AAPL
2025-04-28 00:00:00-04:00,288.980011,294.8599854,272.4200134,285.8800049,151731800,TSLA
2025-04-28 00:00:00-04:00,209.2843516,210.7792398,206.7530142,209.4238739,38743100,AAPL
2025-04-28 00:00:00-04:00,109.6700986,110.3499755,106.0007588,108.7102737,207708500,NVDA
2025-04-29 00:00:00-04:00,285.5,293.3200073,279.4700012,292.0299988,108906600,TSLA
2025-04-29 00:00:00-04:00,107.6504526,110.1799921,107.4204986,109.000206,170444300,NVDA
2025-04-29 00:00:00-04:00,207.9788179,211.5167231,207.6599011,210.4902344,36827600,AAPL
2025-04-30 00:00:00-04:00,208.5867413,212.8521545,205.965699,211.7758331,52286500,AAPL
2025-04-30 00:00:00-04:00,279.8999939,284.4500122,270.7799988,282.1600037,128961100,TSLA
2025-04-30 00:00:00-04:00,104.4510411,108.9002304,104.0611125,108.9002304,235044600,NVDA
2025-05-01 00:00:00-04:00,113.059479,114.919142,111.2798033,111.5897446,236121500,NVDA
2025-05-01 00:00:00-04:00,208.3674918,213.8288126,208.1880973,212.5930481,57365700,AAPL
2025-05-01 00:00:00-04:00,280.0100098,290.8699951,279.8099976,280.519989,99659000,TSLA
2025-05-02 00:00:00-04:00,205.3876607,206.2846027,201.4710611,204.6501923,101010600,AAPL
2025-05-02 00:00:00-04:00,284.8999939,294.7799988,279.8099976,287.2099915,114454700,TSLA
2025-05-02 00:00:00-04:00,114.1592835,115.3790634,113.3494329,114.4792252,190194800,NVDA
2025-05-05 00:00:00-04:00,112.8895084,114.6491835,112.6395538,113.7993393,133163200,NVDA
2025-05-05 00:00:00-04:00,284.5700073,284.8500061,274.3999939,280.2600098,94618900,TSLA
2025-05-05 00:00:00-04:00,202.407879,203.4044712,197.5345439,198.2122192,69018500,AAPL
2025-05-06 00:00:00-04:00,111.4597777,114.7191808,110.7998938,113.5194016,158525600,NVDA
2025-05-06 00:00:00-04:00,273.1099854,277.730011,271.3500061,275.3500061,76715800,TSLA
2025-05-06 00:00:00-04:00,197.5345306,199.9662026,196.3485836,197.8334961,51216500,AAPL
2025-05-07 00:00:00-04:00,276.8800049,277.9200134,271,276.2200012,71592600,TSLA
2025-05-07 00:00:00-04:00,113.0294904,117.6586476,112.2596259,117.0387573,206758800,NVDA
2025-05-07 00:00:00-04:00,198.4912545,198.7603386,192.5914309,195.5812073,68536700,AAPL
2025-05-08 00:00:00-04:00,279.6300049,289.7999878,279.4100037,284.8200073,97539400,TSLA
2025-05-08 00:00:00-04:00,118.2285467,118.658469,115.8289806,117.3487091,198428100,NVDA
2025-05-08 00:00:00-04:00,197.046198,199.3682595,194.0165494,196.8169861,50478900,AAPL
2025-05-09 00:00:00-04:00,198.3218389,199.8565841,196.8668076,197.8534393,36453900,AAPL
2025-05-09 00:00:00-04:00,117.3286999,118.208545,115.1890889,116.62883,132972200,NVDA
2025-05-09 00:00:00-04:00,290.2099915,307.0400085,290,298.2600098,132387800,TSLA
2025-05-12 00:00:00-04:00,210.5267672,210.82614,206.3156319,210.3471375,63775800,AAPL
2025-05-12 00:00:00-04:00,121.9478645,122.9776764,120.2581688,122.9776764,225023300,NVDA
2025-05-12 00:00:00-04:00,321.9899902,322.2099915,311.5,318.3800049,112826700,TSLA
2025-05-13 00:00:00-04:00,124.9573267,131.1961923,124.4474171,129.9064178,330430100,NVDA
2025-05-13 00:00:00-04:00,209.9878879,212.9516493,208.5608996,212.4826355,51909300,AAPL
2025-05-13 00:00:00-04:00,320,337.5899963,316.7999878,334.0700073,136992600,TSLA
2025-05-14 00:00:00-04:00,342.5,350,337,347.6799927,136997300,TSLA
2025-05-14 00:00:00-04:00,133.1758187,135.4154176,131.6560904,135.3154297,281180800,NVDA
2025-05-14 00:00:00-04:00,211.9836766,213.4905139,210.1375726,211.8838959,49325800,AAPL
2025-05-15 00:00:00-04:00,340.3399963,346.1400146,334.7200012,342.8200073,97882600,TSLA
2025-05-15 00:00:00-04:00,134.2656162,136.2752611,132.6359225,134.8055267,226632600,NVDA
2025-05-15 00:00:00-04:00,210.506803,212.5125899,209.0997617,211.0057526,45029500,AAPL
2025-05-16 00:00:00-04:00,211.9138419,212.1234074,209.329287,210.8161469,54737900,AAPL
2025-05-16 00:00:00-04:00,346.2399902,351.6199951,342.3299866,349.980011,95895700,TSLA
2025-05-16 00:00:00-04:00,136.1952858,136.3252671,133.4357921,135.3754272,226542500,NVDA
2025-05-19 00:00:00-04:00,207.4731871,209.0398806,203.8308466,208.3413544,46140500,AAPL
2025-05-19 00:00:00-04:00,336.2999878,343,333.3699951,342.0899963,88869900,TSLA
2025-05-19 00:00:00-04:00,132.3659643,135.8453282,132.3659643,135.5453949,193154600,NVDA
2025-05-20 00:00:00-04:00,347.8699951,354.9899902,341.6300049,343.8200073,131715500,TSLA
2025-05-20 00:00:00-04:00,207.2336956,208.0320179,204.5992427,206.4253998,42496600,AAPL
2025-05-20 00:00:00-04:00,134.2656261,134.555582,132.5959309,134.3556213,161514200,NVDA
2025-05-21 00:00:00-04:00,204.738936,206.6050023,200.288315,201.6654053,59211800,AAPL
2025-05-21 00:00:00-04:00,133.035843,137.3750515,130.5662902,131.7760773,270608700,NVDA
2025-05-21 00:00:00-04:00,344.4299927,347.3500061,332.2000122,334.6199951,102354800,TSLA
2025-05-22 00:00:00-04:00,132.2059957,134.2256334,131.5261265,132.8058929,187344000,NVDA
2025-05-22 00:00:00-04:00,331.8999939,347.269989,331.3900146,341.0400085,97113400,TSLA
2025-05-22 00:00:00-04:00,200.2883072,202.3240144,199.2804195,200.9369354,46742400,AAPL
2025-05-23 00:00:00-04:00,193.2631119,197.2846439,193.0535616,194.8597565,78432900,AAPL
2025-05-23 00:00:00-04:00,129.9764151,132.6559215,129.1365711,131.2661743,198821300,NVDA
2025-05-23 00:00:00-04:00,337.9200134,343.1799927,333.2099915,339.3399963,84654800,TSLA
2025-05-27 00:00:00-04:00,197.8833769,200.3182529,197.0151944,199.7893677,56288500,AAPL
2025-05-27 00:00:00-04:00,134.1256418,135.6353774,133.2857979,135.4754028,192953600,NVDA
2025-05-27 00:00:00-04:00,347.3500061,363.7900085,347.3200073,362.8900146,120146400,TSLA
2025-05-28 00:00:00-04:00,200.1685576,202.3040609,199.4800049,199.9989166,45339700,AAPL
2025-05-28 00:00:00-04:00,136.0053176,137.2250974,134.7655371,134.7855377,304021100,NVDA
2025-05-28 00:00:00-04:00,364.8399963,365,355.9100037,356.8999939,91404300,TSLA
2025-05-29 00:00:00-04:00,203.1522856,203.3817981,198.0929302,199.5299072,51396800,AAPL
2025-05-29 00:00:00-04:00,365.2900085,367.7099915,356,358.4299927,88087800,TSLA
2025-05-29 00:00:00-04:00,142.2241915,143.463972,137.8849826,139.1647491,369241900,NVDA
2025-05-30 00:00:00-04:00,355.519989,363.6799927,345.2900085,346.4599915,123474900,TSLA
2025-05-30 00:00:00-04:00,138.6948289,139.5946595,132.8958783,135.105484,333170900,NVDA
2025-05-30 00:00:00-04:00,198.9511228,201.5356928,196.366568,200.4280243,70819900,AAPL
2025-06-02 00:00:00-04:00,199.8592151,201.7053344,199.6995476,201.2762299,35423300,AAPL
2025-06-02 00:00:00-04:00,343.5,348.019989,333.3299866,342.6900024,81873800,TSLA
2025-06-02 00:00:00-04:00,135.4654156,138.094928,135.3754204,137.355072,197663100,NVDA
2025-06-03 00:00:00-04:00,346.6000061,355.3999939,343.0400085,344.269989,99324500,TSLA
2025-06-03 00:00:00-04:00,138.7548069,141.9742236,137.9249558,141.1943665,225578800,NVDA
2025-06-03 00:00:00-04:00,200.9269618,203.3418755,200.5377819,202.842926,46381600,AAPL
2025-06-04 00:00:00-04:00,202.4836976,205.8067033,201.6754019,202.3938904,43604000,AAPL
2025-06-04 00:00:00-04:00,345.1000061,345.6000061,327.3299866,332.0499878,98912100,TSLA
2025-06-04 00:00:00-04:00,142.1641966,142.3641573,139.5146684,141.8942413,167120800,NVDA
2025-06-05 00:00:00-04:00,322.4899902,324.5499878,273.2099915,284.7000122,287499800,TSLA
2025-06-05 00:00:00-04:00,203.0724616,204.3198354,199.7294936,200.2084961,55126100,AAPL
2025-06-05 00:00:00-04:00,142.1441967,143.9738664,138.8048065,139.9645996,231397900,NVDA
2025-06-06 00:00:00-04:00,202.5734966,205.2678209,201.6254956,203.4915619,46607700,AAPL
2025-06-06 00:00:00-04:00,142.4841248,143.2439966,141.4843063,141.6942749,153986200,NVDA
2025-06-06 00:00:00-04:00,298.8299866,305.5,291.1400146,295.1400146,164747700,TSLA
2025-06-09 00:00:00-04:00,285.9599915,309.8299866,281.8500061,308.5799866,140908900,TSLA
2025-06-09 00:00:00-04:00,203.9605896,205.5672077,199.5997756,201.0267639,72862600,AAPL
2025-06-09 00:00:00-04:00,143.1640219,144.9736911,141.9142487,142.604126,185114500,NVDA
2025-06-10 00:00:00-04:00,142.6641099,144.2638104,141.5043167,143.9338837,155881900,NVDA
2025-06-10 00:00:00-04:00,314.9400024,327.8299866,310.6700134,326.0899963,151256500,TSLA
2025-06-10 00:00:00-04:00,200.1785434,203.9206646,200.1486077,202.2441864,54672600,AAPL
2025-06-11 00:00:00-04:00,144.5937947,144.973757,141.8540962,142.8139954,167694000,NVDA
2025-06-11 00:00:00-04:00,334.3999939,335.5,322.5,326.4299927,122611400,TSLA
2025-06-11 00:00:00-04:00,203.0724503,204.0703493,197.993148,198.3623657,60989900,AAPL
2025-06-12 00:00:00-04:00,141.9540902,144.9837494,141.8341085,144.9837494,162365000,NVDA
2025-06-12 00:00:00-04:00,198.6617359,199.2604661,196.9453484,198.7814789,43904600,AAPL
2025-06-12 00:00:00-04:00,323.0799866,332.5599976,316.8599854,319.1099854,105127500,TSLA
2025-06-13 00:00:00-04:00,199.3103696,199.9490243,195.2888377,196.037262,51447300,AAPL
2025-06-13 00:00:00-04:00,313.9700012,332.9899902,313.2999878,325.3099976,128964300,TSLA
2025-06-13 00:00:00-04:00,142.4640236,143.5639064,140.8342167,141.9540863,180820600,NVDA
2025-06-16 00:00:00-04:00,143.3339362,146.1636056,143.1839439,144.6737823,183133700,NVDA
2025-06-16 00:00:00-04:00,196.885486,198.2725651,196.1470352,198.0031281,43020700,AAPL
2025-06-16 00:00:00-04:00,331.2900085,332.0499878,326.4100037,329.1300049,83925900,TSLA
2025-06-17 00:00:00-04:00,196.7856781,197.9731804,194.7998689,195.2289581,38856200,AAPL
2025-06-17 00:00:00-04:00,326.0899963,327.2600098,314.7399902,316.3500061,88282700,TSLA
2025-06-17 00:00:00-04:00,144.4738049,145.2037188,143.7638778,144.1038361,139108000,NVDA
2025-06-18 00:00:00-04:00,195.5283222,197.1549024,194.660155,196.1669769,45394700,AAPL
2025-06-18 00:00:00-04:00,317.3099976,329.3200073,315.4500122,322.0499878,95137700,TSLA
2025-06-18 00:00:00-04:00,143.9938477,145.6336632,143.1039481,145.4636841,161494100,NVDA
2025-06-20 00:00:00-04:00,197.823502,201.276224,196.4463965,200.5776978,96813500,AAPL
2025-06-20 00:00:00-04:00,145.433689,146.1836049,142.6339999,143.8338776,242956200,NVDA
2025-06-20 00:00:00-04:00,327.9500122,332.3599854,317.7799988,322.1600037,108688000,TSLA
2025-06-23 00:00:00-04:00,201.2063919,201.8749824,198.5420032,201.0766602,55814300,AAPL
2025-06-23 00:00:00-04:00,327.5400085,357.5400085,327.480011,348.6799927,190716800,TSLA
2025-06-23 00:00:00-04:00,142.4840281,144.7637714,142.0140796,144.1538391,154308900,NVDA
2025-06-24 00:00:00-04:00,145.5436737,147.9434137,145.4836828,147.8834076,187566100,NVDA
2025-06-24 00:00:00-04:00,202.164363,203.0125833,199.7793849,199.8791809,54064000,AAPL
2025-06-24 00:00:00-04:00,356.1700134,356.2600098,340.4400024,340.4700012,114736200,TSLA
2025-06-25 00:00:00-04:00,342.7000122,343,320.3999939,327.5499878,119845100,TSLA
2025-06-25 00:00:00-04:00,201.0267661,203.2421033,200.1985081,201.1365356,39525700,AAPL
2025-06-25 00:00:00-04:00,149.2532807,154.4326931,149.2432721,154.2927094,269146500,NVDA
2025-06-26 00:00:00-04:00,155.9625083,156.7024309,153.9827346,155.0026245,198145700,NVDA
2025-06-26 00:00:00-04:00,324.6099854,331.0499878,323.6099854,325.7799988,80440900,TSLA
2025-06-26 00:00:00-04:00,201.006787,202.2142515,199.04094,200.5776978,50799100,AAPL
2025-06-27 00:00:00-04:00,324.5100098,329.3399963,317.5,323.6300049,89067000,TSLA
2025-06-27 00:00:00-04:00,156.0225001,158.6922142,155.2425887,157.7323151,263234500,NVDA
2025-06-27 00:00:00-04:00,201.4658275,202.793035,199.579799,200.6575317,73188600,AAPL
2025-06-30 00:00:00-04:00,158.3822478,158.6422284,155.9425339,157.9723053,194580300,NVDA
2025-06-30 00:00:00-04:00,201.5855729,206.9542744,198.8413506,204.7389374,91912800,AAPL
2025-06-30 00:00:00-04:00,319.8999939,325.5799866,316.6000061,317.6600037,76695100,TSLA
2025-07-01 00:00:00-04:00,206.2357841,209.7483928,205.7068988,207.3833771,78788900,AAPL
2025-07-01 00:00:00-04:00,298.4599915,305.8900146,293.2099915,300.7099915,145085700,TSLA
2025-07-01 00:00:00-04:00,156.2724923,157.1823941,151.473042,153.2828369,213143600,NVDA
2025-07-02 00:00:00-04:00,208.4710853,212.8917706,207.7026988,211.9936676,67941800,AAPL
2025-07-02 00:00:00-04:00,312.6300049,316.8299866,303.8200073,315.6499939,119483700,TSLA
2025-07-02 00:00:00-04:00,152.9628504,157.582343,152.952857,157.2323761,171224100,NVDA
2025-07-03 00:00:00-04:00,317.9899902,318.4500122,312.7600098,315.3500061,58042300,TSLA
2025-07-03 00:00:00-04:00,211.704281,214.1990287,211.364999,213.1013489,34955800,AAPL
2025-07-03 00:00:00-04:00,158.352251,160.9619592,157.7523274,159.3221436,143716100,NVDA
2025-07-07 00:00:00-04:00,291.3699951,296.1499939,288.769989,293.9400024,131177900,TSLA
2025-07-07 00:00:00-04:00,212.2331559,215.7757005,208.3613181,209.5088959,50229000,AAPL
2025-07-07 00:00:00-04:00,158.1822707,159.292147,157.3223665,158.2222748,140139000,NVDA
2025-07-08 00:00:00-04:00,209.6585938,210.9857862,208.0120513,209.5687714,42848900,AAPL
2025-07-08 00:00:00-04:00,297,304.0499878,294.3500061,297.8099976,103246700,TSLA
2025-07-08 00:00:00-04:00,159.3121478,160.2020475,158.3722507,159.9820709,138133000,NVDA
2025-07-09 00:00:00-04:00,209.0897779,210.8859991,206.7846336,210.6963959,48749400,AAPL
2025-07-09 00:00:00-04:00,297.5499878,300.1499939,293.5499878,295.8800049,75586800,TSLA
2025-07-09 00:00:00-04:00,161.2019377,164.4015761,161.1419469,162.8617554,183656400,NVDA
2025-07-10 00:00:00-04:00,210.0677126,213.0314739,209.5887254,211.9637299,44443600,AAPL
2025-07-10 00:00:00-04:00,164.3015958,164.4815683,161.5918928,164.0816193,167704100,NVDA
2025-07-10 00:00:00-04:00,300.0499878,310.480011,300,309.8699951,104365300,TSLA
2025-07-11 00:00:00-04:00,210.1275976,211.6843176,209.4190826,210.7163544,39765800,AAPL
2025-07-11 00:00:00-04:00,163.7016573,167.8711882,163.4516853,164.9015198,193633300,NVDA
2025-07-11 00:00:00-04:00,307.8900146,314.0899963,305.6499939,313.5100098,79236400,TSLA
2025-07-14 00:00:00-04:00,209.4889317,210.4668837,207.1039536,208.1816864,38840100,AAPL
2025-07-14 00:00:00-04:00,165.3514626,165.4714595,162.0018472,164.0516205,136975800,NVDA
2025-07-14 00:00:00-04:00,317.730011,322.6000061,312.6700134,316.8999939,78043400,TSLA
2025-07-15 00:00:00-04:00,319.6799927,321.2000122,310.5,310.7799988,77556300,TSLA
2025-07-15 00:00:00-04:00,208.7804391,211.4448277,208.4810663,208.6706696,42296300,AAPL
2025-07-15 00:00:00-04:00,171.170813,172.3806688,169.1810306,170.6808624,230627400,NVDA
2025-07-16 00:00:00-04:00,312.7999878,323.5,312.6199951,321.6700134,97284800,TSLA
2025-07-16 00:00:00-04:00,209.8581806,211.9537595,208.2016645,209.7184753,47490500,AAPL
2025-07-16 00:00:00-04:00,171.0408367,171.7307619,168.881075,171.3507996,158831500,NVDA
2025-07-17 00:00:00-04:00,323.1499939,324.3399963,317.0599976,319.4100037,73922900,TSLA
2025-07-17 00:00:00-04:00,172.0007354,174.1404951,170.8108662,172.9806213,160841100,NVDA
2025-07-17 00:00:00-04:00,210.1275981,211.3550096,209.1496461,209.5787506,48068100,AAPL
2025-07-18 00:00:00-04:00,321.6600037,330.8999939,321.4200134,329.6499939,94255000,TSLA
2025-07-18 00:00:00-04:00,173.6205439,174.2304762,171.2408057,172.390686,146456400,NVDA
2025-07-18 00:00:00-04:00,210.4269666,211.3450319,209.2594265,210.7363129,48974600,AAPL
2025-07-21 00:00:00-04:00,172.730651,173.3605853,170.980847,171.3608093,123126100,NVDA
2025-07-21 00:00:00-04:00,334.3999939,338,326.8800049,328.4899902,75768800,TSLA
2025-07-21 00:00:00-04:00,211.6543781,215.326639,211.1853643,212.0335693,51377400,AAPL
2025-07-22 00:00:00-04:00,212.6922071,214.498402,211.7841153,213.9495544,46404100,AAPL
2025-07-22 00:00:00-04:00,329.7399902,335.4100037,321.5499878,332.1099854,77370400,TSLA
2025-07-22 00:00:00-04:00,171.3208063,171.3708038,164.561569,167.0112915,193114300,NVDA
2025-07-23 00:00:00-04:00,169.5110043,171.2408062,167.9511815,170.7608643,154082200,NVDA
2025-07-23 00:00:00-04:00,330.8999939,336.2000122,328.6700134,332.5599976,92553800,TSLA
2025-07-23 00:00:00-04:00,214.5482935,214.6979723,211.9637387,213.7000732,46989300,AAPL
2025-07-24 00:00:00-04:00,172.4206779,173.8105215,171.2808063,173.7205353,128984600,NVDA
2025-07-24 00:00:00-04:00,310,310.1499939,300.4100037,305.2999878,156966000,TSLA
2025-07-24 00:00:00-04:00,213.4505878,215.2368355,213.0813701,213.3108826,46022600,AAPL
2025-07-25 00:00:00-04:00,214.2489181,214.7877921,212.9516463,213.4306488,40268800,AAPL
2025-07-25 00:00:00-04:00,308.7399902,323.6300049,308.0100098,316.0599976,148227000,TSLA
2025-07-25 00:00:00-04:00,173.5905486,174.7004248,172.9406275,173.4805603,122316800,NVDA
2025-07-28 00:00:00-04:00,318.4500122,330.4899902,315.6900024,325.5899963,112673800,TSLA
2025-07-28 00:00:00-04:00,213.5803338,214.3986183,212.6123705,213.600296,37858000,AAPL
2025-07-28 00:00:00-04:00,174.0005043,176.9801661,173.9505068,176.7301941,140023500,NVDA
2025-07-29 00:00:00-04:00,325.5499878,326.25,318.25,321.2000122,87358900,TSLA
2025-07-29 00:00:00-04:00,177.9400636,179.3599026,175.0003906,175.4903259,154077500,NVDA
2025-07-29 00:00:00-04:00,213.7300006,214.3586819,210.3770746,210.8261261,51411700,AAPL
2025-07-30 00:00:00-04:00,176.4902231,179.8698494,176.0202745,179.2499237,174312200,NVDA
2025-07-30 00:00:00-04:00,211.4547972,211.9437732,207.2835865,208.6107941,45512500,AAPL
2025-07-30 00:00:00-04:00,322.1799927,324.4500122,311.6199951,319.0400085,83931900,TSLA
2025-07-31 00:00:00-04:00,319.6099854,321.3699951,306.1000061,308.269989,85270900,TSLA
2025-07-31 00:00:00-04:00,182.8795024,183.2794667,175.910282,177.8500671,221685400,NVDA
2025-07-31 00:00:00-04:00,208.0519764,209.399131,206.7247689,207.1339111,80698400,AAPL
2025-08-01 00:00:00-04:00,210.4269721,213.1312853,201.0766627,201.9548187,104434500,AAPL
2025-08-01 00:00:00-04:00,306.2099915,309.3099976,297.8200073,302.6300049,89121400,TSLA
2025-08-01 00:00:00-04:00,174.0704847,176.520207,170.8708464,173.700531,204529000,NVDA
2025-08-04 00:00:00-04:00,204.0803266,207.4432567,201.2562705,202.9227753,75109300,AAPL
2025-08-04 00:00:00-04:00,175.1403739,180.1798024,174.5004463,179.9798279,148174600,NVDA
2025-08-04 00:00:00-04:00,309.0799866,312.1199951,303,309.2600098,78683900,TSLA
2025-08-05 00:00:00-04:00,308.9500122,312.4500122,305.5,308.7200012,57961300,TSLA
2025-08-05 00:00:00-04:00,179.599869,180.2397967,175.8802846,178.2400208,156407600,NVDA
2025-08-05 00:00:00-04:00,202.9726549,204.9085814,201.7352698,202.4936676,44155100,AAPL
2025-08-06 00:00:00-04:00,176.3102371,179.879829,176.2302442,179.3998871,137192300,NVDA
2025-08-06 00:00:00-04:00,205.1979856,214.9275013,205.1580611,212.8019714,108483100,AAPL
2025-08-06 00:00:00-04:00,307.8900146,320.4700012,306.9299927,319.9100037,78523600,TSLA
2025-08-07 00:00:00-04:00,218.4201407,220.386003,216.12497,219.5677185,90224800,AAPL
2025-08-07 00:00:00-04:00,181.549654,183.8593926,178.7799602,180.7497406,151878400,NVDA
2025-08-07 00:00:00-04:00,319.7900085,322.3999939,316.1600037,322.269989,66658700,TSLA
2025-08-08 00:00:00-04:00,321.4299927,335.1499939,320.980011,329.6499939,91200300,TSLA
2025-08-08 00:00:00-04:00,220.3660448,230.5146761,218.7893625,228.8681488,113854000,AAPL
2025-08-08 00:00:00-04:00,181.5296546,183.2794585,180.3797744,182.6795197,123396700,NVDA
2025-08-11 00:00:00-04:00,227.699265,229.3376761,224.5423217,226.9599762,61806100,AAPL
2025-08-11 00:00:00-04:00,335,346.6400146,334.1499939,339.0299988,105320200,TSLA
2025-08-11 00:00:00-04:00,182.0296032,183.8193959,180.2298018,182.0395966,138323200,NVDA
2025-08-12 00:00:00-04:00,227.7891707,230.5764772,226.8500939,229.4275818,55626200,AAPL
2025-08-12 00:00:00-04:00,345,345.2600098,332.9400024,340.8399963,80522100,TSLA
2025-08-12 00:00:00-04:00,182.9395061,184.4593248,179.4398982,183.1394806,145485700,NVDA
2025-08-13 00:00:00-04:00,230.8462286,234.7724153,230.2068338,233.1040344,69878500,AAPL
2025-08-13 00:00:00-04:00,341.5,348.980011,338.2000122,339.3800049,67838900,TSLA
2025-08-13 00:00:00-04:00,182.5995244,183.9493792,179.329902,181.5696411,179871700,NVDA
2025-08-14 00:00:00-04:00,233.8333246,234.8922956,230.6264418,232.5545654,51916300,AAPL
2025-08-14 00:00:00-04:00,335.7600098,340.4700012,330.3999939,335.5799866,75000700,TSLA
2025-08-14 00:00:00-04:00,179.7298534,182.9994912,179.4398926,181.9996033,129554000,NVDA
2025-08-15 00:00:00-04:00,337.6600037,339.2999878,327.019989,330.5599976,74319800,TSLA
2025-08-15 00:00:00-04:00,181.8596268,181.8796135,178.0200454,180.4297791,156602200,NVDA
2025-08-15 00:00:00-04:00,233.773377,234.0531046,229.1178865,231.3657074,56038700,AAPL
2025-08-18 00:00:00-04:00,180.5797631,182.9194972,180.5697545,181.9895935,132008000,NVDA
2025-08-18 00:00:00-04:00,231.4756102,232.8942332,229.8871537,230.6663971,37476200,AAPL
2025-08-18 00:00:00-04:00,329.6199951,336.269989,329.5899963,335.1600037,56956600,TSLA
2025-08-19 00:00:00-04:00,182.4095479,182.4795474,175.4703385,175.6203156,185229200,NVDA
2025-08-19 00:00:00-04:00,231.0560196,232.6444762,229.127896,230.3367157,39402600,AAPL
2025-08-19 00:00:00-04:00,335.7900085,340.5499878,327.8500061,329.3099976,75956000,TSLA
2025-08-20 00:00:00-04:00,175.1503706,175.9802794,168.7810893,175.3803406,215142700,NVDA
2025-08-20 00:00:00-04:00,229.7572635,230.2467944,225.5513494,225.7911072,42263900,AAPL
2025-08-20 00:00:00-04:00,329.2200012,331.3699951,314.6000061,323.8999939,77481800,TSLA
2025-08-21 00:00:00-04:00,174.8304131,176.8801712,173.7905211,174.9603882,140040900,NVDA
2025-08-21 00:00:00-04:00,322.0799866,324.8999939,318.6799927,320.1099854,55744400,TSLA
2025-08-21 00:00:00-04:00,226.0508735,226.3006314,223.5632795,224.6821899,30621200,AAPL
2025-08-22 00:00:00-04:00,321.6600037,340.25,319.6900024,340.0100098,94016300,TSLA
2025-08-22 00:00:00-04:00,172.5906602,178.5699859,171.1808145,177.9700623,172789400,NVDA
2025-08-22 00:00:00-04:00,225.950957,228.8681272,225.1916985,227.5394135,42477800,AAPL
2025-08-25 00:00:00-04:00,338.8999939,349.5299988,335.0299988,346.6000061,86670000,TSLA
2025-08-25 00:00:00-04:00,178.330028,181.8896268,176.5502287,179.789856,163012800,NVDA
2025-08-25 00:00:00-04:00,226.2606531,229.0779293,226.0108952,226.9400024,30983100,AAPL
2025-08-26 00:00:00-04:00,344.9299927,351.8999939,343.7200012,351.6700134,76651600,TSLA
2025-08-26 00:00:00-04:00,180.0398187,182.3695594,178.7899588,181.7496338,168688200,NVDA
2025-08-26 00:00:00-04:00,226.6502817,229.2677547,224.4724003,229.0879211,54575100,AAPL
2025-08-27 00:00:00-04:00,181.9595979,182.4695505,179.0799311,181.5796509,235518900,NVDA
2025-08-27 00:00:00-04:00,228.3886005,230.676376,228.0389334,230.2667847,31259500,AAPL
2025-08-27 00:00:00-04:00,351.9400024,355.3900146,349.1600037,349.6000061,65519000,TSLA
2025-08-28 00:00:00-04:00,230.5964727,233.1839608,229.117895,232.3347778,38074700,AAPL
2025-08-28 00:00:00-04:00,350.9100037,353.5499878,340.2600098,345.980011,67903200,TSLA
2025-08-28 00:00:00-04:00,180.7997471,184.449332,176.3902376,180.1498108,281787800,NVDA
2025-08-29 00:00:00-04:00,232.2848132,233.153981,231.1459179,231.9151764,39418400,AAPL
2025-08-29 00:00:00-04:00,347.230011,348.75,331.7000122,333.8699951,81145700,TSLA
2025-08-29 00:00:00-04:00,178.0900443,178.1300331,173.1305933,174.1604767,243257900,NVDA
2025-09-02 00:00:00-04:00,229.027982,230.6264386,226.7501913,229.4975281,44075600,AAPL
2025-09-02 00:00:00-04:00,328.230011,333.3299866,325.6000061,329.3599854,58392000,TSLA
2025-09-02 00:00:00-04:00,169.9809529,172.3606911,167.2012656,170.7608643,231164900,NVDA
2025-09-03 00:00:00-04:00,335.2000122,343.3299866,328.5100098,334.0899963,88733300,TSLA
2025-09-03 00:00:00-04:00,171.0408443,172.3906992,168.8610957,170.6008911,164424900,NVDA
2025-09-03 00:00:00-04:00,236.9802852,238.6186963,234.1330391,238.2390594,66427800,AAPL
2025-09-04 00:00:00-04:00,170.5509033,171.8407521,169.3910296,171.6407776,141670100,NVDA
2025-09-04 00:00:00-04:00,238.2190615,239.6676542,236.5107262,239.5477753,47549400,AAPL
2025-09-04 00:00:00-04:00,336.1499939,338.8900146,331.480011,338.5299988,60711000,TSLA
2025-09-05 00:00:00-04:00,168.0111784,169.0110664,164.0516305,167.001297,224441400,NVDA
2025-09-05 00:00:00-04:00,239.7675678,241.0862968,238.2590357,239.4578705,54870400,AAPL
2025-09-05 00:00:00-04:00,348,355.8699951,344.6799927,350.8399963,108989800,TSLA
2025-09-08 00:00:00-04:00,167.5312283,170.9408499,167.3312538,168.2911377,163769100,NVDA
2025-09-08 00:00:00-04:00,239.0682506,239.9174183,236.1111106,237.6496277,48999500,AAPL
2025-09-08 00:00:00-04:00,354.6400146,358.4400024,344.8399963,346.3999939,75208300,TSLA
2025-09-09 00:00:00-04:00,236.7704744,238.5487493,233.1340002,234.1230469,66313900,AAPL
2025-09-09 00:00:00-04:00,348.4400024,350.769989,343.8200073,346.9700012,53816000,TSLA
2025-09-09 00:00:00-04:00,169.0710489,170.9608366,166.7213214,170.74086,157548400,NVDA
2025-09-10 00:00:00-04:00,350.5499878,356.3299866,346.0700073,347.7900085,72121700,TSLA
2025-09-10 00:00:00-04:00,176.6202097,179.2699068,175.4503427,177.3101349,226852000,NVDA
2025-09-10 00:00:00-04:00,231.9651378,232.1949108,225.7311754,226.5703583,83440800,AAPL
2025-09-11 00:00:00-04:00,350.1700134,368.9899902,347.6000061,368.8099976,103756000,TSLA
2025-09-11 00:00:00-04:00,179.6699958,180.2699686,176.4701769,177.160141,151159300,NVDA
2025-09-11 00:00:00-04:00,226.6602773,230.2268119,226.430489,229.8072205,50208600,AAPL
2025-09-12 00:00:00-04:00,370.9400024,396.6900024,370.2399902,395.9400024,168156400,TSLA
2025-09-12 00:00:00-04:00,177.7601041,178.5900597,176.4401703,177.8101044,124911000,NVDA
2025-09-12 00:00:00-04:00,228.9980136,234.2828838,228.7982104,233.8433228,55824200,AAPL
2025-09-15 00:00:00-04:00,423.1300049,425.7000122,402.4299927,410.0400085,163823700,TSLA
2025-09-15 00:00:00-04:00,236.7704767,237.9593267,234.8023833,236.4707642,42699500,AAPL
2025-09-15 00:00:00-04:00,175.6602111,178.8400419,174.5002721,177.740097,147061600,NVDA
2025-09-16 00:00:00-04:00,236.9502955,240.9863915,236.091143,237.9193573,63421100,AAPL
2025-09-16 00:00:00-04:00,414.5,423.25,411.4299927,421.6199951,104285700,TSLA
2025-09-16 00:00:00-04:00,176.9901469,177.490119,174.3702976,174.8702698,140737800,NVDA
2025-09-17 00:00:00-04:00,238.7385753,239.8674858,237.4997706,238.7585602,46508000,AAPL
2025-09-17 00:00:00-04:00,415.75,428.3099976,409.6700134,425.8599854,106133500,TSLA
2025-09-17 00:00:00-04:00,172.6303929,173.1903593,168.4006326,170.2805176,211843800,NVDA
2025-09-18 00:00:00-04:00,239.7375999,240.9664045,236.4208079,237.6496277,44249600,AAPL
2025-09-18 00:00:00-04:00,428.8699951,432.2200012,416.5599976,416.8500061,90454500,TSLA
2025-09-18 00:00:00-04:00,173.9703101,177.0901468,172.9503779,176.2301941,191763300,NVDA
2025-09-19 00:00:00-04:00,421.8200073,429.4700012,421.7200012,426.0700073,93131000,TSLA
2025-09-19 00:00:00-04:00,175.7602125,178.0700814,175.1702338,176.6601563,237182100,NVDA
2025-09-19 00:00:00-04:00,240.9963687,246.0614658,239.9773675,245.2622375,163741300,AAPL
2025-09-22 00:00:00-04:00,175.2902424,184.5397273,174.7002789,183.5997772,269637000,NVDA
2025-09-22 00:00:00-04:00,248.0595365,256.3914712,247.8797029,255.8319855,105517400,AAPL
2025-09-22 00:00:00-04:00,431.1099854,444.980011,429.1300049,434.2099915,97108800,TSLA
2025-09-23 00:00:00-04:00,181.9598707,182.4098426,176.2001968,178.4200592,192559600,NVDA
2025-09-23 00:00:00-04:00,255.6322017,257.0907793,253.3344261,254.1835938,60275200,AAPL
2025-09-23 00:00:00-04:00,439.8800049,440.9700012,423.7200012,425.8500061,83422700,TSLA
2025-09-24 00:00:00-04:00,179.7599911,179.7699851,175.3902242,176.960144,143564100,NVDA
2025-09-24 00:00:00-04:00,254.9728287,255.4923294,250.796869,252.0656433,42303700,AAPL
2025-09-24 00:00:00-04:00,429.8299866,444.2099915,429.0299988,442.7900085,93133600,TSLA
2025-09-25 00:00:00-04:00,174.4702867,180.2499638,173.1203709,177.6801147,191586700,NVDA
2025-09-25 00:00:00-04:00,435.2399902,435.3500061,419.0799866,423.3900146,96746400,TSLA
2025-09-25 00:00:00-04:00,252.9647721,256.9209436,251.4662249,256.6212158,55202100,AAPL
2025-09-26 00:00:00-04:00,428.2999878,440.4700012,421.019989,440.3999939,101628200,TSLA
2025-09-26 00:00:00-04:00,178.1600811,179.7599981,174.9202559,178.1800842,148573700,NVDA
2025-09-26 00:00:00-04:00,253.8539172,257.3505276,253.5342198,255.2126007,46076300,AAPL
2025-09-29 00:00:00-04:00,444.3500061,450.980011,439.5,443.2099915,79491500,TSLA
2025-09-29 00:00:00-04:00,180.4199551,183.9897638,180.3099759,181.8398895,193063500,NVDA
2025-09-29 00:00:00-04:00,254.3134727,254.7530491,252.7649708,254.1835938,40127700,AAPL
2025-09-30 00:00:00-04:00,441.519989,445,433.1199951,444.7200012,74358000,TSLA
2025-09-30 00:00:00-04:00,182.0698612,187.339572,181.4698885,186.5696106,236981000,NVDA
2025-09-30 00:00:00-04:00,254.6131806,255.6721516,252.8648754,254.3834076,37704300,AAPL
2025-10-01 00:00:00-04:00,185.2296951,188.1295275,183.889758,187.2295837,173844900,NVDA
2025-10-01 00:00:00-04:00,254.7929996,258.5393832,254.6831055,255.2026062,48713900,AAPL
2025-10-02 00:00:00-04:00,256.3314958,257.9299524,253.9038565,256.8809814,42630200,AAPL
2025-10-02 00:00:00-04:00,189.5894533,191.0393695,188.0495304,188.8794861,136805800,NVDA
2025-10-03 00:00:00-04:00,254.4233645,258.9889308,253.7040606,257.7701111,49155600,AAPL
2025-10-03 00:00:00-04:00,443.2900085,446.769989,416.5799866,429.8299866,133188200,TSLA
2025-10-03 00:00:00-04:00,189.1794627,190.3493957,185.3696774,187.6095428,137596900,NVDA
2025-10-06 00:00:00-04:00,257.740135,258.8191062,254.8029951,256.4414063,44664100,AAPL
2025-10-06 00:00:00-04:00,185.489672,187.2195714,183.3197947,185.5296631,157678100,NVDA
2025-10-07 00:00:00-04:00,256.5612954,257.1507204,255.182627,256.2316284,31955800,AAPL
2025-10-07 00:00:00-04:00,186.2196298,189.0494741,183.9897582,185.0296936,140088000,NVDA
2025-10-07 00:00:00-04:00,447.8200073,452.6799927,432.4500122,433.0899963,102296100,TSLA
2025-10-08 00:00:00-04:00,186.5596202,189.5894503,186.5296078,189.099472,130168900,NVDA
2025-10-08 00:00:00-04:00,256.2715719,258.2696351,255.8619653,257.8100891,36496900,AAPL
2025-10-08 00:00:00-04:00,437.5700073,441.3299866,425.230011,438.6900024,71192100,TSLA
2025-10-09 00:00:00-04:00,192.2192877,195.2891241,191.0493547,192.5592804,182997200,NVDA
2025-10-09 00:00:00-04:00,257.5603137,257.7501321,252.8948383,253.7939606,38322000,AAPL
2025-10-09 00:00:00-04:00,431.8099976,436.3500061,426.1799927,435.5400085,69339900,TSLA
2025-10-10 00:00:00-04:00,193.4992257,195.6091088,182.039872,183.1498108,268774400,NVDA
2025-10-10 00:00:00-04:00,254.6931039,256.1317118,243.7636964,245.0324707,61999100,AAPL
2025-10-10 00:00:00-04:00,436.5400085,443.1300049,411.4500122,413.4899902,112107900,TSLA
2025-10-13 00:00:00-04:00,249.1384862,249.4481835,245.3221785,247.4201508,38142900,AAPL
2025-10-13 00:00:00-04:00,423.5299988,436.8900146,419.7000122,435.8999939,79552800,TSLA
2025-10-13 00:00:00-04:00,187.9595379,190.0994182,185.9496553,188.3095245,153482800,NVDA
2025-10-14 00:00:00-04:00,426.7900085,434.2000122,417.8599854,429.2399902,72669400,TSLA
2025-10-14 00:00:00-04:00,184.7597153,184.7897124,179.6899903,180.0199738,205641400,NVDA
2025-10-14 00:00:00-04:00,246.3611795,248.6090004,244.4630105,247.5300446,35478000,AAPL
2025-10-15 00:00:00-04:00,434.8999939,440.5100098,426.3299866,435.1499939,71558200,TSLA
2025-10-15 00:00:00-04:00,184.7897166,184.8597048,177.2801249,179.8199921,214450500,NVDA
2025-10-15 00:00:00-04:00,249.2483899,251.5761353,247.2303419,249.098526,33893600,AAPL
2025-10-16 00:00:00-04:00,434.730011,439.3500061,421.3099976,428.75,77189900,TSLA
2025-10-16 00:00:00-04:00,182.2198558,183.2698004,179.7600012,181.799881,179723300,NVDA
2025-10-16 00:00:00-04:00,248.009586,248.7988142,244.8926124,247.2103577,39777000,AAPL
2025-10-17 00:00:00-04:00,180.1699689,184.0897643,179.7400002,183.2098083,173135200,NVDA
2025-10-17 00:00:00-04:00,247.7798007,253.1346102,247.0305271,252.0456543,49147000,AAPL
2025-10-17 00:00:00-04:00,425.5,441.4599915,423.6000061,439.3099976,89331600,TSLA
2025-10-20 00:00:00-04:00,255.6421818,264.1239651,255.3824391,261.9860229,90483000,AAPL
2025-10-20 00:00:00-04:00,183.1198153,185.1896922,181.719884,182.629837,128544700,NVDA
2025-10-21 00:00:00-04:00,182.7798165,182.7798165,179.7899927,181.1499176,124240200,NVDA
2025-10-21 00:00:00-04:00,261.6263807,265.0330819,261.5764109,262.5155029,46695900,AAPL
2025-10-22 00:00:00-04:00,181.1299112,183.4297862,176.7501503,180.2699585,162249600,NVDA
2025-10-22 00:00:00-04:00,262.3956211,262.5954396,255.1826123,258.199707,45015300,AAPL
2025-10-22 00:00:00-04:00,443.4500122,445.5400085,429,438.9700012,84023500,TSLA
2025-10-23 00:00:00-04:00,180.409948,183.0198032,179.7799782,182.1498566,111363700,NVDA
2025-10-23 00:00:00-04:00,259.68825,260.3675841,257.7601265,259.3285828,32754900,AAPL
2025-10-24 00:00:00-04:00,446.8299866,451.6799927,430.1700134,433.7200012,94727800,TSLA
2025-10-24 00:00:00-04:00,260.9370643,263.8742197,258.9290011,262.5654907,38253700,AAPL
2025-10-24 00:00:00-04:00,183.8297552,187.4595578,183.4897778,186.2496185,131296700,NVDA
2025-10-27 00:00:00-04:00,189.9794231,191.9893057,188.4194972,191.4793396,153452700,NVDA
2025-10-27 00:00:00-04:00,264.6234657,268.8593494,264.3936774,268.5496521,44888200,AAPL
2025-10-28 00:00:00-04:00,193.0392623,203.1386913,191.8993264,201.0188141,297986200,NVDA
2025-10-28 00:00:00-04:00,268.7294714,269.6286241,267.8902886,268.7394714,41534800,AAPL
2025-10-29 00:00:00-04:00,207.968423,212.1781955,204.7686041,207.0284729,308829600,NVDA
2025-10-29 00:00:00-04:00,269.0192056,271.1471476,266.8512938,269.4388123,51086700,AAPL
2025-10-30 00:00:00-04:00,205.1385766,206.1485302,201.3987945,202.8787079,178864400,NVDA
2025-10-30 00:00:00-04:00,271.7265709,273.8745131,268.2199911,271.137146,69886500,AAPL
2025-10-31 00:00:00-04:00,206.4385002,207.9584198,202.0587545,202.4787292,179802200,NVDA
2025-10-31 00:00:00-04:00,276.7217383,277.0514357,268.8993347,270.1081543,86167100,AAPL
2025-11-03 00:00:00-05:00,270.1581276,270.5877038,265.9921525,268.7894287,50194600,AAPL
2025-11-03 00:00:00-05:00,208.0684146,211.3282276,205.5485507,206.8684845,180267300,NVDA
2025-11-04 00:00:00-05:00,268.0701071,271.2270503,267.3608033,269.7784729,49274800,AAPL
2025-11-04 00:00:00-05:00,202.9886974,203.9586446,197.9189724,198.6789398,188919300,NVDA
2025-11-05 00:00:00-05:00,198.7589419,202.9087048,194.6391608,195.1991425,171350300,NVDA
2025-11-05 00:00:00-05:00,268.34984,271.4368742,266.6714743,269.8783875,43683100,AAPL
2025-11-06 00:00:00-05:00,267.6305743,273.1352174,267.6305743,269.508728,51204000,AAPL
2025-11-06 00:00:00-05:00,196.4090665,197.6089966,186.369632,188.0695343,223029800,NVDA
2025-11-07 00:00:00-05:00,184.8897072,188.3095303,178.9000502,188.1395264,264942300,NVDA
2025-11-07 00:00:00-05:00,437.9200134,439.3599854,421.8800049,429.519989,103471500,TSLA
2025-11-07 00:00:00-05:00,269.53869,272.0262992,266.5116257,268.2099915,48227400,AAPL
2025-11-10 00:00:00-05:00,439.6000061,449.6700134,433.3599854,445.230011,76515900,TSLA
2025-11-10 00:00:00-05:00,195.099142,199.928875,193.7792081,199.0389252,198897100,NVDA
2025-11-10 00:00:00-05:00,268.9599915,273.730011,267.4599915,269.4299927,41312400,AAPL
2025-11-11 00:00:00-05:00,195.1491348,195.4091149,191.2893492,193.1492462,176483300,NVDA
2025-11-11 00:00:00-05:00,269.8099976,275.9100037,269.7999878,275.25,46208300,AAPL
2025-11-11 00:00:00-05:00,439.3999939,442.4899902,432.3599854,439.6199951,60533200,TSLA
2025-11-12 00:00:00-05:00,195.7091064,195.8790951,191.1193655,193.7892151,154935300,NVDA
2025-11-12 00:00:00-05:00,275,275.730011,271.7000122,273.4700012,48398000,AAPL
2025-11-12 00:00:00-05:00,442.1499939,442.3299866,426.5599976,430.6000061,58513500,TSLA
2025-11-13 00:00:00-05:00,191.0393632,191.4293409,183.8397672,186.8495941,207423100,NVDA
2025-11-13 00:00:00-05:00,274.1099854,276.7000122,272.0899963,272.9500122,49602800,AAPL
2025-11-13 00:00:00-05:00,423.1300049,424.5,396.3399963,401.9899902,118948000,TSLA
2025-11-14 00:00:00-05:00,182.8498181,190.9993581,180.5699462,190.1594086,186591900,NVDA
2025-11-14 00:00:00-05:00,271.0499878,275.9599915,269.6000061,272.4100037,47431300,AAPL
2025-11-14 00:00:00-05:00,386.2999878,412.1900024,382.7799988,404.3500061,105506700,TSLA
2025-11-17 00:00:00-05:00,268.8200073,270.4899902,265.730011,267.4599915,45018300,AAPL
2025-11-17 00:00:00-05:00,398.7399902,423.9599915,398.7399902,408.9200134,102214300,TSLA
2025-11-17 00:00:00-05:00,185.9596451,188.9894751,184.3097431,186.5896149,173628900,NVDA
2025-11-18 00:00:00-05:00,405.3800049,408.8999939,393.7099915,401.25,80688600,TSLA
2025-11-18 00:00:00-05:00,183.3697911,184.7897101,179.6399878,181.3498993,213598900,NVDA
2025-11-18 00:00:00-05:00,269.9899902,270.7099915,265.3200073,267.4400024,45677300,AAPL
2025-11-19 00:00:00-05:00,406.1799927,411.7799988,398.5,403.9899902,72047700,TSLA
2025-11-19 00:00:00-05:00,184.7796984,187.8495347,182.8198162,186.509613,247246400,NVDA
2025-11-19 00:00:00-05:00,265.5299988,272.2099915,265.5,268.5599976,40424500,AAPL
2025-11-20 00:00:00-05:00,414.6300049,428.9400024,394.7399902,395.230011,113548800,TSLA
2025-11-20 00:00:00-05:00,195.9390892,195.9890894,179.8399945,180.6299438,343504800,NVDA
2025-11-20 00:00:00-05:00,270.8299866,275.4299927,265.9200134,266.25,45823600,AAPL
2025-11-21 00:00:00-05:00,402.3200073,402.7999878,383.7600098,391.0899963,100460600,TSLA
2025-11-21 00:00:00-05:00,265.9500122,273.3299866,265.6700134,271.4899902,59030800,AAPL
2025-11-21 00:00:00-05:00,181.22991,184.5497172,172.9203601,178.8700409,346926200,NVDA
2025-11-24 00:00:00-05:00,270.8999939,277,270.8999939,275.9200134,65585800,AAPL
2025-11-24 00:00:00-05:00,402.1700134,421.7200012,401.0899963,417.7799988,96806400,TSLA
2025-11-24 00:00:00-05:00,179.4800135,183.4897848,176.4701713,182.5398407,256618300,NVDA
2025-11-25 00:00:00-05:00,275.269989,280.3800049,275.25,276.9700012,46914200,AAPL
2025-11-25 00:00:00-05:00,414.4200134,420.480011,405.9500122,419.3999939,71915600,TSLA
2025-11-25 00:00:00-05:00,174.9002628,178.1500818,169.5405607,177.8101044,320600300,NVDA
2025-11-26 00:00:00-05:00,276.9599915,279.5299988,276.6300049,277.5499878,33431400,AAPL
2025-11-26 00:00:00-05:00,423.9500122,426.9400024,416.8900146,426.5799866,63463000,TSLA
2025-11-26 00:00:00-05:00,181.6198883,182.8998158,178.2300777,180.2499542,183852000,NVDA
2025-11-28 00:00:00-05:00,426.5899963,432.9299927,426.2000122,430.1700134,36252900,TSLA
2025-11-28 00:00:00-05:00,179.0000254,179.2800086,176.4901707,176.9901428,121332800,NVDA
2025-11-28 00:00:00-05:00,277.2600098,279,275.9899902,278.8500061,20135600,AAPL
2025-12-01 00:00:00-05:00,174.7502718,180.2899721,173.6703301,179.9099884,188131000,NVDA
2025-12-01 00:00:00-05:00,278.0100098,283.4200134,276.1400146,283.1000061,46587700,AAPL
2025-12-01 00:00:00-05:00,425.3200073,433.6600037,425.2900085,430.1400146,57463600,TSLA
2025-12-02 00:00:00-05:00,181.7498765,185.6496685,179.98998,181.4499054,182632200,NVDA
2025-12-02 00:00:00-05:00,283,287.3999939,282.6300049,286.1900024,53669500,AAPL
2025-12-02 00:00:00-05:00,430.8099976,436.7999878,422.1199951,429.2399902,69336600,TSLA
2025-12-03 00:00:00-05:00,181.0699244,182.4398433,179.1000328,179.5800018,165138000,NVDA
2025-12-03 00:00:00-05:00,286.2000122,288.6199951,283.2999878,284.1499939,43538700,AAPL
2025-12-04 00:00:00-05:00,284.1000061,284.730011,278.5899963,280.7000122,43989100,AAPL
2025-12-04 00:00:00-05:00,181.6199951,184.5200043,179.9600067,183.3800049,167364900,NVDA
2025-12-05 00:00:00-05:00,280.5400085,281.1400146,278.0499878,278.7799988,47265800,AAPL
2025-12-05 00:00:00-05:00,183.8899994,184.6600037,180.9100037,182.4100037,143971100,NVDA
2025-12-08 00:00:00-05:00,447.4500122,449.75,435.25,439.5799866,69165800,TSLA
2025-12-08 00:00:00-05:00,278.1300049,279.6700134,276.1499939,277.8900146,38211800,AAPL
2025-12-08 00:00:00-05:00,182.6399994,188,182.3999939,185.5500031,204378100,NVDA
2025-12-09 00:00:00-05:00,437.5400085,452.3900146,435.7000122,445.1700134,62367400,TSLA
2025-12-09 00:00:00-05:00,278.1600037,280.0299988,276.9200134,277.1799927,32193300,AAPL
2025-12-09 00:00:00-05:00,185.5599976,185.7200012,183.3200073,184.9700012,144719700,NVDA
2025-12-10 00:00:00-05:00,184.9700012,185.4799957,182.0399933,183.7799988,162785400,NVDA
2025-12-10 00:00:00-05:00,277.75,279.75,276.4400024,278.7799988,33038300,AAPL
2025-12-11 00:00:00-05:00,180.2799988,181.3200073,176.6199951,180.9299927,182136600,NVDA
2025-12-11 00:00:00-05:00,279.1000061,279.5899963,273.8099976,278.0299988,33248000,AAPL
2025-12-12 00:00:00-05:00,277.8999939,279.2200012,276.8200073,278.2799988,39532900,AAPL
2025-12-12 00:00:00-05:00,181.1100006,182.8200073,174.6199951,175.0200043,204274900,NVDA
2025-12-15 00:00:00-05:00,280.1499939,280.1499939,272.8399963,274.1099854,50409100,AAPL
2025-12-15 00:00:00-05:00,177.9400024,178.4199982,175.0299988,176.2899933,164775600,NVDA
2025-12-16 00:00:00-05:00,176.2599945,178.4900055,174.8999939,177.7200012,148588100,NVDA
2025-12-16 00:00:00-05:00,272.8200073,275.5,271.7900085,274.6099854,37648600,AAPL
2025-12-17 00:00:00-05:00,275.0100098,276.1600037,271.6400146,271.8399963,50138700,AAPL
2025-12-17 00:00:00-05:00,176.1000061,176.1300049,170.3099976,170.9400024,222775500,NVDA
2025-12-18 00:00:00-05:00,174.5299988,176.1499939,171.8200073,174.1399994,176096000,NVDA
2025-12-18 00:00:00-05:00,273.6099854,273.6300049,266.9500122,272.1900024,51630700,AAPL
2025-12-19 00:00:00-05:00,176.6699982,181.4499969,176.3399963,180.9900055,324925900,NVDA
2025-12-19 00:00:00-05:00,272.1499939,274.6000061,269.8999939,273.6700134,144632000,AAPL
2025-12-22 00:00:00-05:00,183.9199982,184.1600037,182.3500061,183.6900024,129064400,NVDA
2025-12-22 00:00:00-05:00,272.8599854,273.8800049,270.5100098,270.9700012,36571800,AAPL
2025-12-23 00:00:00-05:00,182.9700012,189.3300018,182.8999939,189.2100067,174873600,NVDA
2025-12-23 00:00:00-05:00,270.8399963,272.5,269.5599976,272.3599854,29642000,AAPL
2025-12-24 00:00:00-05:00,187.9400024,188.9100037,186.5899963,188.6100006,65528500,NVDA
2025-12-24 00:00:00-05:00,272.3399963,275.4299927,272.2000122,273.8099976,17910600,AAPL
2025-12-26 00:00:00-05:00,274.1600037,275.3699951,272.8599854,273.3999939,21521800,AAPL
2025-12-26 00:00:00-05:00,189.9199982,192.6900024,188,190.5299988,139740300,NVDA
2025-12-29 00:00:00-05:00,272.6900024,274.3599854,272.3500061,273.7600098,23715200,AAPL
2025-12-29 00:00:00-05:00,187.7100067,188.7599945,185.9100037,188.2200012,120006100,NVDA
2025-12-30 00:00:00-05:00,272.8099976,274.0799866,272.2799988,273.0799866,22139600,AAPL
2025-12-30 00:00:00-05:00,188.2400055,188.9900055,186.9299927,187.5399933,97687300,NVDA
2025-12-31 00:00:00-05:00,189.5700073,190.5599976,186.4900055,186.5,120100500,NVDA
2025-12-31 00:00:00-05:00,273.0599976,273.6799927,271.75,271.8599854,27293600,AAPL
2026-01-02 00:00:00-05:00,189.8399963,192.9299927,188.2599945,188.8500061,148240500,NVDA
2026-01-02 00:00:00-05:00,272.2600098,277.8399963,269,271.0100098,37838100,AAPL
2026-01-05 00:00:00-05:00,191.7599945,193.6300049,186.1499939,188.1199951,183529700,NVDA
2026-01-05 00:00:00-05:00,270.6400146,271.5100098,266.1400146,267.2600098,45647200,AAPL
2026-01-06 00:00:00-05:00,446.3800049,448.25,428.7799988,432.9599915,89093800,TSLA
2026-01-06 00:00:00-05:00,267,267.5499878,262.1199951,262.3599854,52352100,AAPL
2026-01-06 00:00:00-05:00,190.5200043,192.1699982,186.8200073,187.2400055,176862600,NVDA
2026-01-07 00:00:00-05:00,435.8999939,438.3699951,431.2900085,431.4100037,59828800,TSLA
2026-01-07 00:00:00-05:00,188.5700073,191.3699951,186.5599976,189.1100006,153543200,NVDA
2026-01-07 00:00:00-05:00,263.2000122,263.6799927,259.8099976,260.3299866,48309800,AAPL
2026-01-08 00:00:00-05:00,189.1100006,189.5500031,183.7100067,185.0399933,172457000,NVDA
2026-01-08 00:00:00-05:00,427.8900146,436.8900146,424.3699951,435.7999878,57041100,TSLA
2026-01-08 00:00:00-05:00,257.019989,259.2900085,255.6999969,259.0400085,50419300,AAPL
2026-01-09 00:00:00-05:00,435.9500122,449.0499878,430.3900146,445.0100098,67331500,TSLA
2026-01-09 00:00:00-05:00,185.0800018,186.3399963,183.6699982,184.8600006,131327500,NVDA
2026-01-09 00:00:00-05:00,259.0799866,260.2099915,256.2200012,259.3699951,39997000,AAPL
2026-01-12 00:00:00-05:00,183.2200012,187.1199951,183.0200043,184.9400024,137968500,NVDA
2026-01-12 00:00:00-05:00,259.1600037,261.2999878,256.7999878,260.25,45263800,AAPL
2026-01-13 00:00:00-05:00,185,188.1100006,183.3999939,185.8099976,160128900,NVDA
2026-01-13 00:00:00-05:00,258.7200012,261.8099976,258.3900146,261.0499878,45730800,AAPL
2026-01-14 00:00:00-05:00,259.4899902,261.8200073,256.7099915,259.9599915,40019400,AAPL
2026-01-14 00:00:00-05:00,442.8099976,443.9100037,434.2200012,439.2000122,57259500,TSLA
2026-01-14 00:00:00-05:00,184.3200073,184.4600067,180.8000031,183.1399994,159586100,NVDA
2026-01-15 00:00:00-05:00,260.6499939,261.0400085,257.0499878,258.2099915,39388600,AAPL
2026-01-15 00:00:00-05:00,441.1300049,445.3599854,437.6499939,438.5700073,49465800,TSLA
2026-01-15 00:00:00-05:00,186.5,189.6999969,186.3300018,187.0500031,206188600,NVDA
2026-01-16 00:00:00-05:00,189.0800018,190.4400024,186.0800018,186.2299957,187967200,NVDA
2026-01-16 00:00:00-05:00,439.5,447.25,435.2600098,437.5,60220600,TSLA
2026-01-16 00:00:00-05:00,257.8999939,258.8999939,254.9299927,255.5299988,72142800,AAPL
2026-01-20 00:00:00-05:00,252.7299957,254.7899933,243.4199982,246.6999969,80267500,AAPL
2026-01-20 00:00:00-05:00,429.3599854,430.730011,417.4400024,419.25,63187300,TSLA
2026-01-20 00:00:00-05:00,181.8999939,182.3800049,177.6100006,178.0700073,223345300,NVDA
2026-01-21 00:00:00-05:00,179.0500031,185.3800049,178.3999939,183.3200073,200381000,NVDA
2026-01-21 00:00:00-05:00,421.6600037,438.2000122,419.6199951,431.4400024,68124000,TSLA
2026-01-21 00:00:00-05:00,248.6999969,251.5599976,245.1799927,247.6499939,54641700,AAPL
2026-01-22 00:00:00-05:00,184.75,186.1699982,183.9299927,184.8399963,139636600,NVDA
2026-01-22 00:00:00-05:00,249.1999969,251,248.1499939,248.3500061,39708300,AAPL
2026-01-23 00:00:00-05:00,187.5,189.6000061,186.8200073,187.6699982,142748100,NVDA
2026-01-23 00:00:00-05:00,247.3200073,249.4100037,244.6799927,248.0399933,41689000,AAPL
2026-01-26 00:00:00-05:00,187.1600037,189.1199951,185.9900055,186.4700012,124799600,NVDA
2026-01-26 00:00:00-05:00,445,445.0400085,434.2799988,435.2000122,49397400,TSLA
2026-01-26 00:00:00-05:00,251.4799957,256.5599976,249.8000031,255.4100037,55969200,AAPL
2026-01-27 00:00:00-05:00,187.2400055,190,185.6999969,188.5200043,143711600,NVDA
2026-01-27 00:00:00-05:00,259.1700134,261.9500122,258.2099915,258.269989,49648300,AAPL
2026-01-27 00:00:00-05:00,437.4100037,437.519989,430.6900024,430.8999939,37733100,TSLA
2026-01-28 00:00:00-05:00,257.6499939,258.8599854,254.5099945,256.4400024,41288000,AAPL
2026-01-28 00:00:00-05:00,431.9100037,438.2600098,430.1000061,431.4599915,54857400,TSLA
2026-01-28 00:00:00-05:00,191.2700043,192.3500061,189.8399963,191.5200043,148552700,NVDA
2026-01-29 00:00:00-05:00,258,259.6499939,254.4100037,258.2799988,67253000,AAPL
2026-01-29 00:00:00-05:00,191.3399963,193.4799957,186.0599976,192.5099945,171764400,NVDA
2026-01-29 00:00:00-05:00,437.7999878,440.230011,414.6199951,416.5599976,81686100,TSLA
2026-01-30 00:00:00-05:00,425.3500061,439.8800049,422.7000122,430.4100037,82626100,TSLA
2026-01-30 00:00:00-05:00,255.1699982,261.8999939,252.1799927,259.480011,92443400,AAPL
2026-01-30 00:00:00-05:00,191.2100067,194.4900055,189.4700012,191.1300049,179489500,NVDA
2026-02-02 00:00:00-05:00,260.0299988,270.4899902,259.2099915,270.0100098,73913400,AAPL
2026-02-02 00:00:00-05:00,421.2900085,427.1499939,414.5,421.8099976,58739500,TSLA
2026-02-02 00:00:00-05:00,187.1999969,190.3000031,184.8800049,185.6100006,165794100,NVDA
2026-02-03 00:00:00-05:00,424.269989,428.5599976,413.6900024,421.9599915,56886500,TSLA
2026-02-03 00:00:00-05:00,186.2400055,186.2700043,176.2299957,180.3399963,204019600,NVDA
2026-02-03 00:00:00-05:00,269.2000122,271.8800049,267.6099854,269.480011,64394700,AAPL
2026-02-04 00:00:00-05:00,420.4599915,423.8999939,399.1799927,406.0100098,74606900,TSLA
2026-02-04 00:00:00-05:00,179.4600067,179.5800018,171.9100037,174.1900024,207014100,NVDA
2026-02-04 00:00:00-05:00,272.2900085,278.9500122,272.2900085,276.4899902,90545700,AAPL
2026-02-05 00:00:00-05:00,278.1300049,279.5,273.230011,275.9100037,52716800,AAPL
2026-02-05 00:00:00-05:00,174.9299927,176.8200073,171.0299988,171.8800049,204743400,NVDA
2026-02-05 00:00:00-05:00,397.019989,402.1000061,387.5299988,397.2099915,72231900,TSLA
