Price,Close,Close,Close,Close,Close,Close,High,High,High,High,High,High,Low,Low,Low,Low,Low,Low,Open,Open,Open,Open,Open,Open,Volume,Volume,Volume,Volume,Volume,Volume
Ticker,AAPL,GOOGL,JPM,MSFT,NVDA,TSLA,AAPL,GOOGL,JPM,MSFT,NVDA,TSLA,AAPL,GOOGL,JPM,MSFT,NVDA,TSLA,AAPL,GOOGL,JPM,MSFT,NVDA,TSLA,AAPL,GOOGL,JPM,MSFT,NVDA,TSLA
Date,,,,,,,,,,,,,,,,,,,,,,,,,,,,,,
2024-04-15,171.13255310058594,153.590576171875,175.33465576171875,407.38714599609375,85.9524917602539,161.47999572753906,175.0370216134587,157.93467710778722,179.71587214147985,420.36790078356154,90.56188993656951,170.69000244140625,170.94426424521788,153.32278518896982,174.67315791633376,407.18029886088704,85.8805337738884,161.3800048828125,173.77847120218846,157.55778721582507,176.87814585813857,420.15122525352587,89.0477450616577,170.24000549316406,73531800,27136500,14766600,20273500,443077000,100245300
2024-04-16,167.85240173339844,153.13433837890625,173.3310089111328,408.3128967285156,87.36569213867188,157.11000061035156,172.19288913903023,154.3740918150493,175.5935159903281,412.07515806913636,88.06829089560239,158.19000244140625,166.7524119884344,152.17228850176252,172.22850756281414,407.47576998606934,86.01545628049773,153.75,170.20102235595408,152.92606827651122,175.3442474381056,408.3030683339737,86.38424380509475,156.74000549316406,73711200,20779500,16451800,16765600,370453000,97000000
2024-04-17,166.48483276367188,154.19557189941406,172.64073181152344,405.61431884765625,83.98759460449219,155.4499969482422,169.1109267558204,155.7923749027095,174.88406075478235,412.5479054250206,88.7249183584023,158.3300018310547,166.48483276367188,153.3128680735991,171.79708073743586,404.1271355046504,83.90263584788114,153.77999877929688,168.08031301583728,154.3443362556772,173.87743429200685,410.9425408996239,88.2901585822677,157.63999938964844,50901200,21763100,9017100,15855500,495400000,82439700
2024-04-18,165.53347778320312,154.7311553955078,173.7624053955078,398.15875244140625,84.62323760986328,149.92999267578125,167.11905360596796,155.65353990489737,175.78524005173225,405.66358827577534,86.14138561304675,152.1999969482422,165.04790671737481,153.35255005525875,172.5352844752654,397.8436126348303,82.35552028108327,148.6999969482422,166.51455452467067,154.0666493097183,173.61860787689943,404.4226257260466,84.92207255324703,151.25,43122900,19883000,9557700,21029900,447260000,96098800
2024-04-19,163.51190185546875,152.82688903808594,178.12442016601562,393.0866394042969,76.15702819824219,147.0500030517578,164.89926951971245,155.07828562000708,178.20111704187556,399.35051316442866,84.27644766930946,150.94000244140625,162.6002009445124,151.0515686940003,173.91577601657252,391.7570408652649,75.56336900757456,146.22000122070312,164.7109957890585,154.91959354072858,174.86486876991842,397.9224202787546,83.10311370735981,148.97000122070312,68149400,32615600,13402300,30565800,875198000,87074500
2024-04-22,164.3443145751953,154.99893188476562,181.58529663085938,394.8988037109375,79.47315216064453,142.0500030517578,165.75150603037284,156.34778422424392,182.27555391774052,396.7602475945419,80.02783946358336,144.44000244140625,163.28397258003716,152.7971285786509,178.2969855796847,389.76757007965125,76.35691439393003,138.8000030517578,164.0272084619306,153.04507926507185,178.3065818323909,394.0321015888098,78.05994814693265,140.55999755859375,48116400,26446200,11529700,20286900,596341000,107097600
2024-04-23,165.39476013183594,156.9626922607422,184.20254516601562,401.4089050292969,82.37651062011719,144.67999267578125,165.54341638804536,157.66687884737183,184.288823684532,402.0293863346637,82.72231614993429,147.25999450683594,163.43262154349364,154.99892712206798,182.64947331897505,396.9670716039761,80.21873169463018,141.11000061035156,163.85875133255257,155.67336083793805,183.23427432520236,398.1292267170022,80.7234441336971,143.3300018310547,49537800,21151600,9144400,15734500,438559000,124545100
2024-04-24,167.49563598632812,157.82559204101562,185.1036834716797,402.8763427734375,79.63206481933594,162.1300048828125,167.7731094949557,158.26198771551822,185.24748097776123,406.2347982871372,84.03457921776213,167.97000122070312,164.7109814111337,155.88165180015244,182.31389482622563,400.6308101493401,79.13834013698539,157.50999450683594,165.03799187966663,156.19903597568538,182.65902346925535,403.36878440202247,83.90264988256477,162.83999633789062,48251800,22779100,6964900,15065300,512208000,181178000
2024-04-25,168.35780334472656,154.7212371826172,185.3817138671875,393.00787353515625,82.58538818359375,170.17999267578125,169.07131105182287,155.2072260039545,185.92817369729963,393.84503042188726,83.2759926322814,170.8800048828125,166.63349053238153,149.63328396324783,183.28218231517408,382.16429787123263,78.178871245499,158.36000061035156,168.0010494911784,150.08951991120836,184.30798671411355,388.0735981687377,78.82350402342217,158.9600067138672,50558300,57109700,9802300,40586500,424641000,126427500
2024-04-26,167.77313232421875,170.54049682617188,185.49676513671875,400.177734375,87.6855239868164,168.2899932861328,169.79472746518425,173.2778823744627,186.8197461895444,406.7567466964452,88.28118855401848,172.1199951171875,167.65420428921547,168.25934724716632,185.08452120379513,399.6262022077081,83.3399763925944,166.3699951171875,168.34790327634968,172.9406579042473,185.57346202257514,405.93930689514616,83.7707330936579,168.85000610351562,44838400,64665300,6413700,29694700,551011000,109815700
2024-04-29,171.93524169921875,164.78802490234375,185.29542541503906,396.1693420410156,87.70751190185547,194.0500030517578,174.44242297655094,168.1601634153097,186.2349366235766,400.1778246357648,87.94237235498613,198.8699951171875,171.53885525962073,163.8557430067843,184.48053384037513,393.1556012841848,85.21791179771557,184.5399932861328,171.80640930182136,167.67417460775002,185.4871603065969,399.1239921991836,87.54560070216142,188.4199981689453,68169400,45610000,5387800,19582100,388971000,243869700
2024-04-30,168.7938232421875,161.44566345214844,183.8190460205078,383.444580078125,86.35327911376953,183.27999877929688,173.4117990890393,166.72206177178046,186.93478547211615,396.0806489273893,88.76891600613489,190.9499969482422,168.46679764398493,161.26714620693434,183.7231712629308,383.28702520862055,86.25133925368692,182.83999633789062,171.76676673002254,164.25246727701446,184.8448357100977,395.42076392930267,87.19080401105087,186.97999572753906,65934800,33562900,8153700,28781400,363709000,127031800
2024-05-01,167.77313232421875,162.5167999267578,183.93409729003906,388.9698181152344,82.99414825439453,179.99000549316406,171.1523820898212,165.7500714576766,186.42669488243652,395.6473257764034,85.9514784070707,185.86000061035156,167.58484346320657,161.7531075684998,182.90829289804591,384.4098035661703,81.20915281271795,179.00999450683594,168.05060587060277,162.95319556004813,184.3271633446403,386.6750231640028,85.02900264492887,182.0,50383100,33493200,7445300,23562500,559863000,92829700
2024-05-02,171.46949768066406,165.254150390625,183.74237060546875,391.825927734375,85.76859283447266,180.00999450683594,171.85597979307556,165.36324928594854,185.50635517485986,393.88433001065073,86.18835408667036,184.60000610351562,169.34879824722077,162.54653343140467,181.69077635818138,388.6841479294673,83.15306466582874,176.02000427246094,170.95418315705703,163.43914975044652,185.09412585167607,391.6486559723034,84.4013606664833,182.86000061035156,94214900,24294500,6501700,17709400,377898000,89148000
2024-05-03,181.72613525390625,165.86911010742188,182.6398468017578,400.5126037597656,88.73892211914062,181.19000244140625,185.31348231884328,166.5832093530068,184.5764027909394,400.9951869074052,89.23064138508623,184.77999877929688,181.01262758822543,161.71345384411,180.67454593960358,395.7851463891385,86.99090805240313,178.4199981689453,184.9666328542693,166.18647914228734,184.06829876150786,396.19881055586524,87.73948614559522,182.10000610351562,163224100,34662400,8922800,17446700,398341000,75491500
2024-05-06,180.0712127685547,166.72206115722656,184.0683135986328,407.2886657714844,92.08802032470703,184.75999450683594,182.53874644704828,166.76172661144676,184.260048499611,407.67275464571117,92.16797702421842,187.55999755859375,178.79283846563771,164.6690220425713,181.97837830963059,400.22703898277103,89.00476158502293,182.1999969482422,180.70544017490002,166.08730795373265,183.80946343667284,402.58092459776026,89.33957168600001,183.8000030517578,78569700,21871300,7911100,16996600,376203000,84390300
2024-05-07,180.75498962402344,169.84622192382812,183.82862854003906,403.1521911621094,90.50293731689453,177.80999755859375,183.23244296383282,170.35203588113026,184.95987461709856,408.4016368256801,91.729242786713,183.25999450683594,179.6847430878599,167.00966543700736,183.7327537819952,402.90597029756594,88.96080814892957,177.39999389648438,181.79552305097843,167.1187643454893,183.78069116101713,408.39177837309586,91.04662927345892,182.39999389648438,77305800,28039700,7688800,20018200,437342000,75045900
2024-05-08,181.09190368652344,167.99154663085938,187.56752014160156,404.3339538574219,90.36101531982422,174.72000122070312,181.41892928578648,168.75522381569002,188.52620925988919,405.9984088555703,91.14257199813075,176.05999755859375,179.81352951475225,167.35679350646177,183.10962159293808,400.56183440244655,89.36957035953105,170.14999389648438,181.20091221961113,167.6146567610361,183.10962159293808,401.999785502548,89.43253836914545,171.58999633789062,45057100,19569100,9227600,11792300,325721000,79969500
2024-05-09,182.9054412841797,168.56683349609375,189.34107971191406,406.0871276855469,88.69695281982422,171.97000122070312,182.99462597964828,169.29084540122446,189.427358212098,406.48107503136987,91.02063858717587,175.6199951171875,180.46762042647373,166.80141034873012,187.04023193640847,402.91580195884967,88.18124497678554,171.3699951171875,180.91355902499257,168.00149855894648,187.10733256040706,404.3635817483474,90.47794554376881,175.00999450683594,48983000,15346700,7977300,14689700,378013000,65950300
2024-05-10,181.64515686035156,167.2675323486328,190.5586395263672,408.4704895019531,89.82730102539062,168.47000122070312,183.66949389545601,168.45770778843482,191.10508471525102,409.1008292398404,91.3494445724532,173.05999755859375,180.7322193628195,164.8277059911993,190.0792949687619,405.5749302005713,89.17666725781999,167.75,183.48094965782863,166.65261946945532,190.33813049739558,406.69771158758806,90.25406212026445,173.0500030517578,50759500,29799900,7529800,13402300,335325000,72627200
2024-05-13,184.850341796875,167.75352478027344,190.52029418945312,407.4659118652344,90.3480224609375,171.88999938964844,185.66405574980115,167.89237656675422,191.59403600454803,412.02592626132173,90.94668368485891,175.39999389648438,183.20307828852305,162.65565899989346,189.85879632323068,404.6097563640546,88.47907428372562,169.0,184.0167922414492,162.9135222794407,190.5874094528372,411.6910695528216,90.4269726636133,170.0,72044800,31327600,7049200,15440200,289680000,67018900
2024-05-14,185.9915313720703,168.94366455078125,193.1854248046875,410.2630310058594,91.30447387695312,177.5500030517578,186.8548647149755,169.84620861991712,193.25254005969873,411.1789653639721,91.59930565354625,179.49000549316406,184.8602810891409,167.41629508538105,189.9738252708075,405.3287555020644,88.88383529778994,174.07000732421875,186.07091921634225,168.37834489380802,190.77912056033855,405.7916519071735,89.54846112262796,174.5,52393600,25127100,8596200,15109300,296507000,86407400
2024-05-15,188.26397705078125,171.0958709716797,193.7606658935547,417.4360046386719,94.57662200927734,173.99000549316406,189.18683240943687,171.2347227383607,194.31670735941614,418.15627711467357,94.80849340867992,180.0,185.9320062923224,169.11226565697544,191.51733677946362,411.7035137509103,91.54733338803841,173.11000061035156,186.46787049037354,169.23129226677884,193.66479112658575,412.32511422725236,92.41984207783547,179.89999389648438,70400000,26948400,8370000,22239500,417735000,79663000
2024-05-16,188.38302612304688,172.75221252441406,194.1057891845703,415.3739013671875,94.3057861328125,174.83999633789062,189.63336565724362,173.684509621438,196.03274906827554,419.7448271840896,95.7649618311796,175.7899932861328,188.2044148419799,171.27443596883012,193.6456224984565,414.74245474989345,94.04992617640089,171.42999267578125,189.00819589014523,171.869508596453,193.86611690223924,416.1730933998144,94.85647788998737,174.10000610351562,52845200,27867900,8497900,17530100,323952000,59812200
2024-05-17,188.41281127929688,174.61679077148438,196.32992553710938,414.6042785644531,92.42683410644531,177.4600067138672,189.34559954047234,174.8250760090424,196.57919405411525,417.27814812423264,94.68656039026546,179.6300048828125,187.72810435814964,172.2662230829347,194.4317253003019,412.45336756995647,91.75421718471637,172.75,188.0555735439889,172.75219674772163,195.39041435725596,416.90321260748334,94.31577507944353,173.5500030517578,41282900,24479300,9260500,15352200,359691000,77445800
2024-05-20,189.57383728027344,175.46975708007812,187.50042724609375,419.6658935546875,94.72655487060547,174.9499969482422,190.44708847543168,177.30459839219796,197.37492849755048,421.0768099021397,95.1463162138061,177.75,187.55941793463836,174.63664632446375,187.32785559089572,414.3872573782501,93.38731412084368,173.52000427246094,187.8769693298537,174.7457452424878,195.94647638612952,414.6043237478942,93.6971368800976,177.55999755859375,44361300,22554400,17373300,16272100,318764000,61727400
2024-05-21,190.87379455566406,176.39212036132812,191.27764892578125,423.3165283203125,95.33219146728516,186.60000610351562,191.2508679069906,176.6896490712989,191.64194082806156,427.1940941013643,95.34618350846229,186.8800048828125,189.45476137627725,174.36883433127562,188.47827857361983,419.1824213563369,93.12743465738653,174.7100067138672,189.62345487533878,175.44989566739218,188.86174835342052,421.13598848639515,93.54619700583739,175.50999450683594,42309400,16989400,14420800,21453300,328946000,115266500
2024-05-22,189.43490600585938,174.93418884277344,190.11764526367188,424.7767639160156,94.89644622802734,180.11000061035156,191.3401840301744,175.69786612928917,192.63900243934597,426.6415653807663,95.96584245517248,183.8000030517578,188.8097513226368,173.7737813421162,189.52326266468145,421.43200286988593,93.19640917175742,178.1199951171875,190.79440205142186,175.19205213168274,190.77914312561188,424.35250743086516,95.4051618418388,182.85000610351562,34648500,17880000,9425300,18073700,548648000,88313500
2024-05-23,185.44577026367188,172.1273651123047,188.78506469726562,421.3037414550781,103.74047088623047,173.74000549316406,189.5341459487459,176.7888348703636,190.10806039860006,427.81570226312846,106.26004537919088,181.89999389648438,185.19768892080702,171.53227742671908,187.97018770099368,419.7448321943187,101.46274907027386,173.25999450683594,189.51429520164533,175.61851492474267,189.63829745126534,427.19410176133954,101.97046583987779,181.8000030517578,51005900,21024900,8069400,17211700,835065000,71975500
2024-05-24,188.52195739746094,173.55555725097656,192.41851806640625,424.42156982421875,106.40895080566406,179.24000549316406,189.11735863774422,174.32916213437795,192.46644082422952,425.30955759417924,106.41494412748668,180.0800018310547,186.59684388111853,172.22653015180546,189.39863827328057,418.7482761527639,102.94190563238328,173.72999572753906,187.37087155015982,173.54562953855606,189.58079156400566,421.49118910602255,104.39008586204577,174.83999633789062,36327000,16579400,7356200,11855300,429494000,65584500
2024-05-28,188.5319061279297,174.95401000976562,191.2584686279297,424.5794677734375,113.83675384521484,176.75,191.51880009814326,175.8168887472588,192.13087918863567,425.07279769134385,114.87417036274923,178.25,187.64873713728954,172.94065151179802,190.4531733234784,420.9090919797955,109.82102250000426,173.16000366210938,190.04022981736387,173.01999755281523,191.60359727675655,423.8986700778892,110.18181893492428,176.39999389648438,52280100,20572200,6910200,15718000,652728000,59736600
2024-05-29,188.82958984375,174.45809936523438,189.9259033203125,423.4447937011719,114.76023864746094,176.19000244140625,190.7745542503335,175.39039638067896,190.76955443221763,425.1911706830153,115.42686229387073,178.14999389648438,188.05557725890648,173.28777937305267,188.75630141642043,420.0112068053538,110.83845570707368,173.92999267578125,188.15481585355153,173.99195085751208,189.82044693132437,420.0112068053538,112.98624580119811,174.19000244140625,53068000,23388700,6120000,15517100,557442000,54782600
2024-05-30,189.82191467285156,170.69918823242188,191.0955047607422,409.1382141113281,110.43767547607422,178.7899932861328,190.70508365256933,173.78369568525272,191.59402720097117,418.639722265152,115.75367568258609,182.6699981689453,189.16699143181853,170.381804057889,190.2039162690166,408.7139275324575,109.60114957621623,175.3800048828125,189.29598343446253,173.7638553909168,190.35731003961553,418.639722265152,114.58533630630252,178.5800018310547,49889100,22931500,6829100,28394500,484553000,77618400
2024-05-31,190.77455139160156,171.0859832763672,194.25917053222656,409.5920715332031,109.5711669921875,178.0800018310547,191.09210277636024,171.64139042387083,194.901490452382,411.19045552886206,112.65342715935483,180.32000732421875,188.45251367186646,168.05106912485823,190.15598249141297,399.1137496856911,106.87968513049076,173.82000732421875,189.9707702687458,170.4512300886902,191.06673418033685,411.19045552886206,112.45653205108225,178.5,75158300,37638900,14417900,47995300,613263000,67314600
2024-06-03,192.54087829589844,171.75048828125,193.48263549804688,408.0035095214844,114.93513488769531,176.2899932861328,193.49351725389894,173.09934068848278,194.05784016408327,410.8746928703061,114.93513488769531,182.63999938964844,191.04247253185534,169.75697011042396,190.9612785580393,403.46489897631534,111.93982368190672,174.49000549316406,191.41954585254337,171.12564767729586,193.9523837810448,409.98670515974976,113.55691490102478,178.1300048828125,50080500,27459100,6444300,17484700,438392000,68568900
2024-06-04,192.85842895507812,172.36538696289062,190.9325408935547,410.51953125,116.37133026123047,174.77000427246094,193.82098571162214,172.42490783803038,193.63603677852987,410.88459054146256,116.53424034822847,177.75999450683594,191.54855228534223,170.48096786025872,190.08888973275643,404.21476096620233,113.98068096958718,174.0,193.14619663099631,171.85957302701576,191.89123007503053,406.9280752908703,115.65074383289046,174.77999877929688,47471400,26879600,6848300,14348900,403324000,60056300
2024-06-05,194.36676025390625,173.97215270996094,189.11099243164062,418.3536376953125,122.3709487915039,175.0,195.38885414673365,175.2019786372729,191.56524863165387,418.42268099839066,122.37993877462908,176.14999389648438,193.3744349100596,172.5042735015329,188.78504167288506,410.746468843911,117.40175277551737,172.1300048828125,193.90036613096368,173.76386743926795,191.5077150020791,412.23633479956106,118.30424338003813,175.35000610351562,54156800,22068500,8351600,16988000,528402000,57953800
2024-06-06,192.9874267578125,175.28131103515625,188.77549743652344,418.8568115234375,120.92975616455078,177.94000244140625,194.9919281725913,175.69786641038863,189.8396430536934,419.63628120393724,125.51616477932996,179.72999572753906,192.67980832687616,174.3093484929474,187.26076671659627,414.96936946485204,118.25326519915947,172.72999572753906,194.1881470745491,174.45811286491957,189.11102988577807,418.35363549566944,123.97803133753258,174.60000610351562,41181800,23251000,7640300,14861300,664696000,69887000
2024-06-07,195.37893676757812,173.02992248535156,191.68988037109375,418.19580078125,120.81982421875,177.47999572753906,195.42855606321456,176.4119585188029,192.61980995746194,420.59337708963096,121.62337164710611,179.35000610351562,192.65004206608782,172.8712304058679,188.8713321096013,417.35713385188853,117.95544321860926,175.5800018310547,193.1561225415401,175.59868809544102,189.2739797714667,420.5144575469657,119.70245088550641,176.1300048828125,53103900,19661400,6964500,13621700,412386000,56244900
2024-06-10,191.6378631591797,173.7746124267578,191.3639373779297,422.162109375,121.7213134765625,173.7899932861328,195.7857909182053,175.81014466476933,192.54312090911645,422.36929949498546,123.03057221935303,178.57000732421875,190.6753063763642,171.54049500356726,190.24227285385908,418.2352227759558,116.94401053331076,173.1699981689453,195.3888517006261,173.7349014501534,191.0092270817566,419.0344147777948,120.30211616184846,176.05999755859375,97010200,23726700,6070800,13982900,313434100,50774600
2024-06-11,205.5601806640625,175.3732452392578,186.33082580566406,426.9079284667969,120.85173034667969,170.66000366210938,205.57011360777915,175.59169348463175,189.76293475540382,427.04607528322305,122.81078479761143,174.75,192.14395345618084,172.54337230776866,185.60222730997666,419.57705383558175,118.68277039590036,167.41000366210938,192.16378906024917,174.97607487552963,189.73417525086586,419.8039964152252,121.71130884876212,173.9199981689453,172373300,21540600,9235300,14551100,222551200,64761900
2024-06-12,211.4347686767578,176.5349884033203,183.61770629882812,435.1761474609375,125.1396713256836,177.2899932861328,218.51003809526938,179.13650434238232,188.59330463877518,437.4849276655188,126.81886214949532,180.5500030517578,205.3121079690946,174.8668546571235,183.40679354476396,427.47033721280536,122.51094129451408,169.8000030517578,205.77850209290926,176.99174796777623,187.90304737609853,429.51273012432705,123.00070306062463,171.1199951171875,198134300,27864700,12751300,22366200,299595000,90389400
2024-06-13,212.5957794189453,173.92356872558594,185.65975952148438,435.689208984375,129.5475311279297,182.47000122070312,215.08651049080893,175.49241749987627,186.54175185638388,437.4750908737884,129.7374419918796,191.0800018310547,209.97604121171418,173.64554642645388,182.99460463625155,433.508699318619,127.09871503024357,181.22999572753906,213.09194207290335,174.86685975128964,184.3751194659853,434.9689666213265,129.32763594350715,188.38999938964844,97862700,20913300,8587800,15960600,260704500,118984100
2024-06-14,210.85923767089844,175.5420379638672,185.77479553222656,436.6659851074219,131.8164520263672,178.00999450683594,213.51866257545944,175.8101362841722,186.8101816432933,437.22838835578773,132.7759808624214,186.0,209.678367977573,172.92067425165644,183.5122883921407,430.8940199136651,128.2581700274141,176.9199981689453,212.2088008716011,172.99018739624864,183.54104789841173,432.4332066172717,129.89737910282292,185.8000030517578,70122700,18063600,6874000,13582000,309320400,82038200
2024-06-17,215.00714111328125,175.98886108398438,186.92520141601562,442.388671875,130.9168701171875,187.44000244140625,217.26964179829142,177.10095011007647,187.50042074214187,444.9243949145692,133.66554475885698,188.80999755859375,211.08745883873982,173.57600667428076,184.68187237530643,434.8407300488904,129.5175509456389,177.0,211.7324642876032,174.2214273884837,185.48716772913508,436.6857791496651,132.9259111616535,177.9199981689453,93728300,19618500,8725400,20790000,288504400,109786100
2024-06-18,212.64540100097656,173.8540496826172,188.86175537109375,440.3857421875,135.51466369628906,184.86000061035156,216.95210469802018,176.13781719186318,189.78210335662163,444.1350675846114,136.26430225949593,187.1999969482422,211.36530791117931,172.87104771224654,186.11032229627904,438.95510350912195,130.6270208742377,182.3699951171875,215.92007781385274,175.88958192240335,186.5609073499265,443.71078097637735,131.07680096187468,186.55999755859375,79943300,21869900,9023000,17112500,294335100,68982300
2024-06-20,208.07077026367188,175.05552673339844,190.4627685546875,439.7543029785156,130.71697998046875,181.57000732421875,212.59578653831548,176.03852876935733,191.21054490916163,440.5732173975681,140.69216665961412,185.2100067138672,207.24715355520107,173.7547762588124,188.00852671144565,435.383377000911,129.45759262565218,179.66000366210938,212.28815296354617,174.1320835908328,188.276958498773,440.3462747944722,139.73263779444994,184.67999267578125,86172500,20160100,8731100,19877400,517768400,55893100
2024-06-21,205.89759826660156,178.3619842529297,188.190673828125,443.7798156738281,126.50899505615234,183.00999450683594,210.26382387597764,179.57337340062563,189.0247286665629,444.56913141990066,130.56704338903992,183.9499969482422,205.5205097773767,175.36329839952862,186.19659873864725,440.553449170913,124.24009251378381,180.69000244140625,208.77533580800622,175.7505447565084,188.58373987114496,441.4118383251449,127.05873301556977,182.3000030517578,241805100,57759000,20972100,34187100,649445800,61937300
2024-06-24,206.5426025390625,177.9548797607422,190.66409301757812,441.697998046875,118.05307006835938,182.5800018310547,211.06760381745957,179.61308934299385,190.99962542574337,446.71021649298933,124.40000776140424,188.8000030517578,205.00449518251241,177.4087592034553,188.957627588703,440.45479708566984,117.98310411428992,182.5500030517578,206.12582769938734,178.8882466857276,189.6382886582382,443.7995580906483,123.18059459700767,184.97000122070312,80727000,18298000,9785900,15913700,476060900,61992100
2024-06-25,207.46548461914062,182.73094177246094,189.88755798339844,444.9342346191406,126.02923583984375,187.35000610351562,209.75775393646785,182.98910099326696,191.80493619273605,445.3979659147229,126.43904192857353,187.97000122070312,207.0090082596573,178.15348288701358,189.57118882344554,440.7902515475345,119.2625015362155,182.00999450683594,207.54485732874397,178.35206806848578,189.90672123301874,442.27024120018433,121.14159285282038,184.39999389648438,55549700,23130200,6862500,16413400,414192600,62905700
2024-06-26,211.61338806152344,182.58200073242188,189.2739715576172,446.1280822753906,126.33908081054688,196.3699951171875,213.2110325348534,183.20754327614856,189.76291233386254,447.5488747436615,128.05824542053676,197.75999450683594,209.0234182045521,181.19187420519867,188.17148500476569,442.21104180989477,122.54090923743924,186.36000061035156,209.87681864015101,181.3408244497642,189.29314943452172,443.0102338094888,126.0692066714184,186.5399932861328,66213200,19839000,7758600,16507000,362975900,95737100
2024-06-27,212.4568634033203,184.1011962890625,190.9420928955078,446.8088684082031,123.93025207519531,197.4199981689453,214.0842763709762,184.7366779293804,191.60359066864814,450.0845859651154,126.34909177016176,198.72000122070312,210.7202940415425,182.72100889129027,188.7658646952255,445.74325902922413,122.86076797014964,194.0500030517578,213.04233172557286,182.8798679380617,189.28356496482823,446.14779313508967,124.04019968068097,195.1699981689453,49772700,18848900,7913500,14806300,252571700,72746500
2024-06-28,209.0035400390625,180.86419677734375,193.90444946289062,440.9875793457031,123.48046875,197.8800048828125,214.41172478378184,183.8231718610113,194.2304148700683,449.305113661538,127.648457456266,203.1999969482422,208.6860038316288,180.6755507145743,191.06673795740363,440.45477465939115,122.69084852465333,195.25999450683594,214.11402417940656,183.0188920765721,191.74739901722398,447.02593208902044,124.5199685039101,199.5500030517578,82542700,29156600,15307600,28362300,315516700,95438100
2024-07-01,215.08651733398438,181.6982879638672,196.96267700195312,450.63714599609375,124.24009704589844,209.86000061035156,215.84067914098924,182.58200489120532,198.5349265754009,451.2685926172397,124.77983008392047,213.22999572753906,210.29358412725625,180.02021516731907,194.28794079062752,439.71481466960876,118.77273207553426,200.85000610351562,210.46227761796723,181.7379989393426,194.46049781077463,442.67479410049566,123.41049523168472,201.02000427246094,60402900,16006100,10205800,17662800,284885500,135691400
2024-07-02,218.5795135498047,183.93240356445312,200.20306396484375,453.1531066894531,122.61087799072266,231.25999450683594,218.6886699462021,184.2600759255339,200.23182347007662,453.4589688152071,123.35052684202405,231.3000030517578,213.44919320249295,180.27837266146466,196.31078822001166,447.06540254269134,120.9716689903923,218.05999755859375,214.4911227279333,180.7649192250836,196.80929606300535,447.1542284209129,121.07161927076024,218.88999938964844,58046200,17372500,7802900,13979800,218374000,205047900
2024-07-03,219.84970092773438,184.50831604003906,200.06883239746094,454.62322998046875,128.21817016601562,246.38999938964844,219.84970092773438,184.77639921891327,201.68901933140828,454.86989493305913,128.21817016601562,248.35000610351562,217.34903661716913,182.7011560285435,199.07178753267723,451.7717987859675,121.30150730962696,234.25,218.31159349071294,183.54516199454144,200.893305615925,452.07766091834213,121.60136576540062,234.55999755859375,37369800,10242100,5560900,9932800,215749000,166561500
2024-07-05,224.6029052734375,189.2545623779297,197.4178009033203,461.3226318359375,125.76935577392578,251.52000427246094,224.71206166235044,189.5127215858847,199.90492578496287,462.1021014719612,128.78790450042015,252.3699951171875,219.94889718329503,184.48844250446135,197.15753116800815,452.8472281684966,125.61942654400949,242.4600067138672,219.94889718329503,184.54801654082962,199.5386153283969,453.478674753155,127.3186041478144,249.80999755859375,60412400,20967500,8093100,16000300,214176700,154501200
2024-07-08,226.07156372070312,187.69564819335938,197.78414916992188,460.020263671875,128.13819885253906,252.94000244140625,226.1013322692385,188.8276004007438,199.45186733579698,461.4608086849496,130.70696731901708,259.44000244140625,221.53662969916704,186.4544718628467,196.6273505271732,458.26401040115894,126.9787619894619,244.57000732421875,225.34715532852172,188.55950207105113,197.65882429121405,460.3261258064599,127.42854201917729,247.7100067138672,59085900,21035900,8707000,12962300,237677300,157219600
2024-07-09,226.9249725341797,187.64599609375,200.15560913085938,453.40966796875,131.3166961669922,262.3299865722656,227.63944805659358,190.00920064999954,202.2089220462034,461.0957263862654,133.7555228326683,265.6099853515625,224.63270320880366,187.38783687416534,198.05407849563014,451.89020339539763,128.58800070420872,250.3000030517578,226.18072846013894,188.96660951335545,198.22760639114142,460.770141890067,130.28719371816868,251.0,48076100,15121400,9058900,17207200,285366600,160210900
2024-07-10,231.1919403076172,189.83045959472656,200.31947326660156,460.0301208496094,134.844970703125,263.260009765625,231.29117889263895,190.3964432565855,200.48335172261358,460.2373109717691,135.03488155442938,267.5899963378906,227.49057123987387,187.69564243220248,198.17938920186893,452.73869064735504,132.35616550957337,257.8599853515625,227.54019053238477,187.8147905079295,198.71922757684789,455.0672233776237,133.96539002400309,262.79998779296875,62627700,15952500,8328500,18196100,248978600,128519400
2024-07-11,225.82347106933594,184.2600860595703,199.9820556640625,448.63421630859375,127.3386001586914,241.02999877929688,230.6064710416972,189.51273777959946,200.60866530004373,458.57973369334036,136.08437540615716,271.0,224.0372825383305,183.77353946919203,197.98658073254825,445.5262138972975,126.98877036890757,239.64999389648438,229.61414576243664,188.50987272919218,198.7867035323604,456.8037581244286,135.68457428967133,263.29998779296875,64710600,25625800,10658100,23111200,374782700,221707300
2024-07-12,228.77069091796875,183.7636260986328,197.56243896484375,447.4995422363281,129.177734375,248.22999572753906,230.8545803134063,185.78921938031402,199.9820770572198,450.2720538778231,131.85643576222122,251.83999633789062,226.92496506939614,183.1877184128902,194.82467866192138,444.6382348256943,127.15870339191848,233.08999633789062,227.1631286162611,183.77355005575473,196.65627534258937,448.26913567933263,128.1981955828636,235.8000030517578,53046500,22898400,15443400,16324300,252680500,155955800
2024-07-15,232.60105895996094,185.2133026123047,202.4884796142578,447.9040832519531,128.3780975341797,252.63999938964844,235.409341553401,186.9112385638258,203.99231931553012,451.1600787227488,131.3266726567918,265.6000061035156,231.30111515749465,183.61466683145176,199.27835346292989,445.40783511291056,127.11870268784229,251.72999572753906,234.66509753137677,183.61466683145176,199.731435258761,447.25288415779397,130.49707086610906,255.97000122070312,62631300,16474000,10719700,14429400,208326200,146912900
2024-07-16,233.01783752441406,182.62171936035156,205.92996215820312,443.5232849121094,126.29910278320312,256.55999755859375,234.4567062015191,187.34811338839907,206.04565232180363,448.23951736513413,128.97780386568002,258.6199951171875,230.54694204130521,182.0755987428797,200.58940119084525,440.7014524487549,124.51996185494663,245.8000030517578,233.19644881294397,186.03743905754484,202.44028200402863,448.1605978328616,128.3781021800115,255.30999755859375,43234300,18290700,11557000,17175700,214769500,126332500
2024-07-17,227.12339782714844,179.74220275878906,209.0629425048828,437.60333251953125,117.9331283569336,248.5,229.68359867374238,182.2543425380115,209.72810570857078,438.9156068819966,121.79126850169425,258.4700012207031,224.90058391634227,178.63009842037727,205.59254689491155,433.3212327097638,116.66374383425097,246.17999267578125,227.68901532047727,181.6784348799773,206.10346637118087,436.68574615539535,121.29150949460832,252.72999572753906,57345900,20734100,11572500,21778000,390086200,115584800
2024-07-18,222.45950317382812,176.43569946289062,202.4209747314453,434.495361328125,121.0316390991211,249.22999572753906,228.67146993188885,181.21174353968178,208.8412264717513,438.71826397070777,122.34101295266511,257.1400146484375,220.5641731481692,175.22431015700485,201.70762323329453,428.6050012530057,116.50382347473696,247.1999969482422,228.51269423226466,180.64575986268414,207.8675905221039,438.4124018485707,121.79127496540796,251.08999633789062,66034600,25315700,12415100,20794800,320979500,110869000
2024-07-19,222.58848571777344,176.40589904785156,202.2281951904297,431.27886962890625,117.87316131591797,239.1999969482422,225.05938116686082,179.01732353591333,204.70568563674118,435.2551377032439,121.54139064753637,249.44000244140625,221.5663918696606,175.87964153783852,201.3991534690736,426.23705228293636,117.31343366061544,236.8300018310547,223.09458131167176,177.61728826175099,203.59707529601897,427.3223841326024,120.29199311286656,247.7899932861328,49151500,18881900,8095900,20940400,217223800,87403900
2024-07-22,222.24118041992188,180.38760375976562,202.71018981933594,437.0310974121094,123.48046875,251.50999450683594,226.03185518490554,181.41033185766577,204.53215166667349,438.6689563053254,124.01021213043963,253.2100067138672,221.37784711424985,178.9577661837674,202.16071673369055,433.05485959349295,119.8022417845173,243.75,225.2677604657143,179.31522557776697,202.883717700245,435.8964446559175,120.29200352530061,244.2100067138672,48201800,24100300,7663200,15808800,258068900,101225400
2024-07-23,223.2831268310547,180.5067596435547,202.75839233398438,438.9156188964844,122.53091430664062,246.3800048828125,225.19832267550643,182.31391975552617,203.86698792954928,442.40840302613475,124.62990831594026,255.75999450683594,220.97100689389265,180.25852436340998,201.81367519196866,437.1889642431626,122.04115259647224,245.6300048828125,222.64803919770813,180.76493403159583,203.42355557512025,437.9782800404941,122.72082517670732,253.60000610351562,39960300,36352700,5557300,13107100,173911000,111928200
2024-07-24,216.86279296875,171.4114227294922,201.08103942871094,423.1783752441406,114.1949462890625,215.99000549316406,223.0747598557794,174.9462905344622,204.39720644869962,435.5905721860423,119.8921965766103,225.99000549316406,215.46362561910502,170.60714288242724,200.57976931414956,421.88585333621705,113.38533904444206,214.7100067138672,222.28089648286087,172.37457678491225,202.00648720315863,434.5743138131604,119.11257365575831,225.4199981689453,61777600,49585200,7119000,26805800,327776900,167942900
2024-07-25,215.8208465576172,166.09918212890625,201.1581573486328,412.8184814453125,112.22588348388672,220.25,219.15506035064124,172.19583973492487,202.62344350041943,424.0663978828946,116.57378540069556,226.0,212.97286249707204,166.0098210682456,200.56048122636815,411.94036982301,106.24876991914482,216.22999572753906,217.24978234747041,171.30219882616154,201.13887320322306,423.0797380180107,112.98551932388845,216.8000030517578,51391200,44852000,6403800,29943800,460067000,100636500
2024-07-26,216.2872314453125,165.82115173339844,204.59963989257812,419.5967712402344,113.00550079345703,219.8000030517578,217.80548795978973,166.90345381803442,205.48651931773958,423.19810333197387,116.14398665212225,222.27999877929688,214.35218497553956,162.90190268589552,201.10994520654938,411.7034934246348,111.52621844802754,215.3300018310547,217.02154248476683,165.97008682721892,201.7076360111633,412.6211098546519,116.13399696280182,221.19000244140625,41601300,41336900,8027800,23583800,293399100,94604100
2024-07-29,216.56509399414062,168.33328247070312,203.2596893310547,421.0373840332031,111.53621673583984,232.10000610351562,217.61695646267233,169.22692328878654,205.9203277459261,426.38506375397617,116.22395888086476,234.27000427246094,214.0941983741811,166.80416003394157,202.97048598586377,419.0344656688485,111.24636320886141,224.6999969482422,215.29491873308154,167.6382268176297,204.99487998321382,425.822660392389,113.63521076393421,224.89999389648438,36311800,20293800,6533600,15125800,248152100,129201800
2024-07-30,217.12078857421875,169.08790588378906,207.4434356689453,417.2781982421875,103.68000793457031,222.6199951171875,218.63904514115285,170.02127279088597,208.02182760531736,423.32639784774454,111.93602131829121,232.41000366210938,214.46134877521007,167.25097423676394,205.29371695525305,411.79234175836467,102.49057904635741,220.0,217.50779485320817,169.03827095768605,205.55398670734905,422.0141534919779,111.46624662712419,232.25,41643800,18959700,8850700,32687600,486833300,100560300
2024-07-31,220.37564086914062,170.3291015625,205.13949584960938,412.7691650390625,116.9636001586914,232.07000732421875,222.10229262756218,173.01997848256258,208.60025726077208,416.15340118634725,118.28296369436077,234.67999267578125,218.9367719746318,168.80990296351985,205.01417096363343,406.71105894897664,110.82655987338046,226.7899932861328,219.7405531778278,172.01711347343624,207.04821445631424,414.8904777498154,112.84559062727486,227.89999389648438,50036300,25729100,9071600,42891400,473174200,67497000
2024-08-01,216.68417358398438,169.5546112060547,200.47373962402344,411.5456848144531,109.15736389160156,216.86000061035156,222.7572001483694,172.82139580223534,206.13242319165994,421.7576205131753,120.10209097077005,231.8699951171875,215.35446119036925,167.6878923021726,198.9506156316293,407.5793229682275,106.75851907796755,214.3300018310547,222.64804374939,169.0482167160951,205.52509759653918,415.1766160278779,117.47335365334001,227.69000244140625,62501000,24531400,10918600,30296400,523462300,83861900
2024-08-02,218.17263793945312,165.4835662841797,191.97120666503906,403.0406188964844,107.21830749511719,207.6699981689453,223.86859053089324,167.3204982165653,197.3021323543609,409.46378330120876,108.6676133731782,216.1300048828125,216.03914463167754,163.50760805366414,189.80220387142558,398.9459870855653,101.32115657119698,205.77999877929688,217.46808032420208,165.26511803151652,196.54057784566848,406.98725777167675,103.71000431512978,214.8800048828125,105568600,29130100,18041700,29437900,482027500,82880100
2024-08-05,207.66392517089844,158.12583923339844,187.8838348388672,389.8785705566406,100.40158081054688,198.8800048828125,211.8614570593827,163.26926585242992,189.1081205261127,395.6900105848848,103.36016082359782,203.8800048828125,194.49576385779395,153.83632724823977,184.02782989843283,380.43623009500715,90.64629054713856,182.0,197.56204548052773,154.40231083700758,187.06444261471978,383.97836487999916,92.01562533705626,185.22000122070312,119548600,53630700,13927000,40709200,552842400,100308800
2024-08-06,205.63955688476562,157.17262268066406,193.12803649902344,394.2790832519531,104.19975280761719,200.63999938964844,208.3783842596741,159.4365420774317,195.30668907206046,400.25826896287094,107.6580842159302,202.89999389648438,199.52684486531666,155.30590392172098,187.0162711674383,393.18390539634436,100.50153921149465,192.6699981689453,203.7243764243061,158.2052897951303,188.36586724051912,394.66389500260414,103.78994676213023,200.75,69660500,49004600,10605800,24946500,409012100,73783900
2024-08-07,208.20973205566406,157.81805419921875,193.18585205078125,393.1148376464844,98.86233520507812,191.75999450683594,212.0004073803907,161.82952940748444,198.3432648205562,404.6094177317887,108.74756823143176,203.49000549316406,204.8060479069825,157.35137068982363,192.99305473526,392.16765271577526,98.64244001125142,191.47999572753906,205.31212843272615,160.11174561926643,196.1838966420379,403.18865539095805,107.75803985921162,200.77000427246094,63516400,25138600,9204400,20650900,411440400,71159800
2024-08-08,211.67291259765625,160.88624572753906,196.71409606933594,397.3180236816406,104.91940307617188,198.83999633789062,212.5560815310077,162.53453159498838,197.53350302957801,400.4457182788044,105.44914638290969,200.6999969482422,207.22729938249148,159.0791007984094,194.52580907593605,394.6047093244423,97.47298958555044,192.0399932861328,211.47445056104476,159.37697100848436,195.18133758602812,397.07135874007713,101.95083346973259,195.6999969482422,47161100,25578800,7761200,20203000,391910000,65033900
2024-08-09,214.5804443359375,162.51467895507812,198.3914794921875,400.6036071777344,104.69951629638672,200.0,215.11629337558463,162.6338270467508,199.0373586273821,402.60652539742165,106.54862317361375,200.8800048828125,210.3432107490655,157.93721957000096,195.59586676952446,396.8937867490897,103.38015276837264,195.11000061035156,210.47221789303094,158.8805106482627,196.14535459603678,398.6401637815713,105.58908675557784,197.0500030517578,42201600,28602300,5540200,19276700,290844200,58648300
2024-08-12,216.1103973388672,161.14439392089844,198.7674560546875,401.383056640625,108.96746063232422,197.49000549316406,218.07747160820446,163.73597062856854,199.68325446598766,403.30705522680034,111.01647580125626,199.25999450683594,214.1929998012183,160.69757348531624,196.32853362766434,398.84733381774834,106.20879614847053,194.6699981689453,214.65993379251097,163.1898651801224,198.97953754481946,401.6297215819056,106.26876479464013,199.02000427246094,38028100,15895300,6936000,16762900,325559900,64044900
2024-08-13,219.8259735107422,163.00120544433594,200.45443725585938,408.487060546875,116.08403015136719,207.8300018310547,220.44192247615112,163.56717396094234,200.59903157036632,409.4145232292732,116.17399074467681,208.49000549316406,217.58071280084246,161.81960317762199,198.00586566059425,404.10628833526175,111.52623010948827,197.05999755859375,217.58071280084246,162.25649966122157,200.2519905060568,404.12601069280254,112.38581627538197,198.47000122070312,44155300,18551700,6387800,19414300,312646700,76247400
2024-08-14,220.27304077148438,159.23794555664062,202.67164611816406,411.2989807128906,118.0230941772461,201.3800048828125,221.5744891931242,162.06783350679044,203.17291622190587,412.14752377963794,118.54284021234767,208.44000244140625,218.2662191901357,156.5967339743886,199.66395194824793,406.9478375879701,114.01502462748074,198.75,219.13055181670978,161.25361460284537,200.26164277885246,409.26646397851016,118.47287425328174,207.38999938964844,41960600,40591100,6999800,18267000,339246400,70250000
2024-08-15,223.2534637451172,160.16139221191406,203.93447875976562,416.162109375,122.80078887939453,214.13999938964844,223.87935717471936,160.49898852805327,206.1902382803681,416.2411711538097,123.18060299513529,215.8800048828125,221.30624816369337,158.4833194361169,203.5006811149563,412.8310776655769,117.41338717159643,204.82000732421875,223.13425172393934,159.36703635252704,205.3322777083701,414.94631960204117,118.70276637796893,205.02000427246094,46414000,31524300,7001000,20752100,318086700,89848500
2024-08-16,224.57479858398438,161.8096923828125,206.26734924316406,413.6317443847656,124.51995086669922,216.1199951171875,225.34970708383625,163.89485965448893,206.38302468646538,416.4685572584128,124.93974658505293,219.8000030517578,222.19045191126241,159.99260830608642,203.97302155440943,412.4752583913715,121.12158823444238,210.8000030517578,222.45869413327577,160.3302046522989,204.06942756348838,415.73712262611093,121.88122402888025,211.14999389648438,44340200,24208600,7931200,22775600,302589900,88765100
2024-08-19,224.4158172607422,165.4934844970703,207.694091796875,416.6563415527344,129.93736267089844,222.72000122070312,224.51517071380414,165.5133475605536,207.7712136714554,416.8737991572246,129.93736267089844,222.97999572753906,221.5844105997713,163.1004929084528,206.1227795694666,411.6449527797598,123.36053125322975,214.08999633789062,224.24692851790377,164.1132970310061,206.29629275515234,414.11604821044875,124.22011749326396,217.07000732421875,40687800,22416200,6090800,15234000,318333600,76435200
2024-08-20,225.03176879882812,165.99989318847656,206.79757690429688,419.8885192871094,127.18867492675781,221.10000610351562,225.68746521443902,167.4495939252533,208.22429480560302,420.93626132598814,129.81741234204915,228.22000122070312,223.97868888483964,165.64244892165763,205.9878045786156,416.7650812391523,125.82932973595075,219.55999755859375,224.2966078109087,165.72187088023108,207.26029344076227,416.82438511571235,128.3381146113763,224.8800048828125,30299000,18341500,5640000,16387600,300087400,74001200
2024-08-21,224.92251586914062,164.6792755126953,206.8747100830078,419.23614501953125,128.4380645751953,223.27000427246094,226.49220666639903,165.67221654044488,207.26030476621702,421.46999458583696,129.28766098618868,224.66000366210938,223.58133501497932,163.50759722139043,205.17805817410104,416.8441115746798,126.59895509298427,218.86000061035156,225.04174306182065,163.98420467240848,206.7108168976749,419.17681098270833,127.25863301570179,222.6699981689453,34765500,22902000,5202300,16067300,257883600,70146000
2024-08-22,223.064697265625,162.6437225341797,208.8316192626953,410.7454528808594,123.68036651611328,210.66000366210938,226.84983046212884,166.4069618806491,208.9954977287081,421.8555179747642,130.68699047324503,224.8000030517578,222.43880384726458,162.15717603854122,206.62404791162533,409.8163186254232,123.04067554756361,210.32000732421875,226.30341677619586,166.07928956535088,206.8554135333752,419.45359039351575,129.95734653679833,223.82000732421875,43695300,22493300,5247100,19361900,376189100,79514500
2024-08-23,225.35963439941406,164.45089721679688,210.4511260986328,411.9711608886719,129.30763244628906,220.32000732421875,226.73063334528243,165.00694179876172,211.29945196841106,414.4126044200127,129.53753255606168,221.47999572753906,222.866020162344,162.67353934579646,208.70628606060572,407.32548933843145,125.15963905002394,214.2100067138672,224.187342377279,163.55725630307884,209.76669339782856,412.15896655760116,125.79932992863567,214.4600067138672,38677300,13955700,7214000,18493800,323230300,81525200
2024-08-26,225.69740295410156,164.98709106445312,211.28016662597656,408.70928955078125,126.39905548095703,213.2100067138672,225.79675641202357,166.36727853932712,211.771802001634,412.4554786638681,131.19673768949764,219.08999633789062,222.4288803537143,163.29909428347517,210.20048985928128,406.58415351672016,124.31006635411407,211.00999450683594,225.28014571740593,165.20553931092914,211.125922885165,411.55599630876077,129.50756494551362,218.75,30602200,14190400,5105200,13152800,331964700,59301200
2024-08-27,226.54183959960938,163.51751708984375,212.25379943847656,409.05523681640625,128.23817443847656,209.2100067138672,227.35649542870257,165.26510295168842,212.48516504618274,409.5692137906275,129.1377346219971,215.66000366210938,223.42233233354526,163.29908400819048,211.2994475643601,405.5067475085558,123.82029866993177,206.94000244140625,224.5250889075569,164.66933228950003,211.60792033180917,408.0865565785304,124.98974063480068,213.25,35934600,11821900,5185200,13492900,303134600,62821400
2024-08-28,225.01193237304688,161.70045471191406,213.32383728027344,405.85272216796875,125.54946899414062,205.75,228.35993491185639,164.4310425767687,214.2107314043105,410.2018441208808,128.26815944285755,211.83999633789062,224.20720569696516,160.38976526426643,211.299443413212,402.6007521142328,122.580899020736,202.58999633789062,226.43259292076607,163.87498286647468,211.35728113662915,410.08323636580656,128.05825393148814,209.72000122070312,38052200,16407400,6506400,14882700,448101100,64116400
2024-08-29,228.29037475585938,160.6380157470703,214.21075439453125,408.34356689453125,117.5333251953125,206.27999877929688,231.39995310375193,164.7984415304893,214.95302487070535,417.17031240351145,124.37003270157089,214.88999938964844,227.3863249726349,159.11881702129344,211.0584657445463,405.85271359636084,116.65375204642187,205.97000122070312,228.59836441740794,163.15015560870546,214.15290195541283,410.14253158113485,121.30151255769351,209.8000030517578,51906300,19699800,6416100,17045200,453023300,62308800
2024-08-30,227.50555419921875,162.22669982910156,216.70748901367188,412.3171081542969,119.31246948242188,214.11000061035156,228.8964117856607,162.50472208741948,217.36300281845735,412.663037378181,121.69131963851615,214.57000732421875,225.99546942021698,160.54862717284777,213.94079535896643,407.3650233246306,117.16350420185492,207.02999877929688,228.68779072729976,161.47205499845862,214.49028314488254,410.7949049431994,119.47238840117339,208.6300048828125,52990800,22123800,8574100,24308300,333751600,63370600
2024-09-03,221.31619262695312,156.2491912841797,212.36949157714844,404.70611572265625,107.94794464111328,210.60000610351562,227.50553099413642,160.707501683565,216.03269949777572,415.02541234976394,116.15398655476369,219.89999389648438,219.7266282681139,155.37539838425428,211.34765254186397,402.32397617802485,107.23828777198462,209.63999938964844,227.05847075546578,160.57841450941874,214.297494197532,413.0781880012741,115.95408600386334,215.25999450683594,50190600,38945300,8956100,20313600,477155100,76714200
2024-09-04,219.40872192382812,155.3456268310547,211.43441772460938,404.1723937988281,106.15882110595703,219.41000366210938,220.33264539565292,157.87762958096508,214.0757867173276,406.4853356806643,113.2154167588311,222.22000122070312,216.06070449558098,154.8590954051368,209.39073957096207,399.6947697394898,104.06983184638861,210.57000732421875,220.2134333758585,155.554151121504,213.08285179473262,401.2169730883832,105.35921116658868,210.58999633789062,43840200,19353800,7389500,15135800,372470300,80651800
2024-09-05,220.92874145507812,156.13006591796875,209.79562377929688,403.66827392578125,107.15833282470703,230.1699981689453,224.00850159902006,158.32445729106303,212.85150637044612,408.32380920500026,109.5971593888533,235.0,220.07435325324454,154.87895042005644,208.25321569674185,401.43439403542544,104.70951657024186,222.25,220.1836359939166,155.1966988484402,212.22489665150468,402.90715723849786,104.93940145906154,223.49000549316406,36615400,18688700,8067900,14195500,306850700,119355000
2024-09-06,219.37892150878906,149.85467529296875,204.8117218017578,397.05560302734375,102.78044891357422,210.72999572753906,223.7700744804958,156.71590221863735,210.86564876332926,405.9021060614487,108.09788494505915,233.60000610351562,218.33577084564575,149.4872919188711,203.49103002390277,396.165984591682,100.90134998938433,210.50999450683594,222.4884846157397,156.1896446256026,209.76668787436864,404.33049307771034,107.98793734308131,232.60000610351562,48423000,37912100,7777000,19609500,413638100,112177000
2024-09-09,219.4683380126953,147.85621643066406,209.005126953125,401.02911376953125,106.41869354248047,216.27000427246094,219.82598924771256,152.51927694187998,210.29688521091413,403.9252302108811,106.4986568208146,219.8699951171875,215.2957503769675,146.3747655212842,206.4697987366713,397.5003824546475,103.64003443897201,213.6699981689453,219.37892899374344,151.63438731483413,207.4434494984693,402.5315288470681,104.82945579489092,216.1999969482422,67180000,39260500,8935100,15295100,273912000,67443500
2024-09-10,218.6735382080078,147.80648803710938,198.16009521484375,409.4111022949219,108.04788970947266,226.1699981689453,220.0345925843304,150.4015036061094,210.7692333693298,411.5164502597468,109.34726610485653,226.39999389648438,215.31559161387113,147.48831800096144,193.3882919543516,402.9862541865475,104.89940661736314,218.63999938964844,217.49130185519834,149.58620426686707,210.73067979138588,403.48047327180706,107.7580285866342,220.07000732421875,51591000,31118800,28406900,19594300,268283700,78891100
2024-09-11,221.20692443847656,150.29214477539062,199.7699737548828,418.14886474609375,116.85366821289062,228.1300048828125,221.63411098197892,150.63018908340467,200.22305551650228,419.0878628478116,117.13353206911404,228.47000122070312,216.4680492147489,146.67304380954099,194.56437291900994,404.8444661227044,107.36823567076411,216.8000030517578,220.01475867053273,149.05925855823048,197.86125540966165,410.6960329818373,109.33728760654503,224.5500030517578,44587100,29607700,13658700,19266900,441422400,83548600
2024-09-12,221.31619262695312,153.80186462402344,199.16265869140625,422.0630798339844,119.0927734375,229.80999755859375,222.09110108310472,153.9311230962661,201.26417429842346,422.42879711427406,120.7421209186122,231.4499969482422,218.38544755210194,151.77356859256676,197.514210126776,414.89690341994134,115.33426173002456,223.8300018310547,221.04795042006705,152.91697508053775,200.1748482086534,418.415740735589,116.79368208487448,224.66000366210938,37455600,29621500,9054400,17395700,366052700,71894900
2024-09-13,221.04794311523438,156.55596923828125,196.9647674560547,425.611572265625,119.05278015136719,230.2899932861328,222.57788625371046,157.47068534964538,200.36769112363794,426.83722589839596,119.91243980632909,232.6699981689453,220.461797151476,154.318887339598,195.7115627301204,420.5408798146308,117.55337484057826,226.32000732421875,222.12089674811224,154.53761027887018,199.41332446960854,420.9065970976519,119.03279143615939,228.0,36766600,29591200,10226700,15874600,238358300,59515100
2024-09-16,214.9082794189453,157.15252685546875,200.37730407714844,426.3529052734375,116.73370361328125,226.77999877929688,215.80239985733417,157.34143843484944,200.71471040461438,428.517587221267,118.13315013570288,229.9600067138672,212.52393298456082,155.70091765708278,198.18901708097934,423.2689830915265,114.31466480568342,223.52999877929688,215.12682972853557,156.4068328344505,198.42038268062674,425.6214706998335,116.74370178435876,229.3000030517578,59357400,18379800,8634900,13834700,248772300,54323000
2024-09-17,215.37521362304688,158.40528869628906,201.71726989746094,430.1188659667969,115.54417419433594,227.8699951171875,215.48449636527135,159.628222536102,202.37278371399074,436.741413807479,118.75290839853001,234.57000732421875,213.10016491936787,157.47068317745328,200.18451137690533,427.2721591954558,114.78448096424103,226.5500030517578,214.34200737227792,158.107008079676,200.2519838182576,435.1401487897844,118.12315326201993,229.4499969482422,45519300,20715600,7573300,18874200,231925900,66761600
2024-09-18,219.24977111816406,158.89247131347656,200.05918884277344,425.8290100097656,113.32505798339844,227.1999969482422,221.25659276615585,159.57851220454893,203.73203144648693,430.9886580324637,117.65333558843457,235.67999267578125,216.12031904206836,157.68942685128602,199.25906599771233,425.43364080776206,113.17511592459984,226.8800048828125,216.13026348358338,158.9421872798641,201.48590664975958,429.9705680090547,115.84405559100924,230.08999633789062,59894900,23677300,8259900,18898000,310318900,78010200
2024-09-19,227.3763885498047,161.2091064453125,202.90301513671875,433.6179504394531,117.82327270507812,243.9199981689453,228.32020097310811,162.8496272464335,204.28154481879525,436.3954593302787,119.6125639674696,244.24000549316406,223.16406850984052,160.41369644399956,199.87605126072242,431.84863763952944,117.2035157611041,232.1300048828125,223.52171975466862,162.77009990036774,202.22821708337455,436.1285918792357,117.30347459042382,234.0,66781300,26587700,11635200,21706600,293506400,102694600
2024-09-20,226.7107391357422,162.65077209472656,203.49102783203125,430.2374267578125,115.95401763916016,238.25,231.56882586153637,162.78996770160265,203.80915002139488,434.16152709216163,118.57298181753792,243.99000549316406,226.13452245924367,161.1295575441582,201.95826931831834,429.19957885288886,115.3442588328446,235.9199981689453,228.46919216926284,162.5612924555598,202.3727828105395,432.1648930552261,117.01359501507952,241.52000427246094,318679900,40896400,20885000,55167100,382462400,99879100
2024-09-23,224.99205017089844,160.92076110839844,203.82843017578125,428.4978332519531,116.21391296386719,250.0,227.95259834339626,164.53986181971814,204.17547122015796,431.41370770372646,116.94361929782039,250.0,224.33635371548323,160.74178667068307,202.4306312810249,425.4139110417271,114.81446644323901,241.9199981689453,225.8563676699032,163.40640761812853,203.4042672649328,429.2589197702658,116.50379891378353,242.61000061035156,54146000,24150900,7223500,15128900,206228500,86927200
2024-09-24,225.8861846923828,161.35821533203125,203.97303771972656,424.2080383300781,120.82209014892578,254.27000427246094,227.8532741806864,162.28288368359324,205.2840801158477,428.33970279345715,121.75172180406905,257.19000244140625,224.2568878942957,159.7674107357338,202.79695492131674,421.17352579677157,115.33426088161053,249.0500030517578,227.15783023434298,162.09397212944717,203.54887478135018,427.9937433882553,116.47380837806097,254.0800018310547,43556100,23332100,7323200,17015800,354966800,88491000
2024-09-25,224.8927001953125,160.56285095214844,202.62344360351562,427.11395263671875,123.4610366821289,257.0199890136719,225.80669443859438,161.87526461274848,204.5996492884681,428.1122847230435,124.89047006468225,257.04998779296875,222.55804543582803,160.3739393623142,201.10031972421785,423.6149036474301,121.5617884105282,252.27999877929688,223.462095237407,160.5429615292226,204.0597961831719,424.86031508228893,121.97162190060216,252.5399932861328,42308700,18869200,8976500,13396400,284692900,65034300
2024-09-26,226.03521728515625,161.79571533203125,202.2281951904297,426.3232421875,123.9908218383789,254.22000122070312,227.00881759745033,163.13797065652983,204.07907595472616,430.2671006249204,127.61937987933592,261.75,223.9389864593978,161.34830194759303,201.48591005736264,424.1684543301705,121.75171208350119,251.52999877929688,225.81665178414175,162.70049439754706,203.5296028527362,430.0595370663028,126.7497296956914,260.6000061035156,36636700,20319300,7807500,14492000,302582900,67142200
2024-09-27,226.30343627929688,163.00869750976562,202.9222869873047,423.0712585449219,121.35187530517578,260.4599914550781,228.02215721764472,164.7486500925775,204.79245198574228,426.85699330507344,123.98082995705606,260.70001220703125,225.81664372013879,161.69628402203105,201.79440715731258,422.52762966372916,119.21272426875333,254.1199951171875,226.9690772008412,161.87524329123835,203.06688130801132,426.5307918445686,123.92085618310571,257.3800048828125,34026000,21101300,7032500,14896100,271009200,70988100
2024-09-30,231.47946166992188,164.89779663085938,203.26931762695312,425.3249206542969,121.3918685913086,261.6300048828125,231.47946166992188,165.19606207708327,203.3657236421353,425.4435585697777,121.451842369324,264.8599853515625,228.1513174234294,162.32265529939457,197.87090438559173,420.4519278512811,118.10317169758383,255.77000427246094,228.53877170998481,162.38232355982177,198.88310870703359,423.2590885562286,118.26310431441512,259.0400085449219,54541900,20413900,8663800,16807300,226553700,80705700
2024-10-01,224.7337646484375,166.03125,199.5868377685547,415.8260498046875,116.95361328125,258.0199890136719,228.15130254219565,168.18878935347016,201.563043524854,423.52599147760804,122.39145893750027,263.9800109863281,222.27988260723768,163.63508311957565,198.76744542730427,413.9677812470877,115.74409392230913,248.52999877929688,228.02216122790813,166.72722798963838,201.37988091048814,423.49633953955015,121.72171877480598,262.6700134277344,63285000,28338100,8540100,19092900,302094500,87397600
2024-10-02,225.30001831054688,164.90774536132812,199.8278350830078,412.30718994140625,118.8028793334961,249.02000427246094,225.8861642954019,166.5582184121097,201.4280808680096,417.93140514988795,119.33266799005563,251.16000366210938,221.56456176324298,163.7842281975384,198.2854417354765,411.89203266645677,115.09435111120959,241.5,224.41582711263038,165.46452779504156,199.62540303508803,417.6941594936009,116.39383876517695,247.5500030517578,32880600,17760200,5810900,16582300,221845900,93983900
2024-10-03,224.197265625,164.90774536132812,197.84197998046875,411.7240295410156,122.80130004882812,240.66000366210938,225.3298253274289,165.6832659184552,199.05663101596807,414.699207817815,124.31070361178112,249.7899932861328,221.8626109260752,162.9788810936898,196.9840194235567,409.50004373541833,120.29229289145833,237.80999755859375,223.67072564154154,163.4660733087808,198.7481435436215,412.80142348929195,120.87206480654892,244.47999572753906,34044200,15073100,7251300,13686400,277118000,80729200
2024-10-04,225.3199005126953,166.10084533691406,204.86412048339844,411.24957275390625,124.87047576904297,250.0800018310547,226.5120662505933,167.26412612073125,205.30057644632367,414.8969119270876,124.99043094258552,250.9600067138672,222.66732681912907,164.5299148711692,200.68381627913752,410.172178794162,121.78170440742984,244.5800018310547,226.41271278943105,167.09510397311843,203.00189752185364,413.40436067339476,124.89047211115172,246.69000244140625,37245100,19047400,10211700,19169700,243678100,86573200
2024-10-07,220.2432403564453,162.04425048828125,204.58285522460938,404.8049621582031,127.66937255859375,240.8300018310547,224.21713611955545,167.51267238697537,206.91064521465483,412.287415913181,130.58821322989388,249.8300018310547,219.885589131397,161.81557527499385,203.3801777894046,404.2711971193028,124.9004663256647,240.6999969482422,223.0348997045567,166.75704136805373,204.67985202405725,411.190264062665,124.94045138468705,249.0,39505400,22463100,6718900,20919800,346250200,68113300
2024-10-08,224.296630859375,163.43621826171875,204.4082794189453,409.9151916503906,132.83731079101562,244.5,224.50525191173782,163.7841996365162,204.9708282984031,410.8542199929417,133.42707320550807,246.2100067138672,221.79307211654884,161.9348782063516,202.10960030086417,403.4508276328713,129.36868536610157,240.55999755859375,222.83622285599392,162.99874209117948,204.2433966990474,406.14924457508937,130.20834865989482,243.55999755859375,31855700,23072700,6021800,19229300,285722500,56303200
2024-10-09,228.0419921875,160.9307098388672,206.99790954589844,412.63336181640625,132.597412109375,241.0500030517578,228.25062837641602,163.89359644421285,207.79324177053485,415.51961434814075,134.46668122269037,247.42999267578125,223.3627386107029,158.8228863013817,203.0794849747064,409.5098937927917,131.32792651292905,239.50999450683594,223.76012210676075,162.5115774919813,203.3898480577516,411.0518548194861,134.0568400839603,243.82000732421875,33591100,31181800,7024000,14974300,246191600,66289500
2024-10-10,227.54527282714844,161.14944458007812,206.43539428710938,411.03204345703125,134.75656127929688,238.77000427246094,228.00227752622936,162.13376610989224,208.3461158889662,412.524594450372,134.94648840712318,242.7899932861328,225.68748134269669,159.4790821511072,205.10662391004624,408.37314289399546,130.94807393580103,232.33999633789062,226.29350107451606,159.94638493252756,208.3461158889662,410.42911077200915,131.8577168886846,241.80999755859375,28183500,14144100,7927100,13848400,242311300,83087100
2024-10-11,226.06500244140625,162.3027801513672,215.6009979248047,411.506591796875,134.74656677246094,217.8000030517578,227.91286461183438,162.9589793006072,217.8705955254054,412.30722431233596,135.72617401836632,223.33999633789062,225.85636623992795,160.3142629412503,208.68555897315463,408.4720793339732,133.60701929174726,214.3800048828125,227.80358186995707,161.19915249290503,209.18020708117118,411.32868016338136,133.9568713960576,220.1300048828125,31759200,15344300,18320700,14144900,170209500,142628900
2024-10-14,229.79054260253906,164.01292419433594,214.81536865234375,414.2939758300781,138.01527404785156,219.16000366210938,230.21772915238438,165.27562183830673,216.96856708937395,419.137316675548,139.54466630986312,221.91000366210938,227.1081657950345,162.4618678561569,212.29361498349442,412.692680707405,136.24597143489578,213.74000549316406,227.2075041009655,162.7004954092269,216.48361275309927,412.9397902420181,136.4159022137037,220.1300048828125,39882100,19016100,9048900,16653100,232347700,86291900
2024-10-15,232.32391357421875,164.51004028320312,215.697998046875,413.8985290527344,131.54783630371094,219.57000732421875,235.94015852414,166.71728049354707,218.66591634009174,417.5953077792985,138.5150744275185,224.25999450683594,230.85356105977672,163.68480379630955,215.14515777638977,410.4587840301926,128.68896947491228,217.1199951171875,232.0854743439606,164.83813228183462,216.92978625602393,417.2987582728739,137.8153397242487,220.00999450683594,64751400,20247200,9235800,18900200,377831000,62988800
2024-10-16,230.26739501953125,164.21176147460938,216.910400390625,411.3088684082031,135.6661834716797,221.3300018310547,230.60517253033711,164.84808640066018,216.94919023024082,411.5460839058675,136.56582048896271,222.82000732421875,228.34005309673006,162.7999160190336,214.38863162622326,405.7340930599272,131.52782573724866,218.92999267578125,230.0885769817669,163.58537367338423,215.63982224842857,410.36987028679,133.92686795182897,221.39999389648438,34082200,16406000,6382500,15508900,264879700,49632800
2024-10-17,230.63497924804688,161.99453735351562,217.6669158935547,411.9019470214844,136.87571716308594,220.88999938964844,232.3238971476739,165.41478917356866,219.0538930763408,417.61511832115826,140.83415423256426,222.0800018310547,229.0156269629083,161.82551522151294,216.59031660888084,410.78500708577025,136.81574338597488,217.89999389648438,231.9066247344228,164.7784643120133,217.521435503585,417.4767225011017,139.28476556198524,221.58999633789062,32993800,21453400,6470200,14820000,306435900,50791800
2024-10-18,233.4663848876953,162.4817352294922,218.5883331298828,413.3253173828125,137.94529724121094,220.6999969482422,234.63867690560429,163.7643372928155,219.12178590933368,414.79808063402476,138.8449343829922,222.27999877929688,232.4828401919167,162.1436909535705,216.3866508941279,411.44729085370335,137.22558142668973,219.22999572753906,234.63867690560429,162.25306000415483,218.22947162354006,412.3171212877513,138.61502982502418,220.7100067138672,46431500,19757700,7000500,17145300,176090200,49611900
2024-10-21,234.93670654296875,163.12803649902344,216.28965759277344,413.9381103515625,143.6530303955078,218.85000610351562,235.3043021987925,163.5555604691452,218.90840833464267,414.1160219717621,143.6530303955078,220.47999572753906,232.91995571367772,161.6863492090046,216.19266079507577,408.9662678666254,137.94528751258602,215.72999572753906,232.91995571367772,162.01445640921125,218.4428562648874,411.30886136013186,138.07524085271365,218.89999389648438,36254500,20946500,5870000,14206100,264554500,47329000
2024-10-22,234.32077026367188,164.19187927246094,217.37594604492188,422.5672302246094,143.5330810546875,217.97000122070312,234.67842149785605,164.8182671012252,218.50104375579213,425.6017126142665,144.3627538949317,218.22000122070312,231.0820505913223,162.0442768634266,214.4468322523353,413.20671913798,141.72380093133486,215.25999450683594,232.36362533760988,162.0442768634266,216.30905529120685,413.65149823512496,142.85335791004843,217.30999755859375,38846600,16568100,9586800,25482200,226311600,43268700
2024-10-23,229.25405883789062,161.84542846679688,216.6873016357422,419.6908264160156,139.50466918945312,213.64999389648438,233.60547988580885,164.86798338254357,218.0354741082416,426.09588604624633,142.37352650102258,218.72000122070312,226.27363678517082,161.00030251118483,215.83377726191281,417.64475229425324,137.40551088320953,212.11000061035156,232.55239985265487,163.81405642655295,216.92977880561352,425.87842845603865,141.97369118156848,217.1300048828125,52287000,18280500,6180500,19654400,285930000,80938900
2024-10-24,229.0653076171875,161.7857666015625,218.2100830078125,419.8193054199219,140.35433959960938,260.4800109863281,229.3136761173618,162.39226497688696,218.28767748966305,421.05485298708396,141.293969386979,262.1199951171875,226.91940013747097,160.0855776572324,214.98999340900195,417.51622786247975,138.40511570705533,242.64999389648438,228.47914643577636,161.89513565846306,215.15487613307158,420.41234412037124,140.76418072009866,244.67999267578125,31109500,22412500,6002200,13581600,172354900,204491900
2024-10-25,229.89981079101562,164.3211212158203,215.6204071044922,423.19976806640625,141.48388671875,269.19000244140625,231.69799621804017,164.63927607521566,218.83080262847554,427.5192377532194,144.0728716327459,269.489990234375,228.07182235817814,162.48173675810202,214.23344472630617,421.63804913504384,140.74418981710016,255.32000732421875,228.2407111108546,162.73030140529735,218.22946395257756,421.8258547879259,140.8741279131319,256.010009765625,38802300,19828900,6369700,16899100,205122100,161611900
2024-10-28,231.87680053710938,165.76280212402344,218.71441650390625,421.6578063964844,140.4643096923828,262.510009765625,233.19812263375962,167.78114595500233,218.85020313281026,426.94595627618617,143.08326638426843,273.5400085449219,231.03235682367705,163.00870143582344,216.2411463063524,421.37115090072086,139.99449475491215,262.239990234375,231.79733596578163,167.78114595500233,216.6291186743872,426.66919481416045,142.9433224828564,270.0,36087100,32138600,6843000,14882400,173586700,107653600
2024-10-29,232.1450653076172,168.70579528808594,216.19265747070312,426.95587158203125,141.19400024414062,259.5199890136719,232.80076177889833,169.40178845873763,219.92681213014208,428.16176733338216,142.20359433012132,264.9800109863281,230.80388451731673,166.13066910445878,216.1053692338975,420.87695281886124,138.8449258203989,255.50999450683594,231.5787930163908,166.76699401414237,218.43315914614644,423.05152881793293,140.23437413304583,264.510009765625,35417200,42169000,6580000,17644100,157593600,80521800
2024-10-30,228.59835815429688,173.45835876464844,217.6572265625,427.5291442871094,139.28475952148438,257.54998779296875,231.94636045913163,180.9749512117023,219.5000472712289,433.43012114532394,140.27437255912164,263.3500061035156,228.05194445904854,173.06064622942904,214.91238301870854,427.10412312962825,136.75576367804047,255.82000732421875,231.09197226998216,179.6426331826948,215.84348713272396,432.38237913794643,139.48467718743143,258.0400085449219,47070900,68890800,7110900,29749100,179418100,53993600
2024-10-31,224.4357147216797,170.1276092529297,215.2421417236328,401.65185546875,132.70736694335938,249.85000610351562,228.33013097812315,175.8048331883122,218.8987017479979,411.3484314804884,137.55545044959692,259.75,223.89923027313517,170.01824018748218,215.14515973125143,401.60241546152275,132.05763071180766,249.25,227.84332326136388,172.1360161042455,217.93848678573673,410.55766284750285,137.54545990469654,257.989990234375,64370100,44769000,7829900,53971000,270039600,66575300
2024-11-01,221.4552764892578,170.30654907226562,216.23146057128906,405.6253967285156,135.34632873535156,248.97999572753906,223.87935529424118,171.33064938867685,219.34485939228048,410.6960897386511,137.25557537634637,254.0,218.83250593091054,167.91039737420323,215.99867714182966,402.78858379903807,134.5166711244238,246.6300048828125,219.5279346472888,169.0935675366594,216.83279926451777,404.2811351978572,134.64660922766117,252.0399932861328,65276700,31796500,6923500,24230400,207127800,57544800
2024-11-04,220.5611572265625,168.26834106445312,213.16653442382812,403.7374267578125,135.99606323242188,242.83999633789062,221.33606573362852,169.7497767581588,217.02676693348934,405.67478719502446,138.90491316378314,248.89999389648438,218.27617915451208,167.04539198951443,212.57488952061908,400.88085627166146,135.5162578090522,238.8800048828125,219.5478246614517,168.95436679599575,215.95016767681818,405.06193022116906,137.15560698724303,244.55999755859375,44944500,21492700,8229600,19672300,187528200,68802400
2024-11-05,221.9917449951172,168.76547241210938,214.82508850097656,406.7027587890625,139.8545379638672,251.44000244140625,222.4884819564664,169.55093008750674,215.28094678500298,410.102988488707,140.31434706066804,255.27999877929688,219.6968226591573,167.87063050478386,213.37991917505954,403.3618329661191,137.27555894461494,246.2100067138672,220.35251908634842,168.45723948005892,213.40901525279463,403.6484884800003,137.39550649112996,247.33999633789062,28111300,18242100,5600700,17626000,160537400,69282500
2024-11-06,221.26649475097656,175.49658203125,239.62567138671875,415.3219299316406,145.55227661132812,288.5299987792969,224.59463817705685,175.92412112315387,240.5373880480682,415.58882753455555,146.4319326348536,289.5899963378906,219.7464809892452,172.50386907265272,227.70549846665955,405.77361389082967,141.90372967757455,275.6199951171875,221.15721202226086,172.80214969030013,227.92857335200011,407.65167048638625,142.90333324876622,284.6700134277344,54561100,33695500,23987800,26681800,242043900,165228700
2024-11-07,225.99545288085938,179.71226501464844,229.2670440673828,420.51123046875,148.8209991455078,296.9100036621094,226.39285156162418,180.04037221530027,237.2105994098778,421.91482589939426,148.8709671267726,299.75,223.10445516924474,176.17270637176324,228.14194632127268,415.0254108601489,146.1120664908763,285.5199890136719,223.16406118155706,176.39144450553113,237.14269869088656,416.40921822256973,146.33198051831096,288.8900146484375,42137700,25352900,16451100,19901800,207323300,117309200
2024-11-08,225.72694396972656,177.32601928710938,229.84898376464844,417.6546325683594,147.57147216796875,321.2200012207031,227.41770491673495,179.86136646447602,232.1379691294592,421.568838898406,149.7106230852884,328.7099914550781,225.17992905795916,177.05756522942787,228.6850961621216,416.90340997880253,146.20200497714438,297.6600036621094,225.93579455138124,179.612801825818,232.1379691294592,420.4024892096892,148.7110195677981,299.1400146484375,38328800,22006200,9502100,16891400,175665800,204782800
2024-11-11,223.01174926757812,179.31454467773438,232.08946228027344,413.17706298828125,145.20240783691406,350.0,224.47376393957063,179.513393363608,234.81491834649185,419.8984307044044,148.7909962143961,358.6400146484375,220.29658566640109,177.44533365392132,231.8081952497588,411.19029254705583,143.51309063046196,336.0,223.77757009002366,177.55470270682915,232.7781040164942,417.6348987728619,148.62105018654825,346.29998779296875,42005600,17450400,9017100,24503300,182325600,210521600
2024-11-12,223.01174926757812,180.57725524902344,232.35133361816406,418.1390075683594,148.231201171875,328.489990234375,224.36436096493557,181.44227061052396,234.194169089919,419.5327090402253,149.5906625866308,345.8399963378906,222.14648085284745,178.36006265722634,231.57540367214264,412.37642617579047,145.95210633724608,323.30999755859375,223.33001798502116,178.787601775427,233.31154859132423,413.4142742125201,146.72180532829077,342.739990234375,40398300,25134900,6861000,19401200,198634700,155726000
2024-11-13,223.89691162109375,177.85299682617188,233.9031982421875,420.2839050292969,146.21200561523438,330.239990234375,225.4185978724207,179.92105669289288,236.74502378242778,424.366129168666,149.2707898303925,344.6000061035156,221.54973296285615,177.5149373462163,233.07876988293,413.3747019871383,145.8421419549503,322.5,222.79294167641658,179.42392735486908,233.34064938993217,416.7650676989441,149.01089841600094,335.8500061035156,48566200,23184000,11472600,21502200,191903300,125405600
2024-11-14,226.98008728027344,174.5719451904297,234.59182739257812,421.954345703125,146.7018280029297,311.17999267578125,227.62654977508777,177.79334885525918,236.9390048192966,423.2195452366953,148.94094569769402,329.9800109863281,223.77758025105393,173.3191846841435,233.7965099040101,415.14399286491056,145.49231611296014,310.3699951171875,223.79747584076947,177.25644065886235,235.1252801712944,420.0861832561595,147.5814841067195,327.69000244140625,44923900,31007500,10172200,30246900,194463300,120726100
2024-11-15,223.777587890625,171.49969482421875,237.92831420898438,410.2018127441406,141.92369079589844,320.7200012207031,225.68715481951833,173.14021567004892,239.00491351851235,417.91161788162964,145.18240774117885,324.67999267578125,223.05155818805096,170.23698198164112,234.19417438377397,408.8575514031372,140.0244503789864,309.2200012207031,225.16997570047775,172.73256594722855,234.19417438377397,414.96609164012756,144.81254410002094,310.57000732421875,47923700,32504600,11518800,28247600,250132900,114440300
2024-11-18,226.7811737060547,174.29354858398438,237.65673828125,410.9530334472656,140.09442138671875,338.739990234375,228.49183017609323,174.4327441914951,240.46946771808433,413.5624943414024,141.49387540802257,348.54998779296875,223.94665165924164,171.90731866370794,235.37744681373624,407.33534638732004,137.09561095173166,330.010009765625,224.0262188410909,172.424337422112,240.30458500761375,410.07330906060787,139.44468522690033,340.7300109863281,44633700,20135300,9051400,24727000,221205300,126085600
2024-11-19,227.0397491455078,177.0973358154297,235.7751007080078,412.9595947265625,146.95172119140625,346.0,228.90953992555222,177.8430297605378,237.77311024831232,413.1078544202765,147.07168399645053,347.3800048828125,225.4285554930197,172.56351905656155,234.28144783212835,406.79171998540573,140.9341184421503,332.75,225.74680903538962,172.72260407260165,234.96038095752812,408.33368112951007,141.26398946372595,335.760009765625,36211800,23434900,6792700,18133500,227834900,88852500
2024-11-20,227.75584411621094,174.96961975097656,233.53463745117188,410.6861572265625,145.83216857910156,342.0299987792969,228.68078414631773,176.65985629395433,237.24938989567428,412.46536399512735,147.5015047606034,346.6000061035156,224.6627401240164,172.7822539205829,231.4590332309668,405.8329222910528,142.67341754276418,334.29998779296875,226.82094870348703,176.32181201959514,237.04570253777942,412.05020669970736,147.3515703217148,345.0,35169600,18997100,9015300,19191700,309871700,66340700
2024-11-21,227.2784423828125,166.66757202148438,237.3948516845703,408.913330078125,146.6118621826172,339.6400146484375,228.9095315645878,173.13025284582125,238.10289570204407,415.7571129679985,152.8293979645091,347.989990234375,224.48371169719937,162.7601278802168,234.8245995104416,406.35806834126146,140.64422730754492,335.2799987792969,227.63648708983084,172.90156244724747,235.9108925350345,415.4797975064388,149.290807835149,343.80999755859375,42108300,59734400,8783500,20780200,400946600,58011700
2024-11-22,228.62112426757812,163.81402587890625,241.07083129882812,413.00372314453125,141.8937225341797,352.55999755859375,229.46651233539,165.50427747493626,241.65276768963074,413.39988374041405,147.1016638018941,361.5299987792969,226.82096032466632,162.9589629574629,235.7169306655695,407.1206461090675,141.04406865837018,337.70001220703125,226.82096032466632,164.89777917982897,236.27947953642217,407.4276728377604,145.87214043901812,341.0899963378906,38168300,38604600,7997300,24814600,236406200,89140700
2024-11-25,231.6048126220703,166.6874542236328,242.75845336914062,414.7765808105469,135.96607971191406,338.5899963378906,231.98275293866183,167.6618386099698,246.65749066946253,417.0446130867062,141.99368792347047,361.92999267578125,228.49182822914253,164.65917328191838,241.56546975622135,410.8743369468268,135.7661620516237,338.20001220703125,230.20248468460477,165.13641317917185,242.07952020730173,414.3705063731925,141.93371415065735,360.1400146484375,90152800,33135300,10295400,27691100,344941900,95890900
2024-11-26,233.7829132080078,168.1490020751953,242.44808959960938,423.8883972167969,136.86572265625,338.2300109863281,234.29015208323423,168.84499520108912,243.44709442063177,424.92835279721186,139.2447840977321,346.9599914550781,232.06231657216094,166.61785057482837,240.8671336131068,414.8360050762814,135.61621816013385,335.6600036621094,232.06231657216094,166.66756653684672,242.95244628971668,415.56890369905886,137.64541224160723,341.0,45986200,20486700,6212100,23458900,190287700,62295900
2024-11-27,233.65362548828125,168.25836181640625,242.27349853515625,418.93634033203125,135.2863311767578,332.8900146484375,234.4095061449918,168.50692644156777,243.63137965588157,423.13572759358533,137.1655905980091,342.54998779296875,232.53971526898803,167.0553175264857,241.28420227248876,417.97563494679554,131.74774157257602,326.5899963378906,233.19613315216662,168.02968660918825,241.84675111969358,421.03601885024915,134.95646019838466,341.79998779296875,33498400,19266500,5472300,18332400,226370900,57896400
2024-11-29,236.04058837890625,167.97999572753906,242.20562744140625,419.4018249511719,138.19520568847656,345.1600036621094,236.51797629056327,168.4572356311654,244.19394344725544,420.808229889217,139.29477581313424,345.45001220703125,232.698842645531,166.20027942100947,241.94374792072875,413.7960631011275,135.99608069190262,334.6499938964844,233.5342752849028,167.53258236969043,242.34141408182535,416.06412568619913,136.7257870913165,336.0799865722656,28481400,14257200,5494800,16271900,141863200,37167600
2024-12-02,238.28831481933594,170.5054168701172,238.84002685546875,426.8497619628906,138.57504272460938,357.0899963378906,239.48179223890946,171.09202581712017,242.7196618094662,428.85039263641124,140.39431322408433,360.0,235.8715241828912,167.60218350894124,237.65673701052887,417.27242003383,137.76536630294407,351.1499938964844,235.98092716494563,167.80103219947992,242.04072865244322,417.5299380247713,138.77496038075373,352.3800048828125,48137100,23789100,8899700,20207200,171682800,77986500
2024-12-03,241.3316650390625,170.3562774658203,237.45306396484375,427.0676574707031,140.20440673828125,351.4200134277344,241.44106801091166,171.68858044714352,241.54606521705796,428.32547569363487,140.48429454860658,355.69000244140625,237.60203896586935,169.86910042539293,237.2687789369744,423.6407942127541,137.8953246767264,348.20001220703125,238.5070985351772,170.50542536954606,240.76044150846369,425.72067515411175,138.2051993772479,351.79998779296875,38861000,22248700,6657700,18302000,164414000,58267200
2024-12-04,241.689697265625,173.3688507080078,236.07579040527344,433.22808837890625,145.0824737548828,357.92999267578125,242.78372692760894,173.90575879671132,237.96712436015684,435.456525965047,145.73221002899123,358.1000061035156,239.93926498233728,170.07785748297476,234.94099891212346,428.48398389915553,140.23438993110327,348.6000061035156,241.5504585064531,170.16733710736509,237.33667477531787,428.88014453611225,141.94371889092554,353.0,44383900,31615100,7346300,26009400,231224300,50810900
2024-12-05,241.7195587158203,171.6488037109375,238.0932159423828,438.378173828125,145.01248168945312,369.489990234375,243.21140922639395,175.0491662947447,239.7420579969039,440.3986320775989,146.49199262942497,375.42999267578125,240.81451427308068,171.34058597302015,237.25909375485318,431.99000513841474,143.90284467102651,359.5,242.6644095132275,174.35318831054713,238.0059276994125,433.72323412188194,145.06246836220566,359.8699951171875,40033900,21356200,6572500,21697800,172621200,81403600
2024-12-06,241.52064514160156,173.7069549560547,239.9166259765625,439.3191223144531,142.3933563232422,389.2200012207031,243.3009285590703,174.07482584315568,240.28519603281265,441.82487523918803,145.65228325014007,389.489990234375,240.76477968960373,170.87331141634223,237.47245181338516,437.5363542028089,141.26372149336697,370.79998779296875,241.5902721155965,171.04233358531255,238.30657391988672,438.0612738202398,144.5526526293818,377.4200134277344,36870600,21462400,5519700,18821000,188505600,81455800
2024-12-09,245.40939331054688,174.56297302246094,236.4734649658203,441.74560546875,138.7645263671875,389.7900085449219,245.89673657618508,175.44887679032834,240.4112923726013,444.03346541962105,139.90415231737651,404.79998779296875,240.43655859300793,172.85088694703188,236.42496656531813,436.2785166631167,137.08508402113657,378.010009765625,240.51612576959502,173.15947313956298,239.69356932385114,438.3583975889403,138.92447761551347,397.6099853515625,44649200,25389600,7076500,19144400,189308600,96359200
2024-12-10,246.42385864257812,184.31787109375,235.55203247070312,439.0814208984375,135.0257568359375,400.989990234375,246.86147053083658,185.502397306232,240.498572865486,445.31115038441584,141.77354545828368,409.7300109863281,244.00705305092782,180.21683563214248,234.93129148152076,437.36801935702954,133.74616214517607,390.8500061035156,245.54863486606115,182.00855531536865,236.55103726892423,440.13129040416726,138.96445323342698,392.67999267578125,36914800,54813000,9108300,18469500,210020900,97563600
2024-12-11,245.1508026123047,194.50079345703125,236.20187377929688,444.68719482421875,139.2643585205078,424.7699890136719,249.43738355757404,194.7098337526011,236.919611573279,446.0341772846715,140.12407738797447,424.8800048828125,244.92204129682997,183.99935507018319,234.89249106315413,439.7945337941877,135.16571086465208,402.3800048828125,246.61281718111218,184.45722971599074,236.6577320701239,439.7945337941877,137.31500040642362,409.70001220703125,45205800,67894100,7884400,19200200,184905200,104287600
2024-12-12,246.61282348632812,191.0766143798828,234.26205444335938,445.251708984375,137.29501342773438,418.1000061035156,247.38858448031883,194.2817820941682,236.75472698403252,451.7884649521135,138.39465924672223,429.29998779296875,244.3451969163318,190.8277648699629,233.78679383764873,444.8060093995974,135.75552453494274,415.0,245.54862958315107,194.10261773753882,235.68782146085866,444.8060093995974,137.03510407678786,424.8399963378906,32777500,34817500,6113800,20834800,159211400,87752200
2024-12-13,246.7819061279297,188.94647216796875,232.7198944091797,442.9836120605469,134.20602416992188,436.2300109863281,247.9355922748061,191.84306905787375,235.41623939456244,447.10374865296643,139.55427778956917,436.29998779296875,244.90217516923994,188.7672926142497,231.94396449404366,441.3098056253416,132.4965775973186,415.7099914550781,246.47359279661413,190.13098313311997,234.78580466330752,444.14241275611795,138.89449032268433,420.0,33155300,25143500,10392700,20177800,231514900,89000200
2024-12-16,249.67608642578125,195.75498962402344,232.37074279785156,447.2622375488281,131.95675659179688,463.0199890136719,250.01425073054844,198.08421748080238,233.42793979570948,447.8465797272876,134.35596424649526,463.19000244140625,246.3045049916291,191.733572884141,230.37273311760396,441.01271109813007,130.37727237183418,436.1499938964844,246.6426692963963,191.98242240358925,233.3697476379754,442.9836304987913,134.13603509853905,441.0899963378906,51694800,44934900,9032000,23598800,237951100,114083800
2024-12-17,252.1028289794922,194.5207061767578,231.18743896484375,450.104736328125,130.3472900390625,479.8599853515625,252.45093348613432,200.4930951236226,231.82758226052997,450.92679906279125,131.54689392732612,483.989990234375,248.42293425963442,194.08272855714978,229.50950105308948,445.26161469090005,126.81844751374322,457.510009765625,248.72130738305802,196.34228662818003,231.46870597678523,446.6878170659997,129.04771280436398,475.8999938964844,51356400,43504000,8083600,22733500,259410300,131223000
2024-12-18,246.70236206054688,187.53298950195312,223.43788146972656,433.1983337402344,128.86778259277344,440.1300048828125,252.89851058988313,196.09341894237798,231.87609971646904,448.3120705924071,136.6552244722092,488.5400085449219,246.39404870034858,186.87603832190538,222.6231616444076,432.83185420697276,128.23798405143236,427.010009765625,250.79003328074214,194.32161160052223,231.80819899787568,446.9948298056794,133.8161583001621,466.5,56774100,34166100,11322400,24444500,277444500,149340800
2024-12-19,248.43287658691406,187.64248657226562,225.949951171875,432.8417663574219,130.6371612548828,436.1700134277344,250.6308762664829,192.1416901461699,229.24763503500648,438.93282241461935,133.9860693668965,456.3599853515625,245.7475488049507,187.513095150107,225.28071175973975,432.13857903304347,129.50754199406654,420.0199890136719,246.15532490458142,190.748138909751,225.28071175973975,437.38777493352876,131.7168091066324,451.8800048828125,60882300,32265200,11790800,22963700,209719200,118566100
2024-12-20,253.10736083984375,190.52919006347656,230.45033264160156,432.4158935546875,134.65586853027344,421.05999755859375,253.6145845456153,192.00237527778333,232.01188637341022,439.48745236080407,135.2356803497186,447.0799865722656,244.35516822034685,184.3676722269585,224.62117138701748,424.5222720446017,128.1779956829599,417.6400146484375,246.69239156062656,184.925092838395,224.94124306119815,428.95931906801104,129.76747112979962,425.510009765625,147495300,63462900,32348400,64263700,306528600,132216200
2024-12-23,253.8831024169922,193.7343292236328,231.21653747558594,431.078857421875,139.624267578125,430.6000061035156,254.26102752773247,194.20216752678672,231.43961233565523,433.4558513948008,139.74422340664867,434.510009765625,252.07298333460633,189.27493498031782,227.81216322118433,428.6820357713906,135.07575428315474,415.4100036621094,253.38581895601413,191.73356940291157,228.96635695747324,432.5545685943141,136.23537813819377,431.0,40858800,25675000,8611500,19152500,176053500,72698100
2024-12-24,256.79718017578125,195.20753479003906,235.01856994628906,435.1197204589844,140.17408752441406,462.2799987792969,256.80710520536127,195.20753479003906,235.1931612045448,435.3871522905164,141.8535301026856,462.7799987792969,253.90297174117552,192.8882552424337,231.87607529400537,430.02899474815183,138.60459428405517,435.1400146484375,254.10189725758943,193.9433748674021,232.22522821125293,430.484577930417,139.95415834100334,435.8999938964844,23234700,10403300,3729100,7164500,105157000,59551800
2024-12-26,257.61273193359375,194.69989013671875,235.8236083984375,433.91143798828125,139.88417053222656,454.1300048828125,258.6868812844183,195.84459196860374,235.93999271034167,436.71433412405435,140.8038826879709,465.3299865722656,256.23029959445824,193.48550314170072,233.54431695942878,432.4456406431818,137.68489400548984,451.0199890136719,256.78725468311694,194.25194880473947,234.16505795563904,434.8721433787049,139.65425012018665,465.1600036621094,27237100,12046600,4451800,8194200,116205600,76366400
2024-12-27,254.2013702392578,191.8729248046875,233.9128875732422,426.4040832519531,136.96511840820312,431.6600036621094,257.29448932345014,194.42115659969988,236.0660861464205,431.04913980352325,138.97446981750295,450.0,251.68511699924173,189.77263428806026,232.8168859680783,422.2641488688207,134.66588395063462,426.5,256.42919055718573,194.05284898883724,235.41624907067862,430.4350863105853,138.50462254046806,449.5199890136719,42355300,18891400,5730200,18117700,170582600,82666800
2024-12-30,250.8297882080078,190.3599395751953,232.11856079101562,420.7586975097656,137.44496154785156,417.4100036621094,252.1227283114492,191.66390866604786,233.59281138216528,423.45263204127576,140.2240495546706,427.0,249.38766912858338,188.24968525874627,229.97505601890364,417.8567839421245,133.97609715556487,415.75,250.85962400320443,188.9265638700057,231.58510803780834,421.9769208859116,134.78582934588258,419.3999938964844,35557500,14264700,5723800,13158700,167734700,64941000
2024-12-31,249.05946350097656,188.42886352539062,232.496826171875,417.4606018066406,134.2460174560547,403.8399963378906,251.90392569582917,191.07662611886298,234.17476411638413,422.64049156656444,138.02479365615312,427.92999267578125,248.07483671879714,187.6424905201336,231.83728054536303,416.6286554798762,133.7861766339878,402.5400085449219,251.0684930674946,190.2006709297877,232.8265915853147,422.016524265212,137.98479821279548,423.7900085449219,39480700,17466900,4871000,13246500,155659200,76825100
2025-01-02,242.52516174316406,188.5582733154297,232.778076171875,414.5685729980469,138.2646942138672,379.2799987792969,247.74663833648884,191.1164539742449,235.95937536225344,421.98681399014663,138.8345148325783,392.7300109863281,240.50619200781614,186.63716208422355,232.24462345405482,410.87433837182135,134.58590691715995,373.0400085449219,247.57754859678104,189.77266033181004,233.67039035457807,421.4519805555425,135.95545329338754,390.1000061035156,55740700,20370800,9220900,16896500,198247200,109710700
2025-01-03,242.03781127929688,190.9073944091797,235.95938110351562,419.2929382324219,144.4226837158203,410.44000244140625,242.853348279154,192.32087307336826,237.51124090227324,419.9664143701195,144.85253555834646,411.8800048828125,240.57579666249651,189.10572628313417,233.03025276318576,415.51945282325784,139.68423069189672,379.45001220703125,242.03781127929688,190.489329030918,236.5510259868334,417.0446728600811,139.96413776465596,381.4800109863281,40244100,18596200,9491100,16662900,229322500,95423300
2025-01-06,243.6688995361328,195.9640350341797,234.80899047851562,423.7497863769531,149.38104248046875,411.04998779296875,245.98624232017474,197.30782865396526,239.52758971131513,430.15778356293015,152.11015917129038,426.42999267578125,241.8786760145675,192.95794346331456,234.5457584708976,421.4025036603563,147.77158452702758,401.70001220703125,242.9826459215422,193.0873348986171,237.58749766624487,423.8983428352595,148.5413213081193,423.20001220703125,45045600,29563600,9917800,20573600,265377400,85516500
2025-01-07,240.89407348632812,194.59039306640625,237.07080078125,418.322265625,140.09408569335938,394.3599853515625,244.215923537777,200.0750314967655,239.1083757665875,426.52291408196885,153.07983530547875,414.3299865722656,240.0387452815234,193.70448930563006,234.85773282590426,416.76730426764124,139.9641234037018,390.0,241.6598791297847,196.20293323603758,236.0666364630763,424.8887326935554,152.97986196669754,405.8299865722656,40856000,26487200,8753400,18139100,351782200,75699500
2025-01-08,241.3813934326172,193.05746459960938,237.03179931640625,420.49127197265625,140.06411743164062,394.94000244140625,242.3859157551251,195.38669258245946,238.12370262953496,422.87817962096636,143.90285624874434,402.5,238.74579711055483,191.49469743094454,234.4677604192555,417.50022470253026,137.51494945407615,387.3999938964844,240.605632433071,191.683825506133,236.66132574542317,419.40180766065134,142.53330977712477,392.95001220703125,37628900,24864800,8675300,15054600,227349900,73038800
2025-01-10,235.56317138671875,191.15626525878906,233.8535614013672,414.9350891113281,135.86549377441406,394.739990234375,238.85518532841934,195.61566016820694,237.69474046339533,420.6398687578953,139.87417502688794,399.2799987792969,231.73408283180441,189.4342306110514,232.75191424539267,411.0427285040194,134.17604480086774,377.2900085449219,238.70599119102164,193.40587493046604,236.99279835682842,420.56064872084147,137.40498271998055,391.3999938964844,61710900,26665200,10256800,20201100,207602500,62287300
2025-01-13,233.12649536132812,190.13099670410156,238.08473205566406,413.19195556640625,133.1863555908203,403.30999755859375,233.39503269669683,190.30021256834414,238.4064419057108,414.489399057034,133.4462801889749,403.7900085449219,228.47192915300568,186.4977995025927,233.00540271461605,408.3389196630922,129.4675728747113,380.07000732421875,232.2612269401141,189.19533519391976,233.65859599149118,411.26063086426467,129.94742663109315,383.2099914550781,49630700,21823700,10005300,17604800,204808900,67580500
2025-01-14,232.01258850097656,188.78720092773438,241.26295471191406,411.6864929199219,131.7168426513672,396.3599853515625,234.8371551382162,191.09651654383717,241.50668420793562,415.7174656234234,136.33533995791205,422.6400146484375,231.20699165927476,187.44340746260227,236.11538894602398,406.783918522941,130.00741122442506,394.5400085449219,233.47460320476435,190.3599316953501,236.57360158862997,413.80596878606093,136.0054462036023,414.3399963378906,39435300,17174900,12407400,16935900,195590500,84565000
2025-01-15,236.57765197753906,194.65011596679688,246.0205535888672,422.2244873046875,136.1953887939453,428.2200012207031,237.66174156203553,195.45638605757955,247.3074375627741,424.04685017409594,136.4053114797544,429.79998779296875,233.15633900368562,190.97709427450172,237.5680017698704,414.2615295855494,131.24699764678536,405.6600036621094,233.36520475508792,192.20142977574318,244.11945166267157,415.1133035563719,133.60622538989423,409.8999938964844,39832000,21776000,18448500,19637800,185217300,81375500
2025-01-16,227.0198516845703,192.02224731445312,247.8924102783203,420.51104736328125,133.5262451171875,413.82000732421875,236.7168796666606,194.58041248274841,250.59293737173945,425.3739962723433,138.70454064615834,424.0,226.79110553013876,191.92270143099617,246.00106693044077,420.32289602505284,133.44626949753135,409.1300048828125,236.06047699847062,193.2465827004133,247.62917824638126,424.59158895645874,138.59457607585483,423.489990234375,71759100,17815400,15292300,15300000,209235600,68335200
2025-01-17,228.7305145263672,195.0980224609375,252.6597442626953,424.91845703125,137.66490173339844,426.5,231.0279618693864,196.32235783888785,254.08311616597211,430.31623990051855,138.45463626831489,439.739990234375,227.2386640256131,192.85837679493184,245.81581595917703,424.06671321451194,135.41563868932835,419.75,230.85888730040747,195.6255822249555,247.76565189599165,429.9299628963343,136.6452315490251,421.5,68488300,27735100,17678100,26197500,201188800,94991400
2025-01-21,221.43038940429688,197.13861083984375,256.43267822265625,424.3935241699219,140.7838592529297,424.07000732421875,223.20071739531107,201.3590893649602,257.6220793628749,426.7705180269004,141.783531605571,433.20001220703125,218.1881065481907,196.95943127097462,252.9912189012906,421.52132200002626,137.04507916268696,406.30999755859375,222.783001089375,198.1539212272468,253.54692929719334,426.0772445238866,139.11440825447346,432.6400146484375,98070400,29971300,13712100,26085700,197749000,87320900
2025-01-22,222.61392211914062,197.45712280273438,256.2474060058594,441.9239196777344,147.0218505859375,415.1099853515625,222.90233985709415,199.5574134711185,256.7738699793231,442.98364251820686,147.7416007949869,428.0,218.59586314481808,196.62099201618707,253.72237232606903,431.82165779523024,143.62295473278476,414.5899963378906,218.59586314481808,198.14394994474472,256.3058986971185,433.366705345479,144.61263605764083,416.80999755859375,64126500,26200600,9021900,27803800,237651400,60963300
2025-01-23,222.4448699951172,197.0689239501953,259.27947998046875,442.42901611328125,147.17178344726562,412.3800048828125,225.79655609657794,199.3782549776066,260.1666292674806,442.46864124256984,147.18177468068177,420.7300109863281,221.09225820038625,194.30171827365388,257.1931409703937,437.26895379651836,143.67292977388993,408.95001220703125,223.51900422998196,197.22819130144518,258.0510736566997,437.7641621247137,145.0024960002277,416.05999755859375,60234800,26951400,10749700,18389300,155915500,50690600
2025-01-24,221.56961059570312,199.28866577148438,258.1972961425781,439.804443359375,142.57327270507812,406.5799865722656,224.40413230326863,199.9754777209976,260.4006204848565,442.3696190202124,148.92119854206575,418.8800048828125,220.207058812345,197.08882922694013,256.4132091788652,437.16993127456703,141.83352489203162,405.7799987792969,223.55874437620204,197.18837511510904,257.0761463209556,440.8939077892008,148.32138900097752,414.45001220703125,54697900,23877500,7666300,15549500,234657600,56427100
2025-01-27,228.6111602783203,190.9272918701172,259.1819763183594,430.3954772949219,118.38121032714844,397.1499938964844,230.88871192185238,195.97396712425268,259.2989617270755,431.02935848885954,128.3579371600633,406.69000244140625,222.76310174211312,189.8522601854155,255.68202399762154,419.4414710475572,116.66177248371496,389.0,222.80289291870474,191.5245367578076,257.5441210920563,419.94659323490635,124.75912547322825,394.79998779296875,94863400,41728900,7522300,35647800,818830900,58125500
2025-01-28,236.9655303955078,194.40126037597656,260.4396057128906,442.9143371582031,128.94775390625,398.0899963378906,238.88505261672515,194.58042475121238,260.6248127587292,444.08302154903276,128.95774513931468,400.5899963378906,229.5560092044273,189.80251062684363,258.1875177876292,427.24593852989443,116.21192149182427,386.5,229.59580038333414,191.8629920734772,259.18195317720495,430.43508134605355,121.77009783396647,396.9100036621094,75707600,24157900,7375400,23491700,579666400,48910700
2025-01-29,238.05955505371094,194.5107421875,259.89361572265625,438.09100341796875,123.65948486328125,389.1000061035156,238.55683854812662,195.88438120776217,263.89078529426916,442.5974175154718,126.84844257022412,398.5899963378906,232.73861559310797,192.5398430560715,258.94794411487567,436.17950645057016,120.0106863497111,384.4800109863281,232.84801856891494,194.66004582386458,260.50781879552153,442.40923592540474,126.458570906435,395.2099914550781,45486100,18218300,7684900,23581400,467120600,68033600
2025-01-30,236.2991485595703,199.94561767578125,261.5022277832031,411.0130310058594,124.60918426513672,400.2799987792969,239.48175963713217,200.47317747002577,262.935358224664,418.8076058708813,124.95906813052294,412.5,235.92122345328548,196.76034669489817,259.9325945605879,409.20058168065486,118.06132604433881,384.4100036621094,237.3732826437262,197.08882990069444,261.8921889760082,414.75680505351727,123.05968876955973,410.7799987792969,55658300,24354700,8753500,54586300,392925500,98092900
2025-01-31,234.71778869628906,203.0811309814453,260.5956115722656,411.0823059082031,120.03067016601562,404.6000061035156,245.84699474947953,204.5344037474068,264.0273425276852,416.65835612531487,127.80812056780856,419.989990234375,232.1716998572169,200.87134591508243,260.26414296900646,410.93374946527524,119.15096116009843,401.3399963378906,245.84699474947953,201.0704225036096,262.47722622767554,414.96475222570615,123.73945402173636,401.5299987792969,100959800,32001100,7193800,34161900,388161100,83283600
2025-02-03,226.77120971679688,200.30393981933594,260.1178894042969,406.9820251464844,116.62178802490234,383.67999267578125,230.5704628324937,202.81234708889096,261.4437934583963,411.42898625512174,118.53115837860842,389.1700134277344,224.47376244068877,199.17915038211245,255.13607231836323,404.7436738342851,112.97298217131676,374.3599853515625,228.7404632470789,199.7664315701441,255.26278667641125,407.6555012178145,114.71241004430098,386.67999267578125,73063300,27838300,8381400,25679100,371235700,93732100
2025-02-04,231.53518676757812,205.43028259277344,261.2195129394531,408.4181213378906,118.61112976074219,392.2099914550781,231.8633956790269,206.09719755510824,263.07185105882786,409.9532853263689,121.16028976109213,394.0,225.4185909783935,201.8767037764101,260.13733856440666,405.81332063447735,116.66176403787988,381.3999938964844,226.01533721300711,202.4540365472158,263.07185105882786,408.73506192939664,116.92168099297385,382.6300048828125,45067300,43856400,5626000,20532100,256550000,57072200
2025-02-05,231.20697021484375,190.44952392578125,263.6470642089844,409.3293151855469,124.78910064697266,378.1700134277344,231.4058805611787,191.86298743209488,263.8518184078893,409.8641184268012,124.95904311515453,388.3900146484375,227.02979223826367,187.16470709545553,261.59973048488587,406.4669964929513,120.72043450821901,375.5299987792969,227.2883741709104,190.19072588273337,262.1651995788102,408.39832109505767,121.72010685314025,387.510009765625,39620300,70373900,5704400,16316700,262230800,57223300
2025-02-06,231.95289611816406,190.71827697753906,269.95477294921875,411.83502197265625,128.6378631591797,374.32000732421875,232.52974674745317,191.21597601434,270.0327830459936,414.1922182257068,128.72784528628156,375.3999938964844,229.1780459389265,187.85152566522362,264.38799981532753,410.03245657619226,125.16900563533248,363.17999267578125,230.03337408912944,188.62793494754752,265.61640594638817,410.03245657619226,127.37828117148048,373.0299987792969,29925300,29297400,7264400,16309800,251483600,77918200
2025-02-07,226.39329528808594,184.48707580566406,268.8823547363281,405.8232116699219,129.7974395751953,361.6199951171875,232.72868233994458,190.3001969256679,271.56337905921515,414.63791357819275,130.32726464043708,380.54998779296875,226.02529517161955,182.39674895869484,267.8196977567854,404.1890302854019,124.95902960961989,360.3399963378906,231.33629458433444,190.17080550398342,270.3154852917386,412.48872643025265,129.1776476695437,370.19000244140625,39707200,49315000,6857900,22886800,228186300,70298300
2025-02-10,226.66209411621094,185.6118927001953,264.2417907714844,408.2695617675781,133.5262451171875,350.7300109863281,229.58933825388894,187.33392723255807,269.2528539667919,411.47850211303046,134.95576927734325,362.70001220703125,226.21404995469493,185.00469922620795,262.8281477293246,406.9820321839411,129.91742726932324,350.510009765625,228.57377553913867,186.4878479252447,269.2236076160228,409.74527293691693,130.04737430419848,356.2099914550781,33115600,23105600,8627400,20817900,216989100,77514900
2025-02-11,231.61053466796875,184.46719360351562,268.0926818847656,407.4970397949219,132.7565155029297,328.5,234.2092091135714,186.07973375626966,269.29184169342403,408.5369652151938,134.43595803743202,349.3699951171875,227.1400288616486,183.43197101543439,262.89638221818285,405.3775335991668,130.9770996135579,325.1000061035156,227.20971719471092,184.17851963260873,263.4813389480683,405.714301867279,132.5365863252507,345.79998779296875,53718400,21239500,7196400,18140600,178902400,118543400
2025-02-12,235.84210205078125,182.7650604248047,268.5411682128906,405.1200256347656,131.0970458984375,336.510009765625,235.93172304376256,184.25815769470228,269.51608618824747,406.813629604169,132.19669170682792,346.3999938964844,229.67896101319025,180.9932528796119,266.3963367662514,400.4947666868975,129.03772306980744,329.1199951171875,230.19670873650108,182.37685574217417,267.205505594858,403.30754628100544,129.97741762356085,329.94000244140625,45243300,22072600,6683900,19121700,160278600,105382700
2025-02-13,240.48187255859375,185.2834014892578,269.38934326171875,406.6056213378906,135.2456817626953,355.94000244140625,241.28835511000761,185.42275661553663,270.02303399802724,407.0612044905901,136.45529216313562,358.69000244140625,234.54774465400956,182.29720719308074,266.9422896122563,402.465657162982,131.127036067263,342.8500061035156,235.8819260401158,183.47178484763324,268.5899033779397,403.0995382668374,131.51690772043457,345.0,53614100,21402500,8398700,23891700,197430000,89441500
2025-02-14,243.53857421875,184.37759399414062,269.6525573730469,404.515869140625,138.80453491210938,355.8399963378906,244.48444869345934,185.54220800020582,272.22635509125433,404.99128001840967,139.20439781688884,362.0,239.94423906079516,183.4717932262479,269.516084328549,401.99031874797896,135.4556258828613,347.5,240.2031053319298,184.20837813225802,270.41299219849265,403.8820181953633,136.4353006772254,360.6199951171875,40896200,20448400,5688600,22758500,195479600,68277300
2025-02-18,243.40911865234375,182.92431640625,272.9283142089844,405.7142639160156,139.35435485839844,354.1099853515625,244.11602908498713,185.10424071494356,272.9478018588014,406.6650553734785,143.3930407195906,359.1000061035156,240.7905267294893,180.90365944170068,269.09686374213265,402.6043413346739,137.88483491061234,350.0199890136719,243.0905000064508,184.74589678490392,269.81832331528267,404.08996621044764,141.2237529999524,355.010009765625,48822500,29916700,7919800,21423100,219176600,51631700
2025-02-19,243.80735778808594,184.41741943359375,272.245849609375,410.79510498046875,139.1844024658203,360.55999755859375,244.94241003871878,184.60654751219354,273.2207676026046,411.5082061808428,141.31370984182348,367.3399963378906,242.1047870084227,182.74514264416922,270.26676727320427,403.7433432351679,137.17506616632772,353.6700134277344,243.59827761149603,183.22294469175932,271.39767571560697,403.97114994678657,139.46430955469114,354.0,32204200,19549400,7007200,24114200,167536000,67094400
2025-02-20,244.76321411132812,183.71067810058594,260.10809326171875,412.9684753417969,140.06411743164062,354.3999938964844,245.70908851524857,184.4572267048234,271.7486157904694,416.1243081620841,140.6139403685729,362.29998779296875,243.2298884862767,181.87914917011352,259.074682630374,409.4057538443196,136.74519734237094,348.0,243.87707690453925,183.9495791218272,271.6901230945166,412.1348608394034,139.9841417995603,361.510009765625,32316900,20441500,13846700,23508700,143903600,45965400
2025-02-21,244.48443603515625,178.833251953125,257.6123352050781,405.108642578125,134.38595581054688,337.79998779296875,247.61080936192474,184.48710668191748,262.4479501394835,414.8738801834256,141.41366694156105,354.9800109863281,244.15586625078134,178.25591914965165,256.24745588977726,404.79109677447474,133.98609294492073,334.4200134277344,244.88269415360097,184.2979785856072,261.5900174978265,414.16928284227896,139.99411868487,353.44000244140625,53197400,35199200,12835600,27524800,228217600,74058600
2025-02-24,246.0277099609375,178.4251251220703,254.78506469726562,400.9306335449219,130.23733520507812,330.5299987792969,247.7800669312537,182.2773112476267,260.3031041074017,406.25983043716724,138.544611438826,342.3999938964844,243.3593319822528,178.06678116700198,252.12352786584793,396.2861968407472,130.03740375103862,324.70001220703125,243.86711335623195,181.15252162389993,258.8309684174216,405.4063787741937,136.51527743543022,338.1400146484375,51326400,29854200,10372800,26443700,251381100,76052300
2025-02-25,245.9679718017578,174.6127471923828,250.94387817382812,394.876953125,126.5885238647461,302.79998779296875,248.91513366913293,177.91747644578498,256.40342472680305,398.8664306026397,130.1573543264651,328.8900146484375,243.84722519384715,173.8861107726199,246.99547231748238,393.6860882830661,124.39924631174091,297.25,246.92381259977986,177.2206855678133,255.65274860472138,398.05265327493277,129.93742515974864,327.0199890136719,48013300,41913400,9608400,29387400,271428700,134228800
2025-02-26,239.31695556640625,171.93511962890625,252.29905700683594,396.6930847167969,131.23699951171875,290.79998779296875,243.91690216055417,175.26970953461128,254.3658785658787,400.53367776380867,133.68619399137987,309.0,238.0922974197643,170.79041782229913,250.4856939158862,391.25470780563023,128.44792005609298,288.0400085449219,243.26972892021308,174.26436286262216,250.70993578394783,394.9861511086002,129.9474287481865,303.7099914550781,44433600,35431300,5943600,19619000,322553800,100118300
2025-02-27,236.27024841308594,167.72457885742188,252.55250549316406,389.5477600097656,120.11065673828125,281.95001220703125,241.40786042901627,173.75668887755327,257.02740546326555,402.657388820498,134.96578360804298,297.2300109863281,236.0312844149354,167.1671583548918,251.39235064938032,389.1905096396701,119.97070319337837,280.8800048828125,238.37109275336516,173.18931986196714,253.65416763491982,398.22134834414993,134.9557923740472,291.1600036621094,41153600,39991000,8204400,21127400,443175800,101748200
2025-02-28,240.79052734375,169.4963836669922,258.0119934082031,393.973876953125,124.87908172607422,292.9800109863281,241.03944246427386,169.82486685567105,258.16798382862834,394.6090291195634,125.04902421361967,293.8800048828125,229.2010399398617,166.00254187779413,251.4215692199869,383.6330593862238,116.36187573271177,273.6000061035156,235.92174819400608,167.90374066525882,254.1903322402414,389.67678725566606,117.98134023479652,279.5,56833400,48130600,10467100,32845700,389091100,115697000
2025-03-03,236.9970703125,166.24142456054688,254.0831298828125,385.5384521484375,114.02263641357422,284.6499938964844,242.97103338088397,172.57215683074952,259.64017450358887,395.7899873220531,123.65947815441595,303.94000244140625,235.08540395372597,165.1663928329386,251.35337132475837,383.2261675615013,112.2432206852501,277.29998779296875,240.7407483660274,171.1387811939385,257.37835755426585,395.7899873220531,123.46954557652553,300.3399963378906,47184000,40770500,9058300,23007700,411381400,115551400
2025-03-04,234.9061737060547,170.13343811035156,243.9732208251953,385.65753173828125,115.95201110839844,272.0400085449219,239.02822274747484,172.49252670098738,250.7781589340054,389.59737098453536,119.27092350243325,284.3500061035156,233.6615980851158,165.03700479811678,239.7810705990394,378.10536303990614,110.07393955565605,261.8399963378906,236.6784633674393,165.4749823837437,248.87705700074721,380.48712304915495,110.61376362073891,270.92999267578125,53798100,45388000,13465600,29342900,398163300,126706600
2025-03-05,234.7169952392578,172.2238006591797,245.22109985351562,397.9732666015625,117.26158142089844,279.1000061035156,235.5234777567522,172.98029782260173,246.70297923682514,398.61835249883035,118.2412561507128,279.54998779296875,228.23523611666363,168.28201710781593,241.61390657436039,385.85603973587394,114.47249437052442,267.7099914550781,234.3983766092207,169.73530516145718,244.94812402975685,386.3820118850688,117.54148848655969,272.9200134277344,47227600,30954900,7861400,23433100,284337900,94042900
2025-03-06,234.30877685546875,171.55686950683594,240.35626220703125,393.87469482421875,110.53378295898438,263.45001220703125,236.82779659290307,174.0055403400316,243.10553793634068,399.09471206990673,115.31221606989396,272.6499938964844,232.14819548977783,169.71537693678601,237.7337454462382,389.69665794124984,110.18389912538346,260.0199890136719,233.42263965762712,169.7452376648565,241.88689051222846,391.28450820827493,113.49281250827367,272.05999755859375,45170400,28302000,9983200,23304600,321181900,98451600
2025-03-07,238.03256225585938,173.05992126464844,236.20310974121094,390.32183837890625,112.6530990600586,262.6700134277344,240.32256924437755,174.1648138078256,240.53174763621962,391.80050846371955,113.44284126847423,266.25,233.74125275300776,169.48644558654738,233.414843927151,382.61088158953936,107.52477413573757,250.72999572753906,234.08974000390756,170.4718800246714,239.07911459680213,389.33936956128906,111.21356818629886,259.32000732421875,46273600,27385800,20498700,22034100,341755500,102369600
2025-03-10,226.4928436279297,165.2968292236328,226.39544677734375,377.2717590332031,106.9449691772461,222.14999389648438,235.13518456664028,167.87789100205225,231.55275617002158,383.4643412864511,111.81336945167178,253.3699951171875,223.24699590534985,163.12436954047675,222.9637314395914,374.3540930979484,105.42546268101563,220.0,234.5178647329352,167.6785699397653,230.28537474013976,382.90859827837613,109.86401109514142,252.5399932861328,72071200,43604000,18887200,32840100,366487400,189076900
2025-03-11,219.88165283203125,163.47314453125,223.3927001953125,377.5595703125,108.72437286376953,230.5800018310547,224.8599551431671,166.17378667553444,227.4678649933782,383.0673924681545,112.20322856084239,237.05999755859375,216.50636447278404,160.81237268027317,221.00415417455685,374.0464567305875,104.73567447790636,217.02000427246094,222.8387656202518,164.34014854098334,225.9372366595305,376.1205744700273,106.95494843650206,225.30999755859375,76137400,39587400,18143000,30380200,354865700,174896400
2025-03-12,216.03842163085938,166.53256225585938,222.1837921142578,380.3581237792969,115.71273803710938,248.08999633789062,220.78772670269151,167.06072965689114,228.44277836700155,382.2933209136247,116.7325020716217,251.83999633789062,213.97741219492326,162.96493090148982,221.55984522899598,376.0709676751301,112.85341103244578,241.10000610351562,219.18471261137486,166.0043948548276,228.13079748633706,380.0405779726452,114.09312447156262,247.22000122070312,62547500,28372400,16054000,24253600,323857500,142215700
2025-03-13,208.77008056640625,162.1975860595703,219.54177856445312,375.89227294921875,115.55277252197266,240.67999267578125,215.899013195213,165.5559515451144,223.74367260665568,382.3925273041687,117.73225924433854,248.2899932861328,207.51555384047248,161.54983818219623,218.6058507740928,374.58232470495466,113.76319330991835,232.60000610351562,215.01287598245443,165.46625097868807,223.54869198918365,380.24893433302753,117.0024278677365,248.1300048828125,61368300,31756200,16467900,20473000,299033100,114813500
2025-03-14,212.5635528564453,164.91815185546875,226.60995483398438,385.6079406738281,121.6413345336914,249.97999572753906,213.02154815111564,165.91469633780176,227.29239449651655,387.2652662935844,121.85128414551467,251.5800018310547,208.67051688888432,161.88864811378173,221.87185249687687,376.6267095180303,118.12216714928688,240.72999572753906,210.3332680009786,162.70582188820455,222.39830170052483,376.8946473094157,118.5820578648422,247.30999755859375,60107600,31995900,11962100,19952800,277593500,100242300
2025-03-17,213.0713653564453,163.72230529785156,228.0625457763672,385.74688720703125,119.50183868408203,238.00999450683594,214.2860724865002,165.72536967150563,229.7589083414952,389.7264008785539,122.86104771124882,245.39999389648438,209.05885441116683,163.10445251309577,224.67959422222768,382.6406623483486,118.00219206936818,232.8000030517578,212.38435712144667,164.4597537744784,225.38152145062264,383.7620820869245,122.711081524258,245.05999755859375,48073400,31184300,9586000,22474300,255501500,111900600
2025-03-18,211.7670440673828,160.11480712890625,229.07647705078125,380.6062316894531,115.4028091430664,225.30999755859375,214.2163605039484,163.68243835584954,230.24637564186483,384.4269877309022,118.99195980676369,230.10000610351562,210.57225445008928,156.17845929337233,227.6628489667191,378.2046343736099,114.51301940530757,222.27999877929688,213.23066628615402,163.11440067725707,228.44278631946406,384.1292790671939,117.97220343827061,228.16000366210938,42432400,42074800,10344900,19486900,299686900,111477600
2025-03-19,214.30596923828125,163.32366943359375,233.1126251220703,384.8735656738281,117.49231719970703,235.86000061035156,217.8106832228152,165.29682318848322,236.25186202365677,386.719419886704,120.42162740294437,241.41000366210938,212.8224296395377,160.44365657902026,228.99847029765743,381.0825806498319,115.6527542355049,229.1999969482422,213.29039128502816,161.20102488744715,229.82715648248669,382.60095534567967,117.24237608211885,231.61000061035156,54385400,34275600,10120600,19185500,273426200,111993800
2025-03-20,213.17091369628906,162.23744201660156,233.01513671875,383.9010009765625,118.50206756591797,236.25999450683594,216.5462020975973,164.3202162999389,235.69616111397977,388.8134057411041,120.17167220516042,238.0,211.29906714235267,160.40380384962694,230.27561962597693,380.36805030146087,116.44255543913019,230.0500030517578,213.0613904363763,161.01169658179438,230.62659068730426,382.8093521082507,116.52253841801043,233.35000610351562,48862900,28138500,8328500,18470500,248829700,99028300
2025-03-21,217.3228302001953,163.42333984375,235.56942749023438,388.2874450683594,117.6722640991211,248.7100067138672,217.8903488075446,163.67247597151626,236.2226207273677,388.76377892625936,117.9621966837067,249.52000427246094,210.36315756009637,160.33404577702316,230.5680936788464,379.8916973941909,115.39280254041711,234.5500030517578,210.6419412957371,160.65294731947398,231.8452338048883,380.3085198055768,116.91244866461768,234.99000549316406,94127800,36625800,19326900,39675900,266498500,132728700
2025-03-24,219.77215576171875,167.1005859375,241.83815002441406,390.09356689453125,121.38140106201172,278.3900146484375,220.51890119737195,167.7383890591239,242.4523531078021,392.39594799568545,122.19120779583362,278.6400146484375,217.63149158987616,164.56936942432435,238.27970537306442,386.8484215764684,119.31188140429414,256.3299865722656,220.04098837247486,166.492708348571,239.322859868715,392.39594799568545,119.8517551027078,258.0799865722656,44299500,30879100,9422700,21004500,228452500,169079900
2025-03-25,222.77903747558594,169.97064208984375,244.83116149902344,392.1578063964844,120.66156768798828,288.1400146484375,223.12752472855482,170.04040750974747,245.50385729754217,393.34867131877104,121.26142480153007,288.20001220703125,219.1249652538438,167.73839194994267,241.4091898067444,389.65696280253144,118.89198043130345,271.2799987792969,219.81197343150768,168.39609981984145,243.05680360286865,390.9272368910712,120.5216012824151,283.6000061035156,34493600,24174400,9287700,15775000,167447200,150361500
2025-03-26,220.56866455078125,164.48963928222656,244.73365783691406,387.0072326660156,113.73320007324219,272.05999755859375,224.04352508950674,169.0239199788623,248.28235866743117,392.30665877239477,118.81199741904777,284.8999938964844,219.51326687455483,164.27039826701778,243.51501036934545,385.61787512073846,112.68344440410922,266.510009765625,222.5400680439697,168.41602720143118,246.26428619669275,391.99901639757354,118.70203035263671,282.6600036621094,34466100,28901600,12779300,16108400,293463300,153629800
2025-03-27,222.8786163330078,161.6793975830078,241.89663696289062,387.612548828125,111.40375518798828,273.1300048828125,224.0136687326393,164.84840203770966,244.353434361877,389.2599405856522,114.42304053099558,291.8500061035156,219.60288467242046,161.44022141043914,240.98021170983642,384.4567161979595,110.6339399022949,271.82000732421875,220.42928473771144,164.06113851285755,243.27127484247194,387.1659858818112,111.32377219977147,272.4800109863281,37094800,24508300,8022500,13766800,236902100,162572100
2025-03-28,216.95440673828125,153.79672241210938,236.7588348388672,375.9220886230469,109.6441650390625,263.54998779296875,222.83876366462027,161.26084657481337,243.25177720979866,386.1736243280803,112.84341584506377,276.1000061035156,216.7353602231078,153.0991442674789,235.06247221658606,374.0663006272135,109.04430789656145,260.57000732421875,220.70805090185615,159.9354404969839,240.7462457637879,385.13158343812927,111.46373602695421,275.5799865722656,39818600,48669300,11978400,21632000,229872500,123809400
2025-03-31,221.16607666015625,154.10565185546875,239.1473846435547,372.53802490234375,108.35446166992188,259.1600036621094,224.64092215942225,155.00253588696825,239.69333633486474,374.2052539943911,110.9338556226425,260.55999755859375,215.29167046357225,150.13940872047658,231.40653346417213,364.44991951956155,103.6255803841977,243.36000061035156,216.06828445549021,152.58093987828155,233.4051183081998,369.7096714477169,105.10522740758995,249.30999755859375,65299300,54603500,13603000,35184700,299212700,134008900
2025-04-01,222.22145080566406,156.52725219726562,237.5485076904297,379.28631591796875,110.12405395507812,268.4599914550781,222.70931468653842,157.55369181763876,239.52758990904476,379.9413052057438,110.17403760023085,277.45001220703125,217.95005911072687,153.0891615011919,234.8382370203243,370.39439795061145,106.4449205320371,259.25,218.85611373602535,153.0891615011919,236.53458470709884,371.80359254811333,108.49443304563391,263.79998779296875,36412700,30672900,8054700,19689500,222614000,146486900
2025-04-02,222.91842651367188,156.49734497070312,239.65432739257812,379.2367248535156,110.39398193359375,282.760009765625,224.21278818927524,157.86262130532444,241.0484528611315,382.1543604865691,111.95361956622256,284.989990234375,220.06088576879955,154.1654344397735,235.40368471674867,373.7586433966847,106.76483994973236,251.27000427246094,220.3595869543347,154.61387643325034,235.54017262888723,375.0983928958324,107.26472214391917,254.60000610351562,35905900,25041700,7758800,16092600,220601200,212787800
2025-04-03,202.30824279785156,150.1991729736328,222.95399475097656,370.2752990722656,101.7760238647461,267.2799987792969,206.58958563447752,152.2520520017812,229.24221273335493,374.61212363444304,105.60511590388697,276.29998779296875,200.37665915579902,149.87031149736717,221.59885935670877,366.54388609690864,101.57606639857329,261.510009765625,204.64803566499702,150.5878246808448,228.39403885290514,371.9425583652147,103.48562015563714,265.2900085449219,103419000,46883400,17188500,30198000,338769400,136174300
2025-04-04,187.56253051757812,145.0968780517578,206.2684783935547,357.10614013671875,94.28778076171875,239.42999267578125,199.01262630823254,150.54797741159612,213.54692494518173,371.74407816646067,100.10640942744341,261.0,186.52703508606032,144.87763705619835,204.94422641328694,356.74888974568233,92.08830207120735,236.0,193.0486144227304,147.4985386204676,211.20251967446586,361.363555677575,98.88670323249266,255.3800048828125,125910900,62259500,27170700,49209900,532273800,181229400
2025-04-07,180.6725616455078,146.24290466308594,210.34913635253906,355.14117431640625,97.61698913574219,233.2899932861328,193.30748067285785,152.3218321659185,217.81396118841425,368.1813588125757,101.72602116602216,252.0,173.86223225537526,140.04439668677543,198.303402775656,342.17049555544185,86.59958951154498,214.25,176.43103817745248,141.06087632952463,201.84453550263905,348.2142236601539,87.43938789235719,223.77999877929688,160466300,76794100,22914400,50425000,611041300,183453800
2025-04-08,171.67178344726562,144.19998168945312,212.73275756835938,351.86627197265625,96.27731323242188,221.86000061035156,189.5140179775097,151.7139355045659,223.49348363812953,370.8112344321485,105.82505852328022,250.44000244140625,168.47572171547168,142.5357542501846,209.18182124244132,347.5890190857086,94.43774279946976,217.8000030517578,185.88981432593783,150.69745588802078,219.25590423367711,365.46220003690814,103.78553826456235,245.0,120859500,52200200,19485700,35868900,476243400,171603500
2025-04-09,197.98709106445312,158.16160583496094,229.86949157714844,387.5232849121094,114.30307006835938,272.20001220703125,199.7394480269994,158.99869967955883,232.9495891897229,390.2424886537646,115.07288532975399,274.69000244140625,171.14407803694525,143.4127421842368,206.9747524141952,350.4173671278774,97.50702445286697,223.8800048828125,171.20381523449285,143.9209744743003,208.4461369100307,350.854026698487,98.86670469924479,224.69000244140625,184395900,70406200,24022400,50199700,612918300,219433400
2025-04-10,189.59365844726562,152.29193115234375,222.7774200439453,378.45269775390625,107.5446548461914,252.39999389648438,193.9347385570105,157.17499290712513,225.95561590830835,380.983312003396,110.83388059600858,262.489990234375,182.205859833413,149.41190307502956,215.9011552975308,365.00562576710445,99.12664053501021,239.3300018310547,188.24952597387417,155.99906254121734,225.6122868759835,379.1572950457799,109.34423379452805,260.0,121880000,48022000,18896400,38024400,437812400,181722600
2025-04-11,197.29013061523438,156.5970001220703,231.69400024414062,385.498779296875,110.90386199951172,252.30999755859375,198.67409816298056,157.1251674838408,234.02860167946685,387.0865991344375,111.52371865557488,257.739990234375,185.25259829067514,152.29193584419684,220.70766608161722,376.0114134245454,107.45467796999777,241.36000061035156,185.29243322025624,152.37164602184413,221.99267276486097,377.7481178718862,108.47443427245335,251.83999633789062,87435900,33636200,20284500,23839200,313417300,128948100
2025-04-14,201.64117431640625,158.52032470703125,230.24224853515625,384.8636474609375,110.68391418457031,252.35000610351562,212.01595519155484,161.16116127961118,235.20571653709092,391.651677567929,114.2630725146749,261.79998779296875,200.28707539108044,157.015532933999,229.1730460537919,381.29099206627785,109.04430120283689,245.92999267578125,210.52246440005902,159.44710369836886,232.57685007270544,390.23254912743425,114.08311462021162,258.3599853515625,101352900,30333000,13017800,19251200,264705000,100135200
2025-04-15,201.26280212402344,155.76986694335938,228.6825714111328,382.7994689941406,112.1735610961914,254.11000061035156,202.62685207462172,159.0983218935906,234.0972553015322,388.91267269542334,113.5932323217664,258.75,198.93296032454862,154.6736771269803,228.37848769241106,381.24138963056953,110.47396469045397,247.5399932861328,200.98401841430368,158.58012970667488,231.5959137609775,385.558347033726,110.94385517244878,249.91000366210938,51343900,27551500,10912900,17199900,228966900,79594300
2025-04-16,193.42697143554688,152.80018615722656,225.22972106933594,368.7867126464844,104.46538543701172,241.5500030517578,199.82906121923162,155.35133791385522,229.1239864114683,378.71073856569086,106.76484672728219,251.97000122070312,191.5352073519423,150.98646767664792,223.58176271607732,365.2041538267982,100.4263361362673,233.88999938964844,197.49921927320653,152.5709851557027,227.574126341125,377.7779079921512,104.52537649088836,247.61000061035156,59732400,28187400,9322300,21967800,397016900,112378700
2025-04-17,196.12521362304688,150.6376953125,227.534912109375,364.98583984375,101.4660873413086,241.3699951171875,197.96719174329118,154.14552158730027,229.86949873745436,371.47616155585064,104.44538862475022,244.33999633789062,193.5763250102755,147.9868828523558,226.15180704795938,364.10261724728616,100.02643178468185,237.67999267578125,196.34426016251078,153.75686977593062,226.39703780490407,370.9104847853966,104.42538906519317,243.47000122070312,52164700,33046600,9557900,21120200,292517500,83404800
2025-04-21,192.32177734375,147.15972900390625,224.62155151367188,356.3916320800781,96.88717651367188,227.5,192.958999427942,148.43530478654532,227.3877464470659,361.7109259917268,99.41657935183265,232.2100067138672,188.98630873883343,145.59516199807078,222.02209671781299,352.9678611353571,95.01761424618036,222.7899932861328,192.43130060162235,148.36555457655837,226.23026455156602,360.06353397111536,98.74673137333838,230.25999450683594,46742500,26049100,8716200,20807300,288501100,97768000
2025-04-22,198.8732452392578,150.94659423828125,231.09564208984375,364.0331115722656,98.86669921875,237.97000122070312,200.715208155226,151.66410748339032,231.48802026386073,364.9758758256959,99.78648062043173,242.7899932861328,195.1196006832811,148.02671099242252,226.95614590207006,357.12596800122816,97.2570779520085,229.85000610351562,195.26894368988752,148.37550764431742,227.5545095207112,360.6192443688487,98.75672452641882,230.9600067138672,52976400,26971800,10701400,19485000,241004800,120858500
2025-04-23,203.71214294433594,154.8131866455078,236.28472900390625,371.54559326171875,102.68579864501953,250.74000549316406,207.09738254349836,156.98564625118482,242.08197236154456,377.50000836988784,104.77531016741209,259.45001220703125,201.9199510184256,153.2784996745797,235.4215120035636,370.1859763720142,101.99595878138034,244.42999267578125,205.10606155750318,155.0722827287534,235.63731625364926,373.20288850682186,104.4953697335839,254.86000061035156,52929200,31128800,14126800,20545500,247526000,150381900
2025-04-24,207.46575927734375,158.7296142578125,239.97300720214844,384.35748291015625,106.40492248535156,259.510009765625,207.92376976062596,159.03854063446718,240.78717510551016,385.49877003384853,106.51489717654988,259.5400085449219,202.05933042602183,155.2516683139833,233.04769307035298,372.33950296048084,103.08570507328525,249.1999969482422,204.00086522918792,155.6104249592094,235.16649038746075,372.8456379358323,103.45562063709751,250.5,47311000,45894000,9055200,22232300,220815000,94464200
2025-04-25,208.371826171875,161.40036010742188,238.90380859375,388.87298583984375,110.98385620117188,284.95001220703125,208.8397878176709,165.52605388757996,240.93431149661754,389.18062823957763,111.8936379045766,286.8500061035156,205.30519003897632,160.4835257508864,237.13814413406232,381.67806660180736,105.70510100806126,259.6300048828125,205.47445049920006,164.49961422965615,239.98281495355522,384.05982691311567,106.82483233532861,261.69000244140625,38222300,56034000,8588600,18973200,251064700,167560700
2025-04-28,209.2281036376953,160.0550079345703,238.58010864257812,388.1882019042969,108.70438385009766,285.8800048828125,210.5822025692478,162.58622419769722,242.13104534190202,389.7561846754867,110.343996814893,294.8599853515625,206.55974070372147,158.05195902405725,236.24550696236508,383.7025530868883,105.9950156815573,272.4200134277344,209.08871177088434,161.86871096281394,239.89454195509384,388.9821118643913,109.66415673478784,288.9800109863281,38743100,29745800,7394300,16579400,207708500,151731800
2025-04-29,210.29345703125,159.60658264160156,239.953369140625,391.04632568359375,108.99431610107422,292.0299987792969,211.31898611202763,160.18458031932272,240.5713553936845,392.0982700078575,110.17403844763395,293.32000732421875,207.46576971677675,156.97570557414937,237.07927205884616,387.41412856396244,107.41469407982767,279.4700012207031,207.78438836336602,159.76603342291708,237.56973353773236,388.32712198825146,107.64463563001284,285.5,36827600,26809000,7216800,14974000,170444300,108906600
2025-04-30,211.57786560058594,158.25128173828125,239.953369140625,392.2570495605469,108.89433288574219,282.1600036621094,212.65318081121782,158.71965890557001,240.54192890236706,393.6464071015826,108.89433288574219,284.45001220703125,205.77316280594096,154.86302105563792,233.88145363718232,381.5192464831796,104.05547701680861,270.7799987792969,208.39175489829196,157.43410788690483,236.6084332300704,387.3347110069874,104.44538450923935,279.8999938964844,52286500,34981100,12991700,36461100,235044600,128961100
2025-05-01,212.39430236816406,160.7426300048828,242.18008422851562,422.16802978515625,111.58370208740234,280.5199890136719,213.62891164873253,161.39037784388623,243.7103217475342,433.669971462135,114.91291927434723,290.8699951171875,207.99346964638974,158.36088927125815,237.55012636868136,421.67182852064957,111.27377757314032,279.80999755859375,208.1726964341785,159.8955611021286,238.20734299709588,427.8346397458207,113.05335693358144,280.010009765625,57365700,30203200,8689600,58938100,236121500,99659000
2025-05-02,204.45889282226562,163.46319580078125,247.69287109375,431.9729919433594,114.47303009033203,287.2099914550781,206.0917754590827,164.39995007912242,248.78169626532693,436.1013902925972,115.37281962529518,294.7799987792969,201.2827333487594,161.3106559960053,244.70106780011497,426.7231738378541,113.34329900218786,279.80999755859375,205.19567188008233,162.84534306658284,246.4667172954741,428.4598783453456,114.15310576985596,284.8999938964844,101010600,25715000,7165000,30757400,190194800,114454700
2025-05-05,198.02691650390625,163.64256286621094,247.74191284179688,432.8562316894531,113.7931900024414,280.260009765625,203.21431440062256,164.81847796110932,250.29231865313628,436.1609188409604,114.64298826396649,284.8500061035156,197.34987465543003,162.15770623374658,245.80949331599908,428.827049490993,112.63346720059009,274.3999938964844,202.21865389928206,162.43673744969064,246.388234299257,429.58128511716615,112.88340831442672,284.57000732421875,69018500,21341800,5450700,20136100,133163200,94618900
2025-05-06,197.6485595703125,162.66595458984375,244.49505615234375,430.0179443359375,113.51325988769531,275.3500061035156,199.77927242381972,164.23053675483612,247.83018834347143,434.4043769104007,114.7129742117387,277.7300109863281,196.16503515467957,160.63301049910467,244.2498254039462,427.8942186382879,110.7938992837595,271.3500061035156,197.3498735756035,161.6096198520829,245.23074839753636,428.91639204817295,111.4537475013017,273.1099853515625,51216500,21277200,6369900,15104200,158525600,76715800
2025-05-07,195.3983612060547,150.85690307617188,244.63238525390625,430.0576477050781,117.03242492675781,276.2200012207031,198.5745204381265,164.4298335624806,247.63400722536448,434.79139692835327,117.65228163619798,277.9200134277344,192.4113798882551,147.32912722252786,244.08307077124687,427.83464541633373,112.25355204144066,271.0,198.30568786560423,163.5130144970414,245.08361641763196,430.54391525930873,113.02337494499027,276.8800048828125,68536700,127490100,8724100,23295300,206758800,71592600
2025-05-08,196.63299560546875,153.74688720703125,248.63453674316406,434.8410339355469,117.34235382080078,284.82000732421875,199.18188402861682,155.39117958130052,250.99856460126213,440.29924790125443,118.65204278244111,289.79998779296875,193.83517686729027,152.37165090458322,246.7511665100619,432.3500938706748,115.82270761670769,279.4100036621094,196.86199326420865,154.46440047734652,246.77078915965458,434.60283673184324,118.22214377270919,279.6300048828125,50478900,57498700,8320100,23491300,198428100,97539400
2025-05-09,197.66848754882812,152.22218322753906,248.25198364257812,435.3967590332031,116.62252044677734,298.260009765625,199.66975978270045,154.5142387821615,250.635619242527,437.3914674607305,118.20215005190205,307.0400085449219,196.68277813613466,151.67408067225014,247.52609526635226,432.5684058555715,115.18285724943865,290.0,198.13644922219603,153.6372746936992,249.64489244477116,436.6570993033328,117.32235248570746,290.2099914550781,36453900,32435300,5087600,15324200,132972200,132387800
2025-05-12,210.15048217773438,157.91244506835938,255.0889892578125,445.8467712402344,122.97102355957031,318.3800048828125,210.62903686932515,158.55023292762746,258.5712835288858,445.9559209816134,122.97102355957031,322.2099914550781,206.12274573806786,155.7100750758197,253.7647672854828,436.43878433354007,120.25166311897564,311.5,210.32994399020487,156.94579570580373,257.88462552180334,442.551987565255,121.94126742822685,321.989990234375,63775800,44138800,9603900,22821900,225023300,112826700
2025-05-13,212.28399658203125,158.978759765625,257.9925537109375,445.72772216796875,129.89938354492188,334.07000732421875,212.75257189298435,160.0151746711756,258.639966447806,447.24609694771215,131.18908818741485,337.5899963378906,208.36592688565332,155.62040930962155,255.4225403810428,441.9764112331301,124.44067836400953,316.79998779296875,209.79158118866218,158.24131128306263,256.0503155003321,444.37803887168343,124.95056035306071,320.0,51909300,42382100,8589000,23618800,330430100,136992600
2025-05-14,211.68582153320312,164.79856872558594,260.5723876953125,449.4988098144531,135.30810546875,347.67999267578125,213.29093762104833,166.4229412214118,261.5533106486566,450.45150777480933,135.40808800730593,350.0,209.94113079478424,159.0584775444673,257.28628981453124,444.73528972695,131.6489642323906,337.0,211.78550901932945,159.4072742222668,257.98273672949557,444.73528972695,133.16861033831793,342.5,49325800,48755900,8643100,19902800,281180800,136997300
2025-05-15,210.80850219726562,163.39344787597656,262.3870544433594,450.5129089355469,134.79823303222656,342.82000732421875,212.31393091132972,165.6356730691148,264.3783267139839,453.5552331837817,136.2678878895653,346.1400146484375,208.90429308394448,161.80893051621783,259.70915411050737,447.8284909088357,132.6287461607251,334.7200012207031,210.31001909194578,165.26694125278715,261.87698531695685,448.1665235651595,134.258351724734,340.3399963378906,45029500,33146700,9214600,21992300,226632600,97882600
2025-05-16,210.61907958984375,165.61572265625,262.4557189941406,451.6463623046875,135.36810302734375,349.9800109863281,211.9251181254035,168.76480673115492,263.3385435843166,451.735838870633,136.31789147723805,351.6199951171875,209.13360964796243,165.04768502743337,259.6600828457583,446.13838030321216,133.42857277146337,342.3299865722656,211.71574852428404,167.15039440077075,262.39686601715493,449.4391826540583,136.18791721457987,346.239990234375,54737900,42846900,8932900,23849800,226542500,95895700
2025-05-19,208.14659118652344,165.9645233154297,259.8268737792969,456.2197570800781,135.53805541992188,342.0899963378906,208.84446444770495,166.06418385324469,263.2012510960716,456.9355998797858,135.83797251007488,343.0,203.64029993754312,163.6525478575402,256.933139124985,448.1963586877965,132.35879696756518,333.3699951171875,207.27923550566183,163.94153908750272,260.4840753869021,448.27591363294266,132.35879696756518,336.29998779296875,46140500,30426100,12145000,21336500,193154600,88869900
2025-05-20,206.232421875,163.41336059570312,260.6116027832031,455.5238342285156,134.3483428955078,343.82000732421875,207.83753801206538,167.91774593119885,261.5729180532009,455.69283539558984,134.54829272140586,354.989990234375,204.40797196423648,162.337090725838,257.2960784147582,451.69606398891386,132.58874781513978,341.6300048828125,207.03996203611737,165.8548915457752,257.5118826616805,452.9587181303489,134.2583525069389,347.8699951171875,42496600,46607700,8436300,15441800,161514200,131715500
2025-05-21,201.47689819335938,167.9775390625,256.06011962890625,449.9561462402344,131.76895141601562,334.6199951171875,206.4118779017609,172.54171471286378,260.5821597835497,455.1360468945702,137.36762292180558,347.3500061035156,200.10109516487896,162.9948165454298,255.75603592778836,449.2005259832327,130.55922977564506,332.20001220703125,204.54755595275296,163.1243721968136,259.30697200049985,451.944595050179,133.02864907239967,344.42999267578125,59211800,73416000,7464000,19216900,270608700,102354800
2025-05-22,200.74911499023438,170.27955627441406,255.69720458984375,452.2329406738281,132.7987060546875,341.0400085449219,202.13489740214874,176.15917803179707,257.29608389039316,457.5918252828005,134.21836966107523,347.2699890136719,199.0941474443519,170.12012070875053,253.93152527688756,451.27849365115543,131.51900885300861,331.3900146484375,200.1010930441042,171.25618084668935,254.49065855609336,452.32244757902833,132.19884131725317,331.8999938964844,46742400,74864400,6514100,18025600,187344000,97113400
2025-05-23,194.6775665283203,167.88784790039062,255.7364044189453,447.5799560546875,131.25906372070312,339.3399963378906,197.10018674879547,169.3727046333075,256.99198455091897,451.06969358680703,132.64873565144939,343.17999267578125,192.87306039619787,167.30985028367255,251.11626587786765,446.3173019248347,129.12957588399638,333.2099914550781,193.08241474951325,168.47580548761593,251.9108110430405,447.3811293692874,129.96937433382988,337.9200134277344,78432900,35211400,6671800,16883500,198821300,84654800
2025-05-27,199.60260009765625,172.30255126953125,260.22906494140625,458.02923583984375,135.4680633544922,362.8900146484375,200.1309909415137,172.5716225630013,260.23885381510826,458.2877438900054,135.6280293045703,363.7900085449219,196.83102019804124,169.4125780788469,256.99200115618,453.48562310372705,133.27857708527512,347.32000732421875,197.6983910952664,169.57202886061165,257.04106526626447,453.8435596609756,134.1183754403962,347.3500061035156,56288500,37995700,7506600,20974300,192953600,120146400
2025-05-28,199.8119659423828,171.76441955566406,258.46337890625,454.7184753417969,134.7782440185547,356.8999938964844,202.11495545301858,174.66436785084326,261.63177081627316,459.84867709346275,137.2176717346689,365.0,199.29353925378823,171.31597754856884,257.8846379571237,454.2909661144885,134.75824445795843,355.9100036621094,199.98144837254895,172.56165823831284,261.16091702282114,458.55619745791415,135.9979578766118,364.8399963378906,45339700,34784000,5535400,17086300,304021100,91404300
2025-05-29,199.34336853027344,171.26612854003906,259.3266296386719,456.0308837890625,139.15721130371094,358.42999267578125,203.19165828241367,173.81727988052086,260.3467980228732,459.05333474747385,143.45620133736625,367.7099914550781,197.90773491315443,170.04038313314817,257.5217347653291,452.68035209769624,137.87751407348716,356.0,202.96236033905296,173.39873303929133,259.74841937820054,458.884303233251,142.21648797143945,365.2900085449219,51396800,29317300,5081200,13974800,369241900,88087800
2025-05-30,200.24066162109375,171.1465606689453,258.96368408203125,457.7011413574219,135.09817504882812,346.4599914550781,201.3472946799051,171.61493780799663,260.26829856132497,459.0135248792732,139.58710766728817,363.67999267578125,196.18300200128658,166.86141620850907,257.7179225906518,452.90900269221845,132.88868890141003,345.2900085449219,198.7651407343476,170.75790891590938,258.4241883810186,457.0648535034259,138.6873257641086,355.5199890136719,70819900,52639900,10977700,34770500,333170900,123474900
2025-06-02,201.08807373046875,168.44590759277344,259.611083984375,459.3018798828125,137.34764099121094,342.69000244140625,201.51677709467234,169.2830012834345,259.97402070361045,459.44105553120437,138.08745689917103,348.0199890136719,199.51286535414474,166.81157529888503,256.90372693326515,454.2512329224997,135.36809645457458,333.3299865722656,199.67238359256916,167.2600172613062,258.00235590026796,454.49978904014216,135.45808684638126,343.5,35423300,38612300,6011200,16626500,197663100,81873800
2025-06-03,202.6533203125,165.6057586669922,261.19036865234375,460.29608154296875,141.1867218017578,344.2699890136719,203.1518034040851,167.89781407143477,261.49445240173793,461.4593374660713,141.9665367692297,355.3999938964844,200.35033086337637,164.70887469424017,257.86505509318295,458.19825223653834,137.91748812723765,343.0400085449219,200.73914706631285,166.91124474262,258.69884566926845,458.8047449110186,138.74729436292043,346.6000061035156,46381600,45084900,6998400,15743800,225578800,99324500
2025-06-04,202.20468139648438,167.4693145751953,259.1794738769531,461.19085693359375,141.88656616210938,332.04998779296875,205.6143037964219,167.63872532387313,262.0241445637471,463.0003525817652,142.3564566649135,345.6000061035156,201.48686455307688,165.78515185366567,259.14022857540317,460.3457601448262,139.5071219355859,327.3299865722656,202.29440469878628,166.1638436483944,260.84705493579474,461.32011095722316,142.15650682982962,345.1000061035156,43604000,26900800,5915700,14162700,167120800,98912100
2025-06-05,200.0213165283203,167.62875366210938,256.9527893066406,464.9788513183594,139.95701599121094,284.70001220703125,204.12881205428334,170.339340657981,259.68954289634314,466.937474562979,143.96606551828813,324.54998779296875,199.54276184010462,167.0108857444217,255.34406123341302,461.34993839523827,138.79728569106723,273.2099914550781,202.8826044104843,169.7513830642687,259.68954289634314,462.27455978783877,142.13649493837005,322.489990234375,55126100,36379100,8173800,20131700,231397900,287499800
2025-06-06,203.30133056640625,173.079833984375,260.6606750488281,467.66326904296875,141.6865997314453,295.1400146484375,205.07592905349443,173.89700773798458,261.56310742936586,470.60616471423765,143.23623746842864,305.5,201.4370087789868,170.23969140570108,259.2187170664052,466.0725039656027,141.47664251332282,291.1400146484375,202.3841235560851,170.23969140570108,259.28735892431575,467.3749354769993,142.47640682683559,298.8299865722656,46607700,35731800,7738100,15285600,153986200,164747700
2025-06-09,200.8388214111328,175.69395446777344,261.6513977050781,470.0196228027344,142.59640502929688,308.5799865722656,205.3750202901374,176.07310468622353,262.7892720045682,470.69568816704816,144.96584183837217,309.8299865722656,199.41316716451473,173.97782168090652,258.32608422186917,465.9134708467471,141.9065651342004,281.8500061035156,203.76990423179717,174.14743750903665,260.9255242470256,466.98725027602023,143.15627066728982,285.9599914550781,72862600,28935900,8285000,16469900,185114500,140908900
2025-06-10,202.0551300048828,178.19833374023438,263.4759521484375,468.2001953125,143.92608642578125,326.0899963378906,203.73004106569937,180.70268325607967,263.77021710595534,470.06931180763127,144.25599524562207,327.8299865722656,199.96151019448254,174.5166301339373,260.77841360806616,464.26304461137784,141.4966510569608,310.6700134277344,199.99141796230995,175.80372221831115,260.80784010381797,468.4686249933991,142.65638139553192,314.94000244140625,54672600,61766100,7538100,15375900,155881900,151256500
2025-06-11,198.1769256591797,176.9511260986328,263.03448486328125,469.8903503417969,142.80625915527344,326.42999267578125,203.8795731269679,179.96432281914957,264.4764428071077,472.72389606625393,144.96590375929992,335.5,197.80805305990708,176.3524694759701,260.71952105435884,466.9474544926898,141.84641202362192,322.5,202.88260699920767,179.3656814209572,263.5543728329388,467.30536072753216,144.5859620448177,334.3999938964844,60989900,31646800,7434100,16399200,167694000,122611400
2025-06-12,198.5956573486328,175.30484008789062,263.1227722167969,476.1042785644531,144.9759063720703,319.1099853515625,199.07419684911244,176.32255032681226,263.17183632733907,477.6453447348738,144.9759063720703,332.55999755859375,196.7612432530472,174.3569797237004,260.0819349081481,470.78517145354215,141.82643588786814,316.8599853515625,198.47602627663701,175.78375628436552,261.76909370629187,472.276508194471,141.94641106631286,323.0799865722656,43904600,20941900,6618000,18950600,162365000,105127500
2025-06-13,195.85400390625,174.27716064453125,259.89556884765625,472.2168273925781,141.94639587402344,325.30999755859375,199.76210952406473,176.73163473712606,261.92605676944186,476.4124557062983,143.556128789635,332.989990234375,195.1062792678608,172.00228964381978,257.69828090375347,470.0295518485209,140.8265869783813,313.29998779296875,199.12405177447246,172.05218023736916,260.0230636958611,473.6584649544854,142.4563055840922,313.9700012207031,51447300,27663100,7098300,16814500,180820600,128964300
2025-06-16,197.81802368164062,176.3724365234375,265.20233154296875,476.3727111816406,144.66595458984375,329.1300048828125,198.08720880439395,176.5420523549515,266.5462212171046,477.91374692205306,146.1556971839991,332.04998779296875,195.96366601516638,174.25719419482596,261.75931212188453,472.25660744971805,143.1761967394354,326.4100036621094,196.701426450214,174.33701609632743,261.90644458682067,472.4653860858625,143.32618096280035,331.2900085449219,43020700,27389200,8566000,15626100,183133700,83925900
2025-06-17,195.0464630126953,175.5542755126953,264.37835693359375,475.279052734375,144.09603881835938,316.3500061035156,197.7881200100286,176.96110799729416,265.42795173106725,475.97499162724574,145.1958620737219,327.260009765625,194.61777485692886,174.1873615915514,262.69116817138956,471.3419021646973,143.75609899624828,314.739990234375,196.60172782081946,175.30483777675101,263.0541348281509,472.65428568792316,144.46598768948277,326.0899963378906,38856200,24973000,6739300,15414100,139108000,88282700
2025-06-18,195.9835968017578,172.93020629882812,268.733642578125,477.4663391113281,145.455810546875,322.04998779296875,196.97059871241268,176.16290971424257,272.42192244365935,478.2219594008936,145.62578045463974,329.32000732421875,194.4781834746436,172.81046582918458,264.5745388559813,471.71972301658775,143.0962022725339,315.45001220703125,195.34553910938874,175.6141436330853,264.84919608413435,475.2392860574369,143.9860537050978,317.30999755859375,45394700,28707500,9586400,17526500,161494100,95137700
2025-06-20,200.3902130126953,166.26522827148438,269.7538146972656,474.6427307128906,143.8260955810547,322.1600036621094,201.0880863339216,173.94790803011588,272.00992553694005,480.6677282539423,146.17569581398777,332.3599853515625,196.26277341287403,165.08788938336605,268.5865139770169,474.11579298541653,142.6262828381709,317.7799987792969,197.63859168364695,173.55878574385125,270.3129479704052,479.4448516392065,145.42582047781178,327.95001220703125,96813500,75659900,13969700,37576200,242956200,108688000
2025-06-23,200.888671875,164.8184814453125,272.96142578125,483.1930847167969,144.1460418701172,348.67999267578125,201.686247808318,166.9636398925432,273.2360830171409,484.932977511559,144.7559411184857,357.5400085449219,198.3563846401482,161.63565348702906,266.9189366562568,469.7810065395394,142.00639807778802,327.4800109863281,201.01828233775666,165.8960542954959,269.81267140989485,475.44806772339973,142.47632119978937,327.5400085449219,55814300,57671000,8094600,24864000,154308900,190716800
2025-06-24,199.6923065185547,166.3949432373047,275.8944091796875,487.279296875,147.87539672851562,340.4700012207031,202.82277936444737,167.84167918331357,277.31672955102783,489.0092679302753,147.93539956519925,356.260009765625,199.59260382672892,165.75638318822968,274.1777939507156,483.9884166007436,145.47580197371775,340.44000244140625,201.9753521214132,166.5445998017471,274.864422081068,486.1260232932434,145.53578955415,356.1700134277344,54064000,40524300,9267900,22305600,187566100,114736200
2025-06-25,200.948486328125,170.29612731933594,278.6409606933594,489.4268798828125,154.28436279296875,327.54998779296875,203.052085424857,171.97235685648238,278.85676493196144,491.7036624656625,154.4243389252029,343.0,200.01133575244882,167.17317715297744,275.5510594998146,486.56353883181055,149.23519867353343,320.3999938964844,200.83881944772682,167.25299905707695,276.12980042711285,489.1982276680394,149.24520677628502,342.70001220703125,39525700,35479000,6826900,17495100,269146500,119845100
2025-06-26,200.3902130126953,173.14968872070312,283.24151611328125,494.57696533203125,154.99423217773438,325.7799987792969,202.02523702778157,173.29936049404486,283.88892888521605,495.1635541172166,156.69394650127538,331.04998779296875,198.85489170599743,169.55779452756443,279.04316687272353,489.9637493151316,153.97439748110884,323.6099853515625,200.81890119127095,172.04218458564608,279.26878993935657,490.13278082199906,155.95406403411533,324.6099853515625,50799100,31796700,8942100,21578900,198145700,80440900
2025-06-27,200.469970703125,178.12847900390625,281.6327819824219,493.07568359375,157.72378540039062,323.6300048828125,202.6034778198992,178.27813555923768,283.19247586135157,496.4162632322767,158.68363258213975,329.3399963378906,199.39324535272064,171.3437693802371,279.6022941678673,490.1824867596744,155.23419369167684,317.5,201.27751091280393,173.14969619543672,280.3575940845552,494.6763704185467,156.01406285223712,324.510009765625,73188600,108140200,17868600,34539200,263234500,89067000
2025-06-30,204.5475311279297,175.83364868164062,284.37939453125,494.5372009277344,157.96376037597656,317.6600036621094,206.76079706763053,180.82240351749414,287.0671140098136,497.86785899517616,158.6336472456001,325.5799865722656,198.65545787730727,174.1873656755976,283.4082903268862,492.4691970236715,155.93409881773164,316.6000061035156,201.39711462840114,180.3734186271616,284.86003722869964,494.1693427257206,158.37368067249696,319.8999938964844,91912800,63378900,12689200,28369000,194580300,76695100
2025-07-01,207.18951416015625,175.44451904296875,284.8698425292969,489.2081298828125,153.2745361328125,300.7099914550781,209.55231908550664,175.6939567742825,285.57610826317716,495.17347659984546,157.17388214393176,305.8900146484375,205.51460310500556,173.139716841545,281.122709609671,488.14433277768,151.46483925954294,293.2099914550781,206.04299395149746,175.3447530851258,285.3406963303482,493.602615314542,156.26402965591922,298.4599914550781,78788900,35904500,9338300,19945400,213143600,145085700
2025-07-02,211.7954864501953,178.23822021484375,286.4295349121094,488.2536926269531,157.22386169433594,315.6499938964844,212.69274987948137,178.4577266308603,287.23389900971387,490.6497772469701,157.57380961936815,316.8299865722656,207.5085290616707,174.67625741761273,284.17342383730266,485.87751191483574,152.94457434216997,303.82000732421875,208.2761972389462,175.14518633422566,286.46878021661104,487.1600396387865,152.9545671877056,312.6300048828125,67941800,29128900,8158700,16319600,171224100,119483700
2025-07-03,212.90211486816406,179.126220703125,291.75201416015625,495.95892333984375,159.3135223388672,315.3500061035156,213.99876845669687,179.265905222364,292.1462676228288,497.2414813819725,160.95324924613055,318.45001220703125,211.16738836812712,176.65180269468908,287.03074848169234,490.59011735274714,157.74379112425564,312.760009765625,211.50635319299207,178.09853847776557,287.95726066275904,490.95797554637323,158.34368228178877,317.989990234375,34955800,21689700,6541600,13984800,143716100,58042300
2025-07-07,209.31304931640625,176.3923797607422,287.7798767089844,494.84539794921875,158.21371459960938,293.94000244140625,215.57399579559095,178.89674433224096,291.7914744795477,495.8694479262707,159.28352889047815,296.1499938964844,208.16654427869605,175.28487562232132,285.9169860687423,492.36978876052433,157.31385497697042,288.7699890136719,212.03476276559877,178.65727862884938,291.012803517784,494.50736527479916,158.17371270193448,291.3699951171875,50229000,34175600,8825700,13981600,140139000,131177900
2025-07-08,209.3728485107422,173.9678497314453,278.72174072265625,493.751708984375,159.97340393066406,297.80999755859375,210.78853856973336,177.54977185383785,285.54244302383853,495.3226005030518,160.19336858156893,304.04998779296875,207.81758380403343,172.42133277200756,276.28718720828704,491.2561960700141,158.36367094336165,294.3500061035156,209.46258702266434,177.4500058972594,285.1185912184717,494.36812324816447,159.30351713245472,297.0,42848900,40442500,15440900,11846600,138133000,103246700
2025-07-09,210.4994354248047,176.2227783203125,279.0963134765625,500.6019592285156,162.85293579101562,295.8800048828125,210.6888614301138,179.03644347316074,283.078342988919,503.8530622357068,164.39267314506114,300.1499938964844,206.59132988433592,172.3814460707259,278.42607952209454,496.85371365827956,161.13322041798892,293.54998779296875,208.8943192909964,174.85586430994886,283.0586107622728,497.41047691930333,161.1932080055649,297.54998779296875,48749400,43025600,11273800,18659500,183656400,75586800
2025-07-10,211.7655792236328,177.22052001953125,284.0540771484375,498.58367919921875,164.07273864746094,309.8699951171875,212.83232507172787,178.02869585837095,284.1723501696605,501.52657502305914,164.4726660794993,310.4800109863281,209.39279496736208,173.98781666417247,278.9385584232814,494.87521114411277,161.5831469026993,300.0,209.87133445003573,175.2350053597822,278.9385584232814,500.14458849842043,164.29270331195812,300.04998779296875,44443600,29252400,8410900,16492100,167704100,104365300
2025-07-11,210.51937866210938,179.7847442626953,282.7431640625,500.4130554199219,164.89259338378906,313.510009765625,211.48643705736623,181.0219456842772,283.2557206237078,502.1131707269345,167.862101078866,314.0899963378906,209.2233196075129,176.08308157759498,279.5792402426265,494.9249170598048,163.44283738179527,305.6499938964844,209.931172276849,176.39238193299045,281.4223984494675,495.59106078877636,163.6927958392512,307.8900146484375,39765800,34282900,7384700,16459500,193633300,79236400
2025-07-14,207.987060546875,181.15164184570312,284.5567932128906,500.1147766113281,164.04273986816406,316.8999938964844,210.27012140888866,183.25689674766613,285.1481583723004,501.05930198422453,165.4625020418882,322.6000061035156,206.9103353456299,179.27586537633238,281.1661592607552,498.1362796464767,161.99307751467913,312.6700134277344,209.29308368901172,180.60287583344362,282.95018101073435,498.6234399223271,165.3425116109199,317.7300109863281,38840100,32536600,9079900,12058800,136975800,78043400
2025-07-15,208.4755859375,181.59068298339844,282.4376220703125,502.89862060546875,170.671630859375,310.7799987792969,211.24715053377864,183.8056914333515,287.7601490973643,505.36427783294863,172.37134531045626,321.20001220703125,208.28615994072268,181.19158867102598,281.3830008251136,499.88612172349406,169.17188012202328,310.5,208.5852528191871,182.39885886185957,283.8668247126896,500.11477392946824,171.1615549258278,319.67999267578125,42296300,33448300,12526100,14927200,230627400,77556300
2025-07-16,209.52239990234375,182.55848693847656,281.7181396484375,502.69976806640625,171.34152221679688,321.6700134277344,211.75559423754484,183.91542879782378,286.5576787356624,503.793421043838,171.72146396229547,323.5,208.00700716596054,181.62059863833602,278.9484690013939,498.99133023831314,168.87193138356372,312.6199951171875,209.6619745482938,182.82788394956327,284.2611002489253,502.2623068754336,171.03157616389174,312.79998779296875,47490500,33104200,9979800,15154400,158831500,97284800
2025-07-17,209.38282775878906,183.1671142578125,285.73956298828125,508.7446594238281,172.97125244140625,319.4100036621094,211.15742622671814,183.64603043273615,286.13381646736286,510.40499725185873,174.13106334471073,324.3399963378906,208.95412441878605,180.07408034072432,279.3722805662569,502.6997578215743,170.80161486292053,317.05999755859375,209.93116216460888,181.73035050857078,279.3722805662569,502.75940886082554,171.99141956059896,323.1499938964844,48068100,31992600,8509500,17503100,160841100,73922900
2025-07-18,210.539306640625,184.64378356933594,287.0898742675781,507.10418701171875,172.38134765625,329.6499938964844,211.1474566075158,186.00072543502688,288.30223294760714,511.6677041033988,174.22103817113316,330.8999938964844,209.06380098140497,183.2968289565469,284.0935239995615,504.499323712682,171.23152964225835,321.4200134277344,210.23024956462245,184.98301522964096,285.36498911319075,511.50859420333654,173.61113894806013,321.6600036621094,48974600,34014500,12217000,21209700,146456400,94255000
2025-07-21,211.83535766601562,189.67245483398438,286.794189453125,507.1141052246094,171.35153198242188,328.489990234375,215.12534891613055,189.86201471908177,289.95811320350606,509.132409924825,173.35119970444802,338.0,210.98794558852114,185.73132654425748,286.4097720406625,502.630143381304,170.97159023323564,326.8800048828125,211.45652088357517,185.83110772544197,286.8237577094983,503.7834473494323,172.72129949000853,334.3999938964844,51377400,45803100,7898100,14066800,123126100,75768800
2025-07-22,213.74952697753906,190.90966796875,287.24761962890625,502.3517761230469,167.00225830078125,332.1099853515625,214.29786137817433,191.21896833519165,289.41605899858814,508.2475501614973,171.36153479867312,335.4100036621094,211.58611235366487,187.03840453704987,285.0299098515737,502.3517761230469,164.55266825003173,321.54998779296875,212.49335516085276,191.0693117786785,287.3166222633084,508.01886761548803,171.31154005146294,329.739990234375,46404100,44660200,6717500,13868600,193114300,77370400
2025-07-23,213.5002899169922,189.8021697998047,292.5011291503906,502.94830322265625,170.75161743164062,332.55999755859375,214.4972560435483,192.09700016081177,292.72780910920665,503.8630030405687,171.23153339032083,336.20001220703125,211.76557859278188,188.75452819755446,288.3515263055785,497.80817995491657,167.94208685699226,328.6700134277344,214.3477172095632,191.06931784155387,288.6373728619252,503.8232255681408,169.5018251648929,330.8999938964844,46989300,58681900,7083500,16396600,154082200,92553800
2025-07-24,213.11148071289062,191.73780822753906,292.2940979003906,507.92938232421875,173.7111358642578,305.29998779296875,215.03563331063384,197.50480780114538,295.29047824712586,510.70324664183266,173.80111724784433,310.1499938964844,212.8821827557749,190.57044138213487,291.9491449333037,504.370041868975,171.27153886755505,300.4100036621094,213.25105536667797,196.58687870624138,293.15163750090335,505.83155299665924,172.41134882841166,310.0,46022600,74881700,7001200,16107000,128984600,156966000
2025-07-25,213.23110961914062,192.74551391601562,294.33441162109375,510.7430725097656,173.47117614746094,316.05999755859375,214.58698409364732,193.8929365997576,294.6103920554469,515.2965768746373,174.69097468726906,323.6300048828125,212.75255494872997,190.82983399147875,291.71258245493334,507.41238413754473,172.9312725713388,308.010009765625,214.0486138925591,191.54821586623893,292.4419829511327,509.51018319793565,173.58115848322245,308.739990234375,40268800,39785900,5918500,19125700,122316800,148227000
2025-07-28,213.40061950683594,192.14688110351562,293.9992980957031,509.5400085449219,176.7206268310547,325.5899963378906,214.1981955143971,193.61357622809174,295.13278810430046,512.0255695622142,176.97058528484683,330.489990234375,212.41361748607306,190.41078895772904,292.5602593912129,507.1737496018482,173.94109004538618,315.69000244140625,213.38067592321022,193.2144667106556,293.3882007039174,511.1109000989904,173.99108478739527,318.45001220703125,37858000,38139500,5840400,14308000,140023500,112673800
2025-07-29,210.62904357910156,195.3097381591797,292.7771301269531,509.609619140625,175.48081970214844,321.20001220703125,214.1582970701604,195.47935398479527,296.9661375577531,514.6304403339567,179.35018677118867,326.25,210.18041185237743,191.64799419278697,291.94918873841937,508.6054427654301,174.99091091823115,318.25,213.53020352524888,191.9971978721824,295.69464217411235,512.5525452747698,177.93042464674528,325.54998779296875,51411700,41389200,7635700,16469200,154077500,87358900
2025-07-30,208.41578674316406,196.08799743652344,295.3299560546875,510.2757263183594,179.24021911621094,319.0400085449219,211.74565019362484,197.155598285003,296.2958726319795,512.9700963143614,179.86011122312902,324.45001220703125,207.08981987426867,194.2521393007246,293.1122462449408,506.4976856980785,176.01074478620916,311.6199951171875,211.2571312800854,195.1600963397073,293.15168061940614,512.1945721471376,176.48066791766442,322.17999267578125,45512500,32445400,8061700,26380400,174312200,83931900
2025-07-31,206.9402618408203,191.46839904785156,291.9885559082031,530.418701171875,177.84043884277344,308.2699890136719,209.2033639475293,195.54921195775628,296.66055111466636,552.2419382207228,183.26954448460754,321.3699951171875,206.5315020865265,190.66022322341527,291.2591855090535,528.8279664536001,175.9007587673991,306.1000061035156,207.85746883247032,195.26984291287636,294.8469611494763,552.0231773044421,182.86960179799485,319.6099853515625,80698400,51329200,14749700,51617300,221685400,85270900
2025-08-01,201.76600646972656,188.70465087890625,285.2171630859375,521.0829467773438,173.69113159179688,302.6300048828125,212.93202387361222,190.40082452841267,287.61228223789124,532.7054326872741,176.51065501732398,309.30999755859375,200.88867142379772,187.39759950913643,280.1607803787386,517.8517174087783,170.86160006411595,297.82000732421875,210.23023901853355,188.60486968944682,286.2323800564947,531.9100652869249,174.06106522140865,306.2099914550781,104434500,34832200,12007100,28977600,204529000,89121400
2025-08-04,202.7330780029297,194.60133361816406,290.0370178222656,532.5464477539062,179.9700927734375,309.260009765625,207.24933356384108,194.830827292421,290.0961543423283,535.1413592423181,180.17005649193501,312.1199951171875,201.06813110178,189.69240089649873,286.0944227268155,525.0798117410876,174.49100755408614,303.0,203.8895472057539,189.86201672672937,286.0944227268155,525.2190177406763,175.1309006070304,309.0799865722656,75109300,31547400,6649500,25349000,148174600,78683900
2025-08-05,202.3043670654297,194.232177734375,287.1884765625,524.7019653320312,178.23037719726562,308.7200012207031,204.71702329589334,197.4150057356091,291.5450573497094,534.196796907337,180.23004490386853,312.45001220703125,201.54667827641916,193.45393320281906,283.11774234014615,524.1949011418618,175.87076869322405,305.5,202.78290655256814,194.2720962985156,290.46083768957914,534.0774948252555,179.59015184800575,308.95001220703125,44155100,31602300,7182300,19171600,156407600,57961300
2025-08-06,212.60302734375,195.6489715576172,287.16876220703125,521.908203125,179.3901824951172,319.9100036621094,214.72657006985978,196.18776557270928,289.08092314098127,528.6291703469228,179.87009845787975,320.4700012207031,204.96626313259566,193.23441619136784,285.99583781724914,521.0034855448089,176.22071111043454,306.92999267578125,205.00615029681612,194.06255127051267,288.1051104485434,527.8338028961505,176.30069964693718,307.8900146484375,108483100,21562900,6330200,21355700,137192300,78523600
2025-08-07,219.36245727539062,196.07801818847656,282.8220520019531,517.8319091796875,180.73997497558594,322.2699890136719,220.1799768073744,197.09571318148866,289.2484709612734,525.0400367197672,183.84945895635624,322.3999938964844,215.92292715514498,193.8929412029117,282.29965937267906,514.5608717763297,178.7703010091291,316.1600036621094,218.2159523061407,196.6167969951023,288.7359444448802,523.757448292983,181.53984513179375,319.7900085449219,90224800,26321800,8057100,16079100,151878400,66658700
2025-08-08,228.6541748046875,200.9669952392578,284.6159362792969,519.02490234375,182.66964721679688,329.6499938964844,230.29916273925562,202.15432130991044,287.0504898402696,521.6297655095517,183.2695536485861,335.1499938964844,218.58481138779996,196.72655368662487,280.62404088373916,516.4100872243725,180.37002623661053,320.9800109863281,220.16001960779298,196.7764442791972,284.8327802026082,519.5816656001966,181.51984435483087,321.42999267578125,113854000,39161800,6634100,15531000,123396700,91200300
2025-08-11,226.747802734375,200.54794311523438,285.4044494628906,518.7564697265625,182.0297393798828,339.0299987792969,229.12327986736793,201.02685931355308,287.13920088726815,524.542862850504,183.80944232526838,346.6400146484375,224.3324083989562,198.62229106869012,284.635644641562,516.7182612189127,180.2200426409657,334.1499938964844,227.48640043221798,200.48808049350347,285.246742053437,519.2833770884752,182.01974653412333,335.0,61806100,25832400,5510100,20194400,138323200,105320200
2025-08-12,229.21310424804688,202.88267517089844,288.6472473144531,526.183349609375,183.1295623779297,340.8399963378906,230.36092560837628,204.04006993048975,290.5199739550687,527.9132904806338,184.44933506001817,345.260009765625,226.63802588155738,200.1388600495838,286.1732592848133,519.6811434112465,179.4301803710301,332.94000244140625,227.57622481823222,200.91710457512625,287.31661546362176,520.7250669698358,182.9295986692803,345.0,55626200,30397900,8570900,18667000,145485700,80522100
2025-08-13,232.88612365722656,201.50579833984375,286.36053466796875,517.5734252929688,181.55982971191406,339.3800048828125,234.55294488479396,204.0700104890599,290.32283187703916,529.6234217995657,183.93943921657484,348.9800109863281,229.99163136972763,197.06579421729333,283.0389031406188,516.3703917601634,179.3202115957667,338.20001220703125,230.6304284784954,203.67091617948037,289.7314666813669,529.0368026236954,182.58965738273272,341.5,69878500,28342900,8420400,19619200,179871700,67838900
2025-08-14,232.337158203125,202.48358154296875,289.93841552734375,519.46240234375,181.98974609375,335.5799865722656,234.67270293292236,203.98020797768137,289.9778498963191,522.9123929469488,182.98957985829236,340.4700012207031,230.41083714463488,200.77742070862897,285.48329438065525,517.13595097363,179.43017409752198,330.3999938964844,233.6147219132583,201.0468177297292,286.40977645449954,519.5419572956574,179.72011917648817,335.760009765625,51916300,25230400,6322400,20269100,129554000,75000700
2025-08-15,231.1494140625,203.44140625,286.32110595703125,517.1657104492188,180.42001342773438,330.55999755859375,233.834298979768,205.97570210941166,291.25921599583813,523.0614541020369,181.86976944489334,339.29998779296875,228.9036945156081,200.82730371462006,285.66073811560074,516.0820397908819,178.01041021115256,327.0199890136719,233.5548328767578,203.39153088363753,290.6086841881212,519.7507304052322,181.84978375259033,337.6600036621094,56038700,34931400,7340500,25213300,156602200,74319800
2025-08-18,230.4507598876953,203.04232788085938,287.3461608886719,514.1134033203125,181.979736328125,335.1600036621094,232.67651332576617,204.80835140832636,287.7108460905947,519.8003983365775,182.90958965389834,336.2699890136719,229.672244959047,202.03460485474218,284.2709417940018,511.0512359172718,180.55997422620712,329.5899963378906,231.25921652669462,203.74075053383524,285.8381195988006,518.5775217659684,180.56998232776263,329.6199951171875,37476200,18526600,5386900,23760600,132008000,56956600
2025-08-19,230.1213836669922,201.11668395996094,286.4886779785156,506.8258056640625,175.61080932617188,329.30999755859375,232.42698672077375,202.98247352847122,288.2825659770611,512.1846598699071,182.46966985536903,340.54998779296875,228.9136940815642,199.5103041804206,285.37489004447787,505.61285057663105,175.46084035755914,327.8500061035156,230.84001516813981,202.57339194917532,286.6562214265169,512.0256106523992,182.39967416584764,335.7900085449219,39402600,24240200,6031500,21481000,185229200,75956000
2025-08-20,225.5800323486328,198.87171936035156,288.04595947265625,502.7992248535156,175.370849609375,323.8999938964844,230.0315543310328,200.82730262485018,289.1203129200321,508.0487290990465,175.9707560164781,331.3699951171875,225.3404986724704,196.15783565803162,283.1472843493455,501.526618683124,168.77195541250927,314.6000061035156,229.54248102593337,200.27853657760338,286.63648908496583,506.92525053820776,175.1408920976954,329.2200012207031,42263900,28955500,7374200,27723000,215142700,77481800
2025-08-21,224.47215270996094,199.3007354736328,287.2870178222656,502.15185546875,174.95091247558594,320.1099853515625,226.08908123987146,202.02459107482636,288.56834905595423,505.5278315490841,176.87059152353538,324.8999938964844,223.35428822884654,198.98144788878304,285.31572049067694,500.6381609615915,173.78110877087863,318.67999267578125,225.83955683035407,199.3007354736328,287.7502738983734,501.6041452591809,174.8209444570093,322.0799865722656,30621200,19774600,6624000,18443300,140040900,55744400
2025-08-22,227.3267059326172,205.62648010253906,291.9885559082031,505.1295166015625,177.96043395996094,340.010009765625,228.65417758009713,208.07096677186306,292.8953659306035,508.6150227226763,178.56032512128596,340.25,224.98118568943215,200.84725997228378,285.96625689985,500.32946944945456,171.17155351749952,319.69000244140625,225.73973438952316,202.27403645691825,288.9922055724686,502.1618461633245,172.58132291943235,321.6600036621094,42477800,42827000,8552800,24324200,172789400,94016300
2025-08-25,226.72784423828125,208.02110290527344,290.6678161621094,502.17181396484375,179.78012084960938,346.6000061035156,228.86377239669042,210.04653613391585,293.08266767966575,506.0855321115255,181.87977802218637,349.5299987792969,225.79960559269966,204.81831562838462,289.9187435512912,502.0323791323648,176.54066896263805,335.0299987792969,226.04912998143794,205.96572314134983,291.9885819039242,504.5319946732823,178.3203719824875,338.8999938964844,30983100,29928900,5856300,21638600,163012800,86670000
2025-08-26,228.87376403808594,206.6741180419922,294.2851257324219,499.96099853515625,181.7397918701172,351.6700134277344,229.0534295301293,207.38252787024734,294.4526691589569,502.88882606141556,182.35968393651802,351.8999938964844,224.26255788237486,205.23735432936843,289.2878798394283,496.4456179190968,178.7802771456414,343.7200012207031,226.43840339540802,207.04328099820484,289.9384115603751,502.2713680297872,180.03006938032237,344.92999267578125,54575100,28464100,6714700,30835700,168688200,76651600
2025-08-27,230.05152893066406,207.0133514404297,294.9849548339844,504.64154052734375,181.56983947753906,349.6000061035156,230.46073738560713,208.44014313706415,296.74927450763425,505.18928116929357,182.45969102424806,355.3900146484375,227.82576024347395,205.18746547556665,292.77711127340297,497.82986914621193,179.07025476697962,349.1600036621094,228.17510050695543,205.23735606521282,292.98408908730437,499.92117896114246,181.94976597929116,351.94000244140625,31259500,23022900,6056500,17277900,235518900,65519000
2025-08-28,232.11758422851562,211.1640167236328,296.749267578125,507.529541015625,180.1400604248047,345.9800109863281,232.9659733126178,211.742714118765,296.91681101607145,508.9735181763212,184.43934897141472,353.54998779296875,228.90370861616245,206.43467159929352,294.41328492266325,503.406670609209,176.3806906932069,340.260009765625,230.3809040856524,206.78389053195886,295.71431837356056,504.99008260275673,180.7899615720414,350.9100036621094,38074700,32339300,6410500,18015600,281787800,67903200
2025-08-29,231.69837951660156,212.43115234375,297.0942687988281,504.59173583984375,174.1510467529297,333.8699951171875,232.9360260407387,214.167229203444,298.60231023054706,507.4896888132377,178.12038822306508,348.75,230.92984008944924,209.72724064780297,295.4285199525983,502.40083415821226,173.12121914292007,331.70001220703125,232.0676707602769,210.0365409975429,297.7053662302992,506.5535790393771,178.08040158317536,347.2300109863281,39418400,39728400,6796400,20961600,243257900,81145700
2025-09-02,229.28298950195312,210.87466430664062,295.39892578125,503.0282287597656,170.75161743164062,329.3599853515625,230.4108447009183,211.20390871469678,296.14799833495414,503.90458943006223,172.351357635579,333.3299865722656,226.53822101083426,205.73623790289355,290.273540537871,494.75264396148896,167.19221149694363,325.6000061035156,228.81388239599917,207.97120545801465,295.9508866438156,498.3974910813857,169.9717482776903,328.2300109863281,44075600,47523000,7221900,18128000,231164900,58392000
2025-09-03,238.01634216308594,230.1412353515625,295.211669921875,503.2572937011719,170.59165954589844,334.0899963378906,238.395624134605,230.78976737242826,296.25645520177414,505.68719181229375,172.38137081666613,343.3299865722656,233.9141603097862,224.28442698424496,292.1265844883639,500.2398424947412,168.851958278929,328.510009765625,236.75874463665696,225.7012467158241,296.25645520177414,501.70375627159575,171.03158891427162,335.20001220703125,66427800,103336100,6316900,16345100,164424900,88733300
2025-09-04,239.32383728027344,231.7775421142578,299.4598083496094,505.866455078125,171.63148498535156,338.5299987792969,239.44360411673358,231.84737676203946,300.0610396446901,506.04570238922344,171.83144870716828,338.8900146484375,236.28962732845326,225.60146147412655,293.99930589050996,501.0664078062513,169.381858788342,331.4800109863281,237.99636566705198,229.13349303754427,295.694622931837,502.2116394820944,170.54166973363456,336.1499938964844,47549400,51684200,6605800,15509500,141670100,60711000
2025-09-05,239.2340087890625,234.4714813232422,290.1552734375,492.9501647949219,166.9922637939453,350.8399963378906,240.86091270031892,235.22976659054154,300.7706992658433,509.8498918622262,169.0019244592772,355.8699951171875,238.03629475202086,231.37844718195538,290.08627080836624,490.3310509759443,164.04275681292185,344.67999267578125,239.54341659874092,231.677775522156,299.2922261938372,506.9619070760115,168.00209055003162,348.0,54870400,46588900,9837700,31994800,224441400,108989800
2025-09-08,237.42745971679688,233.72247314453125,288.70635986328125,496.13690185546875,168.2820281982422,346.3999938964844,239.69313028194867,237.8069358559837,292.20540066234315,499.1244784694731,170.93159698121408,358.44000244140625,235.89038089866295,233.3529799966882,287.2574550934962,492.9800158612091,167.32219627229085,344.8399963378906,238.84475646782593,235.15054099905157,290.6579550877705,496.04724781279185,167.5221599855096,354.6400146484375,48999500,32474700,8188500,16771000,163769100,75208300
2025-09-09,233.9041748046875,239.30491638183594,293.57550048828125,496.34600830078125,170.7316131591797,346.9700012207031,238.3257397896772,240.14377315813266,294.7089905900123,500.17010260105087,170.95157781434446,350.7699890136719,232.9160527142261,232.91358965088386,288.1149977252914,495.6389570336189,166.71229229208453,343.82000732421875,236.54912730927947,233.85231685973005,288.40084429899173,499.3534910580183,169.0618925540675,348.44000244140625,66313900,38061000,7848200,14410500,157548400,53816000
2025-09-10,226.35855102539062,238.84552001953125,296.22686767578125,498.29791259765625,177.300537109375,347.7900085449219,231.97784546194652,241.33214736167037,297.2125163723058,501.1460848531792,179.26020289704138,356.3299865722656,225.52015268533836,237.5273187664355,291.1606189374317,494.6630336933239,175.44084555219968,346.07000732421875,231.7482872752143,238.5758820575914,292.44198029068025,500.8971201283455,176.61064931709572,350.54998779296875,83440800,35141100,7787300,21611800,226852000,72121700
2025-09-11,229.59239196777344,240.0438995361328,301.1748046875,498.9352722167969,177.1505584716797,368.80999755859375,230.01159113632517,241.9213539288796,301.342378196144,501.08633106619584,180.26021784214308,368.989990234375,226.21881717306923,235.92949376965038,296.4732713682419,495.8182290284252,176.4606317396978,347.6000061035156,226.44839058875493,239.55457404217233,296.91679522122274,500.17012751524385,179.66027757334626,350.1700134277344,50208600,30599300,7942500,18881600,151159300,103756000
2025-09-12,233.6247100830078,240.4733123779297,302.5054626464844,507.7884521484375,177.80047607421875,395.94000244140625,234.06386022938602,241.75157459718335,303.13626220753474,510.42747218178897,178.5803891806412,396.69000244140625,228.58431421011397,237.67710805902945,299.3415385689925,501.7635178992086,176.43061617633268,370.239990234375,228.78393068206054,240.04388783032,300.622869917122,504.55191069082485,177.75047851465564,370.94000244140625,55824200,26771600,6846700,23624900,124911000,168156400
2025-09-15,236.24969482421875,251.26864624023438,304.46685791015625,513.225830078125,177.73049926757812,410.0400085449219,237.7368657054393,252.06756394348793,305.50180702662493,513.3353599697668,178.83038469078608,425.70001220703125,234.58287368836292,244.32807821701437,302.76170501933825,504.9004642300766,174.49084923140515,402.42999267578125,236.54912714503797,244.32807821701437,302.76170501933825,506.68306017742736,175.650725630949,423.1300048828125,42699500,58383800,7122000,17143800,147061600,163823700
2025-09-16,237.6969451904297,250.8192596435547,304.75274658203125,506.9320068359375,174.86080932617188,421.6199951171875,240.76111223381088,252.696698721273,306.43819756185593,515.0880630075219,177.4805168617991,423.25,235.87043992435724,249.13154999644232,302.72231251567524,506.4938265025834,174.36086420825131,411.42999267578125,236.72878926810645,251.73800966841424,305.55111968192784,514.7395367165727,176.98057174387853,414.5,63421100,34109700,10525600,19711900,140737800,104285700
2025-09-17,238.5353546142578,249.19146728515625,307.2759704589844,507.9079284667969,170.27130126953125,425.8599853515625,239.6432435766681,251.25866627901078,308.41932651675705,509.1726886784055,173.18098551277336,428.30999755859375,237.27774187166392,245.94587648389523,304.3387266167954,503.8348693472275,168.39151800406466,409.6700134277344,238.5153883976145,250.87917693990602,305.9355027165261,508.5054498653079,172.62104942275718,415.75,46508000,34108000,8657800,15816600,211843800,106133500
2025-09-18,237.42745971679688,251.68807983398438,308.73480224609375,506.3444519042969,176.2206573486328,416.8500061035156,240.74113579799257,253.64542748570952,308.9417800837306,510.9453149965379,177.08056354559588,432.2200012207031,236.199788714976,249.46110945180462,305.1667281175776,505.55771489166153,172.94101865721873,416.55999755859375,239.5134800259323,251.338548569648,307.3154654859234,509.37184097126715,173.96089569350613,428.8699951171875,44249600,31239500,8050700,18913700,191763300,90454500
2025-09-19,245.032958984375,254.3744354248047,310.26251220703125,515.7852172851562,176.6505889892578,426.07000732421875,245.83144010441063,255.65269769422878,311.2678631029987,517.1495391803752,178.06043774665943,429.4700012207031,239.7530294205925,251.4683796180924,304.68373667454165,508.19677696926453,175.16074718989944,421.7200012207031,240.77107799962133,252.90642848071656,309.09945390156855,508.44574170609144,175.7506939671915,421.82000732421875,163741300,55571400,23568600,52474100,237182100,93131000
2025-09-22,255.5928192138672,252.18739318847656,307.9560852050781,512.3196411132812,183.58984375,434.2099914550781,256.15178189089505,255.4329839373953,309.198012204534,515.5959951267806,184.52974299714734,444.9800109863281,247.64797087114997,249.96042287972912,305.11741210895696,510.41751650985566,174.69082690233378,429.1300048828125,247.82763635806887,254.0848093772248,305.35395817376326,513.4549348866175,175.28075846993005,431.1099853515625,105517400,32290500,7520200,20009300,269637000,97108800
2025-09-23,253.9459686279297,251.31858825683594,308.2517395019531,507.1212463378906,178.410400390625,425.8500061035156,256.8504363399061,254.01492224497756,311.7705122911332,512.4590659268906,182.3999677661597,440.9700012207031,253.0975947938589,250.1401811840686,306.12273487521253,505.2091838485409,176.19065819152993,423.7200012207031,255.39322235208516,252.69670571321294,307.34495961699116,511.67229848312854,181.95002022927713,439.8800048828125,60275200,26628000,8584400,19799600,192559600,83422700
2025-09-24,251.8300018310547,246.80470275878906,308.92205810546875,508.0373840332031,176.9505615234375,442.7900085449219,255.2534845023776,252.00764101873446,312.036681822986,510.35772177145367,179.76025041106172,444.2099914550781,250.56241362070242,246.10565550148698,307.1971727167786,504.82077941210207,175.38072666046574,429.0299987792969,254.73446948849343,251.31857470864836,309.54299157852137,508.26644250853604,179.75025700209653,429.8299865722656,42303700,28201000,7310500,13533700,143564100,93133600
2025-09-25,256.3813171386719,245.45654296875,308.95159912109375,504.9303283691406,177.67050170898438,423.3900146484375,256.6807646844572,246.1556055061487,311.12000822788536,507.89799878212006,180.2402117285651,435.3500061035156,251.2311452680336,240.41340622781078,307.3252546914858,502.94857891661616,173.11100459099512,419.0799865722656,252.72829161839874,244.06842931794486,309.61196690994507,506.1950582100621,174.4608472798892,435.239990234375,55202100,31020400,7083200,15786500,191586700,96746400
2025-09-26,254.97401428222656,246.2055206298828,311.52410888671875,509.3419494628906,178.17044067382812,440.3999938964844,257.10994249251326,249.08161830530747,313.2489940185383,511.8116903059077,179.750269051669,440.4700012207031,253.2972024297037,245.63630185383965,309.1979925185918,504.52199636524745,174.91078879333958,421.0199890136719,253.61660096533106,246.73481561544992,310.3807528469309,507.9477531769938,178.15043859744398,428.29998779296875,46076300,18503200,7258100,16213100,148573700,101628200
2025-09-29,253.9459686279297,243.71890258789062,311.159423828125,512.4689331054688,181.83004760742188,443.2099914550781,254.5148915782133,250.80926093832198,313.4461359086411,514.7096154882738,183.97980553666213,450.9800109863281,252.52867184357527,242.4406403715287,309.15855827757576,506.77264973451184,180.30021674934378,439.5,254.0757261912774,247.51375020937843,312.5097576619959,509.3817950243417,180.41019002973698,444.3500061035156,40127700,32505800,6462400,17617800,193063500,79491500
2025-09-30,254.14559936523438,242.77020263671875,310.9031677246094,515.8051147460938,186.55950927734375,444.7200012207031,255.4331385813304,242.9599320717839,312.85476301381095,516.0142062084105,187.32942897828707,445.0,252.6284867333586,238.92541967317948,305.65950932869447,507.54943619028296,181.4600633204032,433.1199951171875,254.37515755125318,242.48058753408858,311.71140689202116,511.11459757878936,182.06000352373024,441.5199890136719,37704300,34724300,11823300,19728200,236981000,74358000
2025-10-01,254.9640350341797,244.5677490234375,306.25091552734375,517.5578002929688,187.21945190429688,459.4599914550781,258.29769267334166,245.96585884887978,310.0752375005356,518.3544751787417,188.11934700723293,462.2900085449219,254.44502000530687,238.2862890899911,302.99828667529783,509.5709932440202,183.87980694521147,440.75,254.55481135314994,240.42338523813993,309.46414008660315,512.6680995330014,185.21967144700423,443.79998779296875,48713900,31658200,9235200,22632300,173844900,98122300
2025-10-02,256.6408386230469,245.35667419433594,303.13623046875,513.6041870117188,188.8692626953125,436.0,257.68882891050583,246.47514981131818,306.1030425326149,519.4399047558908,191.0290292282152,470.75,253.66649683440303,241.97127402542458,301.7464923414213,508.56514411884206,188.03935198339767,435.57000732421875,256.09186667190835,244.81739828037135,305.5510816946321,515.4963429681408,189.57919146332628,470.5400085449219,42630200,25483300,7600000,21222900,136805800,137009000
2025-10-03,257.5291442871094,245.01715087890625,305.5806579589844,515.20751953125,187.5994110107422,429.8299865722656,258.7468246365968,245.96585900937905,307.18727011434805,518.3345307125708,190.33911589327732,446.7699890136719,253.46689477740222,241.3321544964398,303.78677014872494,512.8672756929882,185.35966652947783,416.5799865722656,254.18552630266564,244.15831699237452,304.08248279942853,514.9585548343116,189.16924608680657,443.2900085449219,49155600,30249600,6029900,15112300,137596900,133188200
2025-10-06,256.20166015625,250.09024047851562,306.22442626953125,526.3811645507812,185.51962280273438,453.25,258.57713717661323,250.97904766602093,308.7698659390142,528.8309994124726,187.20943969833962,453.54998779296875,254.56478079871025,244.24818617214953,302.2131538143922,516.0541122577388,183.3098739831843,436.69000244140625,257.49917477533796,244.44791178946252,307.21486689804453,516.4623876768178,185.4796339074747,440.75,44664100,28894700,7214500,21388600,157678100,85324900
2025-10-07,255.99209594726562,245.42657470703125,304.74871826171875,521.8101196289062,185.01968383789062,433.0899963378906,256.9103287268919,250.1002333278666,307.0465480670538,527.6060256392368,189.03924688644503,452.67999267578125,254.94407514023973,245.18691006468788,301.78731007714714,519.2806599401652,183.97980469837793,432.45001220703125,256.32145476920215,247.93317917084852,306.39285354178503,526.1022689962125,186.20955566811082,447.82000732421875,31955800,23181300,8454200,14615200,140088000,102296100
2025-10-08,257.569091796875,244.2881317138672,301.1236572265625,522.676513671875,189.0892333984375,438.69000244140625,258.0282082133661,245.67624536262252,305.8282501205831,524.7678538085896,189.57918508139647,441.3299865722656,255.62278908467795,243.48922922331397,300.64823485280857,520.923853084141,186.51950830089396,425.2300109863281,256.03201279963565,244.62768203424937,305.2636917190969,521.1130687043808,186.5495190429729,437.57000732421875,36496900,21307100,6489900,13363400,130168900,71192100
2025-10-09,253.55670166015625,241.2023162841797,302.6093444824219,520.2366943359375,192.54885864257812,435.5400085449219,257.50917476461467,244.42792989328805,305.09536030036105,522.158694647609,195.27855455286462,436.3500061035156,252.65841993311406,238.82554034163272,300.4898171115272,515.2574000210162,191.039014711271,426.17999267578125,257.3195337882977,244.13833003954065,302.13392206728275,520.1769452354545,192.20888438710807,431.80999755859375,38322000,27892100,7060300,18343600,182997200,69339900
2025-10-10,244.80340576171875,236.2490692138672,298.0137023925781,508.84405517578125,183.139892578125,413.489990234375,255.8922708493858,243.75885638035138,307.50211054267186,521.4118200258811,195.59851591827854,443.1300048828125,243.53581752909898,235.5200485827795,297.9344502139145,507.5195762105422,182.03001384654092,411.45001220703125,254.45500785015722,241.10246136059908,302.7380934229591,517.4881335274953,193.4887469873255,436.5400085449219,61999100,33180300,8597400,24133800,268774400,112107900
2025-10-13,247.18885803222656,243.81875610351562,305.0260314941406,511.9212646484375,188.29933166503906,435.8999938964844,249.2149949644775,244.16828735447277,306.5017785031187,514.2714771071726,190.08912842775598,436.8900146484375,245.09284695690994,239.38479264234815,302.53013174675476,509.56108387533754,185.93959015922437,419.70001220703125,248.90558714178317,239.88411429337978,302.6786918104351,514.2714771071726,187.9493639887039,423.5299987792969,38142900,24995000,10788700,14284200,153482800,79552800
2025-10-14,247.29864501953125,245.1169891357422,299.19232177734375,511.4432067871094,180.01022338867188,429.239990234375,248.37659224814226,246.78472157869837,304.0653034578676,513.146147202046,184.77970370013514,434.20001220703125,244.23447809703134,240.1836889124138,291.39755808509767,503.9045484424133,179.6802578066599,417.8599853515625,246.13087266264282,240.9027132904423,302.91638858642943,508.1170420708167,184.74970821605342,426.7900085449219,35478000,22111600,16178800,14684300,205641400,72669400
2025-10-15,248.86566162109375,250.68942260742188,302.767822265625,511.3038330078125,179.8102569580078,435.1499938964844,251.3409547309234,251.7679591837619,309.13634876005415,515.0482722356254,184.84969686580231,440.510009765625,246.99922390992754,245.65626715592245,302.520212088773,507.88804423946306,177.2705272995106,426.3299865722656,249.01538540478128,246.91455220927548,303.4611428511513,512.8275263160849,184.77971248532194,434.8999938964844,33893600,27007700,11354800,14694700,214450500,71558200
2025-10-16,246.97926330566406,251.1188507080078,295.6861572265625,509.4913330078125,181.7900390625,428.75,248.56623493239263,256.6113736152233,305.72920960204,514.7096236704256,183.2598789113643,439.3500061035156,244.66368465033412,249.76069521164578,294.2302082762473,506.02576365101777,179.75026972003684,421.30999755859375,247.77774448085987,251.42842769264908,302.43105556912377,510.4573477017149,182.20999112544493,434.7300109863281,39777000,27997200,10549400,15559600,179723300,77189900
2025-10-17,251.81002807617188,252.9563446044922,294.7155456542969,511.4532165527344,183.19989013671875,439.30999755859375,252.89796599708643,253.87509458891947,296.68651306450823,513.3453119402852,184.07979842608083,441.4599914550781,246.79958926324147,247.4737875390444,291.3876792596173,505.20916197429216,179.7302697995737,423.6000061035156,247.5481624372989,250.4197821526697,296.30025689141456,506.9320087638593,180.1602152773484,425.5,49147000,29671600,10153500,19867800,173135200,89331600
2025-10-20,261.7411193847656,256.2019348144531,299.4696350097656,514.6498413085938,182.6199493408203,447.42999267578125,263.87706298772724,256.98087539491434,300.78693806489423,516.5519656323323,185.1796658652692,449.79998779296875,255.14370850365398,253.88509020638818,295.3098022126917,511.30377036778043,181.7100455780644,440.6099853515625,255.4032084113237,254.3444728441902,295.6465484229892,512.4788764440519,183.10990104163824,443.8699951171875,90483000,22350200,6894900,14665600,128544700,63719000
2025-10-21,262.27008056640625,250.12020874023438,294.25,515.5162963867188,181.14010620117188,442.6000061035156,264.7853058703715,254.53421031738455,301.1434582480101,516.5420602391357,182.76991679751694,449.29998779296875,261.3318664386604,243.81875668908756,294.16086397135297,510.91543308707116,179.7802549646251,442.04998779296875,261.3817895915523,254.39440086428343,298.7763208850087,515.3569857054445,182.76991679751694,445.760009765625,46695900,47312100,7372700,15586200,124240200,54412200
2025-10-22,257.9583435058594,251.34854125976562,291.29852294921875,518.3843383789062,180.2602081298828,438.9700012207031,262.349966966352,256.01218852739623,295.21077611588424,523.0549187669818,183.4198648953589,445.5400085449219,254.94406918261987,248.95178813355238,287.76267234049385,515.566101626736,176.74059027394597,429.0,262.15033525743416,254.02489806023604,294.92353982678844,518.9918584655633,181.12011433169937,443.45001220703125,45015300,35029400,8054100,18962700,162249600,84023500
2025-10-23,259.0861511230469,252.73666381835938,291.72442626953125,518.404296875,182.13999938964844,448.9800109863281,260.12418111371363,254.69399627404513,293.53691953831486,521.7802730707533,183.0098989665471,449.3999938964844,257.51916110368444,251.50833675008087,289.7138327608809,516.4623598997719,179.7702492811968,413.8999938964844,259.4454820834593,252.63679338694976,291.5659521228084,520.2964530626382,180.4001849787377,420.0,32754900,19901400,5438800,14023500,111363700,126709800
2025-10-24,262.3200378417969,259.5673828125,297.5679931640625,521.441650390625,186.23953247070312,433.7200012207031,263.62754335723145,261.32497431611404,299.70734860853685,523.1744351060786,187.44940625639555,451.67999267578125,258.68694768993146,254.9736174865258,292.6257039619419,518.5536961256696,183.47984116964938,430.1700134277344,260.69313376057823,256.23188733462473,293.2496561856281,520.6250388201142,183.81980015643103,446.8299865722656,38253700,28655100,7228300,15532400,131296700,94727800
2025-10-27,268.2986145019531,268.9046630859375,301.2425231933594,529.3189697265625,191.46897888183594,452.4200134277344,268.60802232244004,269.7735083332291,301.6188954834183,532.3662956890146,191.97891738858848,460.1600036621094,264.1465248140549,263.92144290721717,298.13255521259686,526.819354031342,188.4093020699799,438.69000244140625,264.37609822840903,264.4607188078389,299.27155593587753,529.577902779321,189.9691435897376,439.9800109863281,44888200,35235200,5642200,18734700,153452700,105867500
2025-10-28,268.4882507324219,267.1071472167969,302.44097900390625,539.8251953125,201.0079345703125,460.54998779296875,269.3765722048576,270.3627344019799,305.0260451309229,551.4269140414981,203.12769700573313,467.0,267.63986169210665,266.1384619149823,300.26202744552563,538.5305910090683,191.8889404255143,451.6000061035156,268.4782600095115,269.3241367489819,301.9457586189306,547.722348424072,193.0288146936141,454.7799987792969,41534800,29738600,6336000,29986700,297986200,80185700
2025-10-29,269.1869201660156,274.197509765625,302.5895690917969,539.3073120117188,207.01727294921875,461.510009765625,270.8936584399069,274.96645416764926,305.3033671273222,544.0077970763692,212.1667169482571,465.70001220703125,266.6018207191691,267.3068768000952,300.1134671686232,534.5072653816836,204.7575264516481,452.6499938964844,268.76770579477784,267.38675485794886,300.6086875532579,542.6832878753321,207.95717223581016,462.5,51086700,43580300,7520300,36023000,308829600,67983500
2025-10-30,270.8836669921875,281.09814453125,306.4819641113281,523.582763671875,202.8677215576172,440.1000061035156,273.6184749716116,291.1944142933695,309.62164411662417,532.7545848667123,206.13736677538768,455.05999755859375,267.969239224885,279.6800575475708,302.1834552198523,519.9578228356851,201.38788833732997,439.6099853515625,271.4725408872279,291.1944142933695,302.8668617019339,528.2831883129468,205.12746791137428,451.04998779296875,69886500,74876000,7514600,41023100,178864400,72447900
2025-10-31,269.85565185546875,280.8085021972656,308.1459045410156,515.6656494140625,202.4677734375,456.55999755859375,276.79244258078194,285.6119738650845,309.8791757592273,527.1279940743384,207.94716749796044,458.0,268.647962249571,276.6541425566326,304.3129038831637,512.9668501497666,202.04782138155986,443.69000244140625,276.4630533049319,282.82575062167336,305.5905808443981,526.6898137654194,206.42733011185774,446.75,86167100,39267900,7721300,34006400,179802200,83135800
2025-11-03,268.53814697265625,283.3350830078125,306.3928527832031,514.888916015625,206.85728454589844,468.3699951171875,270.33474092754267,285.14262497278366,309.3344630267029,522.7860691817526,211.31678618801203,474.07000732421875,265.74348587775046,279.42038779718166,303.28285431242927,512.4590180581705,205.53742218982754,453.79998779296875,269.90556627002525,281.797163766903,308.02707397940236,517.657371934483,208.05714970598171,455.989990234375,50194600,29786000,7770000,22374700,180267300,84595200
2025-11-04,269.5262756347656,277.1634521484375,306.2937927246094,512.2001342773438,198.66818237304688,444.260009765625,270.9734988318123,280.88837191256465,309.23540287266394,513.4150529816625,203.9476013046771,460.2200012207031,267.11086611942017,275.8851900258856,302.1834697809128,505.73698923396887,197.90825607143535,443.6000061035156,267.8195068636227,276.374515458966,303.7780648320401,509.6407695643784,202.9777066091775,454.4599914550781,49274800,30078400,7085200,20958700,188919300,87756600
2025-11-05,269.6260986328125,283.92425537109375,308.7005615234375,505.0597839355469,195.18858337402344,462.07000732421875,271.18312844251227,286.0314084420774,310.107000668758,512.6980347767452,202.89772869539195,466.3299865722656,266.4221834255846,276.96371081227676,302.70840715746203,504.4821687767013,194.6286320152979,440.7099914550781,268.0989800730272,278.49163374098424,306.6503419445097,511.17434154282535,198.7481902403631,452.04998779296875,43683100,31010300,6865200,23024300,171350300,85573000
2025-11-06,269.25677490234375,284.3636779785156,310.4239501953125,495.04144287109375,188.05935668945312,445.9100036621094,272.8798740142925,287.9587999323025,311.83035912038315,503.6058351018555,197.59830279082226,467.45001220703125,267.38037702601645,280.7585903155872,307.2941538281452,493.75677643867937,186.35954634625867,435.0899963378906,267.38037702601645,284.9428776795432,308.01715622418413,503.5659922381216,196.39843756369172,461.9599914550781,51204000,37173600,7206100,27406500,223029800,109622900
2025-11-07,267.9592590332031,278.45172119140625,311.20635986328125,494.7626037597656,188.1293487548828,429.5199890136719,271.7719991063764,283.3950181298404,311.4242580235003,497.31199999791255,188.29934352754728,439.3599853515625,266.26248096015127,274.8166751233446,304.6991875199946,491.2073803526309,178.8903723972709,421.8800048828125,269.28671541495146,282.8257840870045,308.90856044061366,494.89207027354036,184.87970536775757,437.9200134277344,48227400,34479600,7302300,24019800,264942300,103471500
2025-11-10,269.1781311035156,289.7064208984375,313.86077880859375,503.90460205078125,199.0281524658203,445.2300109863281,273.4741297822401,290.40545290698407,316.5052386427636,504.7510881917551,199.91805415635875,449.6700134277344,267.20997142836535,282.47622284552773,311.2063746689554,496.73440583349895,193.76872011438098,433.3599853515625,268.7085692371889,284.03413439651047,311.9888313123107,497.96929153220975,195.08858253564551,439.6000061035156,41312400,29557300,5794100,26101500,198897100,76515900
2025-11-11,274.99267578125,290.914794921875,312.6029052734375,506.573486328125,193.1387939453125,439.6199951171875,275.65206242273547,291.52398321941854,316.00010979819433,507.48968986721945,195.3985402959953,442.489990234375,269.5477586519058,286.9302176656824,312.2661590448994,500.26971300797675,191.2789975702345,432.3599853515625,269.55775905965567,287.35962699643375,314.4649387231156,502.70954902224156,195.13857433756354,439.3999938964844,46208300,19842100,5030200,17980000,176483300,60533200
2025-11-12,273.21435546875,286.3210144042969,317.34710693359375,509.0233154296875,193.7787322998047,430.6000061035156,275.4722525277038,291.613842224268,319.16951418656384,509.5511194130969,195.86849924763862,442.3299865722656,271.4460210796085,283.30512258449664,313.1872439213492,497.05307240824305,191.1090271797132,426.55999755859375,274.74292397164845,291.2842728658537,313.23678409164455,507.2506574723947,195.69851973704638,442.1499938964844,48398000,24829900,10578300,26574900,154935300,58513500
2025-11-13,272.6948547363281,278.19207763671875,306.5216064453125,501.205810546875,186.8394775390625,401.989990234375,276.4413491841305,282.45627365196606,317.565014483568,511.3735209246628,191.4189763426968,424.5,271.83564282199285,276.8638649512614,306.1452341336872,499.2140928412288,183.82981362374773,396.3399963378906,273.85374352181776,281.9569519907634,316.17840351377913,508.1967287528611,191.02901978717685,423.1300048828125,49602800,29494000,8973300,25273100,207423100,118948000
2025-11-14,272.15533447265625,276.0350036621094,300.70770263671875,508.0672912597656,190.14910888671875,404.3500061035156,275.70200347225597,278.1820807042813,304.69920788981074,509.48142428367663,190.98901295495202,412.19000244140625,269.3479639093673,270.3327588398133,298.3504790333013,495.3800584752997,180.56016596493993,382.7799987792969,270.7965900477885,271.04178706348836,304.57044575572996,496.16679552350377,182.8399142970662,386.29998779296875,47431300,31647200,10327000,28505700,186591900,105506700
2025-11-17,267.2099609375,284.63330078125,297.4986572265625,505.388427734375,186.5795135498047,408.9200134277344,270.2371271729127,293.55120856159544,302.66875869849656,509.9992593431845,188.9792438771453,423.9599914550781,265.48159771217263,283.1852862901624,294.8244855709175,502.8191251226507,184.29976516169708,398.739990234375,268.5687054184609,285.392279437324,301.0939616708072,506.34447416817187,185.9495778546046,398.739990234375,45018300,52670200,8344000,19092800,173628900,102214300
2025-11-18,267.19000244140625,283.8943176269531,296.5478515625,491.74517822265625,181.340087890625,401.25,270.4569347049811,288.4081743957296,300.05402007948175,500.89712400975867,184.7797126313021,408.8999938964844,265.0719890725528,277.8225797399186,294.1806837974681,484.76419755903834,179.6302689297591,393.7099914550781,269.7376065335732,287.52939388700526,296.6369875977812,493.31862192366924,183.3598703733926,405.3800048828125,45677300,49158700,8077300,33815100,213598900,80688600
2025-11-19,268.3089294433594,292.4127502441406,300.3709411621094,485.102783203125,186.49952697753906,403.989990234375,271.9555110777923,303.39782684502376,301.5396841634701,493.13937183157236,187.8393762025218,411.7799987792969,265.2517925781922,286.2411417953812,296.409178349521,480.8305400064438,182.8099296469334,398.5,265.2817633125939,286.77042153983126,296.8746866890342,488.070453670226,184.76970592228736,406.17999267578125,40424500,68198900,5546600,23245300,247246400,72047700
2025-11-20,266.0010986328125,289.05731201171875,295.5277099609375,477.3404846191406,180.6201629638672,395.2300109863281,275.17250947675234,306.0042898345543,306.95740445253,492.4460215630244,195.97847686300787,428.94000244140625,265.67142054546326,288.2783714658303,295.3098117912242,474.41716428973194,179.83025642841662,394.739990234375,270.5768036466949,304.1268355762142,303.411609711364,491.5879641710541,195.92847930218133,414.6300048828125,45823600,62025200,7501600,26802500,343504800,113548800
2025-11-21,271.2361755371094,299.25347900390625,295.1711120605469,471.04486083984375,178.86036682128906,391.0899963378906,273.0744516711978,303.50770955644725,298.7961284719156,477.8293938228302,184.5397359279593,402.79998779296875,265.4216397990326,293.4513634023398,290.01092472978763,467.20362215472323,172.91100782704066,383.760009765625,265.70137680880595,296.0178842040454,298.40987233529637,477.4103368698009,181.22010834266524,402.32000732421875,59030800,74137700,11766800,31769200,346926200,100460600
2025-11-24,275.6620788574219,318.14776611328125,295.1513366699219,472.92059326171875,182.52996826171875,417.7799987792969,276.7410558404627,319.0465694557707,296.9539460474125,475.8139832068258,183.4798609481747,421.7200012207031,270.64675212306133,309.17996886834777,291.69470820468445,466.9542001322548,176.4606271183833,401.0899963378906,270.64675212306133,310.70789188393536,295.3890327721484,473.9183160323131,179.47030653663683,402.1700134277344,65585800,85165100,10940200,34421000,256618300,96806400
2025-11-25,276.7110900878906,323.0011901855469,300.103515625,475.90374755859375,177.80047607421875,419.3999938964844,280.1179060838009,328.3838617048627,301.5891765934406,478.0588322743821,178.14043506786686,420.4800109863281,274.9926967216935,317.2190369667809,292.7346348034667,463.8313270788984,169.53138015579162,405.95001220703125,275.012667049666,325.767421144808,297.18170363006027,472.9904142849383,174.89079203873564,414.4200134277344,46914200,88632100,8877200,28019800,320600300,71915600
2025-11-26,277.29052734375,319.5159606933594,304.6991882324219,484.3943786621094,180.24020385742188,426.5799865722656,279.26868736786383,324.0597758686898,305.5806647286523,487.1979770584782,182.8899220695924,426.94000244140625,276.3714044558947,316.36024396458464,300.30162915288383,480.10418316215106,178.22043661727494,416.8900146484375,276.70108254872224,320.2449508538883,302.0844103036798,485.2025316262965,181.6100638206842,423.95001220703125,33431400,51373400,7910900,25709100,183852000,63463000
2025-11-28,278.5893249511719,319.7456359863281,310.0871887207031,490.88958740234375,176.98056030273438,430.1700134277344,278.73917862681736,326.40660086319315,310.7210853336642,491.5081706450152,179.2703020816569,432.92999267578125,275.73198274965245,316.36025071335513,305.29345893213815,485.54177754838196,176.48061521713345,426.20001220703125,277.0008150112318,322.9313108653273,306.14525372757277,486.48962635446395,178.99033405428943,426.5899963378906,20135600,26018600,4322400,14386700,121332800,36252900
2025-12-01,282.8353576660156,314.46282958984375,305.96697998046875,485.6315612792969,179.90025329589844,430.1400146484375,283.1550658399818,319.41609223758667,311.038031953238,488.7444513856018,180.2802164760195,433.6600036621094,275.88187257202503,313.464186206563,305.5906076467962,483.5463243869077,173.66093259662904,425.2900085449219,277.75011957449965,317.2690150587685,309.958455126882,487.32770213243884,174.7408159055669,425.32000732421875,46587700,41183000,7727300,23964000,188131000,57463600
2025-12-02,285.9224548339844,315.38153076171875,304.9368896484375,488.8841552734375,181.44007873535156,429.239990234375,287.1313151163589,317.948051296999,307.5120415313108,492.3761849539621,185.63961443898967,436.79998779296875,282.36578537497866,313.4841146313127,304.1544330268201,485.2125428025972,179.98023235974816,422.1199951171875,282.7354345985028,316.3102616947243,305.7886541478843,485.6116258193264,181.7400335835938,430.80999755859375,53669500,35854700,7249000,19562700,182632200,69336600
2025-12-03,283.8843688964844,319.19635009765625,309.1462707519531,476.64208984375,179.57028198242188,446.739990234375,288.35019153510143,321.1436861691208,309.37405277594195,483.13724409881166,182.4299686383783,447.9200134277344,283.0351573834178,313.6738540884245,303.86720471987456,474.1178525596479,179.09033894604931,431.1099853515625,285.9324708384744,315.4614340573081,304.26340519365976,475.23529714339696,181.06012391136443,432.1000061035156,43538700,41838300,8535300,34615100,165138000,87483000
2025-12-04,280.4375915527344,317.1890869140625,313.07830810546875,479.7449951171875,183.37008666992188,454.5299987792969,284.46382276925783,321.92264650582644,315.44544563675794,480.2239129901724,184.51002440204854,454.6300048828125,278.32954829392816,314.27306548179905,310.00793592177615,475.40489514051177,179.95027347354184,445.3900146484375,283.83440686502166,321.7928484740126,310.2654601734084,478.6674679630734,181.61017209543593,449.94000244140625,43989100,31240900,9627800,22318200,167364900,71906500
2025-12-05,278.5193786621094,320.8341064453125,312.0284729003906,482.0597229003906,182.40013122558594,455.0,280.8771882481053,322.72155681925386,315.4355916137351,482.299166614698,184.6500094505641,458.8699951171875,277.79005013345267,318.73697999805336,311.6718985008828,477.78947078944657,180.9002124089338,451.6600036621094,280.27774306596746,319.05652267664885,312.62274341566774,481.4211657314621,183.88004685245298,453.0299987792969,47265800,28851700,6518900,22608700,143971100,56427500
2025-12-08,277.6302185058594,313.49932861328125,312.1968078613281,489.9018249511719,185.5399627685547,439.5799865722656,279.4085531850005,320.21460294317257,313.44477282870224,491.17890888246444,187.98982714518382,449.75,275.8918244790692,311.0010871288888,310.3546026483966,483.2769615726175,182.39012406320575,435.25,277.86998437615557,319.82486263347363,312.0482477999388,483.7858099301447,182.6301165694494,447.45001220703125,38211800,33909400,7417200,21965900,204378100,69165800
2025-12-09,276.9208679199219,316.85693359375,297.6373596191406,490.8995361328125,184.95999145507812,445.1700134277344,279.7682096639769,317.7662971049956,315.7524991840304,490.99931449735556,185.70995086836587,452.3900146484375,276.6611317163261,311.6805848338384,297.15202309779255,487.3875630167038,183.31008684903045,435.70001220703125,277.8999627322321,312.15025542764414,311.939326475107,487.9862027558801,185.54995586495326,437.5400085449219,32193300,30194000,18049200,14696100,144719700,62367400
2025-12-10,278.5193786621094,319.9847412109375,307.1455383300781,477.4701843261719,183.77005004882812,451.45001220703125,279.48847306800184,321.0839735202244,308.2152311685389,483.14722906115725,185.46995496958337,456.8800048828125,276.1815698919154,314.45863248382005,295.60691069504315,473.99809828560024,182.03013874897007,443.6099853515625,277.490342786908,315.6078174223929,297.62741810314117,482.92772884397027,184.9599880707457,446.07000732421875,33038300,33428900,18874100,35756200,162785400,63257500
2025-12-11,277.77008056640625,312.210205078125,314.3460693359375,482.3690185546875,180.92019653320312,446.8900146484375,279.3286197507982,320.8940942947929,314.96013772429524,484.92318635563356,181.31019006496976,449.2699890136719,273.5540244422053,308.3829128168011,306.2838676543348,474.7763326037194,176.61043233199788,440.3299865722656,278.83908758708685,319.85481737290655,306.2838676543348,475.5445986070271,180.27023782951787,448.95001220703125,33248000,42353700,9721900,24669200,182136600,55979500
2025-12-12,278.0198669433594,309.07244873046875,315.47515869140625,477.4402770996094,175.01052856445312,458.9599914550781,278.9589906850317,314.6485102459599,317.20842990436694,481.3513637649093,182.81010931847595,463.010009765625,276.5612402656973,305.34506149685063,313.5735294870918,475.2552617920193,174.61054106596097,441.6700134277344,277.64021728323,313.47935032153816,316.6240735225281,478.72734800157895,181.10019518559332,448.0899963378906,39532900,35940200,8982900,21248100,204274900,95656700
2025-12-15,273.8537292480469,308.003173828125,316.9608459472656,473.73870849609375,176.28045654296875,475.30999755859375,279.8880911943856,311.2009348824072,319.7935222813264,479.6252664455081,178.4103461991077,481.7699890136719,272.5849275039148,304.66552711937686,315.3464528736662,471.44392797474177,175.02053019793698,467.6600036621094,279.8880911943856,311.1009991314403,316.534963668203,479.0066832317436,177.93037643785232,469.44000244140625,50409100,29151900,10864100,23727700,164775600,114542200
2025-12-16,274.353271484375,306.3543395996094,312.5335388183594,475.3051452636719,177.71038818359375,489.8800048828125,275.2424541197232,310.5513666605185,316.46558945571707,476.80172935648005,178.48035080582065,491.5,271.53593087885605,302.37712849550337,311.3945381021762,469.8076832860371,174.8905333961456,465.8299865722656,272.5649667835892,304.7354841263937,316.0397072252412,470.8353364785088,176.25046044282257,472.2099914550781,37648600,30585000,8331300,20705600,148588100,107608100
2025-12-17,271.58587646484375,296.5112609863281,311.9690246582031,475.0357360839844,170.93075561523438,467.260009765625,275.90184538512057,307.87325739956634,316.3170436429019,478.9069051052783,176.12047730871902,495.2799987792969,271.38608172110213,295.9116769824828,311.65207637787455,473.9182915104317,170.30078481189744,466.20001220703125,274.75292651919426,307.7933270972379,315.3860269605939,475.8239455574328,176.0904801521757,488.2200012207031,50138700,43930400,8718700,24527200,222775500,106490400
2025-12-18,271.935546875,302.2472229003906,310.0079345703125,482.87786865234375,174.1305694580078,483.3699951171875,273.374203136776,303.7461677101471,314.66301788263524,488.4850656489584,176.14045512074784,490.8599853515625,266.7004552212896,299.0195145942255,309.2353920446346,476.8017407441929,171.8107030234881,473.1199951171875,273.35420232069225,301.50775321966603,312.979256626897,477.10104539067044,174.52054772862792,478.1600036621094,51630700,33518000,11444900,28573500,176096000,95168400
2025-12-19,273.4141845703125,306.9439392089844,314.17767333984375,484.8134460449219,180.98020935058594,481.20001220703125,274.34330788170604,307.03387224107576,315.51477427620307,486.73904362092316,181.4401759084778,490.489990234375,269.64768928264715,300.7582909786616,310.1961127673861,481.39123391446003,176.3304518785618,474.7200012207031,271.8955859651445,301.5177661333593,310.79038320864026,486.2501387748106,176.6604358481607,488.1199951171875,144632000,59943200,24494400,70836100,324925900,103305400
2025-12-22,270.7166748046875,309.56207275390625,320.00146484375,483.81573486328125,183.6800537109375,488.7300109863281,273.62395794129594,309.9118326328777,320.14014104266494,487.6170561484318,184.15002947616998,498.8299865722656,270.25711338978425,305.0852133945127,314.47481933577194,481.5908021440126,182.34012994783166,485.3299865722656,272.6048920133635,309.66200850448513,314.47481933577194,485.01298390813173,183.91003698180788,489.8800048828125,36571800,26429900,8354600,16963000,129064400,86916100
2025-12-23,272.1053771972656,314.1288757324219,322.8143310546875,485.7413330078125,189.19976806640625,485.55999755859375,272.2452609569047,314.7184570357758,324.6466524002949,486.71908182827985,189.31975669034466,491.9700012207031,269.30800689497966,309.1024153195162,320.00148308544306,483.63612214595605,182.89009670029142,482.8399963378906,270.5868091030317,309.41219480947996,320.51650136966475,483.8755963136496,182.96010023623109,489.3999938964844,29642000,25478700,6668300,14683600,174873600,58223600
2025-12-24,273.55401611328125,313.8690490722656,326.02337646484375,486.90863037109375,188.59979248046875,485.3999938964844,275.17249671786806,314.8583428959372,326.8355148620812,488.04604888584674,188.899779295176,490.8999938964844,271.9455359163183,311.70059264113144,322.3884458193645,483.7258924615979,186.57989753660073,476.79998779296875,272.085389177814,314.5485634057752,323.1213622604756,484.5739628623746,187.92983057380172,488.4800109863281,17910600,10097400,4289300,5855900,65528500,41285400
2025-12-26,273.1444091796875,313.2894592285156,324.7754211425781,486.599365234375,190.51968383789062,475.19000244140625,275.1125687682936,314.86833429915043,327.6972031402456,487.00843522519267,192.67957056140054,489.0899963378906,272.6049054553,312.0603135401851,323.4185221880518,484.85335038112265,187.98982202804387,473.82000732421875,273.9037084592662,314.25877806497726,325.9639318748006,485.601642461088,189.9097162518428,485.2300109863281,21521800,10899000,4158300,8842200,139740300,58780700
2025-12-29,273.50408935546875,313.33941650390625,320.6551818847656,485.9907531738281,188.20980834960938,459.6400146484375,274.10350406329195,313.79908436732376,324.63674268276935,487.23790659993216,188.749772392931,469.3999938964844,272.0954038139857,310.4014822754237,320.43728371815735,483.0773893732932,185.8999358866866,459.0,272.4350823114352,311.15095467052413,323.8741142125664,483.7558335295542,187.6998414610299,469.0,23715200,19621800,8635300,10893400,120006100,66263000
2025-12-30,272.82470703125,313.6292419433594,320.3283386230469,486.3699035644531,187.52984619140625,454.42999267578125,273.82377221524894,316.72706748217655,321.83379757815135,488.56487537463653,188.9797799436452,463.1199951171875,272.02546707967076,312.24020504037514,319.40720581728044,484.39440153201394,186.91987858592935,453.8299865722656,272.5549704076282,312.28018544302313,321.7050354533748,484.82341501264875,188.22982052336855,461.0899963378906,22139600,17380900,7904300,13944500,97687300,59238500
2025-12-31,271.6058349609375,312.7798156738281,319.1398010253906,482.5186767578125,186.4899139404297,449.7200012207031,273.42414083736213,314.3586907819443,321.77437689354394,487.0284031238816,190.54969193131708,456.54998779296875,271.49595243002375,311.22091551782626,318.9615289550125,482.1993981667827,186.47991997410415,449.29998779296875,272.80472532736104,312.62992729269524,321.2395304565584,486.7290680267604,189.55975523635485,456.1000061035156,27293600,16377700,5048500,15601600,120100500,49078000
2026-01-02,270.75665283203125,314.9283142089844,322.36865234375,471.8630065917969,188.83978271484375,438.07000732421875,277.58025431004916,322.2731502440002,322.61626252061376,483.5563186075122,192.91954841717475,458.3399963378906,268.7485221479618,310.11169732658084,317.6739428368343,469.0893385249197,188.24980305842183,435.29998779296875,272.0054842546519,316.67708324131615,319.4171281542276,483.2869444224563,189.82971935613102,457.79998779296875,37838100,32009400,8054000,25571600,148240500,85535400
2026-01-05,267.0101623535156,316.3173522949219,330.8468322753906,471.773193359375,188.1098175048828,451.6700134277344,271.25618925068443,318.79558832967825,334.026138578159,474.9858617296903,193.61952916959007,457.54998779296875,265.89121426121545,314.4086921415047,322.08142570711647,468.4308161640092,186.13992286460274,444.57000732421875,270.38700744645297,317.4365596004392,322.3884599175412,472.98042932285466,191.74961996436147,447.989990234375,45647200,30195600,10752600,25250300,183529700,67940800
2026-01-06,262.1147155761719,314.1188659667969,332.90625,477.4203186035156,187.22987365722656,432.9599914550781,267.2998660934885,320.71422913013345,334.1598441675407,477.64977534720424,192.15959956375178,448.25,261.8749496989937,311.5606693028291,328.96642165340415,468.68025764779384,186.80989821500853,428.7799987792969,266.7503924619391,316.17741436833177,330.92639220894705,472.72102257015473,190.50969495089785,446.3800048828125,52352100,31212100,7660800,23037700,176862600,89093800
2026-01-07,260.08660888671875,321.7535095214844,325.3250732421875,482.3690185546875,189.09976196289062,431.4100036621094,263.4334831315393,325.9205589972494,330.45880399676645,488.5848422406915,191.35963411085106,438.3699951171875,259.56710600115036,313.96898096999803,322.947258062395,476.86159994291296,186.54989697142676,431.2900085449219,262.95395138764474,314.13884430323384,329.4539672046419,478.6674756822987,188.55979791265688,435.8999938964844,48309800,35104400,9815200,25564200,153543200,59828800
2026-01-08,258.7978515625,325.2110595703125,328.11083984375,477.0212097167969,185.0299835205078,435.79998779296875,259.0476178563403,330.0876314322289,329.7126277455971,481.5608665012806,189.53974931649188,436.8900146484375,255.46096229095477,321.2738288701313,323.99190461809644,474.7763335277468,183.70006889406122,424.3699951171875,256.7797203952787,328.7385750407063,324.7281574581884,480.14408679814625,189.09977067708235,427.8900146484375,50419300,31896100,11737100,18162600,172457000,57041100
2026-01-09,259.1275329589844,328.3388671875,327.5138854980469,478.1885681152344,184.84999084472656,445.010009765625,259.9667440583015,330.5972566011106,330.21007865256746,478.72734693664125,186.32990643372668,449.04998779296875,255.98048371428257,325.5707962902668,326.49908990111055,471.1247042989064,183.66005283935564,430.3900146484375,258.8377955175017,326.8598973489763,327.6631156796267,472.9804540365218,185.06998015284367,435.95001220703125,39997000,26214200,6738100,18491000,131327500,67331500
2026-01-12,260.0067138671875,331.62652587890625,322.8377990722656,476.09332275390625,184.92999267578125,448.9599914550781,261.05572011368304,333.80501545240315,324.3600076252465,479.89464390147504,187.10986736077922,454.29998779296875,256.5599267903311,324.77136644379436,319.59441851466954,474.59673866594744,183.010098425574,438.0,258.9177364764393,325.57079145505844,320.2411028663189,475.5845048686955,183.2100845491025,441.2300109863281,45263800,33923900,12805100,23519900,137968500,61649600
2026-01-13,260.8059387207031,335.7336730957031,309.3169860839844,469.5981750488281,185.79994201660156,447.20001220703125,261.56523797230057,340.25048265726696,325.1957141371429,474.6965236309785,188.0998205983224,451.80999755859375,258.148452318208,333.38532003422745,308.9886797025588,464.888922501957,183.3900687774691,443.95001220703125,258.4781303943212,334.7144015630273,322.64875130423195,473.5990225282599,184.9899882929175,450.20001220703125,45730800,33517600,19371200,28545800,160128900,53719200
2026-01-14,259.71697998046875,335.603759765625,306.30242919921875,458.3338928222656,183.1300811767578,439.20001220703125,261.57525710051715,336.2832741209541,310.17263725890126,467.13381499707015,184.45001701406107,443.9100036621094,256.4700180914029,330.2475447349911,304.5613395847709,456.1289340170423,180.79021156477043,434.2200012207031,259.247418118488,334.8243096530742,306.6307659579143,465.39775666549855,184.3100252062831,442.80999755859375,40019400,28525600,25951500,28184300,159586100,57259500
2026-01-15,257.9685974121094,332.5458984375,307.68536376953125,455.6200866699219,187.03988647460938,438.57000732421875,260.7959687899761,337.4524480652932,311.3466191836246,463.1927988881192,189.6897370464893,445.3599853515625,256.8096782083212,330.507324974913,306.18304245620016,454.8618076165624,186.31992419508657,437.6499938964844,260.40631875644857,337.4124676651339,306.8993776774091,463.0630900555096,186.48991316970114,441.1300048828125,39388600,28442400,14751400,23225800,206188600,49465800
2026-01-16,255.29112243652344,329.7678527832031,310.8789978027344,458.8127746582031,186.21990966796875,437.5,258.6579671912775,334.4145755186536,315.5948534301565,462.13520850615447,190.4296883714215,447.25,254.69167723491495,327.46948297740045,308.42157308655703,455.4404972994736,186.06992389502736,435.260009765625,257.6589020182799,334.1747541117482,308.76979706409315,456.78739866953146,189.06976141755646,439.5,72142800,40341600,14652500,34246700,187967200,60220600
2026-01-20,246.46937561035156,321.77349853515625,301.19854736328125,453.48492431640625,178.06036376953125,419.25,254.55180921698133,327.49947891315526,309.56573031914434,455.7597309230742,182.37012791600927,430.7300109863281,243.19244305608962,320.20459558658575,300.323023148028,448.2568669541529,177.60038196777572,417.44000244140625,252.49373739571587,320.6442885211675,304.65088058894946,450.1924514863621,181.89014292514364,429.3599853515625,80267500,35361000,12900600,26130000,223345300,63187300
2026-01-21,247.41848754882812,328.1490173339844,300.50213623046875,443.0986328125,183.31008911132812,431.44000244140625,251.3248360900433,332.24613943011235,303.8450138204667,451.65911099901973,185.3699752173061,438.20001220703125,244.9507953165175,319.12537039479025,299.61665319654776,437.68100562513575,178.3903418724365,419.6199951171875,248.46750904444812,320.6942733516965,301.88504309324475,451.56931960591265,179.04031586008543,421.6600036621094,54641700,35386600,10270100,37980500,200381000,68124000
2026-01-22,248.1178436279297,330.3074951171875,302.0840148925781,450.1126403808594,184.82998657226562,449.3599853515625,250.76536025794266,334.9142376434696,306.6307531542374,451.8087507279656,186.15991637882954,449.5,247.9180183962477,328.5187457270175,301.35772089620315,443.6873036586902,183.92003219020145,432.6300048828125,248.96703988447874,334.2147483456718,303.3077326815458,446.600636936346,184.7399951080077,435.1600036621094,39708300,26253600,10535800,25349400,139636600,71546700
2026-01-23,247.80812072753906,327.6993103027344,296.2041015625,464.888916015625,187.6598358154297,449.05999755859375,249.17685039145397,333.45526818914374,300.8304191049288,470.0271819611143,189.58973923983262,452.42999267578125,244.45126111041233,327.21966747627397,295.000271015744,449.50401819491054,186.80989099781206,444.0400085449219,247.08880782235642,332.25610013077164,300.4623078902987,450.8409629929935,187.48984685190618,447.42999267578125,41689000,27280000,11107900,38000200,142748100,56771400
2026-01-26,255.17123413085938,333.02557373046875,299.5072021484375,469.20904541015625,186.4599151611328,435.20001220703125,256.32015295784896,335.60374537803585,300.243424572115,473.1700058760031,189.1097657209082,445.0400085449219,249.5664780183616,326.7699676491338,295.9354850066467,460.94790240319116,185.97994539629804,434.2799987792969,251.24490015634893,327.5793954045391,296.2936374196168,464.25036221183507,187.1498802806874,445.0,55969200,26042100,11752700,29291200,124799600,49397400
2026-01-27,258.0285339355469,334.31463623046875,298.7809143066406,479.485595703125,188.50979614257812,430.8999938964844,261.70511669708895,337.6722883721735,300.4324657566407,481.7703893732875,189.9897117301412,437.5199890136719,257.96859246831417,333.2454121385867,296.6319086980451,472.0825097961169,185.6899415183402,430.69000244140625,258.92771692213245,335.1340666902067,299.7957098597862,472.62128861771004,187.22986667366473,437.4100036621094,49648300,21636200,11527400,29213900,143711600,37733100
2026-01-28,256.2002868652344,335.7736511230469,299.2385559082031,480.533203125,191.5096435546875,431.4599914550781,258.61800761819165,337.30257365930305,300.38272473319716,482.63838346935967,192.33960048487265,438.260009765625,254.27208306792676,331.7065067534381,296.53240414079806,476.9114647448887,189.82972650403363,430.1000061035156,257.409147241713,335.82360375323316,298.74110176244625,482.10959164059926,191.25965707901594,431.9100036621094,41288000,27434400,9556700,36875400,148552700,54857400
2026-01-29,258.0385437011719,338.0120544433594,304.8598327636719,432.5128173828125,192.49957275390625,416.55999755859375,259.4072580677027,342.0492210013424,305.2677184721844,441.49232224197124,193.46952146246272,440.2300109863281,254.17216647920577,326.3103005061971,300.6812055104527,420.06122635013605,186.04992498376654,414.6199951171875,257.75880668092503,340.06060015063264,300.86028172816947,438.98802836564175,191.32963792417547,437.79998779296875,67253000,39785600,11580000,128855300,171764400,81686100
2026-01-30,259.2374267578125,337.7622375488281,304.33251953125,429.31011962890625,191.11965942382812,430.4100036621094,261.6551472598355,339.76083067041884,306.36211063628633,438.5989157576861,194.47947816452233,439.8800048828125,251.94423313215475,332.0562627255977,301.0194578342246,425.47886802078926,189.45974561417185,422.70001220703125,254.93144331105526,339.76083067041884,303.6957636347891,438.1699022937122,191.19965692455457,425.3500061035156,92443400,31024000,11953200,58566800,179489500,82626100
2026-02-02,269.7575988769531,343.4482421875,306.5710754394531,422.4058837890625,185.59996032714844,421.80999755859375,270.2371306501278,344.5874244246442,307.72514241386267,429.7590957240154,190.2897090701948,427.1499938964844,258.9676766447768,335.3939142353609,299.83552643648,421.28843915961005,184.87000408758857,414.5,259.7869174093499,335.983495554882,302.9097896135357,429.2602343395754,187.1898706566695,421.2900085449219,73913400,32006100,9839400,42219900,165794100,58739500
2026-02-03,269.22808837890625,339.47100830078125,313.24688720703125,410.2735595703125,180.33023071289062,421.9599914550781,271.6258386480508,348.7544814019383,314.6397527673971,421.0888704228976,186.25991753048794,428.55999755859375,267.3598109321867,337.2325938809106,307.5261644294422,407.6296003977664,176.22045266395375,413.69000244140625,268.9483513556569,347.09564553860224,308.15296152215484,421.0489834358989,186.22992037566058,424.2699890136719,64394700,36506700,12688000,61424100,204019600,56886500
2026-02-04,276.23150634765625,332.80572509765625,315.654541015625,413.2467956542969,174.18057250976562,406.010009765625,278.68922850453845,343.0684894885568,317.68416242077944,418.84400576689177,179.57028010697434,423.8999938964844,272.03545112075,328.2888852617291,312.809117891095,408.3080557741746,171.90069716024271,399.17999267578125,272.03545112075,342.7187296036167,312.809117891095,410.0640575889883,179.45029148582987,420.4599914550781,90545700,70618400,9848800,45012400,207014100,74606900
2026-02-05,275.6520690917969,331.0169677734375,308.5807800292969,392.7735290527344,171.87069702148438,397.2099914550781,279.2387093202658,332.45595718246585,314.4009999973286,407.37018733348754,176.81043194569037,402.1000061035156,272.97458180817284,306.24439883874277,303.98430827226673,391.4265972483441,171.020736948564,387.5299987792969,277.86999494352693,312.0003564748562,313.3961328396234,406.51216038211834,174.92051964769362,397.0199890136719,52977400,88205800,9388000,66289200,206312900,72819800
2026-02-06,277.8599853515625,322.63287353515625,320.7584533691406,400.22650146484375,185.39996337890625,411.1099853515625,280.6473855638201,330.147603202773,322.59903993155126,400.87501513504304,186.98987361565233,414.54998779296875,276.67109542368036,319.694969697787,313.10760555212,392.0252195920243,174.59055120100808,397.75,276.8609202349588,326.94984200428365,313.10760555212,398.2609865133262,176.6804343618602,400.8699951171875,50453400,56380500,17797400,53515300,231346200,62677100
2026-02-09,274.6199951171875,324.09185791015625,320.4599914550781,412.65814208984375,190.0297088623047,417.32000732421875,278.20001220703125,327.4694850607409,324.73808529326595,413.94521298339265,193.64952333361757,421.25,271.70001220703125,317.03682684844796,318.4801031561584,399.9571203178888,183.9400420976916,407.2900085449219,277.9100036621094,320.70422803551696,319.70385137937853,403.9280678877113,184.25002288009932,409.9100036621094,44623400,39640100,11477500,45480500,196387400,54484300
2026-02-10,273.67999267578125,318.3558654785156,316.659423828125,412.328857421875,188.52978515625,425.2099914550781,275.3699951171875,321.4437184993816,324.4694603347238,422.7151545880433,192.46957427391544,427.25,272.94000244140625,314.38865715458337,313.51550984428656,411.76017861216997,188.10980972728564,417.0,274.8900146484375,320.7441987510988,320.9076714905845,418.66440278178237,191.36964298604585,418.0799865722656,34376900,39170000,9902200,44857900,136764800,64450200
2026-02-11,275.5,310.7412414550781,309.2374267578125,403.4491271972656,190.0397186279297,428.2699890136719,280.17999267578125,320.8341425405983,323.6237932822943,415.51159110220135,193.24953637655122,436.3500061035156,274.45001220703125,309.44216816023624,307.15807190859783,400.096793508188,188.75978911487715,420.0299987792969,274.70001220703125,318.7456164455411,321.5941717066872,415.2322299614449,192.43958265041238,427.9599914550781,51931300,45406400,8703500,42491000,144192700,57362000
2026-02-12,261.7300109863281,308.7826232910156,301.09906005859375,400.9248962402344,186.9298858642578,417.07000732421875,275.7200012207031,316.0175203045161,312.0231336727285,405.2749831551046,193.5995230748733,436.2300109863281,260.17999267578125,306.9839017615506,298.492374829366,397.1036315998776,186.49990120030046,414.0,275.5899963378906,311.87044586439265,310.68996020493864,404.07770370563327,193.01955263160718,430.29998779296875,81077200,47761300,13443400,40802400,189932500,61933400
2026-02-13,255.77999877929688,305.50494384765625,301.0094909667969,400.4060974121094,182.80010986328125,417.44000244140625,262.2300109863281,308.41290048065196,302.740652037527,404.61648859375555,187.4898586352177,424.05999755859375,255.4499969482422,303.4963480144474,295.0101951931391,397.1435245648219,181.58017462912434,410.8800048828125,262.010009765625,307.5135396808651,297.0000117729552,403.528974460687,187.4698554447334,414.30999755859375,56290700,38499700,9114500,34091600,161888000,51434100
2026-02-17,263.8800048828125,301.8075256347656,305.5661926269531,395.95623779296875,184.95999145507812,410.6300048828125,266.2900085449219,304.22583664461854,306.6705262718474,399.60790672873594,187.13986615921206,413.7200012207031,255.5399932861328,296.04159566157676,300.95976231603305,393.6315571718042,179.17029624003743,400.510009765625,258.04998779296875,299.82893803190484,301.21844819128046,398.31087932693146,181.74016448672575,412.3599853515625,58469100,39247600,8896800,32078800,162276900,59678800
2026-02-18,264.3500061035156,303.1166076660156,307.2077941894531,398.69000244140625,187.96981811523438,411.32000732421875,266.82000732421875,305.1651838815364,310.6899733588093,401.6432531481791,190.3596881055438,416.8999938964844,262.45001220703125,301.0380842700908,305.6557396172298,395.41747315874426,186.7498829478333,409.5799865722656,263.6000061035156,301.87748970860525,306.8894162356143,397.2233488345012,188.73978069812654,411.1099853515625,34203300,28482100,7209600,23223400,164749100,45921400
2026-02-19,260.5799865722656,302.636962890625,306.48150634765625,398.4599914550781,187.88983154296875,411.7099914550781,264.4800109863281,305.25511494304027,307.6057576457843,404.42999267578125,188.41980165789556,415.25,260.04998779296875,299.828942056139,303.5664321569553,396.6700134277344,185.64996245587088,404.1099853515625,262.6000061035156,301.6076886754516,305.6060125002564,400.69000244140625,187.04988063530703,407.25,30845300,25834400,6737700,28234000,126554500,51019600
2026-02-20,264.5799865722656,314.7584228515625,309.20758056640625,397.2300109863281,189.8097381591797,411.82000732421875,264.75,316.2773425544253,309.4165028225248,400.1199951171875,190.31970507557438,414.70001220703125,258.1600036621094,303.68620054308417,304.12358301143166,395.1600036621094,185.92994318264132,405.5,258.9700012207031,304.1059184917761,306.829734990155,396.1099853515625,186.5599139825128,408.29998779296875,42070500,53210800,7792700,34015200,178422300,57912200
2026-02-23,266.17999267578125,311.2708740234375,296.1543884277344,384.4700012207031,191.53964233398438,399.8299865722656,269.42999267578125,319.29522413676915,309.4165036660153,395.3599853515625,193.93950641757905,407.70001220703125,263.3800048828125,309.65201848441603,293.5974666249826,383.1000061035156,189.56974766836524,394.0400085449219,263.489990234375,318.82555353627805,307.22769310292153,395.0,191.3896412925324,407.2900085449219,37308200,31423000,12955400,43238300,171584800,69680000
2026-02-24,272.1400146484375,310.6813049316406,295.7862243652344,389.0,192.83956909179688,409.3800048828125,274.8900146484375,312.05033638585,298.22376183621185,389.3599853515625,193.75951747058733,410.82000732421875,267.7099914550781,305.71479964031533,289.89638425356503,381.7099914550781,187.38985183856119,397.6400146484375,267.8599853515625,310.3015673465962,295.3086878147805,384.1400146484375,191.47964208446245,399.5,47014600,25615600,13554100,33884700,175123600,58579500
2026-02-25,274.2300109863281,312.67987060546875,301.75567626953125,400.6000061035156,195.54940795898438,417.3999938964844,274.94000244140625,313.4193707572093,302.113859047087,401.4700012207031,197.61930319203404,420.3399963378906,271.04998779296875,309.22231323387047,295.4977249020647,390.1600036621094,193.77949953248776,412.1499938964844,271.7799987792969,311.84046520002283,297.1194302945208,390.5299987792969,194.43946745531196,412.1499938964844,33714300,29963600,8095500,43625500,250637100,54809700
2026-02-26,272.95001220703125,307.1637878417969,304.5712890625,401.7200012207031,184.87998962402344,408.5799865722656,276.1099853515625,312.9197459051382,307.4366298839601,407.489990234375,194.27947461393586,416.80999755859375,270.79998779296875,302.1373272609355,302.0939770599508,398.739990234375,184.31002841741252,403.6600036621094,274.95001220703125,312.42009761480955,303.02916294815697,404.7099914550781,194.25948668244985,414.4200134277344,32345100,36431200,7007800,34405900,360807900,53602500
2026-02-27,264.17999267578125,311.54071044921875,298.7709655761719,392.739990234375,177.180419921875,402.510009765625,272.80999755859375,312.1502667227519,301.4074969953331,396.82000732421875,182.5801217841234,407.1199951171875,262.8900146484375,303.5862877430576,292.9507760142178,389.8800048828125,176.3704661683341,398.1099853515625,272.80999755859375,303.92607541564644,298.4725052158334,390.8800048828125,181.2401979138715,402.94000244140625,72366500,44640600,18620800,51367200,311636500,56890100
2026-03-02,264.7200012207031,306.3043518066406,296.044921875,398.54998779296875,182.47012329101562,403.32000732421875,266.5299987792969,308.27296712894787,298.45261340621465,401.19000244140625,183.45008125730604,404.5400085449219,260.20001220703125,301.088022863519,291.7170645432447,390.6300048828125,174.63055110847353,388.25,262.4100036621094,303.0166882830762,293.3089239524434,392.8599853515625,175.00052620838028,390.6000061035156,41827900,34790200,8508900,35474900,209095300,55088300
2026-03-03,263.75,303.3664245605469,298.7311706542969,403.92999267578125,180.04025268554688,392.42999267578125,265.55999755859375,303.72618716624237,300.8503301542204,406.70001220703125,180.8901975001603,396.3399963378906,260.1300048828125,296.5012623376298,288.0259478174434,392.6700134277344,176.91041730394699,385.3900146484375,263.4800109863281,298.37994467731505,290.80175042735664,393.1400146484375,178.4803396065267,395.0899963378906,38568900,35497000,10278200,38199200,178099400,62617300
2026-03-04,262.5199890136719,302.9167785644531,297.8656311035156,405.20001220703125,183.03009033203125,405.94000244140625,266.1499938964844,305.2551289128473,299.4674190034017,411.0299987792969,184.69000418349444,408.3299865722656,261.4200134277344,300.5384478137644,294.31380094003714,400.30999755859375,180.0502558302461,394.5799865722656,264.6499938964844,302.6769571429086,298.4625518350298,401.2699890136719,180.4302401537762,397.8500061035156,39803100,29536200,8055700,35808000,177731200,68305500
2026-03-05,260.2900085449219,300.6683349609375,292.0553283691406,410.67999267578125,183.330078125,405.54998779296875,261.55999755859375,303.08661540637286,299.7061758621692,411.6099853515625,184.05004039552568,408.6199951171875,257.25,297.78035344585857,290.9410358965662,404.3999938964844,177.87038204113773,399.4200134277344,260.7900085449219,302.82681905445145,296.46279534996694,404.4200134277344,181.1601973472636,401.57000732421875,49658600,35752300,12732500,39001300,198779700,51925900
2026-03-06,257.4599914550781,298.30999755859375,288.0060729980469,408.9599914550781,177.8103790283203,396.7300109863281,258.7699890136719,300.31859339921897,288.51345559776433,413.04998779296875,182.7500987288974,402.3500061035156,254.3699951171875,294.97235071392555,282.2654325280704,408.510009765625,176.81043317462274,394.2099914550781,258.6300048828125,295.88171424137005,284.88204628210366,409.20001220703125,179.83025866705609,398.0899963378906,41120000,25576900,13496500,31123900,189021900,64054600
2026-03-09,259.8800048828125,306.3599853515625,288.44384765625,409.4100036621094,182.64010620117188,398.67999267578125,261.1499938964844,306.79998779296875,289.61783224456605,410.2099914550781,182.90010189125664,401.5899963378906,253.67999267578125,294.0799865722656,279.02206418875625,403.5,175.55049367782217,381.3999938964844,255.69000244140625,294.3599853515625,284.04633930656934,404.9200134277344,176.82042919903367,390.04998779296875,38218500,29312100,12241100,30131900,177213600,67018900
2026-03-10,260.8299865722656,307.0400085449219,287.2598876953125,405.760009765625,184.760009765625,399.239990234375,262.4800109863281,309.510009765625,291.25940817695187,410.20001220703125,186.42991760168223,406.5899963378906,256.95001220703125,305.57000732421875,285.7177615952499,402.92999267578125,182.00014929336922,398.19000244140625,257.6499938964844,306.1700134277344,287.81703392074905,410.0299987792969,182.39012758732315,402.2200012207031,30590800,23239700,8344900,31706400,179118500,59258700
2026-03-11,260.80999755859375,308.70001220703125,286.0560302734375,404.8800048828125,186.02999877929688,407.82000732421875,262.1300048828125,311.4200134277344,289.00098077209634,409.010009765625,187.6199951171875,416.3800048828125,259.54998779296875,305.9200134277344,283.40957048917664,401.5899963378906,184.4499969482422,402.1499938964844,261.0899963378906,306.75,287.339470512306,405.57000732421875,185.91000366210938,402.2799987792969,26218900,24125700,10205000,25512100,145280400,62559900
2026-03-12,255.75999450683594,303.54998779296875,281.44964599609375,401.8599853515625,183.13999938964844,395.010009765625,258.95001220703125,308.94000244140625,282.4345955757058,406.1199951171875,184.94000244140625,406.5,254.17999267578125,301.0299987792969,277.6789347371047,401.7099914550781,181.75,394.6499938964844,258.6600036621094,306.82000732421875,281.38992356011664,404.6300048828125,184.0500030517578,405.17999267578125,40794000,24928300,13760500,27263900,155762700,60973800
2026-03-13,250.1199951171875,302.2799987792969,281.996826171875,395.54998779296875,180.25,391.20001220703125,256.3299865722656,307.69000244140625,285.72773249785536,404.79998779296875,186.08999633789062,400.20001220703125,249.52000427246094,300.44000244140625,281.50933079451545,394.25,179.94000244140625,389.95001220703125,255.47999572753906,307.010009765625,283.2205743771862,401.0,184.9199981689453,399.1700134277344,36930000,23693100,9091200,26848000,160988400,58504100
2026-03-16,252.82000732421875,305.55999755859375,284.7029724121094,399.95001220703125,183.22000122070312,395.55999755859375,253.88999938964844,306.489990234375,287.7971227560318,400.6300048828125,188.8800048828125,403.7300109863281,249.8800048828125,303.0199890136719,283.16084627757465,394.7900085449219,181.41000366210938,394.4200134277344,252.11000061035156,304.3500061035156,284.88204862524725,398.07000732421875,182.97000122070312,396.2200012207031,32074200,23519700,8149000,27733700,217307400,58068300
2026-03-17,254.22999572753906,310.9200134277344,285.42926025390625,399.4100036621094,181.92999267578125,399.2699890136719,255.1300048828125,311.4200134277344,290.2744588762506,404.3999938964844,185.39999389648438,400.1199951171875,252.17999267578125,305.5,284.4940440114858,397.75,181.67999267578125,393.0,252.9600067138672,305.8599853515625,287.5285022187445,400.2699890136719,185.05999755859375,395.69000244140625,32361600,21955200,8961200,26228300,182497800,46890500
2026-03-18,249.94000244140625,307.69000244140625,286.27490234375,391.7900085449219,180.39999389648438,392.7799987792969,254.94000244140625,312.4700012207031,287.93641255144826,398.0,183.3800048828125,403.07000732421875,249.0,306.92999267578125,283.6682474755719,391.0,180.3300018310547,392.30999755859375,252.6300048828125,309.2699890136719,285.36953215418885,397.1300048828125,182.47999572753906,399.0,35757900,20009800,10057000,25908500,156683100,50853100
2026-03-19,248.9600067138672,307.1300048828125,286.5037536621094,389.0199890136719,178.55999755859375,380.29998779296875,251.8300018310547,308.05999755859375,288.0359209952396,392.489990234375,179.97999572753906,387.2699890136719,247.3000030517578,302.3500061035156,283.1708046765218,387.05999755859375,175.7899932861328,378.7300109863281,249.39999389648438,304.010009765625,285.4193072233837,390.1000061035156,178.00999450683594,387.2699890136719,34864100,25075800,9846700,25138800,170968500,67078300
2026-03-20,247.99000549316406,301.0,285.1009216308594,381.8699951171875,172.6999969482422,367.9599914550781,249.1999969482422,306.0,289.2297850267638,387.0,178.25999450683594,379.8900146484375,246.0,298.2699890136719,283.81748141518966,380.1199951171875,171.72000122070312,364.4599914550781,247.97999572753906,305.4599914550781,286.61317132501995,386.7900085449219,178.0,379.8500061035156,88331100,44364100,22436500,50853200,241323500,78628600
2026-03-23,251.49000549316406,302.05999755859375,288.4338684082031,383.0,175.63999938964844,380.8500061035156,254.60000610351562,305.9800109863281,294.24412922690453,387.2099914550781,178.3699951171875,385.3299865722656,250.27999877929688,300.92999267578125,286.5037438804951,381.67999267578125,174.75999450683594,372.7300109863281,253.97000122070312,302.1099853515625,292.8114588483544,383.8999938964844,177.25999450683594,373.0899963378906,40546100,29326900,11470800,29680100,182836300,74606000
2026-03-24,251.63999938964844,290.44000244140625,290.91119384765625,372.739990234375,175.1999969482422,383.0299987792969,254.8300018310547,299.9200134277344,293.9755285514211,382.4700012207031,176.22000122070312,387.4800109863281,249.5500030517578,290.3299865722656,283.9169894005904,371.8500061035156,173.97999572753906,376.30999755859375,250.35000610351562,299.20001220703125,284.71293429347423,382.3599853515625,174.8300018310547,376.55999755859375,45152300,36864300,11092300,42733600,147667800,60004900
2026-03-25,252.6199951171875,290.92999267578125,293.91583251953125,371.0400085449219,178.67999267578125,385.95001220703125,255.0,296.0,296.1245302289603,377.05999755859375,181.22000122070312,396.2300109863281,251.60000610351562,289.239990234375,290.950994762599,369.6300048828125,176.85000610351562,385.010009765625,254.10000610351562,293.44000244140625,292.6522795072885,376.9200134277344,177.10000610351562,389.989990234375,28476700,29460700,12188200,31181200,162602100,55157300
2026-03-26,252.88999938964844,280.9200134277344,290.1749572753906,365.9700012207031,171.24000549316406,372.1099853515625,257.0,287.95001220703125,293.48798854194115,374.7200012207031,176.50999450683594,384.44000244140625,250.77000427246094,278.5,289.24969984697105,365.19000244140625,171.13999938964844,371.8699951171875,252.1199951171875,287.9100036621094,291.0902559049482,370.82000732421875,176.07000732421875,381.6000061035156,41796700,39080600,8669200,36836600,186152200,55522900
2026-03-27,248.8000030517578,274.3399963378906,281.3998718261719,356.7699890136719,167.52000427246094,361.8299865722656,255.49000549316406,279.3699951171875,288.63284454259417,362.45001220703125,170.97000122070312,369.8599853515625,248.07000732421875,273.95001220703125,280.31542537678433,356.510009765625,167.00999450683594,359.4700012207031,253.89999389648438,277.2799987792969,287.66781259849654,361.8999938964844,170.0,369.69000244140625,47900000,35890600,9873300,37883400,196212700,62065700
2026-03-30,246.6300048828125,273.5,282.32513427734375,358.9599914550781,165.1699981689453,355.2799987792969,250.8699951171875,277.0899963378906,285.787426299191,365.3599853515625,169.4499969482422,367.2900085449219,245.50999450683594,272.1099853515625,280.89246381052374,356.2799987792969,164.27000427246094,352.1400146484375,250.07000732421875,276.4200134277344,283.2901966006573,361.8999938964844,168.77999877929688,365.8599853515625,39446200,35141200,11734400,44797000,185627000,67954400
2026-03-31,253.7899932861328,287.55999755859375,292.6622314453125,370.1700134277344,174.39999389648438,371.75,255.47999572753906,288.0799865722656,293.56760164880984,372.8999938964844,174.6199951171875,373.3299865722656,247.10000610351562,277.0899963378906,283.4991344325332,363.07000732421875,166.9600067138672,361.0,247.91000366210938,278.0400085449219,287.0012007453536,364.54998779296875,166.97000122070312,361.510009765625,49598100,43875400,12956900,45244400,226181300,75534900
2026-04-01,255.6300048828125,297.3900146484375,293.87603759765625,369.3699951171875,175.75,381.260009765625,256.17999267578125,300.5199890136719,297.19902789200404,373.989990234375,177.3699951171875,383.1400146484375,253.3300018310547,290.4100036621094,291.41861272257177,368.20001220703125,174.75,374.0799865722656,254.0800018310547,290.8399963378906,293.8859963972044,373.489990234375,176.0,378.6300048828125,40059400,37684500,11267200,29417200,168132000,58683800
2026-04-02,255.9199981689453,295.7699890136719,293.1000061035156,373.4599914550781,177.38999938964844,360.5899963378906,256.1300048828125,298.0799865722656,294.1148016905453,373.6400146484375,177.49000549316406,370.2799987792969,250.64999389648438,289.45001220703125,287.2499401451481,364.1499938964844,171.3699951171875,359.0299987792969,254.1999969482422,290.69000244140625,290.4237002119346,367.2099914550781,172.17999267578125,364.20001220703125,31289400,21666500,6669300,24099100,143143200,83031200
2026-04-06,258.8599853515625,299.989990234375,295.45001220703125,372.8800048828125,177.63999938964844,352.82000732421875,262.1600036621094,300.6199951171875,296.8299865722656,373.7300109863281,177.7899932861328,367.7200012207031,256.4599914550781,295.17999267578125,293.20001220703125,369.5,175.75999450683594,346.6400146484375,256.510009765625,295.8699951171875,294.05999755859375,373.489990234375,177.16000366210938,362.5899963378906,29329900,16945500,7142600,16146600,107564300,77697600
2026-04-07,253.5,305.4599914550781,297.3999938964844,372.2900085449219,178.10000610351562,346.6499938964844,256.20001220703125,305.6300048828125,298.17999267578125,372.45001220703125,178.22999572753906,348.0199890136719,245.6999969482422,297.7200012207031,292.70001220703125,366.55999755859375,173.66000366210938,337.239990234375,256.1600036621094,302.7300109863281,293.1400146484375,370.3399963378906,175.72999572753906,346.44000244140625,62148000,23205400,7849100,21443300,132534900,74515400
2026-04-08,258.8999938964844,317.32000732421875,307.9700012207031,374.3299865722656,182.0800018310547,343.25,259.75,322.0799865722656,311.260009765625,385.0,185.25999450683594,364.5,256.5299987792969,315.0199890136719,305.3299865722656,371.4100036621094,180.3000030517578,339.6700134277344,258.45001220703125,320.45001220703125,307.9700012207031,384.9800109863281,184.5,363.7900085449219,41032800,33547100,10590200,33064800,147732700,78838600
2026-04-09,260.489990234375,318.489990234375,310.3299865722656,373.07000732421875,183.91000366210938,345.6199951171875,261.1199951171875,319.5400085449219,311.260009765625,373.5,184.0800018310547,348.8800048828125,256.07000732421875,311.05999755859375,306.1099853515625,367.04998779296875,180.6199951171875,337.25,259.0,315.9100036621094,306.95001220703125,372.5,181.83999633789062,343.1499938964844,28121600,23739200,6586600,30435300,116428500,62164000
2026-04-10,260.4800109863281,317.239990234375,309.8699951171875,370.8699951171875,188.6300048828125,348.95001220703125,262.19000244140625,321.8299865722656,310.3500061035156,375.6400146484375,190.0,350.3599853515625,259.0199890136719,316.32000732421875,306.7200012207031,370.0299987792969,184.3000030517578,342.739990234375,259.9800109863281,320.0199890136719,310.0,372.9800109863281,184.30999755859375,346.2900085449219,31291500,19152600,6069700,28111100,160459500,51336000
2026-04-13,259.20001220703125,321.30999755859375,313.67999267578125,384.3699951171875,189.30999755859375,352.4200134277344,260.17999267578125,321.6300048828125,313.739990234375,384.5400085449219,189.66000366210938,356.3500061035156,256.6600036621094,315.4700012207031,305.4599914550781,371.0199890136719,185.74000549316406,348.57000732421875,259.7300109863281,317.1400146484375,307.4700012207031,373.6099853515625,186.02999877929688,350.07000732421875,35196600,18829800,8312800,35563300,133242100,53399400
2026-04-14,259.1600036621094,327.0799865722656,310.0400085449219,392.30999755859375,192.5500030517578,362.010009765625,261.92999267578125,327.82000732421875,314.32000732421875,394.46990966796875,193.30999755859375,362.75,259.0299987792969,323.75,308.8699951171875,386.5199890136719,190.8000030517578,354.7699890136719,259.1000061035156,324.8599853515625,309.82000732421875,387.8399963378906,190.8300018310547,357.3550109863281,7831012,6229112,3237713,10055675,41750972,15650723
