Price,Close,Close,Close,Close,Close,Close,High,High,High,High,High,High,Low,Low,Low,Low,Low,Low,Open,Open,Open,Open,Open,Open,Volume,Volume,Volume,Volume,Volume,Volume
Ticker,AAPL,GOOGL,JPM,MSFT,NVDA,TSLA,AAPL,GOOGL,JPM,MSFT,NVDA,TSLA,AAPL,GOOGL,JPM,MSFT,NVDA,TSLA,AAPL,GOOGL,JPM,MSFT,NVDA,TSLA,AAPL,GOOGL,JPM,MSFT,NVDA,TSLA
Date,,,,,,,,,,,,,,,,,,,,,,,,,,,,,,
2025-04-11,197.2901153564453,156.5970001220703,231.69400024414062,385.498779296875,110.90386199951172,252.30999755859375,198.67408279715283,157.1251674838408,234.02860167946685,387.0865991344375,111.52371865557488,257.739990234375,185.2525839628914,152.29193584419684,220.70766608161722,376.0114134245454,107.45467796999777,241.36000061035156,185.2924188893916,152.37164602184413,221.99267276486097,377.7481178718862,108.47443427245335,251.83999633789062,87435900,33636200,20284500,23839200,313417300,128948100
2025-04-14,201.64117431640625,158.5203399658203,230.2422332763672,384.8636474609375,110.68391418457031,252.35000610351562,212.01595519155484,161.16117679260088,235.20570094935914,391.651677567929,114.2630725146749,261.79998779296875,200.28707539108044,157.0155480479404,229.17303086586182,381.29099206627785,109.04430120283689,245.92999267578125,210.52246440005902,159.44711904636745,232.5768346591959,390.23254912743425,114.08311462021162,258.3599853515625,101352900,30333000,13017800,19251200,264705000,100135200
2025-04-15,201.2628173828125,155.76988220214844,228.68258666992188,382.7994384765625,112.1735610961914,254.11000061035156,202.62686743682656,159.09833747842598,234.0972709216147,388.9126416904877,113.5932323217664,258.75,198.93297540670014,154.6736922783896,228.3785029309102,381.24135923720473,110.47396469045397,247.5399932861328,200.98403365195668,158.58014524074957,231.59592921415862,385.5583162962043,110.94385517244878,249.91000366210938,51343900,27551500,10912900,17199900,228966900,79594300
2025-04-16,193.42697143554688,152.80018615722656,225.229736328125,368.78668212890625,104.46538543701172,241.5500030517578,199.82906121923162,155.35133791385522,229.1240019340848,378.7107072268867,106.76484672728219,251.97000122070312,191.5352073519423,150.98646767664792,223.58177786322105,365.20412360568145,100.4263361362673,233.88999938964844,197.49921927320653,152.5709851557027,227.57414175874206,377.77787673053996,104.52537649088836,247.61000061035156,59732400,28187400,9322300,21967800,397016900,112378700
2025-04-17,196.12521362304688,150.63766479492188,227.534912109375,364.9858093261719,101.46607971191406,241.3699951171875,197.96719174329118,154.14549035907424,229.86949873745436,371.4761304955969,104.44538077133734,244.33999633789062,193.5763250102755,147.98685287180376,226.15180704795938,364.10258680355696,100.02642426353728,237.67999267578125,196.34426016251078,153.75683862644127,226.39703780490407,370.9104537724408,104.4253812132841,243.47000122070312,52164700,33046600,9557900,21120200,292517500,83404800
2025-04-21,192.32177734375,147.1597137451172,224.62155151367188,356.3916320800781,96.88717651367188,227.5,192.958999427942,148.43528939549356,227.3877464470659,361.7109259917268,99.41657935183265,232.2100067138672,188.98630873883343,145.5951469015095,222.02209671781299,352.9678611353571,95.01761424618036,222.7899932861328,192.43130060162235,148.3655391927389,226.23026455156602,360.06353397111536,98.74673137333838,230.25999450683594,46742500,26049100,8716200,20807300,288501100,97768000
2025-04-22,198.8732452392578,150.9466094970703,231.0956573486328,364.0331115722656,98.86669921875,237.97000122070312,200.715208155226,151.6641228147109,231.48803554855775,364.9758758256959,99.78648062043173,242.7899932861328,195.1196006832811,148.02672595604838,226.95616088753636,357.12596800122816,97.2570779520085,229.85000610351562,195.26894368988752,148.3755226432022,227.55452454568626,360.6192443688487,98.75672452641882,230.9600067138672,52976400,26971800,10701400,19485000,241004800,120858500
2025-04-23,203.71214294433594,154.81320190429688,236.28472900390625,371.5456237792969,102.68580627441406,250.74000549316406,207.09738254349836,156.98566172409713,242.08197236154456,377.50003937654276,104.77531795205407,259.45001220703125,201.9199510184256,153.27851478210604,235.4215120035636,370.18600677791767,101.99596635952085,244.42999267578125,205.10606155750318,155.07229801307963,235.63731625364926,373.20291916052497,104.49537749742674,254.86000061035156,52929200,31128800,14126800,20545500,247526000,150381900
2025-04-24,207.4657745361328,158.7296142578125,239.97299194335938,384.35748291015625,106.40491485595703,259.510009765625,207.92378505310097,159.03854063446718,240.78715979495186,385.49877003384853,106.51488953927,259.5400085449219,202.0593452871763,155.2516683139833,233.04767825191306,372.33950296048084,103.08569768188364,249.1999969482422,204.00088023313933,155.6104249592094,235.1664754342962,372.8456379358323,103.4556132191724,250.5,47311000,45894000,9055200,22232300,220815000,94464200
2025-04-25,208.371826171875,161.40036010742188,238.90380859375,388.8729553222656,110.98385620117188,284.95001220703125,208.8397878176709,165.52605388757996,240.93431149661754,389.1805976978566,111.8936379045766,286.8500061035156,205.30519003897632,160.4835257508864,237.13814413406232,381.67803664886475,105.70510100806126,259.6300048828125,205.47445049920006,164.49961422965615,239.98281495355522,384.05979677325973,106.82483233532861,261.69000244140625,38222300,56034000,8588600,18973200,251064700,167560700
2025-04-28,209.2281036376953,160.05502319335938,238.58009338378906,388.1882019042969,108.70438385009766,285.8800048828125,210.5822025692478,162.5862396977989,242.13102985600685,389.7561846754867,110.343996814893,294.8599853515625,206.55974070372147,158.0519740918863,236.24549185288936,383.7025530868883,105.9950156815573,272.4200134277344,209.08871177088434,161.86872639451175,239.89452661223797,388.9821118643913,109.66415673478784,288.9800109863281,38743100,29745800,7394300,16579400,207708500,151731800
2025-04-29,210.29345703125,159.60658264160156,239.95338439941406,391.0462951660156,108.99430847167969,292.0299987792969,211.31898611202763,160.18458031932272,240.5713706917717,392.0982394081848,110.1740307356611,293.32000732421875,207.46576971677675,156.97570557414937,237.07928713486953,387.41409832984397,107.41468656100368,279.4700012207031,207.78438836336602,159.76603342291708,237.5697486449445,388.3270916828822,107.64462809509338,285.5,36827600,26809000,7216800,14974000,170444300,108906600
2025-04-30,211.57785034179688,158.2512664794922,239.95338439941406,392.2570495605469,108.89433288574219,282.1600036621094,212.65316547487808,158.7196436016194,240.541944198583,393.6464071015826,108.89433288574219,284.45001220703125,205.7731479657814,154.86300612354924,233.88146850985436,381.5192464831796,104.05547701680861,270.7799987792969,208.39173986928208,157.43409270690867,236.60844827615284,387.3347110069874,104.44538450923935,279.8999938964844,52286500,34981100,12991700,36461100,235044600,128961100
2025-05-01,212.39430236816406,160.7426300048828,242.18006896972656,422.16802978515625,111.58370208740234,280.5199890136719,213.62891164873253,161.39037784388623,243.71030639233103,433.669971462135,114.91291927434723,290.8699951171875,207.99346964638974,158.36088927125815,237.55011140160724,421.67182852064957,111.27377757314032,279.80999755859375,208.1726964341785,159.8955611021286,238.2073279886132,427.8346397458207,113.05335693358144,280.010009765625,57365700,30203200,8689600,58938100,236121500,99659000
2025-05-02,204.45889282226562,163.46319580078125,247.69285583496094,431.9729919433594,114.47303009033203,287.2099914550781,206.0917754590827,164.39995007912242,248.78168093946223,436.1013902925972,115.37281962529518,294.7799987792969,201.2827333487594,161.3106559960053,244.70105272563194,426.7231738378541,113.34329900218786,279.80999755859375,205.19567188008233,162.84534306658284,246.4667021122206,428.4598783453456,114.15310576985596,284.8999938964844,101010600,25715000,7165000,30757400,190194800,114454700
2025-05-05,198.02691650390625,163.64259338378906,247.74192810058594,432.85626220703125,113.79318237304688,280.260009765625,203.21431440062256,164.81850869798296,250.29233406900863,436.1609495915282,114.64298057759626,284.8500061035156,197.34987465543003,162.15773647441492,245.8095084557676,428.8270797245025,112.63345964895049,274.3999938964844,202.21865389928206,162.4367677423953,246.38824947467103,429.58131540385136,112.88340074602954,284.57000732421875,69018500,21341800,5450700,20136100,133163200,94618900
2025-05-06,197.64854431152344,162.6659698486328,244.49505615234375,430.0179138183594,113.51325988769531,275.3500061035156,199.77925700053618,164.23055216038995,247.83018834347143,434.40434608152555,114.7129742117387,277.7300109863281,196.165020010421,160.63302556719455,244.2498254039462,427.89418827142663,110.7938992837595,271.3500061035156,197.3498583398735,161.60963501178307,245.23074839753636,428.91636160877,111.4537475013017,273.1099853515625,51216500,21277200,6369900,15104200,158525600,76715800
2025-05-07,195.3983612060547,150.85691833496094,244.63238525390625,430.0576477050781,117.03242492675781,276.2200012207031,198.5745204381265,164.42985019413678,247.63400722536448,434.79139692835327,117.65228163619798,277.9200134277344,192.4113798882551,147.32914212449143,244.08307077124687,427.83464541633373,112.25355204144066,271.0,198.30568786560423,163.5130310359637,245.08361641763196,430.54391525930873,113.02337494499027,276.8800048828125,68536700,127490100,8724100,23295300,206758800,71592600
2025-05-08,196.63299560546875,153.74688720703125,248.63455200195312,434.8410339355469,117.34236145019531,284.82000732421875,199.18188402861682,155.39117958130052,250.9985800051324,440.29924790125443,118.65205049698933,289.79998779296875,193.83517686729027,152.37165090458322,246.75118165326785,432.3500938706748,115.82271514729747,279.4100036621094,196.86199326420865,154.46440047734652,246.7708043040648,434.60283673184324,118.22215145930612,279.6300048828125,50478900,57498700,8320100,23491300,198428100,97539400
2025-05-09,197.66848754882812,152.22216796875,248.2519989013672,435.3967590332031,116.62252044677734,298.260009765625,199.66975978270045,154.51422329361623,250.63563464782604,437.3914674607305,118.20215005190205,307.0400085449219,196.68277813613466,151.674065468403,247.52611048052464,432.5684058555715,115.18285724943865,290.0,198.13644922219603,153.63725929306102,249.64490778917525,436.6570993033328,117.32235248570746,290.2099914550781,36453900,32435300,5087600,15324200,132972200,132387800
2025-05-12,210.15048217773438,157.91246032714844,255.08901977539062,445.8467712402344,122.97102355957031,318.3800048828125,210.62903686932515,158.5502482480448,258.57131446306823,445.9559209816134,122.97102355957031,322.2099914550781,206.12274573806786,155.7100901217978,253.76479764463758,436.43878433354007,120.25166311897564,311.5,210.32994399020487,156.94581087118723,257.88465637383746,442.551987565255,121.94126742822685,321.989990234375,63775800,44138800,9603900,22821900,225023300,112826700
2025-05-13,212.2840118408203,158.978759765625,257.9925537109375,445.7276916503906,129.89938354492188,334.07000732421875,212.7525871854542,160.0151746711756,258.639966447806,447.24606632617565,131.18908818741485,337.5899963378906,208.36594186281494,155.62040930962155,255.4225403810428,441.9763809723924,124.44067836400953,316.79998779296875,209.7915962682986,158.24131128306263,256.0503155003321,444.37800844651383,124.95056035306071,320.0,51909300,42382100,8589000,23618800,330430100,136992600
2025-05-14,211.68582153320312,164.79856872558594,260.5724182128906,449.4988098144531,135.30810546875,347.67999267578125,213.29093762104833,166.4229412214118,261.5533412811179,450.45150777480933,135.40808800730593,350.0,209.94113079478424,159.0584775444673,257.28631994724986,444.73528972695,131.6489642323906,337.0,211.78550901932945,159.4072742222668,257.9827669437803,444.73528972695,133.16861033831793,342.5,49325800,48755900,8643100,19902800,281180800,136997300
2025-05-15,210.8084716796875,163.39344787597656,262.3870849609375,450.512939453125,134.79823303222656,342.82000732421875,212.31390017581901,165.6356730691148,264.3783574631619,453.55526390744575,136.2678878895653,346.1400146484375,208.90426284202815,161.80893051621783,259.7091843166256,447.82852124457236,132.6287461607251,334.7200012207031,210.3099886465303,165.26694125278715,261.8770157752101,448.16655392379437,134.258351724734,340.3399963378906,45029500,33146700,9214600,21992300,226632600,97882600
2025-05-16,210.6190643310547,165.61572265625,262.45574951171875,451.6463317871094,135.36810302734375,349.9800109863281,211.92510277199543,168.76480673115492,263.33857420454694,451.73580834700897,136.31789147723805,351.6199951171875,209.1335944967917,165.04768502743337,259.66011303826815,446.1383501578063,133.42857277146337,342.3299865722656,211.71573318604425,167.15039440077075,262.3968965278898,449.43915228561843,136.18791721457987,346.239990234375,54737900,42846900,8932900,23849800,226542500,95895700
2025-05-19,208.14659118652344,165.96450805664062,259.826904296875,456.2197570800781,135.53805541992188,342.0899963378906,208.84446444770495,166.06416858529283,263.20128200998215,456.9355998797858,135.83797251007488,343.0,203.64029993754312,163.65253281131433,256.93316930268384,448.1963586877965,132.35879696756518,333.3699951171875,207.27923550566183,163.94152401470697,260.48410598167084,448.27591363294266,132.35879696756518,336.29998779296875,46140500,30426100,12145000,21336500,193154600,88869900
2025-05-20,206.232421875,163.41336059570312,260.6116027832031,455.5238342285156,134.3483428955078,343.82000732421875,207.83753801206538,167.91774593119885,261.5729180532009,455.69283539558984,134.54829272140586,354.989990234375,204.40797196423648,162.337090725838,257.2960784147582,451.69606398891386,132.58874781513978,341.6300048828125,207.03996203611737,165.8548915457752,257.5118826616805,452.9587181303489,134.2583525069389,347.8699951171875,42496600,46607700,8436300,15441800,161514200,131715500
2025-05-21,201.4768829345703,167.97755432128906,256.06011962890625,449.9561767578125,131.76895141601562,334.6199951171875,206.41186226922272,172.54173038625467,260.5821597835497,455.1360777634671,137.36762292180558,347.3500061035156,200.10108001028593,162.99483135159699,255.75603592778836,449.20055644956204,130.55922977564506,332.20001220703125,204.5475404614086,163.12438701474937,259.30697200049985,451.94462570262056,133.02864907239967,344.42999267578125,59211800,73416000,7464000,19216900,270608700,102354800
2025-05-22,200.7490997314453,170.279541015625,255.69720458984375,452.2329406738281,132.7987060546875,341.0400085449219,202.1348820380274,176.15916224613377,257.29608389039316,457.5918252828005,134.21836966107523,347.2699890136719,199.09413231135568,170.12010546424852,253.93152527688756,451.27849365115543,131.51900885300861,331.3900146484375,200.1010778345708,171.25616550038472,254.49065855609336,452.32244757902833,132.19884131725317,331.8999938964844,46742400,74864400,6514100,18025600,187344000,97113400
2025-05-23,194.67758178710938,167.8878631591797,255.73643493652344,447.5799560546875,131.25906372070312,339.3399963378906,197.10020219746903,169.37272002705043,256.9920152183282,451.06969358680703,132.64873565144939,343.17999267578125,192.8730755135501,167.30986548992928,251.11629584411466,446.3173019248347,129.12957588399638,333.2099914550781,193.0824298832746,168.47582079984258,251.9108411041023,447.3811293692874,129.96937433382988,337.9200134277344,78432900,35211400,6671800,16883500,198821300,84654800
2025-05-27,199.60260009765625,172.30255126953125,260.22906494140625,458.0292663574219,135.4680633544922,362.8900146484375,200.1309909415137,172.5716225630013,260.23885381510826,458.2877744248074,135.6280293045703,363.7900085449219,196.83102019804124,169.4125780788469,256.99200115618,453.48565331857327,133.27857708527512,347.32000732421875,197.6983910952664,169.57202886061165,257.04106526626447,453.8435898996704,134.1183754403962,347.3500061035156,56288500,37995700,7506600,20974300,192953600,120146400
2025-05-28,199.81195068359375,171.76441955566406,258.46337890625,454.7184753417969,134.7782440185547,356.8999938964844,202.11494001836002,174.66436785084326,261.63177081627316,459.84867709346275,137.2176717346689,365.0,199.2935240345892,171.31597754856884,257.8846379571237,454.2909661144885,134.75824445795843,355.9100036621094,199.98143310081724,172.56165823831284,261.16091702282114,458.55619745791415,135.9979578766118,364.8399963378906,45339700,34784000,5535400,17086300,304021100,91404300
2025-05-29,199.3433837890625,171.26614379882812,259.3266296386719,456.0308837890625,139.15721130371094,358.42999267578125,203.19167383577107,173.81729536660228,260.3467980228732,459.05333474747385,143.45620133736625,367.7099914550781,197.90775006205254,170.04039828273065,257.5217347653291,452.68035209769624,137.87751407348716,356.0,202.9623758748587,173.39874848808273,259.74841937820054,458.884303233251,142.21648797143945,365.2900085449219,51396800,29317300,5081200,13974800,369241900,88087800
2025-05-30,200.24066162109375,171.14654541015625,258.9636535644531,457.7011413574219,135.09817504882812,346.4599914550781,201.3472946799051,171.6149225074488,260.26826789000455,459.0135248792732,139.58710766728817,363.67999267578125,196.18300200128658,166.86140133176752,257.71789221988047,452.90900269221845,132.88868890141003,345.2900085449219,198.7651407343476,170.75789369177105,258.4241579270174,457.0648535034259,138.6873257641086,355.5199890136719,70819900,52639900,10977700,34770500,333170900,123474900
2025-06-02,201.08807373046875,168.44590759277344,259.611083984375,459.3018798828125,137.34764099121094,342.69000244140625,201.51677709467234,169.2830012834345,259.97402070361045,459.44105553120437,138.08745689917103,348.0199890136719,199.51286535414474,166.81157529888503,256.90372693326515,454.2512329224997,135.36809645457458,333.3299865722656,199.67238359256916,167.2600172613062,258.00235590026796,454.49978904014216,135.45808684638126,343.5,35423300,38612300,6011200,16626500,197663100,81873800
2025-06-03,202.6533203125,165.6057586669922,261.1903381347656,460.29608154296875,141.1867218017578,344.2699890136719,203.1518034040851,167.89781407143477,261.49442184863057,461.4593374660713,141.9665367692297,355.3999938964844,200.35033086337637,164.70887469424017,257.86502496413567,458.19825223653834,137.91748812723765,343.0400085449219,200.73914706631285,166.91124474262,258.6988154428008,458.8047449110186,138.74729436292043,346.6000061035156,46381600,45084900,6998400,15743800,225578800,99324500
2025-06-04,202.20468139648438,167.4693145751953,259.1794738769531,461.1908874511719,141.88656616210938,332.04998779296875,205.6143037964219,167.63872532387313,262.0241445637471,463.00038321907994,142.3564566649135,345.6000061035156,201.48686455307688,165.78515185366567,259.14022857540317,460.3457906064832,139.5071219355859,327.3299865722656,202.29440469878628,166.1638436483944,260.84705493579474,461.3201414833542,142.15650682982962,345.1000061035156,43604000,26900800,5915700,14162700,167120800,98912100
2025-06-05,200.02133178710938,167.62875366210938,256.95281982421875,464.9788818359375,139.95703125,284.70001220703125,204.12882762641604,170.339340657981,259.689573738958,466.93750520910584,143.96608121416313,324.54998779296875,199.54277706238673,167.0108857444217,255.34409155992694,461.3499686746429,138.79730082341692,273.2099914550781,202.88261988754903,169.7513830642687,259.689573738958,462.2745901279283,142.13651043477643,322.489990234375,55126100,36379100,8173800,20131700,231397900,287499800
2025-06-06,203.30133056640625,173.07984924316406,260.6606750488281,467.663330078125,141.6865997314453,295.1400146484375,205.07592905349443,173.897023068816,261.56310742936586,470.6062261334739,143.23623746842864,305.5,201.4370087789868,170.239706414102,259.2187170664052,466.07256479314685,141.47664251332282,291.1400146484375,202.3841235560851,170.239706414102,259.28735892431575,467.37499647452495,142.47640682683559,298.8299865722656,46607700,35731800,7738100,15285600,153986200,164747700
2025-06-09,200.83883666992188,175.6939697265625,261.6513977050781,470.0196228027344,142.59640502929688,308.5799865722656,205.37503589356555,176.0731199779413,262.7892720045682,470.69568816704816,144.96584183837217,309.8299865722656,199.4131823149893,173.9778367906517,258.32608422186917,465.9134708467471,141.9065651342004,281.8500061035156,203.76991971327615,174.14745263351276,260.9255242470256,466.98725027602023,143.15627066728982,285.9599914550781,72862600,28935900,8285000,16469900,185114500,140908900
2025-06-10,202.05511474609375,178.19833374023438,263.4759521484375,468.2002258300781,143.92608642578125,326.0899963378906,203.73002568042446,180.70268325607967,263.77021710595534,470.06934244703956,144.25599524562207,327.8299865722656,199.96149509379936,174.5166301339373,260.77841360806616,464.26307487233004,141.4966510569608,310.6700134277344,199.9914028593682,175.80372221831115,260.80784010381797,468.4686555284736,142.65638139553192,314.94000244140625,54672600,61766100,7538100,15375900,155881900,151256500
2025-06-11,198.17694091796875,176.95114135742188,263.0345153808594,469.8903503417969,142.80625915527344,326.42999267578125,203.8795888248368,179.96433833777158,264.4764734919835,472.72389606625393,144.96590375929992,335.5,197.8080682902945,176.352484683136,260.71955130335203,466.9474544926898,141.84641202362192,322.5,202.88262262031438,179.36569688795734,263.55440341083494,467.30536072753216,144.5859620448177,334.3999938964844,60989900,31646800,7434100,16399200,167694000,122611400
2025-06-12,198.5956573486328,175.30484008789062,263.1227722167969,476.104248046875,144.9759063720703,319.1099853515625,199.07419684911244,176.32255032681226,263.17183632733907,477.6453141185156,144.9759063720703,332.55999755859375,196.7612432530472,174.3569797237004,260.0819349081481,470.7851412769109,141.82643588786814,316.8599853515625,198.47602627663701,175.78375628436552,261.76909370629187,472.2764779222473,141.94641106631286,323.0799865722656,43904600,20941900,6618000,18950600,162365000,105127500
2025-06-13,195.85398864746094,174.27716064453125,259.8955383300781,472.2168273925781,141.9464111328125,325.30999755859375,199.76209396079906,176.73163473712606,261.92602601343884,476.4124557062983,143.55614422146527,332.989990234375,195.1062640673262,172.00228964381978,257.69825064418626,470.0295518485209,140.82660211679442,313.29998779296875,199.12403626091725,172.05218023736916,260.0230331633122,473.6584649544854,142.45632089769495,313.9700012207031,51447300,27663100,7098300,16814500,180820600,128964300
2025-06-16,197.8180389404297,176.3724365234375,265.2023010253906,476.3727111816406,144.66595458984375,329.1300048828125,198.08722408394675,176.5420523549515,266.5461905448813,477.91374692205306,146.1556971839991,332.04998779296875,195.96368113091867,174.25719419482596,261.75928200050436,472.25660744971805,143.1761967394354,326.4100036621094,196.7014416228738,174.33701609632743,261.90641444850957,472.4653860858625,143.32618096280035,331.2900085449219,43020700,27389200,8566000,15626100,183133700,83925900
2025-06-17,195.0464630126953,175.5542755126953,264.3783264160156,475.279052734375,144.09603881835938,316.3500061035156,197.7881200100286,176.96110799729416,265.42792109233284,475.97499162724574,145.1958620737219,327.260009765625,194.61777485692886,174.1873615915514,262.6911378485661,471.3419021646973,143.75609899624828,314.739990234375,196.60172782081946,175.30483777675101,263.0541044634296,472.65428568792316,144.46598768948277,326.0899963378906,38856200,24973000,6739300,15414100,139108000,88282700
2025-06-18,195.9835968017578,172.93020629882812,268.7336730957031,477.4663391113281,145.455810546875,322.04998779296875,196.97059871241268,176.16290971424257,272.4219533800811,478.2219594008936,145.62578045463974,329.32000732421875,194.4781834746436,172.81046582918458,264.5745689012487,471.71972301658775,143.0962022725339,315.45001220703125,195.34553910938874,175.6141436330853,264.849226160592,475.2392860574369,143.9860537050978,317.30999755859375,45394700,28707500,9586400,17526500,161494100,95137700
2025-06-20,200.39019775390625,166.26522827148438,269.7538146972656,474.64276123046875,143.8260955810547,322.1600036621094,201.08807102199273,173.94790803011588,272.00992553694005,480.667759158903,146.17569581398777,332.3599853515625,196.2627584683704,165.08788938336605,268.5865139770169,474.1158234691147,142.6262828381709,317.7799987792969,197.63857663438114,173.55878574385125,270.3129479704052,479.44488246554124,145.42582047781178,327.95001220703125,96813500,75659900,13969700,37576200,242956200,108688000
2025-06-23,200.888671875,164.8184814453125,272.9614562988281,483.1930847167969,144.1460418701172,348.67999267578125,201.686247808318,166.9636398925432,273.2361135654262,484.932977511559,144.7559411184857,357.5400085449219,198.3563846401482,161.63565348702906,266.9189664982738,469.7810065395394,142.00639807778802,327.4800109863281,201.01828233775666,165.8960542954959,269.81270157543656,475.44806772339973,142.47632119978937,327.5400085449219,55814300,57671000,8094600,24864000,154308900,190716800
2025-06-24,199.6923065185547,166.3949432373047,275.8944091796875,487.2793273925781,147.87539672851562,340.4700012207031,202.82277936444737,167.84167918331357,277.31672955102783,489.009298556199,147.93539956519925,356.260009765625,199.59260382672892,165.75638318822968,274.1777939507156,483.9884469122188,145.47580197371775,340.44000244140625,201.9753521214132,166.5445998017471,274.864422081068,486.1260537385937,145.53578955415,356.1700134277344,54064000,40524300,9267900,22305600,187566100,114736200
2025-06-25,200.94850158691406,170.296142578125,278.6409912109375,489.4268798828125,154.28436279296875,327.54998779296875,203.05210084338043,171.97237226546412,278.85679547317505,491.7036624656625,154.4243389252029,343.0,200.01135094007643,167.17319213194548,275.55108967897763,486.56353883181055,149.23519867353343,320.3999938964844,200.83883469818846,167.25301404319714,276.1298306696613,489.1982276680394,149.24520677628502,342.70001220703125,39525700,35479000,6826900,17495100,269146500,119845100
2025-06-26,200.39019775390625,173.14968872070312,283.2414855957031,494.57696533203125,154.99423217773438,325.7799987792969,202.025221644493,173.29936049404486,283.8888982978831,495.1635541172166,156.69394650127538,331.04998779296875,198.85487656411598,169.55779452756443,279.0431368074924,489.9637493151316,153.97439748110884,323.6099853515625,200.81888589983927,172.04218458564608,279.2687598498159,490.13278082199906,155.95406403411533,324.6099853515625,50799100,31796700,8942100,21578900,198145700,80440900
2025-06-27,200.46995544433594,178.12847900390625,281.6327819824219,493.07568359375,157.72378540039062,323.6300048828125,202.60346239871808,178.27813555923768,283.19247586135157,496.4162632322767,158.68363258213975,329.3399963378906,199.39323017588663,171.3437693802371,279.6022941678673,490.1824867596744,155.23419369167684,317.5,201.2774955925489,173.14969619543672,280.3575940845552,494.6763704185467,156.01406285223712,324.510009765625,73188600,108140200,17868600,34539200,263234500,89067000
2025-06-30,204.54754638671875,175.83364868164062,284.3793640136719,494.5372009277344,157.96376037597656,317.6600036621094,206.7608124915243,180.82240351749414,287.0670832038085,497.86785899517616,158.6336472456001,325.5799865722656,198.6554726965608,174.1873656755976,283.40825991352006,492.4691970236715,155.93409881773164,316.6000061035156,201.39712965217615,180.3734186271616,284.8600066595423,494.1693427257206,158.37368067249696,319.8999938964844,91912800,63378900,12689200,28369000,194580300,76695100
2025-07-01,207.18951416015625,175.44451904296875,284.86981201171875,489.2080993652344,153.2745361328125,300.7099914550781,209.55231908550664,175.6939567742825,285.5760776699381,495.1734457101395,157.17388214393176,305.8900146484375,205.51460310500556,173.139716841545,281.1226794935163,488.1443023264632,151.46483925954294,293.2099914550781,206.04299395149746,175.3447530851258,285.34066576232834,493.60258452282886,156.26402965591922,298.4599914550781,78788900,35904500,9338300,19945400,213143600,145085700
2025-07-02,211.79550170898438,178.23822021484375,286.4295349121094,488.2536926269531,157.22386169433594,315.6499938964844,212.6927652029137,178.4577266308603,287.23389900971387,490.6497772469701,157.57380961936815,316.8299865722656,207.50854401160626,174.67625741761273,284.17342383730266,485.87751191483574,152.94457434216997,303.82000732421875,208.27621224418834,175.14518633422566,286.46878021661104,487.1600396387865,152.9545671877056,312.6300048828125,67941800,29128900,8158700,16319600,171224100,119483700
2025-07-03,212.90213012695312,179.126220703125,291.75201416015625,495.9589538574219,159.3135223388672,315.3500061035156,213.9987837940836,179.265905222364,292.1462676228288,497.2415119784696,160.95324924613055,318.45001220703125,211.16740350258758,176.65180269468908,287.03074848169234,490.59014753996934,157.74379112425564,312.760009765625,211.5063683517463,178.09853847776557,287.95726066275904,490.9580057562307,158.34368228178877,317.989990234375,34955800,21689700,6541600,13984800,143716100,58042300
2025-07-07,209.3130340576172,176.3923797607422,287.77984619140625,494.84539794921875,158.21371459960938,293.94000244140625,215.57398008038285,178.89674433224096,291.7914435365602,495.8694479262707,159.28352889047815,296.1499938964844,208.16652910348648,175.28487562232132,285.91695574871414,492.36978876052433,157.31385497697042,288.7699890136719,212.03474730839852,178.65727862884938,291.0127726573706,494.50736527479916,158.17371270193448,291.3699951171875,50229000,34175600,8825700,13981600,140139000,131177900
2025-07-08,209.3728485107422,173.9678497314453,278.72174072265625,493.7517395019531,159.97341918945312,297.80999755859375,210.78853856973336,177.54977185383785,285.54244302383853,495.3226311177228,160.19338386133896,304.04998779296875,207.81758380403343,172.42133277200756,276.28718720828704,491.25622643335066,158.36368604860908,294.3500061035156,209.46258702266434,177.4500058972594,285.1185912184717,494.36815380384166,159.3035323273478,297.0,42848900,40442500,15440900,11846600,138133000,103246700
2025-07-09,210.49942016601562,176.22276306152344,279.0962829589844,500.6019592285156,162.85293579101562,295.8800048828125,210.68884615759353,179.03642797074187,283.0783120359289,503.8530622357068,164.39267314506114,300.1499938964844,206.5913149088396,172.38143114455036,278.42604907780265,496.85371365827956,161.13322041798892,293.54998779296875,208.89430414855983,174.85584916951822,283.05857981144027,497.41047691930333,161.1932080055649,297.54998779296875,48749400,43025600,11273800,18659500,183656400,75586800
2025-07-10,211.7655792236328,177.22052001953125,284.05413818359375,498.58367919921875,164.07273864746094,309.8699951171875,212.83232507172787,178.02869585837095,284.1724112302303,501.52657502305914,164.4726660794993,310.4800109863281,209.39279496736208,173.98781666417247,278.93861835925793,494.87521114411277,161.5831469026993,300.0,209.87133445003573,175.2350053597822,278.93861835925793,500.14458849842043,164.29270331195812,300.04998779296875,44443600,29252400,8410900,16492100,167704100,104365300
2025-07-11,210.51937866210938,179.78475952148438,282.7431640625,500.41302490234375,164.89259338378906,313.510009765625,211.48643705736623,181.02196104807066,283.2557206237078,502.1131401056752,167.862101078866,314.0899963378906,209.2233196075129,176.08309652221448,279.5792402426265,494.9248868769196,163.44283738179527,305.6499938964844,209.931172276849,176.39239690386106,281.4223984494675,495.59103056526646,163.6927958392512,307.8900146484375,39765800,34282900,7384700,16459500,193633300,79236400
2025-07-14,207.98707580566406,181.1516571044922,284.55682373046875,500.1147766113281,164.04273986816406,316.8999938964844,210.27013683517245,183.2569121837853,285.1481889533,501.05930198422453,165.4625020418882,322.6000061035156,206.91035052542594,179.27588047712075,281.16618941470136,498.1362796464767,161.99307751467913,312.6700134277344,209.29309904361602,180.60289104600895,282.9502113560098,498.6234399223271,165.3425116109199,317.7300109863281,38840100,32536600,9079900,12058800,136975800,78043400
2025-07-15,208.4755859375,181.59066772460938,282.4376525878906,502.89862060546875,170.671630859375,310.7799987792969,211.24715053377864,183.80567598843865,287.7601801900451,505.36427783294863,172.37134531045626,321.20001220703125,208.28615994072268,181.1915734457722,281.3830312287391,499.88612172349406,169.17188012202328,310.5,208.5852528191871,182.3988435351607,283.866855384694,500.11477392946824,171.1615549258278,319.67999267578125,42296300,33448300,12526100,14927200,230627400,77556300
2025-07-16,209.52239990234375,182.55850219726562,281.7181396484375,502.69976806640625,171.34152221679688,321.6700134277344,211.75559423754484,183.91544417003013,286.5576787356624,503.793421043838,171.72146396229547,323.5,208.00700716596054,181.62061381873355,278.9484690013939,498.99133023831314,168.87193138356372,312.6199951171875,209.6619745482938,182.82789923086935,284.2611002489253,502.2623068754336,171.03157616389174,312.79998779296875,47490500,33104200,9979800,15154400,158831500,97284800
2025-07-17,209.38284301757812,183.1671142578125,285.73956298828125,508.7446594238281,172.97125244140625,319.4100036621094,211.1574416148312,183.64603043273615,286.13381646736286,510.40499725185873,174.13106334471073,324.3399963378906,208.95413964633332,180.07408034072432,279.3722805662569,502.6997578215743,170.80161486292053,317.05999755859375,209.93117746335784,181.73035050857078,279.3722805662569,502.75940886082554,171.99141956059896,323.1499938964844,48068100,31992600,8509500,17503100,160841100,73922900
2025-07-18,210.53929138183594,184.64378356933594,287.08990478515625,507.1041564941406,172.38136291503906,329.6499938964844,211.1474413046512,186.00072543502688,288.3022635940587,511.66767331118785,174.22105359276725,330.8999938964844,209.06378582955284,183.2968289565469,284.09355419862834,504.4992933518648,171.23154479926822,321.4200134277344,210.23023432823226,184.98301522964096,285.365019447414,511.5085634207008,173.61115431570738,321.6600036621094,48974600,34014500,12217000,21209700,146456400,94255000
2025-07-21,211.83535766601562,189.67245483398438,286.7942199707031,507.1141357421875,171.35153198242188,328.489990234375,215.12534891613055,189.86201471908177,289.9581440577552,509.1324405638626,173.35119970444802,338.0,210.98794558852114,185.73132654425748,286.409802517335,502.6301736290422,170.97159023323564,326.8800048828125,211.45652088357517,185.83110772544197,286.82378823022276,503.7834776665751,172.72129949000853,334.3999938964844,51377400,45803100,7898100,14066800,123126100,75768800
2025-07-22,213.74952697753906,190.90966796875,287.2475891113281,502.3517761230469,167.00225830078125,332.1099853515625,214.29786137817433,191.21896833519165,289.41602825063205,508.2475501614973,171.36153479867312,335.4100036621094,211.58611235366487,187.03840453704987,285.02987956960806,502.3517761230469,164.55266825003173,321.54998779296875,212.49335516085276,191.0693117786785,287.3165917383993,508.01886761548803,171.31154005146294,329.739990234375,46404100,44660200,6717500,13868600,193114300,77370400
2025-07-23,213.5002899169922,189.8021697998047,292.5011291503906,502.94830322265625,170.75161743164062,332.55999755859375,214.4972560435483,192.09700016081177,292.72780910920665,503.8630030405687,171.23153339032083,336.20001220703125,211.76557859278188,188.75452819755446,288.3515263055785,497.80817995491657,167.94208685699226,328.6700134277344,214.3477172095632,191.06931784155387,288.6373728619252,503.8232255681408,169.5018251648929,330.8999938964844,46989300,58681900,7083500,16396600,154082200,92553800
2025-07-24,213.11148071289062,191.73779296875,292.2940979003906,507.9294128417969,173.7111358642578,305.29998779296875,215.03563331063384,197.50479208340965,295.29047824712586,510.703277326071,173.80111724784433,310.1499938964844,212.8821827557749,190.5704262162467,291.9491449333037,504.37007217269974,171.27153886755505,300.4100036621094,213.25105536667797,196.58686306155585,293.15163750090335,505.83158338819493,172.41134882841166,310.0,46022600,74881700,7001200,16107000,128984600,156966000
2025-07-25,213.2311248779297,192.7455291748047,294.33441162109375,510.74310302734375,173.47117614746094,316.05999755859375,214.58699944946258,193.8929519493829,294.6103920554469,515.2966076642933,174.69097468726906,323.6300048828125,212.7525701732737,190.8298490986121,291.71258245493334,507.41241445610984,172.9312725713388,308.010009765625,214.04862920984866,191.5482310302433,292.4419829511327,509.51021364184703,173.58115848322245,308.739990234375,40268800,39785900,5918500,19125700,122316800,148227000
2025-07-28,213.40060424804688,192.14686584472656,293.9992980957031,509.5400390625,176.7206268310547,325.5899963378906,214.19818019857897,193.61356085282932,295.13278810430046,512.0256002286585,176.97058528484683,330.489990234375,212.41360229785764,190.41077383680673,292.5602593912129,507.17377997770546,173.94109004538618,315.69000244140625,213.3806606658472,193.21445136708732,293.3882007039174,511.110930710653,173.99108478739527,318.45001220703125,37858000,38139500,5840400,14308000,140023500,112673800
2025-07-29,210.62904357910156,195.30975341796875,292.7771301269531,509.6096496582031,175.4808349609375,321.20001220703125,214.1582970701604,195.47936925683575,296.9661375577531,514.6304711522027,179.35020236643535,326.25,210.18041185237743,191.64800916549822,291.94918873841937,508.60547322287385,174.99092613442062,318.25,213.53020352524888,191.99721287217557,295.69464217411235,512.5525759685828,177.93044011853775,325.54998779296875,51411700,41389200,7635700,16469200,154077500,87358900
2025-07-30,208.415771484375,196.08799743652344,295.3299255371094,510.2757568359375,179.24021911621094,319.0400085449219,211.74563469104578,197.155598285003,296.29584201458954,512.9701269930791,179.86011122312902,324.45001220703125,207.0898047125579,194.2521393007246,293.1122159565272,506.49771598970693,176.01074478620916,311.6199951171875,211.25711581327238,195.1600963397073,293.1516503269176,512.1946027794743,176.48066791766442,322.17999267578125,45512500,32445400,8061700,26380400,174312200,83931900
2025-07-31,206.9402618408203,191.46839904785156,291.9885559082031,530.4187622070312,177.84043884277344,308.2699890136719,209.2033639475293,195.54921195775628,296.66055111466636,552.2420017670738,183.26954448460754,321.3699951171875,206.5315020865265,190.66022322341527,291.2591855090535,528.8280273057109,175.9007587673991,306.1000061035156,207.85746883247032,195.26984291287636,294.8469611494763,552.0232408256204,182.86960179799485,319.6099853515625,80698400,51329200,14749700,51617300,221685400,85270900
2025-08-01,201.76602172851562,188.7046356201172,285.2171936035156,521.0829467773438,173.69113159179688,302.6300048828125,212.93203997684435,190.40080913246982,287.61231301174155,532.7054326872741,176.51065501732398,309.30999755859375,200.88868661623732,187.39758435603645,280.1608103552954,517.8517174087783,170.86160006411595,297.82000732421875,210.23025491744008,188.6048544387261,286.23241068269874,531.9100652869249,174.06106522140865,306.2099914550781,104434500,34832200,12007100,28977600,204529000,89121400
2025-08-04,202.7330780029297,194.60133361816406,290.0369873046875,532.54638671875,179.9700927734375,309.260009765625,207.24933356384108,194.830827292421,290.0961238185278,535.141297909759,180.17005649193501,312.1199951171875,201.06813110178,189.69240089649873,286.0943926240756,525.0797515616827,174.49100755408614,303.0,203.8895472057539,189.86201672672937,286.0943926240756,525.218957545317,175.1309006070304,309.0799865722656,75109300,31547400,6649500,25349000,148174600,78683900
2025-08-05,202.30438232421875,194.232177734375,287.1884460449219,524.701904296875,178.23037719726562,308.7200012207031,204.71703873665678,197.4150057356091,291.54502636918687,534.196734767709,180.23004490386853,312.45001220703125,201.5466934780596,193.45393320281906,283.11771225513746,524.194840165689,175.87076869322405,305.5,202.78292184745098,194.2720962985156,290.4608068242693,534.077432699505,179.59015184800575,308.95001220703125,44155100,31602300,7182300,19171600,156407600,57961300
2025-08-06,212.60302734375,195.6489715576172,287.16876220703125,521.908203125,179.3901824951172,319.9100036621094,214.72657006985978,196.18776557270928,289.08092314098127,528.6291703469228,179.87009845787975,320.4700012207031,204.96626313259566,193.23441619136784,285.99583781724914,521.0034855448089,176.22071111043454,306.92999267578125,205.00615029681612,194.06255127051267,288.1051104485434,527.8338028961505,176.30069964693718,307.8900146484375,108483100,21562900,6330200,21355700,137192300,78523600
2025-08-07,219.3624725341797,196.07801818847656,282.8220520019531,517.8318481445312,180.73995971679688,322.2699890136719,220.1799921230299,197.09571318148866,289.2484709612734,525.0399748350125,183.84944343505214,322.3999938964844,215.92294217468134,193.8929412029117,282.29965937267906,514.56081112672,178.77028591662776,316.1600036621094,218.21596748517925,196.6167969951023,288.7359444448802,523.7573865594029,181.53982980547644,319.7900085449219,90224800,26321800,8057100,16079100,151878400,66658700
2025-08-08,228.65420532226562,200.9669952392578,284.6159362792969,519.0249633789062,182.6696319580078,329.6499938964844,230.29919347638386,202.15432130991044,287.0504898402696,521.629826851029,183.26953833968557,335.1499938964844,218.58484056145957,196.72655368662487,280.62404088373916,516.4101479520375,180.3700111699138,320.9800109863281,220.16004899168945,196.7764442791972,284.8327802026082,519.5817267008259,181.51982919208731,321.42999267578125,113854000,39161800,6634100,15531000,123396700,91200300
2025-08-11,226.74781799316406,200.54794311523438,285.4044189453125,518.7565307617188,182.0297393798828,339.0299987792969,229.12329528601256,201.02685931355308,287.1391701841974,524.5429245664681,183.80944232526838,346.6400146484375,224.3324234952035,198.62229106869012,284.6356142061902,516.7183220142601,180.2200426409657,334.1499938964844,227.4864157407103,200.48808049350347,285.2467115527221,519.2834381856256,182.01974653412333,335.0,61806100,25832400,5510100,20194400,138323200,105320200
2025-08-12,229.21310424804688,202.88267517089844,288.6472473144531,526.183349609375,183.1295623779297,340.8399963378906,230.36092560837628,204.04006993048975,290.5199739550687,527.9132904806338,184.44933506001817,345.260009765625,226.63802588155738,200.1388600495838,286.1732592848133,519.6811434112465,179.4301803710301,332.94000244140625,227.57622481823222,200.91710457512625,287.31661546362176,520.7250669698358,182.9295986692803,345.0,55626200,30397900,8570900,18667000,145485700,80522100
2025-08-13,232.88612365722656,201.50579833984375,286.36053466796875,517.5733642578125,181.559814453125,339.3800048828125,234.55294488479396,204.0700104890599,290.32283187703916,529.6233593434064,183.93942375779682,348.9800109863281,229.99163136972763,197.06579421729333,283.0389031406188,516.3703308668756,179.3201965252013,338.20001220703125,230.6304284784954,203.67091617948037,289.7314666813669,529.0367402367135,182.5896420373941,341.5,69878500,28342900,8420400,19619200,179871700,67838900
2025-08-14,232.33717346191406,202.48358154296875,289.93841552734375,519.4623413085938,181.98974609375,335.5799865722656,234.67271834509882,203.98020797768137,289.9778498963191,522.9123315064297,182.98957985829236,340.4700012207031,230.41085227691244,200.77742070862897,285.48329438065525,517.1358902118243,179.43017409752198,330.3999938964844,233.61473725595164,201.0468177297292,286.40977645449954,519.5418962511537,179.72011917648817,335.760009765625,51916300,25230400,6322400,20269100,129554000,75000700
2025-08-15,231.1494140625,203.44140625,286.32110595703125,517.1657104492188,180.42001342773438,330.55999755859375,233.834298979768,205.97570210941166,291.25921599583813,523.0614541020369,181.86976944489334,339.29998779296875,228.9036945156081,200.82730371462006,285.66073811560074,516.0820397908819,178.01041021115256,327.0199890136719,233.5548328767578,203.39153088363753,290.6086841881212,519.7507304052322,181.84978375259033,337.6600036621094,56038700,34931400,7340500,25213300,156602200,74319800
2025-08-18,230.45074462890625,203.04232788085938,287.34619140625,514.1134033203125,181.97975158691406,335.1600036621094,232.67649791960375,204.80835140832636,287.7108766469041,519.8003983365775,182.90960499065454,336.2699890136719,229.6722297518056,202.03460485474218,284.27097198497654,511.0512359172718,180.5599893659508,329.5899963378906,231.2592012143754,203.74075053383524,285.83814995621725,518.5775217659684,180.56999746834546,329.6199951171875,37476200,18526600,5386900,23760600,132008000,56956600
2025-08-19,230.1213836669922,201.11666870117188,286.4886779785156,506.8258056640625,175.61080932617188,329.30999755859375,232.42698672077375,202.98245812812408,288.2825659770611,512.1846598699071,182.46966985536903,340.54998779296875,228.9136940815642,199.51028904350812,285.37489004447787,505.61285057663105,175.46084035755914,327.8500061035156,230.84001516813981,202.57337657986534,286.6562214265169,512.0256106523992,182.39967416584764,335.7900085449219,39402600,24240200,6031500,21481000,185229200,75956000
2025-08-20,225.5800323486328,198.87171936035156,288.0459899902344,502.7991943359375,175.370849609375,323.8999938964844,230.0315543310328,200.82730262485018,289.12034355143464,508.0486982628479,175.9707560164781,331.3699951171875,225.3404986724704,196.15783565803162,283.1473143479242,501.52658824278717,168.77195541250927,314.6000061035156,229.54248102593337,200.27853657760338,286.63651945321493,506.925219770199,175.1408920976954,329.2200012207031,42263900,28955500,7374200,27723000,215142700,77481800
2025-08-21,224.47213745117188,199.3007354736328,287.28704833984375,502.15185546875,174.95091247558594,320.1099853515625,226.08906587116957,202.02459107482636,288.5683797096441,505.5278315490841,176.87059152353538,324.8999938964844,223.3542730460458,198.98144788878304,285.31575079885044,500.6381609615915,173.78110877087863,318.67999267578125,225.8395414786139,199.3007354736328,287.7503044651617,501.6041452591809,174.8209444570093,322.0799865722656,30621200,19774600,6624000,18443300,140040900,55744400
2025-08-22,227.3267059326172,205.62649536132812,291.9885559082031,505.1295166015625,177.96043395996094,340.010009765625,228.65417758009713,208.07098221204853,292.8953659306035,508.6150227226763,178.56032512128596,340.25,224.98118568943215,200.8472748764244,285.96625689985,500.32946944945456,171.17155351749952,319.69000244140625,225.73973438952316,202.27405146693474,288.9922055724686,502.1618461633245,172.58132291943235,321.6600036621094,42477800,42827000,8552800,24324200,172789400,94016300
2025-08-25,226.7278594970703,208.02108764648438,290.6678161621094,502.17181396484375,179.78012084960938,346.6000061035156,228.86378779922748,210.046520726557,293.08266767966575,506.0855321115255,181.87977802218637,349.5299987792969,225.79962078901826,204.8183006045268,289.9187435512912,502.0323791323648,176.54066896263805,335.0299987792969,226.0491451945495,205.96570803332725,291.9885819039242,504.5319946732823,178.3203719824875,338.8999938964844,30983100,29928900,5856300,21638600,163012800,86670000
2025-08-26,228.87376403808594,206.6741180419922,294.28515625,499.96099853515625,181.7397918701172,351.6700134277344,229.0534295301293,207.38252787024734,294.45269969390944,502.88882606141556,182.35968393651802,351.8999938964844,224.26255788237486,205.23735432936843,289.28790983878844,496.4456179190968,178.7802771456414,343.7200012207031,226.43840339540802,207.04328099820484,289.9384416271958,502.2713680297872,180.03006938032237,344.92999267578125,54575100,28464100,6714700,30835700,168688200,76651600
2025-08-27,230.05152893066406,207.01336669921875,294.9849548339844,504.6415100097656,181.56982421875,349.6000061035156,230.46073738560713,208.4401585010209,296.74927450763425,505.1892506185915,182.45967569067753,355.3900146484375,227.82576024347395,205.18748059977113,292.77711127340297,497.82983904056124,179.07023971825097,349.1600036621094,228.17510050695543,205.2373711930947,292.98408908730437,499.9211487290224,181.94975068857377,351.94000244140625,31259500,23022900,6056500,17277900,235518900,65519000
2025-08-28,232.11758422851562,211.16400146484375,296.7492980957031,507.5295104980469,180.1400604248047,345.9800109863281,232.9659733126178,211.74269881815906,296.91684155087967,508.9734875719172,184.43934897141472,353.54998779296875,228.90370861616245,206.43465668224866,294.41331520000983,503.4066403395377,176.3806906932069,340.260009765625,230.3809040856524,206.7838755896793,295.71434878470495,504.9900522378754,180.7899615720414,350.9100036621094,38074700,32339300,6410500,18015600,281787800,67903200
2025-08-29,231.69837951660156,212.43115234375,297.09423828125,504.59173583984375,174.1510467529297,333.8699951171875,232.9360260407387,214.167229203444,298.60227955806266,507.4896888132377,178.12038822306508,348.75,230.92984008944924,209.72724064780297,295.4284896061262,502.40083415821226,173.12121914292007,331.70001220703125,232.0676707602769,210.0365409975429,297.70533564994906,506.5535790393771,178.08040158317536,347.2300109863281,39418400,39728400,6796400,20961600,243257900,81145700
2025-09-02,229.28298950195312,210.8746795654297,295.39892578125,503.0282287597656,170.75161743164062,329.3599853515625,230.4108447009183,211.20392399730977,296.14799833495414,503.90458943006223,172.351357635579,333.3299865722656,226.53822101083426,205.73625278986853,290.273540537871,494.75264396148896,167.19221149694363,325.6000061035156,228.81388239599917,207.9712205067108,295.9508866438156,498.3974910813857,169.9717482776903,328.2300109863281,44075600,47523000,7221900,18128000,231164900,58392000
2025-09-03,238.01634216308594,230.1412353515625,295.211669921875,503.2572937011719,170.59165954589844,334.0899963378906,238.395624134605,230.78976737242826,296.25645520177414,505.68719181229375,172.38137081666613,343.3299865722656,233.9141603097862,224.28442698424496,292.1265844883639,500.2398424947412,168.851958278929,328.510009765625,236.75874463665696,225.7012467158241,296.25645520177414,501.70375627159575,171.03158891427162,335.20001220703125,66427800,103336100,6316900,16345100,164424900,88733300
2025-09-04,239.3238525390625,231.7775421142578,299.4598083496094,505.866455078125,171.63148498535156,338.5299987792969,239.4436193831587,231.84737676203946,300.0610396446901,506.04570238922344,171.83144870716828,338.8900146484375,236.28964239378743,225.60146147412655,293.99930589050996,501.0664078062513,169.381858788342,331.4800109863281,237.9963808412042,229.13349303754427,295.694622931837,502.2116394820944,170.54166973363456,336.1499938964844,47549400,51684200,6605800,15509500,141670100,60711000
2025-09-05,239.2340087890625,234.4714813232422,290.1552734375,492.9501647949219,166.9922637939453,350.8399963378906,240.86091270031892,235.22976659054154,300.7706992658433,509.8498918622262,169.0019244592772,355.8699951171875,238.03629475202086,231.37844718195538,290.08627080836624,490.3310509759443,164.04275681292185,344.67999267578125,239.54341659874092,231.677775522156,299.2922261938372,506.9619070760115,168.00209055003162,348.0,54870400,46588900,9837700,31994800,224441400,108989800
2025-09-08,237.42745971679688,233.72247314453125,288.70635986328125,496.13690185546875,168.2820281982422,346.3999938964844,239.69313028194867,237.8069358559837,292.20540066234315,499.1244784694731,170.93159698121408,358.44000244140625,235.89038089866295,233.3529799966882,287.2574550934962,492.9800158612091,167.32219627229085,344.8399963378906,238.84475646782593,235.15054099905157,290.6579550877705,496.04724781279185,167.5221599855096,354.6400146484375,48999500,32474700,8188500,16771000,163769100,75208300
2025-09-09,233.9041748046875,239.30490112304688,293.5754699707031,496.3460388183594,170.7316131591797,346.9700012207031,238.3257397896772,240.14375784585562,294.7089599546063,500.17013335375145,170.95157781434446,350.7699890136719,232.9160527142261,232.91357479962468,288.11496777534006,495.6389875077243,166.71229229208453,343.82000732421875,236.54912730927947,233.85230194861487,288.4008143193263,499.3535217605099,169.0618925540675,348.44000244140625,66313900,38061000,7848200,14410500,157548400,53816000
2025-09-10,226.35855102539062,238.84552001953125,296.22686767578125,498.29791259765625,177.300537109375,347.7900085449219,231.97784546194652,241.33214736167037,297.2125163723058,501.1460848531792,179.26020289704138,356.3299865722656,225.52015268533836,237.5273187664355,291.1606189374317,494.6630336933239,175.44084555219968,346.07000732421875,231.7482872752143,238.5758820575914,292.44198029068025,500.8971201283455,176.61064931709572,350.54998779296875,83440800,35141100,7787300,21611800,226852000,72121700
2025-09-11,229.59239196777344,240.0438995361328,301.1748352050781,498.9352722167969,177.1505584716797,368.80999755859375,230.01159113632517,241.9213539288796,301.3424087307021,501.08633106619584,180.26021784214308,368.989990234375,226.21881717306923,235.92949376965038,296.4733014094209,495.8182290284252,176.4606317396978,347.6000061035156,226.44839058875493,239.55457404217233,296.91682530734334,500.17012751524385,179.66027757334626,350.1700134277344,50208600,30599300,7942500,18881600,151159300,103756000
2025-09-12,233.62472534179688,240.4733123779297,302.5054626464844,507.7884521484375,177.80047607421875,395.94000244140625,234.0638755168574,241.75157459718335,303.13626220753474,510.42747218178897,178.5803891806412,396.69000244140625,228.58432913969838,237.67710805902945,299.3415385689925,501.7635178992086,176.43061617633268,370.239990234375,228.78394562468256,240.04388783032,300.622869917122,504.55191069082485,177.75047851465564,370.94000244140625,55824200,26771600,6846700,23624900,124911000,168156400
2025-09-15,236.24969482421875,251.26864624023438,304.4668884277344,513.225830078125,177.73048400878906,410.0400085449219,237.7368657054393,252.06756394348793,305.5018376479389,513.3353599697668,178.830369337568,425.70001220703125,234.58287368836292,244.32807821701437,302.7617353660041,504.9004642300766,174.49083425075145,402.42999267578125,236.54912714503797,244.32807821701437,302.7617353660041,506.68306017742736,175.65071055071581,423.1300048828125,42699500,58383800,7122000,17143800,147061600,163823700
2025-09-16,237.6969451904297,250.8192596435547,304.75274658203125,506.9320068359375,174.86080932617188,421.6199951171875,240.76111223381088,252.696698721273,306.43819756185593,515.0880630075219,177.4805168617991,423.25,235.87043992435724,249.13154999644232,302.72231251567524,506.4938265025834,174.36086420825131,411.42999267578125,236.72878926810645,251.73800966841424,305.55111968192784,514.7395367165727,176.98057174387853,414.5,63421100,34109700,10525600,19711900,140737800,104285700
2025-09-17,238.5353546142578,249.19146728515625,307.2760009765625,507.9079284667969,170.27130126953125,425.8599853515625,239.6432435766681,251.25866627901078,308.4193571478893,509.1726886784055,173.18098551277336,428.30999755859375,237.27774187166392,245.94587648389523,304.3387568426567,503.8348693472275,168.39151800406466,409.6700134277344,238.5153883976145,250.87917693990602,305.9355331009736,508.5054498653079,172.62104942275718,415.75,46508000,34108000,8657800,15816600,211843800,106133500
2025-09-18,237.42745971679688,251.68807983398438,308.7347717285156,506.3444519042969,176.2206573486328,416.8500061035156,240.74113579799257,253.64542748570952,308.94174954569326,510.9453149965379,177.08056354559588,432.2200012207031,236.199788714976,249.46110945180462,305.16669795269365,505.55771489166153,172.94101865721873,416.55999755859375,239.5134800259323,251.338548569648,307.3154351086428,509.37184097126715,173.96089569350613,428.8699951171875,44249600,31239500,8050700,18913700,191763300,90454500
2025-09-19,245.032958984375,254.3744354248047,310.26251220703125,515.78515625,176.6505889892578,426.07000732421875,245.83144010441063,255.65269769422878,311.2678631029987,517.1494779837726,178.06043774665943,429.4700012207031,239.7530294205925,251.4683796180924,304.68373667454165,508.1967168320822,175.16074718989944,421.7200012207031,240.77107799962133,252.90642848071656,309.09945390156855,508.44568153944795,175.7506939671915,421.82000732421875,163741300,55571400,23568600,52474100,237182100,93131000
2025-09-22,255.5928192138672,252.18740844726562,307.9560852050781,512.319580078125,183.58984375,434.2099914550781,256.15178189089505,255.4329993925613,309.198012204534,515.5959337012963,184.52974299714734,444.9800109863281,247.64797087114997,249.96043800377367,305.11741210895696,510.4174557013089,174.69082690233378,429.1300048828125,247.82763635806887,254.08482475081846,305.35395817376326,513.4548737162081,175.28075846993005,431.1099853515625,105517400,32290500,7520200,20009300,269637000,97108800
2025-09-23,253.9459686279297,251.31858825683594,308.25177001953125,507.1212463378906,178.410400390625,425.8500061035156,256.8504363399061,254.01492224497756,311.77054315707727,512.4590659268906,182.3999677661597,440.9700012207031,253.0975947938589,250.1401811840686,306.12276518201463,505.2091838485409,176.19065819152993,423.7200012207031,255.39322235208516,252.69670571321294,307.34499004479613,511.67229848312854,181.95002022927713,439.8800048828125,60275200,26628000,8584400,19799600,192559600,83422700
2025-09-24,251.8300018310547,246.80471801757812,308.92205810546875,508.0373840332031,176.9505615234375,442.7900085449219,255.2534845023776,252.00765659919705,312.036681822986,510.35772177145367,179.76025041106172,444.2099914550781,250.56241362070242,246.1056707170572,307.1971727167786,504.82077941210207,175.38072666046574,429.0299987792969,254.73446948849343,251.31859024650916,309.54299157852137,508.26644250853604,179.75025700209653,429.8299865722656,42303700,28201000,7310500,13533700,143564100,93133600
2025-09-25,256.3813171386719,245.45652770996094,308.9516296386719,504.9303283691406,177.67050170898438,423.3900146484375,256.6807646844572,246.15559020390248,311.1200389596543,507.89799878212006,180.2402117285651,435.3500061035156,251.2311452680336,240.41339128252798,307.3252850484171,502.94857891661616,173.11100459099512,419.0799865722656,252.72829161839874,244.0684141454478,309.6119974927529,506.1950582100621,174.4608472798892,435.239990234375,55202100,31020400,7083200,15786500,191586700,96746400
2025-09-26,254.97401428222656,246.2055206298828,311.5241394042969,509.34197998046875,178.17044067382812,440.3999938964844,257.10994249251326,249.08161830530747,313.24902470509,511.8117209714621,179.750269051669,440.4700012207031,253.2972024297037,245.63630185383965,309.1980228082985,504.52202659403474,174.91078879333958,421.0199890136719,253.61660096533106,246.73481561544992,310.3807832525034,507.94778361103766,178.15043859744398,428.29998779296875,46076300,18503200,7258100,16213100,148573700,101628200
2025-09-29,253.9459686279297,243.71890258789062,311.1594543457031,512.4689331054688,181.83004760742188,443.2099914550781,254.5148915782133,250.80926093832198,313.4461666504931,514.7096154882738,183.97980553666213,450.9800109863281,252.52867184357527,242.4406403715287,309.158588598915,506.77264973451184,180.30021674934378,439.5,254.0757261912774,247.51375020937843,312.50978831201064,509.3817950243417,180.41019002973698,444.3500061035156,40127700,32505800,6462400,17617800,193063500,79491500
2025-09-30,254.14559936523438,242.77020263671875,310.9031677246094,515.8051147460938,186.55950927734375,444.7200012207031,255.4331385813304,242.9599320717839,312.85476301381095,516.0142062084105,187.32942897828707,445.0,252.6284867333586,238.92541967317948,305.65950932869447,507.54943619028296,181.4600633204032,433.1199951171875,254.37515755125318,242.48058753408858,311.71140689202116,511.11459757878936,182.06000352373024,441.5199890136719,37704300,34724300,11823300,19728200,236981000,74358000
2025-10-01,254.9640350341797,244.5677490234375,306.2508850097656,517.557861328125,187.21945190429688,459.4599914550781,258.29769267334166,245.96585884887978,310.0752066018678,518.3545363078492,188.11934700723293,462.2900085449219,254.44502000530687,238.2862890899911,302.9982564818407,509.5710533372991,183.87980694521147,440.75,254.55481135314994,240.42338523813993,309.46410924883065,512.6681599915194,185.21967144700423,443.79998779296875,48713900,31658200,9235200,22632300,173844900,98122300
2025-10-02,256.6408386230469,245.356689453125,303.1362609863281,513.604248046875,188.8692626953125,436.0,257.68882891050583,246.4751651396655,306.10307334887034,519.439966484546,191.0290292282152,470.75,253.66649683440303,241.97128907367482,301.74652271909054,508.5652045551738,188.03935198339767,435.57000732421875,256.09186667190835,244.8174135056227,305.5511124553201,515.496404228155,189.57919146332628,470.5400085449219,42630200,25483300,7600000,21222900,136805800,137009000
2025-10-03,257.5291442871094,245.0171356201172,305.5806579589844,515.20751953125,187.59939575195312,429.8299865722656,258.7468246365968,245.96584369150784,307.18727011434805,518.3345307125708,190.33910041164867,446.7699890136719,253.46689477740222,241.33213946713911,303.78677014872494,512.8672756929882,185.35965145286306,416.5799865722656,254.18552630266564,244.15830178707057,304.08248279942853,514.9585548343116,189.1692307003317,443.2900085449219,49155600,30249600,6029900,15112300,137596900,133188200
2025-10-06,256.2016906738281,250.09024047851562,306.2244567871094,526.3811645507812,185.51962280273438,453.25,258.5771679771474,250.97904766602093,308.7698967102646,528.8309994124726,187.20943969833962,453.54998779296875,254.56481112131073,244.24818617214953,302.2131839322167,516.0541122577388,183.3098739831843,436.69000244140625,257.49920544747016,244.44791178946252,307.2148975143275,516.4623876768178,185.4796339074747,440.75,44664100,28894700,7214500,21388600,157678100,85324900
2025-10-07,255.99208068847656,245.42657470703125,304.7486877441406,521.8101196289062,185.01968383789062,433.0899963378906,256.91031341337026,250.1002333278666,307.04651731937065,527.6060256392368,189.03924688644503,452.67999267578125,254.94405994391948,245.18691006468788,301.7872798561248,519.2806599401652,183.97980469837793,432.45001220703125,256.3214394907812,247.93317917084852,306.39282285956295,526.1022689962125,186.20955566811082,447.82000732421875,31955800,23181300,8454200,14615200,140088000,102296100
2025-10-08,257.5690612792969,244.2881317138672,301.1236877441406,522.676513671875,189.0892333984375,438.69000244140625,258.0281776413904,245.67624536262252,305.8282811149513,524.7678538085896,189.57918508139647,441.3299865722656,255.62275879770374,243.48922922331397,300.6482653222047,520.923853084141,186.51950830089396,425.2300109863281,256.03198246417537,244.62768203424937,305.2637226562496,521.1130687043808,186.5495190429729,437.57000732421875,36496900,21307100,6489900,13363400,130168900,71192100
2025-10-09,253.55670166015625,241.2023162841797,302.6093444824219,520.2366943359375,192.54885864257812,435.5400085449219,257.50917476461467,244.42792989328805,305.09536030036105,522.158694647609,195.27855455286462,436.3500061035156,252.65841993311406,238.82554034163272,300.4898171115272,515.2574000210162,191.039014711271,426.17999267578125,257.3195337882977,244.13833003954065,302.13392206728275,520.1769452354545,192.20888438710807,431.80999755859375,38322000,27892100,7060300,18343600,182997200,69339900
2025-10-10,244.80340576171875,236.24905395507812,298.01373291015625,508.84405517578125,183.139892578125,413.489990234375,255.8922708493858,243.75884063652228,307.50214203189404,521.4118200258811,195.59851591827854,443.1300048828125,243.53581752909898,235.52003337107624,297.93448072337696,507.5195762105422,182.03001384654092,411.45001220703125,254.45500785015722,241.10244578834048,302.73812442433035,517.4881335274953,193.4887469873255,436.5400085449219,61999100,33180300,8597400,24133800,268774400,112107900
2025-10-13,247.18885803222656,243.8187713623047,305.0260314941406,511.9212341308594,188.29933166503906,435.8999938964844,249.2149949644775,244.16830263513637,306.5017785031187,514.2714464494894,190.08912842775598,436.8900146484375,245.09284695690994,239.38480762364867,302.53013174675476,509.56105349845876,185.93959015922437,419.70001220703125,248.90558714178317,239.8841293059291,302.6786918104351,514.2714464494894,187.9493639887039,423.5299987792969,38142900,24995000,10788700,14284200,153482800,79552800
2025-10-14,247.29864501953125,245.11700439453125,299.19232177734375,511.4432373046875,180.01022338867188,429.239990234375,248.37659224814226,246.78473694130554,304.0653034578676,513.1461778212379,184.77970370013514,434.20001220703125,244.23447809703134,240.18370386409978,291.39755808509767,503.9045785101632,179.6802578066599,417.8599853515625,246.13087266264282,240.9027282868883,302.91638858642943,508.11707238992415,184.74970821605342,426.7900085449219,35478000,22111600,16178800,14684300,205641400,72669400
2025-10-15,248.8656463623047,250.68943786621094,302.767822265625,511.3038024902344,179.8102569580078,435.1499938964844,251.3409393203658,251.76797450819856,309.13634876005415,515.0482414945574,184.84969686580231,440.510009765625,246.99920876557604,245.6562821083569,302.520212088773,507.888013925759,177.2705272995106,426.3299865722656,249.01537013681215,246.91456723829836,303.4611428511513,512.8274957075639,184.77971248532194,434.8999938964844,33893600,27007700,11354800,14694700,214450500,71558200
2025-10-16,246.979248046875,251.1188507080078,295.6861572265625,509.4913330078125,181.7900390625,428.75,248.56621957555782,256.6113736152233,305.72920960204,514.7096236704256,183.2598789113643,439.3500061035156,244.66366953460536,249.76069521164578,294.2302082762473,506.02576365101777,179.75026972003684,421.30999755859375,247.7777291727393,251.42842769264908,302.43105556912377,510.4573477017149,182.20999112544493,434.7300109863281,39777000,27997200,10549400,15559600,179723300,77189900
2025-10-17,251.81002807617188,252.95635986328125,294.7155456542969,511.4532470703125,183.19989013671875,439.30999755859375,252.89796599708643,253.87510990312921,296.68651306450823,513.3453425707617,184.07979842608083,441.4599914550781,246.79958926324147,247.4738024671156,291.3876792596173,505.2091921192977,179.7302697995737,423.6000061035156,247.5481624372989,250.41979725844868,296.30025689141456,506.93203901166436,180.1602152773484,425.5,49147000,29671600,10153500,19867800,173135200,89331600
2025-10-20,261.7411193847656,256.2019348144531,299.4696350097656,514.6498413085938,182.6199493408203,447.42999267578125,263.87706298772724,256.98087539491434,300.78693806489423,516.5519656323323,185.1796658652692,449.79998779296875,255.14370850365398,253.88509020638818,295.3098022126917,511.30377036778043,181.7100455780644,440.6099853515625,255.4032084113237,254.3444728441902,295.6465484229892,512.4788764440519,183.10990104163824,443.8699951171875,90483000,22350200,6894900,14665600,128544700,63719000
2025-10-21,262.2701110839844,250.12020874023438,294.2500305175781,515.5162963867188,181.14010620117188,442.6000061035156,264.7853366806196,254.53421031738455,301.14348948053015,516.5420602391357,182.76991679751694,449.29998779296875,261.33189684706855,243.81875668908756,294.16089447968653,510.91543308707116,179.7802549646251,442.04998779296875,261.38182000576944,254.39440086428343,298.7763518720256,515.3569857054445,182.76991679751694,445.760009765625,46695900,47312100,7372700,15586200,124240200,54412200
2025-10-22,257.9583435058594,251.34854125976562,291.2984924316406,518.3843994140625,180.2602081298828,438.9700012207031,262.349966966352,256.01218852739623,295.21074518844307,523.0549803520576,183.4198648953589,445.5400085449219,254.94406918261987,248.95178813355238,287.76264219334536,515.5661623300699,176.74059027394597,429.0,262.15033525743416,254.02489806023604,294.9235089294393,518.9919195722497,181.12011433169937,443.45001220703125,45015300,35029400,8054100,18962700,162249600,84023500
2025-10-23,259.0861511230469,252.7366485595703,291.72442626953125,518.404296875,182.13999938964844,448.9800109863281,260.12418111371363,254.69398089708358,293.53691953831486,521.7802730707533,183.0098989665471,449.3999938964844,257.51916110368444,251.50832156545113,289.7138327608809,516.4623598997719,179.7702492811968,413.8999938964844,259.4454820834593,252.6367781341903,291.5659521228084,520.2964530626382,180.4001849787377,420.0,32754900,19901400,5438800,14023500,111363700,126709800
2025-10-24,262.32000732421875,259.5674133300781,297.5680236816406,521.441650390625,186.23953247070312,433.7200012207031,263.6275126875418,261.32500504033385,299.7073793455201,523.1744351060786,187.44940625639555,451.67999267578125,258.68691759501684,254.97364746401067,292.6257339726554,518.5536961256696,183.47984116964938,430.1700134277344,260.69310343226954,256.23191746004557,293.24968626033206,520.6250388201142,183.81980015643103,446.8299865722656,38253700,28655100,7228300,15532400,131296700,94727800
2025-10-27,268.2986145019531,268.9046630859375,301.2425231933594,529.3189697265625,191.46897888183594,452.4200134277344,268.60802232244004,269.7735083332291,301.6188954834183,532.3662956890146,191.97891738858848,460.1600036621094,264.1465248140549,263.92144290721717,298.13255521259686,526.819354031342,188.4093020699799,438.69000244140625,264.37609822840903,264.4607188078389,299.27155593587753,529.577902779321,189.9691435897376,439.9800109863281,44888200,35235200,5642200,18734700,153452700,105867500
2025-10-28,268.4882507324219,267.1071472167969,302.4409484863281,539.8252563476562,201.0079345703125,460.54998779296875,269.3765722048576,270.3627344019799,305.0260143525006,551.4269763883988,203.12769700573313,467.0,267.63986169210665,266.1384619149823,300.26199714781296,538.5306518978505,191.8889404255143,451.6000061035156,268.4782600095115,269.3241367489819,301.9457281513223,547.7224103521172,193.0288146936141,454.7799987792969,41534800,29738600,6336000,29986700,297986200,80185700
2025-10-29,269.1869201660156,274.197509765625,302.58953857421875,539.307373046875,207.01727294921875,461.510009765625,270.8936584399069,274.96645416764926,305.30333633604477,544.0078586434945,212.1667169482571,465.70001220703125,266.6018207191691,267.3068768000952,300.1134369007715,534.507325873603,204.7575264516481,452.6499938964844,268.76770579477784,267.38675485794886,300.60865723546095,542.6833492925585,207.95717223581016,462.5,51086700,43580300,7520300,36023000,308829600,67983500
2025-10-30,270.8836669921875,281.09814453125,306.48199462890625,523.582763671875,202.8677215576172,440.1000061035156,273.6184749716116,291.1944142933695,309.6216749468322,532.7545848667123,206.13736677538768,455.05999755859375,267.969239224885,279.6800575475708,302.1834853094115,519.9578228356851,201.38788833732997,439.6099853515625,271.4725408872279,291.1944142933695,302.8668918595425,528.2831883129468,205.12746791137428,451.04998779296875,69886500,74876000,7514600,41023100,178864400,72447900
2025-10-31,269.85565185546875,280.80853271484375,308.1459045410156,515.6656494140625,202.4677734375,456.55999755859375,276.79244258078194,285.6120049046921,309.8791757592273,527.1279940743384,207.94716749796044,458.0,268.647962249571,276.6541726227251,304.3129038831637,512.9668501497666,202.04782138155986,443.69000244140625,276.4630533049319,282.8257813584811,305.5905808443981,526.6898137654194,206.42733011185774,446.75,86167100,39267900,7721300,34006400,179802200,83135800
2025-11-03,268.53814697265625,283.3350830078125,306.3928527832031,514.888916015625,206.85728454589844,468.3699951171875,270.33474092754267,285.14262497278366,309.3344630267029,522.7860691817526,211.31678618801203,474.07000732421875,265.74348587775046,279.42038779718166,303.28285431242927,512.4590180581705,205.53742218982754,453.79998779296875,269.90556627002525,281.797163766903,308.02707397940236,517.657371934483,208.05714970598171,455.989990234375,50194600,29786000,7770000,22374700,180267300,84595200
2025-11-04,269.5262756347656,277.1634826660156,306.2937927246094,512.2001342773438,198.66818237304688,444.260009765625,270.9734988318123,280.88840284028174,309.23540287266394,513.4150529816625,203.9476013046771,460.2200012207031,267.11086611942017,275.88522040271835,302.1834697809128,505.73698923396887,197.90825607143535,443.6000061035156,267.8195068636227,276.3745458896769,303.7780648320401,509.6407695643784,202.9777066091775,454.4599914550781,49274800,30078400,7085200,20958700,188919300,87756600
2025-11-05,269.6260986328125,283.9242858886719,308.7005615234375,505.0597839355469,195.18858337402344,462.07000732421875,271.18312844251227,286.03143918614273,310.107000668758,512.6980347767452,202.89772869539195,466.3299865722656,266.4221834255846,276.96374058170124,302.70840715746203,504.4821687767013,194.6286320152979,440.7099914550781,268.0989800730272,278.4916636746374,306.6503419445097,511.17434154282535,198.7481902403631,452.04998779296875,43683100,31010300,6865200,23024300,171350300,85573000
2025-11-06,269.25677490234375,284.36370849609375,310.4239501953125,495.04144287109375,188.05935668945312,445.9100036621094,272.8798740142925,287.9588308357049,311.83035912038315,503.6058351018555,197.59830279082226,467.45001220703125,267.38037702601645,280.7586204462715,307.2941538281452,493.75677643867937,186.35954634625867,435.0899963378906,267.38037702601645,284.9429082592804,308.01715622418413,503.5659922381216,196.39843756369172,461.9599914550781,51204000,37173600,7206100,27406500,223029800,109622900
2025-11-07,267.9592590332031,278.4516906738281,311.20635986328125,494.7626037597656,188.1293487548828,429.5199890136719,271.7719991063764,283.39498707048995,311.4242580235003,497.31199999791255,188.29934352754728,439.3599853515625,266.26248096015127,274.816645004158,304.6991875199946,491.2073803526309,178.8903723972709,421.8800048828125,269.28671541495146,282.82575309004056,308.90856044061366,494.89207027354036,184.87970536775757,437.9200134277344,48227400,34479600,7302300,24019800,264942300,103471500
2025-11-10,269.1781311035156,289.7064208984375,313.8607482910156,503.9045715332031,199.0281524658203,445.2300109863281,273.4741297822401,290.40545290698407,316.505207868057,504.7510576229119,199.91805415635875,449.6700134277344,267.20997142836535,282.47622284552773,311.20634440947254,496.73437575016374,193.76872011438098,433.3599853515625,268.7085692371889,284.03413439651047,311.9888009767473,497.9692613740871,195.08858253564551,439.6000061035156,41312400,29557300,5794100,26101500,198897100,76515900
2025-11-11,274.99267578125,290.9147644042969,312.6028747558594,506.573486328125,193.1387939453125,439.6199951171875,275.65206242273547,291.5239526379353,316.00007894896714,507.48968986721945,195.3985402959953,442.489990234375,269.5477586519058,286.9301875660949,312.2661285601958,500.26971300797675,191.2789975702345,432.3599853515625,269.55775905965567,287.3595968518003,314.4649080237581,502.70954902224156,195.13857433756354,439.3999938964844,46208300,19842100,5030200,17980000,176483300,60533200
2025-11-12,273.21435546875,286.3210144042969,317.34710693359375,509.0233154296875,193.7787322998047,430.6000061035156,275.4722525277038,291.613842224268,319.16951418656384,509.5511194130969,195.86849924763862,442.3299865722656,271.4460210796085,283.30512258449664,313.1872439213492,497.05307240824305,191.1090271797132,426.55999755859375,274.74292397164845,291.2842728658537,313.23678409164455,507.2506574723947,195.69851973704638,442.1499938964844,48398000,24829900,10578300,26574900,154935300,58513500
2025-11-13,272.6948547363281,278.19207763671875,306.5216064453125,501.205810546875,186.8394775390625,401.989990234375,276.4413491841305,282.45627365196606,317.565014483568,511.3735209246628,191.4189763426968,424.5,271.83564282199285,276.8638649512614,306.1452341336872,499.2140928412288,183.82981362374773,396.3399963378906,273.85374352181776,281.9569519907634,316.17840351377913,508.1967287528611,191.02901978717685,423.1300048828125,49602800,29494000,8973300,25273100,207423100,118948000
2025-11-14,272.15533447265625,276.0350036621094,300.7076721191406,508.0672607421875,190.1491241455078,404.3500061035156,275.70200347225597,278.1820807042813,304.6991769671513,509.4813936811572,190.98902828114038,412.19000244140625,269.3479639093673,270.3327588398133,298.35044875494805,495.3800287197931,180.56018045425046,382.7799987792969,270.7965900477885,271.04178706348836,304.5704148461381,496.166765720741,182.8399289693184,386.29998779296875,47431300,31647200,10327000,28505700,186591900,105506700
2025-11-17,267.2099609375,284.63330078125,297.4986572265625,505.3883972167969,186.5795135498047,408.9200134277344,270.2371271729127,293.55120856159544,302.66875869849656,509.9992285471841,188.9792438771453,423.9599914550781,265.48159771217263,283.1852862901624,294.8244855709175,502.8190947602184,184.29976516169708,398.739990234375,268.5687054184609,285.392279437324,301.0939616708072,506.34444359286346,185.9495778546046,398.739990234375,45018300,52670200,8344000,19092800,173628900,102214300
2025-11-18,267.19000244140625,283.8943176269531,296.5478515625,491.74517822265625,181.340087890625,401.25,270.4569347049811,288.4081743957296,300.05402007948175,500.89712400975867,184.7797126313021,408.8999938964844,265.0719890725528,277.8225797399186,294.1806837974681,484.76419755903834,179.6302689297591,393.7099914550781,269.7376065335732,287.52939388700526,296.6369875977812,493.31862192366924,183.3598703733926,405.3800048828125,45677300,49158700,8077300,33815100,213598900,80688600
2025-11-19,268.3089294433594,292.4127502441406,300.3709411621094,485.1027526855469,186.49951171875,403.989990234375,271.9555110777923,303.39782684502376,301.5396841634701,493.13934080841636,187.8393608341106,411.7799987792969,265.2517925781922,286.2411417953812,296.409178349521,480.8305097576304,182.80991469001526,398.5,265.2817633125939,286.77042153983126,296.8746866890342,488.0704229659532,184.76969080502667,406.17999267578125,40424500,68198900,5546600,23245300,247246400,72047700
2025-11-20,266.0010986328125,289.05731201171875,295.5277099609375,477.3404846191406,180.6201629638672,395.2300109863281,275.17250947675234,306.0042898345543,306.95740445253,492.4460215630244,195.97847686300787,428.94000244140625,265.67142054546326,288.2783714658303,295.3098117912242,474.41716428973194,179.83025642841662,394.739990234375,270.5768036466949,304.1268355762142,303.411609711364,491.5879641710541,195.92847930218133,414.6300048828125,45823600,62025200,7501600,26802500,343504800,113548800
2025-11-21,271.2361755371094,299.2534484863281,295.171142578125,471.04486083984375,178.86036682128906,391.0899963378906,273.0744516711978,303.50767860502685,298.79615936428223,477.8293938228302,184.5397359279593,402.79998779296875,265.4216397990326,293.4513334764558,290.01095471385685,467.20362215472323,172.91100782704066,383.760009765625,265.70137680880595,296.0178540164301,298.40990318772816,477.4103368698009,181.22010834266524,402.32000732421875,59030800,74137700,11766800,31769200,346926200,100460600
2025-11-24,275.6620788574219,318.14776611328125,295.1513366699219,472.92059326171875,182.52996826171875,417.7799987792969,276.7410558404627,319.0465694557707,296.9539460474125,475.8139832068258,183.4798609481747,421.7200012207031,270.64675212306133,309.17996886834777,291.69470820468445,466.9542001322548,176.4606271183833,401.0899963378906,270.64675212306133,310.70789188393536,295.3890327721484,473.9183160323131,179.47030653663683,402.1700134277344,65585800,85165100,10940200,34421000,256618300,96806400
2025-11-25,276.7110900878906,323.0011901855469,300.103515625,475.90374755859375,177.80047607421875,419.3999938964844,280.1179060838009,328.3838617048627,301.5891765934406,478.0588322743821,178.14043506786686,420.4800109863281,274.9926967216935,317.2190369667809,292.7346348034667,463.8313270788984,169.53138015579162,405.95001220703125,275.012667049666,325.767421144808,297.18170363006027,472.9904142849383,174.89079203873564,414.4200134277344,46914200,88632100,8877200,28019800,320600300,71915600
2025-11-26,277.29052734375,319.5159606933594,304.6991882324219,484.3943786621094,180.24020385742188,426.5799865722656,279.26868736786383,324.0597758686898,305.5806647286523,487.1979770584782,182.8899220695924,426.94000244140625,276.3714044558947,316.36024396458464,300.30162915288383,480.10418316215106,178.22043661727494,416.8900146484375,276.70108254872224,320.2449508538883,302.0844103036798,485.2025316262965,181.6100638206842,423.95001220703125,33431400,51373400,7910900,25709100,183852000,63463000
2025-11-28,278.5893249511719,319.74560546875,310.087158203125,490.88958740234375,176.98056030273438,430.1700134277344,278.73917862681736,326.40656970987055,310.7210547537004,491.5081706450152,179.2703020816569,432.92999267578125,275.73198274965245,316.3602205188893,305.2934288863403,485.54177754838196,176.48061521713345,426.20001220703125,277.0008150112318,322.9312800436979,306.1452235979446,486.48962635446395,178.99033405428943,426.5899963378906,20135600,26018600,4322400,14386700,121332800,36252900
2025-12-01,282.8353576660156,314.4627990722656,305.9669494628906,485.6315612792969,179.90025329589844,430.1400146484375,283.1550658399818,319.41606123931075,311.038000929866,488.7444513856018,180.2802164760195,433.6600036621094,275.88187257202503,313.46415578589995,305.5905771667579,483.5463243869077,173.66093259662904,425.2900085449219,277.75011957449965,317.26898426885936,309.95842421118846,487.32770213243884,174.7408159055669,425.32000732421875,46587700,41183000,7727300,23964000,188131000,57463600
2025-12-02,285.9224548339844,315.38153076171875,304.9368896484375,488.8841552734375,181.44007873535156,429.239990234375,287.1313151163589,317.948051296999,307.5120415313108,492.3761849539621,185.63961443898967,436.79998779296875,282.36578537497866,313.4841146313127,304.1544330268201,485.2125428025972,179.98023235974816,422.1199951171875,282.7354345985028,316.3102616947243,305.7886541478843,485.6116258193264,181.7400335835938,430.80999755859375,53669500,35854700,7249000,19562700,182632200,69336600
2025-12-03,283.8843688964844,319.1963806152344,309.1462707519531,476.64208984375,179.57028198242188,446.739990234375,288.35019153510143,321.14371687287894,309.37405277594195,483.13724409881166,182.4299686383783,447.9200134277344,283.0351573834178,313.67388407801036,303.86720471987456,474.1178525596479,179.09033894604931,431.1099853515625,285.9324708384744,315.4614642178001,304.26340519365976,475.23529714339696,181.06012391136443,432.1000061035156,43538700,41838300,8535300,34615100,165138000,87483000
2025-12-04,280.4375915527344,317.1890869140625,313.0783386230469,479.7449951171875,183.37008666992188,454.5299987792969,284.46382276925783,321.92264650582644,315.4454763850748,480.2239129901724,184.51002440204854,454.6300048828125,278.32954829392816,314.27306548179905,310.0079661400671,475.40489514051177,179.95027347354184,445.3900146484375,283.83440686502166,321.7928484740126,310.26549041680175,478.6674679630734,181.61017209543593,449.94000244140625,43989100,31240900,9627800,22318200,167364900,71906500
2025-12-05,278.5193786621094,320.8341064453125,312.0284729003906,482.0597229003906,182.40013122558594,455.0,280.8771882481053,322.72155681925386,315.4355916137351,482.299166614698,184.6500094505641,458.8699951171875,277.79005013345267,318.73697999805336,311.6718985008828,477.78947078944657,180.9002124089338,451.6600036621094,280.27774306596746,319.05652267664885,312.62274341566774,481.4211657314621,183.88004685245298,453.0299987792969,47265800,28851700,6518900,22608700,143971100,56427500
2025-12-08,277.6302185058594,313.49932861328125,312.1968078613281,489.9018249511719,185.5399627685547,439.5799865722656,279.4085531850005,320.21460294317257,313.44477282870224,491.17890888246444,187.98982714518382,449.75,275.8918244790692,311.0010871288888,310.3546026483966,483.2769615726175,182.39012406320575,435.25,277.86998437615557,319.82486263347363,312.0482477999388,483.7858099301447,182.6301165694494,447.45001220703125,38211800,33909400,7417200,21965900,204378100,69165800
2025-12-09,276.9208679199219,316.85693359375,297.6373596191406,490.8995361328125,184.95999145507812,445.1700134277344,279.7682096639769,317.7662971049956,315.7524991840304,490.99931449735556,185.70995086836587,452.3900146484375,276.6611317163261,311.6805848338384,297.15202309779255,487.3875630167038,183.31008684903045,435.70001220703125,277.8999627322321,312.15025542764414,311.939326475107,487.9862027558801,185.54995586495326,437.5400085449219,32193300,30194000,18049200,14696100,144719700,62367400
2025-12-10,278.5193786621094,319.9847412109375,307.1455383300781,477.4701843261719,183.77005004882812,451.45001220703125,279.48847306800184,321.0839735202244,308.2152311685389,483.14722906115725,185.46995496958337,456.8800048828125,276.1815698919154,314.45863248382005,295.60691069504315,473.99809828560024,182.03013874897007,443.6099853515625,277.490342786908,315.6078174223929,297.62741810314117,482.92772884397027,184.9599880707457,446.07000732421875,33038300,33428900,18874100,35756200,162785400,63257500
2025-12-11,277.77008056640625,312.210205078125,314.3460693359375,482.3690185546875,180.92019653320312,446.8900146484375,279.3286197507982,320.8940942947929,314.96013772429524,484.92318635563356,181.31019006496976,449.2699890136719,273.5540244422053,308.3829128168011,306.2838676543348,474.7763326037194,176.61043233199788,440.3299865722656,278.83908758708685,319.85481737290655,306.2838676543348,475.5445986070271,180.27023782951787,448.95001220703125,33248000,42353700,9721900,24669200,182136600,55979500
2025-12-12,278.0198669433594,309.07244873046875,315.4751892089844,477.4402770996094,175.01052856445312,458.9599914550781,278.9589906850317,314.6485102459599,317.2084605896136,481.3513637649093,182.81010931847595,463.010009765625,276.5612402656973,305.34506149685063,313.5735598207153,475.2552617920193,174.61054106596097,441.6700134277344,277.64021728323,313.47935032153816,316.6241041512468,478.72734800157895,181.10019518559332,448.0899963378906,39532900,35940200,8982900,21248100,204274900,95656700
2025-12-15,273.8537292480469,308.003173828125,316.9608154296875,473.73870849609375,176.28045654296875,475.30999755859375,279.8880911943856,311.2009348824072,319.79349149101296,479.6252664455081,178.4103461991077,481.7699890136719,272.5849275039148,304.66552711937686,315.3464225115248,471.44392797474177,175.02053019793698,467.6600036621094,279.8880911943856,311.1009991314403,316.5349331916296,479.0066832317436,177.93037643785232,469.44000244140625,50409100,29151900,10864100,23727700,164775600,114542200
2025-12-16,274.353271484375,306.3543395996094,312.5335693359375,475.3051452636719,177.71038818359375,489.8800048828125,275.2424541197232,310.5513666605185,316.4656203572433,476.80172935648005,178.48035080582065,491.5,271.53593087885605,302.37712849550337,311.39456850853577,469.8076832860371,174.8905333961456,465.8299865722656,272.5649667835892,304.7354841263937,316.0397380851819,470.8353364785088,176.25046044282257,472.2099914550781,37648600,30585000,8331300,20705600,148588100,107608100
2025-12-17,271.58587646484375,296.5112609863281,311.9690246582031,475.0357360839844,170.93075561523438,467.260009765625,275.90184538512057,307.87325739956634,316.3170436429019,478.9069051052783,176.12047730871902,495.2799987792969,271.38608172110213,295.9116769824828,311.65207637787455,473.9182915104317,170.30078481189744,466.20001220703125,274.75292651919426,307.7933270972379,315.3860269605939,475.8239455574328,176.0904801521757,488.2200012207031,50138700,43930400,8718700,24527200,222775500,106490400
2025-12-18,271.935546875,302.2472229003906,310.0079345703125,482.87786865234375,174.1305694580078,483.3699951171875,273.374203136776,303.7461677101471,314.66301788263524,488.4850656489584,176.14045512074784,490.8599853515625,266.7004552212896,299.0195145942255,309.2353920446346,476.8017407441929,171.8107030234881,473.1199951171875,273.35420232069225,301.50775321966603,312.979256626897,477.10104539067044,174.52054772862792,478.1600036621094,51630700,33518000,11444900,28573500,176096000,95168400
2025-12-19,273.4141845703125,306.9439392089844,314.17767333984375,484.8134460449219,180.98020935058594,481.20001220703125,274.34330788170604,307.03387224107576,315.51477427620307,486.73904362092316,181.4401759084778,490.489990234375,269.64768928264715,300.7582909786616,310.1961127673861,481.39123391446003,176.3304518785618,474.7200012207031,271.8955859651445,301.5177661333593,310.79038320864026,486.2501387748106,176.6604358481607,488.1199951171875,144632000,59943200,24494400,70836100,324925900,103305400
2025-12-22,270.7166748046875,309.56207275390625,320.0014953613281,483.81573486328125,183.6800537109375,488.7300109863281,273.62395794129594,309.9118326328777,320.1401715734682,487.6170561484318,184.15002947616998,498.8299865722656,270.25711338978425,305.0852133945127,314.4748493262905,481.5908021440126,182.34012994783166,485.3299865722656,272.6048920133635,309.66200850448513,314.4748493262905,485.01298390813173,183.91003698180788,489.8800048828125,36571800,26429900,8354600,16963000,129064400,86916100
2025-12-23,272.1053771972656,314.1288757324219,322.8143310546875,485.7413330078125,189.19976806640625,485.55999755859375,272.2452609569047,314.7184570357758,324.6466524002949,486.71908182827985,189.31975669034466,491.9700012207031,269.30800689497966,309.1024153195162,320.00148308544306,483.63612214595605,182.89009670029142,482.8399963378906,270.5868091030317,309.41219480947996,320.51650136966475,483.8755963136496,182.96010023623109,489.3999938964844,29642000,25478700,6668300,14683600,174873600,58223600
2025-12-24,273.55401611328125,313.8690490722656,326.02337646484375,486.90863037109375,188.59979248046875,485.3999938964844,275.17249671786806,314.8583428959372,326.8355148620812,488.04604888584674,188.899779295176,490.8999938964844,271.9455359163183,311.70059264113144,322.3884458193645,483.7258924615979,186.57989753660073,476.79998779296875,272.085389177814,314.5485634057752,323.1213622604756,484.5739628623746,187.92983057380172,488.4800109863281,17910600,10097400,4289300,5855900,65528500,41285400
2025-12-26,273.1444091796875,313.2894592285156,324.7754211425781,486.599365234375,190.51968383789062,475.19000244140625,275.1125687682936,314.86833429915043,327.6972031402456,487.00843522519267,192.67957056140054,489.0899963378906,272.6049054553,312.0603135401851,323.4185221880518,484.85335038112265,187.98982202804387,473.82000732421875,273.9037084592662,314.25877806497726,325.9639318748006,485.601642461088,189.9097162518428,485.2300109863281,21521800,10899000,4158300,8842200,139740300,58780700
2025-12-29,273.50408935546875,313.33941650390625,320.6551818847656,485.9907531738281,188.20980834960938,459.6400146484375,274.10350406329195,313.79908436732376,324.63674268276935,487.23790659993216,188.749772392931,469.3999938964844,272.0954038139857,310.4014822754237,320.43728371815735,483.0773893732932,185.8999358866866,459.0,272.4350823114352,311.15095467052413,323.8741142125664,483.7558335295542,187.6998414610299,469.0,23715200,19621800,8635300,10893400,120006100,66263000
2025-12-30,272.82470703125,313.6292419433594,320.328369140625,486.3699035644531,187.52984619140625,454.42999267578125,273.82377221524894,316.72706748217655,321.83382823915406,488.56487537463653,188.9797799436452,463.1199951171875,272.02546707967076,312.24020504037514,319.4072362471025,484.39440153201394,186.91987858592935,453.8299865722656,272.5549704076282,312.28018544302313,321.70506610211044,484.82341501264875,188.22982052336855,461.0899963378906,22139600,17380900,7904300,13944500,97687300,59238500
2025-12-31,271.6058349609375,312.7798156738281,319.1398010253906,482.5186767578125,186.4899139404297,449.7200012207031,273.42414083736213,314.3586907819443,321.77437689354394,487.0284031238816,190.54969193131708,456.54998779296875,271.49595243002375,311.22091551782626,318.9615289550125,482.1993981667827,186.47991997410415,449.29998779296875,272.80472532736104,312.62992729269524,321.2395304565584,486.7290680267604,189.55975523635485,456.1000061035156,27293600,16377700,5048500,15601600,120100500,49078000
2026-01-02,270.75665283203125,314.9283142089844,322.36865234375,471.8630065917969,188.83978271484375,438.07000732421875,277.58025431004916,322.2731502440002,322.61626252061376,483.5563186075122,192.91954841717475,458.3399963378906,268.7485221479618,310.11169732658084,317.6739428368343,469.0893385249197,188.24980305842183,435.29998779296875,272.0054842546519,316.67708324131615,319.4171281542276,483.2869444224563,189.82971935613102,457.79998779296875,37838100,32009400,8054000,25571600,148240500,85535400
2026-01-05,267.0101623535156,316.3173522949219,330.8468322753906,471.773193359375,188.1098175048828,451.6700134277344,271.25618925068443,318.79558832967825,334.026138578159,474.9858617296903,193.61952916959007,457.54998779296875,265.89121426121545,314.4086921415047,322.08142570711647,468.4308161640092,186.13992286460274,444.57000732421875,270.38700744645297,317.4365596004392,322.3884599175412,472.98042932285466,191.74961996436147,447.989990234375,45647200,30195600,10752600,25250300,183529700,67940800
2026-01-06,262.1147155761719,314.1188659667969,332.90625,477.4203186035156,187.22987365722656,432.9599914550781,267.2998660934885,320.71422913013345,334.1598441675407,477.64977534720424,192.15959956375178,448.25,261.8749496989937,311.5606693028291,328.96642165340415,468.68025764779384,186.80989821500853,428.7799987792969,266.7503924619391,316.17741436833177,330.92639220894705,472.72102257015473,190.50969495089785,446.3800048828125,52352100,31212100,7660800,23037700,176862600,89093800
2026-01-07,260.08660888671875,321.7535095214844,325.3250732421875,482.3690185546875,189.09976196289062,431.4100036621094,263.4334831315393,325.9205589972494,330.45880399676645,488.5848422406915,191.35963411085106,438.3699951171875,259.56710600115036,313.96898096999803,322.947258062395,476.86159994291296,186.54989697142676,431.2900085449219,262.95395138764474,314.13884430323384,329.4539672046419,478.6674756822987,188.55979791265688,435.8999938964844,48309800,35104400,9815200,25564200,153543200,59828800
2026-01-08,258.7978515625,325.2110595703125,328.11083984375,477.0212097167969,185.0299835205078,435.79998779296875,259.0476178563403,330.0876314322289,329.7126277455971,481.5608665012806,189.53974931649188,436.8900146484375,255.46096229095477,321.2738288701313,323.99190461809644,474.7763335277468,183.70006889406122,424.3699951171875,256.7797203952787,328.7385750407063,324.7281574581884,480.14408679814625,189.09977067708235,427.8900146484375,50419300,31896100,11737100,18162600,172457000,57041100
2026-01-09,259.1275329589844,328.3388671875,327.5138854980469,478.1885681152344,184.84999084472656,445.010009765625,259.9667440583015,330.5972566011106,330.21007865256746,478.72734693664125,186.32990643372668,449.04998779296875,255.98048371428257,325.5707962902668,326.49908990111055,471.1247042989064,183.66005283935564,430.3900146484375,258.8377955175017,326.8598973489763,327.6631156796267,472.9804540365218,185.06998015284367,435.95001220703125,39997000,26214200,6738100,18491000,131327500,67331500
2026-01-12,260.0067138671875,331.62652587890625,322.8377990722656,476.09332275390625,184.92999267578125,448.9599914550781,261.05572011368304,333.80501545240315,324.3600076252465,479.89464390147504,187.10986736077922,454.29998779296875,256.5599267903311,324.77136644379436,319.59441851466954,474.59673866594744,183.010098425574,438.0,258.9177364764393,325.57079145505844,320.2411028663189,475.5845048686955,183.2100845491025,441.2300109863281,45263800,33923900,12805100,23519900,137968500,61649600
2026-01-13,260.8059387207031,335.7336730957031,309.3169860839844,469.5981750488281,185.79994201660156,447.20001220703125,261.56523797230057,340.25048265726696,325.1957141371429,474.6965236309785,188.0998205983224,451.80999755859375,258.148452318208,333.38532003422745,308.9886797025588,464.888922501957,183.3900687774691,443.95001220703125,258.4781303943212,334.7144015630273,322.64875130423195,473.5990225282599,184.9899882929175,450.20001220703125,45730800,33517600,19371200,28545800,160128900,53719200
2026-01-14,259.71697998046875,335.603759765625,306.30242919921875,458.3338928222656,183.1300811767578,439.20001220703125,261.57525710051715,336.2832741209541,310.17263725890126,467.13381499707015,184.45001701406107,443.9100036621094,256.4700180914029,330.2475447349911,304.5613395847709,456.1289340170423,180.79021156477043,434.2200012207031,259.247418118488,334.8243096530742,306.6307659579143,465.39775666549855,184.3100252062831,442.80999755859375,40019400,28525600,25951500,28184300,159586100,57259500
2026-01-15,257.9685974121094,332.5458984375,307.68536376953125,455.6200866699219,187.03988647460938,438.57000732421875,260.7959687899761,337.4524480652932,311.3466191836246,463.1927988881192,189.6897370464893,445.3599853515625,256.8096782083212,330.507324974913,306.18304245620016,454.8618076165624,186.31992419508657,437.6499938964844,260.40631875644857,337.4124676651339,306.8993776774091,463.0630900555096,186.48991316970114,441.1300048828125,39388600,28442400,14751400,23225800,206188600,49465800
2026-01-16,255.29112243652344,329.7678527832031,310.8789978027344,458.8127746582031,186.21990966796875,437.5,258.6579671912775,334.4145755186536,315.5948534301565,462.13520850615447,190.4296883714215,447.25,254.69167723491495,327.46948297740045,308.42157308655703,455.4404972994736,186.06992389502736,435.260009765625,257.6589020182799,334.1747541117482,308.76979706409315,456.78739866953146,189.06976141755646,439.5,72142800,40341600,14652500,34246700,187967200,60220600
2026-01-20,246.46937561035156,321.77349853515625,301.19854736328125,453.48492431640625,178.06036376953125,419.25,254.55180921698133,327.49947891315526,309.56573031914434,455.7597309230742,182.37012791600927,430.7300109863281,243.19244305608962,320.20459558658575,300.323023148028,448.2568669541529,177.60038196777572,417.44000244140625,252.49373739571587,320.6442885211675,304.65088058894946,450.1924514863621,181.89014292514364,429.3599853515625,80267500,35361000,12900600,26130000,223345300,63187300
2026-01-21,247.41848754882812,328.1490173339844,300.50213623046875,443.0986328125,183.31008911132812,431.44000244140625,251.3248360900433,332.24613943011235,303.8450138204667,451.65911099901973,185.3699752173061,438.20001220703125,244.9507953165175,319.12537039479025,299.61665319654776,437.68100562513575,178.3903418724365,419.6199951171875,248.46750904444812,320.6942733516965,301.88504309324475,451.56931960591265,179.04031586008543,421.6600036621094,54641700,35386600,10270100,37980500,200381000,68124000
2026-01-22,248.1178436279297,330.3074951171875,302.0840148925781,450.1126403808594,184.82998657226562,449.3599853515625,250.76536025794266,334.9142376434696,306.6307531542374,451.8087507279656,186.15991637882954,449.5,247.9180183962477,328.5187457270175,301.35772089620315,443.6873036586902,183.92003219020145,432.6300048828125,248.96703988447874,334.2147483456718,303.3077326815458,446.600636936346,184.7399951080077,435.1600036621094,39708300,26253600,10535800,25349400,139636600,71546700
2026-01-23,247.80812072753906,327.6993103027344,296.2041015625,464.888916015625,187.6598358154297,449.05999755859375,249.17685039145397,333.45526818914374,300.8304191049288,470.0271819611143,189.58973923983262,452.42999267578125,244.45126111041233,327.21966747627397,295.000271015744,449.50401819491054,186.80989099781206,444.0400085449219,247.08880782235642,332.25610013077164,300.4623078902987,450.8409629929935,187.48984685190618,447.42999267578125,41689000,27280000,11107900,38000200,142748100,56771400
2026-01-26,255.17123413085938,333.02557373046875,299.5072021484375,469.20904541015625,186.4599151611328,435.20001220703125,256.32015295784896,335.60374537803585,300.243424572115,473.1700058760031,189.1097657209082,445.0400085449219,249.5664780183616,326.7699676491338,295.9354850066467,460.94790240319116,185.97994539629804,434.2799987792969,251.24490015634893,327.5793954045391,296.2936374196168,464.25036221183507,187.1498802806874,445.0,55969200,26042100,11752700,29291200,124799600,49397400
2026-01-27,258.0285339355469,334.31463623046875,298.7809143066406,479.485595703125,188.50979614257812,430.8999938964844,261.70511669708895,337.6722883721735,300.4324657566407,481.7703893732875,189.9897117301412,437.5199890136719,257.96859246831417,333.2454121385867,296.6319086980451,472.0825097961169,185.6899415183402,430.69000244140625,258.92771692213245,335.1340666902067,299.7957098597862,472.62128861771004,187.22986667366473,437.4100036621094,49648300,21636200,11527400,29213900,143711600,37733100
2026-01-28,256.2002868652344,335.7736511230469,299.2385559082031,480.533203125,191.5096435546875,431.4599914550781,258.61800761819165,337.30257365930305,300.38272473319716,482.63838346935967,192.33960048487265,438.260009765625,254.27208306792676,331.7065067534381,296.53240414079806,476.9114647448887,189.82972650403363,430.1000061035156,257.409147241713,335.82360375323316,298.74110176244625,482.10959164059926,191.25965707901594,431.9100036621094,41288000,27434400,9556700,36875400,148552700,54857400
2026-01-29,258.0385437011719,338.0120544433594,304.8598327636719,432.5128173828125,192.49957275390625,416.55999755859375,259.4072580677027,342.0492210013424,305.2677184721844,441.49232224197124,193.46952146246272,440.2300109863281,254.17216647920577,326.3103005061971,300.6812055104527,420.06122635013605,186.04992498376654,414.6199951171875,257.75880668092503,340.06060015063264,300.86028172816947,438.98802836564175,191.32963792417547,437.79998779296875,67253000,39785600,11580000,128855300,171764400,81686100
2026-01-30,259.2374267578125,337.7622375488281,304.33251953125,429.31011962890625,191.11965942382812,430.4100036621094,261.6551472598355,339.76083067041884,306.36211063628633,438.5989157576861,194.47947816452233,439.8800048828125,251.94423313215475,332.0562627255977,301.0194578342246,425.47886802078926,189.45974561417185,422.70001220703125,254.93144331105526,339.76083067041884,303.6957636347891,438.1699022937122,191.19965692455457,425.3500061035156,92443400,31024000,11953200,58566800,179489500,82626100
2026-02-02,269.7575988769531,343.4482421875,306.5710754394531,422.4058837890625,185.59996032714844,421.80999755859375,270.2371306501278,344.5874244246442,307.72514241386267,429.7590957240154,190.2897090701948,427.1499938964844,258.9676766447768,335.3939142353609,299.83552643648,421.28843915961005,184.87000408758857,414.5,259.7869174093499,335.983495554882,302.9097896135357,429.2602343395754,187.1898706566695,421.2900085449219,73913400,32006100,9839400,42219900,165794100,58739500
2026-02-03,269.22808837890625,339.47100830078125,313.24688720703125,410.2735595703125,180.33023071289062,421.9599914550781,271.6258386480508,348.7544814019383,314.6397527673971,421.0888704228976,186.25991753048794,428.55999755859375,267.3598109321867,337.2325938809106,307.5261644294422,407.6296003977664,176.22045266395375,413.69000244140625,268.9483513556569,347.09564553860224,308.15296152215484,421.0489834358989,186.22992037566058,424.2699890136719,64394700,36506700,12688000,61424100,204019600,56886500
2026-02-04,276.23150634765625,332.80572509765625,315.654541015625,413.2467956542969,174.18057250976562,406.010009765625,278.68922850453845,343.0684894885568,317.68416242077944,418.84400576689177,179.57028010697434,423.8999938964844,272.03545112075,328.2888852617291,312.809117891095,408.3080557741746,171.90069716024271,399.17999267578125,272.03545112075,342.7187296036167,312.809117891095,410.0640575889883,179.45029148582987,420.4599914550781,90545700,70618400,9848800,45012400,207014100,74606900
2026-02-05,275.6520690917969,331.0169677734375,308.5807800292969,392.7735290527344,171.87069702148438,397.2099914550781,279.2387093202658,332.45595718246585,314.4009999973286,407.37018733348754,176.81043194569037,402.1000061035156,272.97458180817284,306.24439883874277,303.98430827226673,391.4265972483441,171.020736948564,387.5299987792969,277.86999494352693,312.0003564748562,313.3961328396234,406.51216038211834,174.92051964769362,397.0199890136719,52977400,88205800,9388000,66289200,206312900,72819800
2026-02-06,277.8599853515625,322.63287353515625,320.7584533691406,400.22650146484375,185.39996337890625,411.1099853515625,280.6473855638201,330.147603202773,322.59903993155126,400.87501513504304,186.98987361565233,414.54998779296875,276.67109542368036,319.694969697787,313.10760555212,392.0252195920243,174.59055120100808,397.75,276.8609202349588,326.94984200428365,313.10760555212,398.2609865133262,176.6804343618602,400.8699951171875,50453400,56380500,17797400,53515300,231346200,62677100
2026-02-09,274.6199951171875,324.09185791015625,320.4599914550781,412.65814208984375,190.0297088623047,417.32000732421875,278.20001220703125,327.4694850607409,324.73808529326595,413.94521298339265,193.64952333361757,421.25,271.70001220703125,317.03682684844796,318.4801031561584,399.9571203178888,183.9400420976916,407.2900085449219,277.9100036621094,320.70422803551696,319.70385137937853,403.9280678877113,184.25002288009932,409.9100036621094,44623400,39640100,11477500,45480500,196387400,54484300
2026-02-10,273.67999267578125,318.3558654785156,316.659423828125,412.328857421875,188.52978515625,425.2099914550781,275.3699951171875,321.4437184993816,324.4694603347238,422.7151545880433,192.46957427391544,427.25,272.94000244140625,314.38865715458337,313.51550984428656,411.76017861216997,188.10980972728564,417.0,274.8900146484375,320.7441987510988,320.9076714905845,418.66440278178237,191.36964298604585,418.0799865722656,34376900,39170000,9902200,44857900,136764800,64450200
2026-02-11,275.5,310.7412414550781,309.2374267578125,403.4491271972656,190.0397186279297,428.2699890136719,280.17999267578125,320.8341425405983,323.6237932822943,415.51159110220135,193.24953637655122,436.3500061035156,274.45001220703125,309.44216816023624,307.15807190859783,400.096793508188,188.75978911487715,420.0299987792969,274.70001220703125,318.7456164455411,321.5941717066872,415.2322299614449,192.43958265041238,427.9599914550781,51931300,45406400,8703500,42491000,144192700,57362000
2026-02-12,261.7300109863281,308.7826232910156,301.09906005859375,400.9248962402344,186.9298858642578,417.07000732421875,275.7200012207031,316.0175203045161,312.0231336727285,405.2749831551046,193.5995230748733,436.2300109863281,260.17999267578125,306.9839017615506,298.492374829366,397.1036315998776,186.49990120030046,414.0,275.5899963378906,311.87044586439265,310.68996020493864,404.07770370563327,193.01955263160718,430.29998779296875,81077200,47761300,13443400,40802400,189932500,61933400
2026-02-13,255.77999877929688,305.50494384765625,301.0094909667969,400.4060974121094,182.80010986328125,417.44000244140625,262.2300109863281,308.41290048065196,302.740652037527,404.61648859375555,187.4898586352177,424.05999755859375,255.4499969482422,303.4963480144474,295.0101951931391,397.1435245648219,181.58017462912434,410.8800048828125,262.010009765625,307.5135396808651,297.0000117729552,403.528974460687,187.4698554447334,414.30999755859375,56290700,38499700,9114500,34091600,161888000,51434100
2026-02-17,263.8800048828125,301.8075256347656,305.5661926269531,395.95623779296875,184.95999145507812,410.6300048828125,266.2900085449219,304.22583664461854,306.6705262718474,399.60790672873594,187.13986615921206,413.7200012207031,255.5399932861328,296.04159566157676,300.95976231603305,393.6315571718042,179.17029624003743,400.510009765625,258.04998779296875,299.82893803190484,301.21844819128046,398.31087932693146,181.74016448672575,412.3599853515625,58469100,39247600,8896800,32078800,162276900,59678800
2026-02-18,264.3500061035156,303.1166076660156,307.2077941894531,398.69000244140625,187.96981811523438,411.32000732421875,266.82000732421875,305.1651838815364,310.6899733588093,401.6432531481791,190.3596881055438,416.8999938964844,262.45001220703125,301.0380842700908,305.6557396172298,395.41747315874426,186.7498829478333,409.5799865722656,263.6000061035156,301.87748970860525,306.8894162356143,397.2233488345012,188.73978069812654,411.1099853515625,34203300,28482100,7209600,23223400,164749100,45921400
2026-02-19,260.5799865722656,302.636962890625,306.48150634765625,398.4599914550781,187.88983154296875,411.7099914550781,264.4800109863281,305.25511494304027,307.6057576457843,404.42999267578125,188.41980165789556,415.25,260.04998779296875,299.828942056139,303.5664321569553,396.6700134277344,185.64996245587088,404.1099853515625,262.6000061035156,301.6076886754516,305.6060125002564,400.69000244140625,187.04988063530703,407.25,30845300,25834400,6737700,28234000,126554500,51019600
2026-02-20,264.5799865722656,314.7584228515625,309.20758056640625,397.2300109863281,189.8097381591797,411.82000732421875,264.75,316.2773425544253,309.4165028225248,400.1199951171875,190.31970507557438,414.70001220703125,258.1600036621094,303.68620054308417,304.12358301143166,395.1600036621094,185.92994318264132,405.5,258.9700012207031,304.1059184917761,306.829734990155,396.1099853515625,186.5599139825128,408.29998779296875,42070500,53210800,7792700,34015200,178422300,57912200
2026-02-23,266.17999267578125,311.2708740234375,296.1543884277344,384.4700012207031,191.53964233398438,399.8299865722656,269.42999267578125,319.29522413676915,309.4165036660153,395.3599853515625,193.93950641757905,407.70001220703125,263.3800048828125,309.65201848441603,293.5974666249826,383.1000061035156,189.56974766836524,394.0400085449219,263.489990234375,318.82555353627805,307.22769310292153,395.0,191.3896412925324,407.2900085449219,37308200,31423000,12955400,43238300,171584800,69680000
2026-02-24,272.1400146484375,310.6813049316406,295.7862243652344,389.0,192.83956909179688,409.3800048828125,274.8900146484375,312.05033638585,298.22376183621185,389.3599853515625,193.75951747058733,410.82000732421875,267.7099914550781,305.71479964031533,289.89638425356503,381.7099914550781,187.38985183856119,397.6400146484375,267.8599853515625,310.3015673465962,295.3086878147805,384.1400146484375,191.47964208446245,399.5,47014600,25615600,13554100,33884700,175123600,58579500
2026-02-25,274.2300109863281,312.67987060546875,301.75567626953125,400.6000061035156,195.54940795898438,417.3999938964844,274.94000244140625,313.4193707572093,302.113859047087,401.4700012207031,197.61930319203404,420.3399963378906,271.04998779296875,309.22231323387047,295.4977249020647,390.1600036621094,193.77949953248776,412.1499938964844,271.7799987792969,311.84046520002283,297.1194302945208,390.5299987792969,194.43946745531196,412.1499938964844,33714300,29963600,8095500,43625500,250637100,54809700
2026-02-26,272.95001220703125,307.1637878417969,304.5712890625,401.7200012207031,184.87998962402344,408.5799865722656,276.1099853515625,312.9197459051382,307.4366298839601,407.489990234375,194.27947461393586,416.80999755859375,270.79998779296875,302.1373272609355,302.0939770599508,398.739990234375,184.31002841741252,403.6600036621094,274.95001220703125,312.42009761480955,303.02916294815697,404.7099914550781,194.25948668244985,414.4200134277344,32345100,36431200,7007800,34405900,360807900,53602500
2026-02-27,264.17999267578125,311.54071044921875,298.7709655761719,392.739990234375,177.180419921875,402.510009765625,272.80999755859375,312.1502667227519,301.4074969953331,396.82000732421875,182.5801217841234,407.1199951171875,262.8900146484375,303.5862877430576,292.9507760142178,389.8800048828125,176.3704661683341,398.1099853515625,272.80999755859375,303.92607541564644,298.4725052158334,390.8800048828125,181.2401979138715,402.94000244140625,72366500,44640600,18620800,51367200,311636500,56890100
2026-03-02,264.7200012207031,306.3043518066406,296.044921875,398.54998779296875,182.47012329101562,403.32000732421875,266.5299987792969,308.27296712894787,298.45261340621465,401.19000244140625,183.45008125730604,404.5400085449219,260.20001220703125,301.088022863519,291.7170645432447,390.6300048828125,174.63055110847353,388.25,262.4100036621094,303.0166882830762,293.3089239524434,392.8599853515625,175.00052620838028,390.6000061035156,41827900,34790200,8508900,35474900,209095300,55088300
2026-03-03,263.75,303.3664245605469,298.7311706542969,403.92999267578125,180.04025268554688,392.42999267578125,265.55999755859375,303.72618716624237,300.8503301542204,406.70001220703125,180.8901975001603,396.3399963378906,260.1300048828125,296.5012623376298,288.0259478174434,392.6700134277344,176.91041730394699,385.3900146484375,263.4800109863281,298.37994467731505,290.80175042735664,393.1400146484375,178.4803396065267,395.0899963378906,38568900,35497000,10278200,38199200,178099400,62617300
2026-03-04,262.5199890136719,302.9167785644531,297.8656311035156,405.20001220703125,183.03009033203125,405.94000244140625,266.1499938964844,305.2551289128473,299.4674190034017,411.0299987792969,184.69000418349444,408.3299865722656,261.4200134277344,300.5384478137644,294.31380094003714,400.30999755859375,180.0502558302461,394.5799865722656,264.6499938964844,302.6769571429086,298.4625518350298,401.2699890136719,180.4302401537762,397.8500061035156,39803100,29536200,8055700,35808000,177731200,68305500
2026-03-05,260.2900085449219,300.6683349609375,292.0553283691406,410.67999267578125,183.330078125,405.54998779296875,261.55999755859375,303.08661540637286,299.7061758621692,411.6099853515625,184.05004039552568,408.6199951171875,257.25,297.78035344585857,290.9410358965662,404.3999938964844,177.87038204113773,399.4200134277344,260.7900085449219,302.82681905445145,296.46279534996694,404.4200134277344,181.1601973472636,401.57000732421875,49658600,35752300,12732500,39001300,198779700,51925900
2026-03-06,257.4599914550781,298.30999755859375,288.0060729980469,408.9599914550781,177.8103790283203,396.7300109863281,258.7699890136719,300.31859339921897,288.51345559776433,413.04998779296875,182.7500987288974,402.3500061035156,254.3699951171875,294.97235071392555,282.2654325280704,408.510009765625,176.81043317462274,394.2099914550781,258.6300048828125,295.88171424137005,284.88204628210366,409.20001220703125,179.83025866705609,398.0899963378906,41120000,25576900,13496500,31123900,189021900,64054600
2026-03-09,259.8800048828125,306.3599853515625,288.44384765625,409.4100036621094,182.64010620117188,398.67999267578125,261.1499938964844,306.79998779296875,289.61783224456605,410.2099914550781,182.90010189125664,401.5899963378906,253.67999267578125,294.0799865722656,279.02206418875625,403.5,175.55049367782217,381.3999938964844,255.69000244140625,294.3599853515625,284.04633930656934,404.9200134277344,176.82042919903367,390.04998779296875,38218500,29312100,12241100,30131900,177213600,67018900
2026-03-10,260.8299865722656,307.0400085449219,287.2598876953125,405.760009765625,184.760009765625,399.239990234375,262.4800109863281,309.510009765625,291.25940817695187,410.20001220703125,186.42991760168223,406.5899963378906,256.95001220703125,305.57000732421875,285.7177615952499,402.92999267578125,182.00014929336922,398.19000244140625,257.6499938964844,306.1700134277344,287.81703392074905,410.0299987792969,182.39012758732315,402.2200012207031,30590800,23239700,8344900,31706400,179118500,59258700
2026-03-11,260.80999755859375,308.70001220703125,286.0560302734375,404.8800048828125,186.02999877929688,407.82000732421875,262.1300048828125,311.4200134277344,289.00098077209634,409.010009765625,187.6199951171875,416.3800048828125,259.54998779296875,305.9200134277344,283.40957048917664,401.5899963378906,184.4499969482422,402.1499938964844,261.0899963378906,306.75,287.339470512306,405.57000732421875,185.91000366210938,402.2799987792969,26218900,24125700,10205000,25512100,145280400,62559900
2026-03-12,255.75999450683594,303.54998779296875,281.44964599609375,401.8599853515625,183.13999938964844,395.010009765625,258.95001220703125,308.94000244140625,282.4345955757058,406.1199951171875,184.94000244140625,406.5,254.17999267578125,301.0299987792969,277.6789347371047,401.7099914550781,181.75,394.6499938964844,258.6600036621094,306.82000732421875,281.38992356011664,404.6300048828125,184.0500030517578,405.17999267578125,40794000,24928300,13760500,27263900,155762700,60973800
2026-03-13,250.1199951171875,302.2799987792969,281.996826171875,395.54998779296875,180.25,391.20001220703125,256.3299865722656,307.69000244140625,285.72773249785536,404.79998779296875,186.08999633789062,400.20001220703125,249.52000427246094,300.44000244140625,281.50933079451545,394.25,179.94000244140625,389.95001220703125,255.47999572753906,307.010009765625,283.2205743771862,401.0,184.9199981689453,399.1700134277344,36930000,23693100,9091200,26848000,160988400,58504100
2026-03-16,252.82000732421875,305.55999755859375,284.7029724121094,399.95001220703125,183.22000122070312,395.55999755859375,253.88999938964844,306.489990234375,287.7971227560318,400.6300048828125,188.8800048828125,403.7300109863281,249.8800048828125,303.0199890136719,283.16084627757465,394.7900085449219,181.41000366210938,394.4200134277344,252.11000061035156,304.3500061035156,284.88204862524725,398.07000732421875,182.97000122070312,396.2200012207031,32074200,23519700,8149000,27733700,217307400,58068300
2026-03-17,254.22999572753906,310.9200134277344,285.42926025390625,399.4100036621094,181.92999267578125,399.2699890136719,255.1300048828125,311.4200134277344,290.2744588762506,404.3999938964844,185.39999389648438,400.1199951171875,252.17999267578125,305.5,284.4940440114858,397.75,181.67999267578125,393.0,252.9600067138672,305.8599853515625,287.5285022187445,400.2699890136719,185.05999755859375,395.69000244140625,32361600,21955200,8961200,26228300,182497800,46890500
2026-03-18,249.94000244140625,307.69000244140625,286.27490234375,391.7900085449219,180.39999389648438,392.7799987792969,254.94000244140625,312.4700012207031,287.93641255144826,398.0,183.3800048828125,403.07000732421875,249.0,306.92999267578125,283.6682474755719,391.0,180.3300018310547,392.30999755859375,252.6300048828125,309.2699890136719,285.36953215418885,397.1300048828125,182.47999572753906,399.0,35757900,20009800,10057000,25908500,156683100,50853100
2026-03-19,248.9600067138672,307.1300048828125,286.5037536621094,389.0199890136719,178.55999755859375,380.29998779296875,251.8300018310547,308.05999755859375,288.0359209952396,392.489990234375,179.97999572753906,387.2699890136719,247.3000030517578,302.3500061035156,283.1708046765218,387.05999755859375,175.7899932861328,378.7300109863281,249.39999389648438,304.010009765625,285.4193072233837,390.1000061035156,178.00999450683594,387.2699890136719,34864100,25075800,9846700,25138800,170968500,67078300
2026-03-20,247.99000549316406,301.0,285.1009216308594,381.8699951171875,172.6999969482422,367.9599914550781,249.1999969482422,306.0,289.2297850267638,387.0,178.25999450683594,379.8900146484375,246.0,298.2699890136719,283.81748141518966,380.1199951171875,171.72000122070312,364.4599914550781,247.97999572753906,305.4599914550781,286.61317132501995,386.7900085449219,178.0,379.8500061035156,88331100,44364100,22436500,50853200,241323500,78628600
2026-03-23,251.49000549316406,302.05999755859375,288.4338684082031,383.0,175.63999938964844,380.8500061035156,254.60000610351562,305.9800109863281,294.24412922690453,387.2099914550781,178.3699951171875,385.3299865722656,250.27999877929688,300.92999267578125,286.5037438804951,381.67999267578125,174.75999450683594,372.7300109863281,253.97000122070312,302.1099853515625,292.8114588483544,383.8999938964844,177.25999450683594,373.0899963378906,40546100,29326900,11470800,29680100,182836300,74606000
2026-03-24,251.63999938964844,290.44000244140625,290.91119384765625,372.739990234375,175.1999969482422,383.0299987792969,254.8300018310547,299.9200134277344,293.9755285514211,382.4700012207031,176.22000122070312,387.4800109863281,249.5500030517578,290.3299865722656,283.9169894005904,371.8500061035156,173.97999572753906,376.30999755859375,250.35000610351562,299.20001220703125,284.71293429347423,382.3599853515625,174.8300018310547,376.55999755859375,45152300,36864300,11092300,42733600,147667800,60004900
2026-03-25,252.6199951171875,290.92999267578125,293.91583251953125,371.0400085449219,178.67999267578125,385.95001220703125,255.0,296.0,296.1245302289603,377.05999755859375,181.22000122070312,396.2300109863281,251.60000610351562,289.239990234375,290.950994762599,369.6300048828125,176.85000610351562,385.010009765625,254.10000610351562,293.44000244140625,292.6522795072885,376.9200134277344,177.10000610351562,389.989990234375,28476700,29460700,12188200,31181200,162602100,55157300
2026-03-26,252.88999938964844,280.9200134277344,290.1749572753906,365.9700012207031,171.24000549316406,372.1099853515625,257.0,287.95001220703125,293.48798854194115,374.7200012207031,176.50999450683594,384.44000244140625,250.77000427246094,278.5,289.24969984697105,365.19000244140625,171.13999938964844,371.8699951171875,252.1199951171875,287.9100036621094,291.0902559049482,370.82000732421875,176.07000732421875,381.6000061035156,41796700,39080600,8669200,36836600,186152200,55522900
2026-03-27,248.8000030517578,274.3399963378906,281.3998718261719,356.7699890136719,167.52000427246094,361.8299865722656,255.49000549316406,279.3699951171875,288.63284454259417,362.45001220703125,170.97000122070312,369.8599853515625,248.07000732421875,273.95001220703125,280.31542537678433,356.510009765625,167.00999450683594,359.4700012207031,253.89999389648438,277.2799987792969,287.66781259849654,361.8999938964844,170.0,369.69000244140625,47900000,35890600,9873300,37883400,196212700,62065700
2026-03-30,246.6300048828125,273.5,282.32513427734375,358.9599914550781,165.1699981689453,355.2799987792969,250.8699951171875,277.0899963378906,285.787426299191,365.3599853515625,169.4499969482422,367.2900085449219,245.50999450683594,272.1099853515625,280.89246381052374,356.2799987792969,164.27000427246094,352.1400146484375,250.07000732421875,276.4200134277344,283.2901966006573,361.8999938964844,168.77999877929688,365.8599853515625,39446200,35141200,11734400,44797000,185627000,67954400
2026-03-31,253.7899932861328,287.55999755859375,292.6622314453125,370.1700134277344,174.39999389648438,371.75,255.47999572753906,288.0799865722656,293.56760164880984,372.8999938964844,174.6199951171875,373.3299865722656,247.10000610351562,277.0899963378906,283.4991344325332,363.07000732421875,166.9600067138672,361.0,247.91000366210938,278.0400085449219,287.0012007453536,364.54998779296875,166.97000122070312,361.510009765625,49598100,43875400,12956900,45244400,226181300,75534900
2026-04-01,255.6300048828125,297.3900146484375,293.87603759765625,369.3699951171875,175.75,381.260009765625,256.17999267578125,300.5199890136719,297.19902789200404,373.989990234375,177.3699951171875,383.1400146484375,253.3300018310547,290.4100036621094,291.41861272257177,368.20001220703125,174.75,374.0799865722656,254.0800018310547,290.8399963378906,293.8859963972044,373.489990234375,176.0,378.6300048828125,40059400,37684500,11267200,29417200,168132000,58683800
2026-04-02,255.9199981689453,295.7699890136719,293.1000061035156,373.4599914550781,177.38999938964844,360.5899963378906,256.1300048828125,298.0799865722656,294.1148016905453,373.6400146484375,177.49000549316406,370.2799987792969,250.64999389648438,289.45001220703125,287.2499401451481,364.1499938964844,171.3699951171875,359.0299987792969,254.1999969482422,290.69000244140625,290.4237002119346,367.2099914550781,172.17999267578125,364.20001220703125,31289400,21666500,6669300,24099100,143143200,83031200
2026-04-06,258.8599853515625,299.989990234375,295.45001220703125,372.8800048828125,177.63999938964844,352.82000732421875,262.1600036621094,300.6199951171875,296.8299865722656,373.7300109863281,177.7899932861328,367.7200012207031,256.4599914550781,295.17999267578125,293.20001220703125,369.5,175.75999450683594,346.6400146484375,256.510009765625,295.8699951171875,294.05999755859375,373.489990234375,177.16000366210938,362.5899963378906,29329900,16945500,7142600,16146600,107564300,77697600
2026-04-07,253.5,305.4599914550781,297.3999938964844,372.2900085449219,178.10000610351562,346.6499938964844,256.20001220703125,305.6300048828125,298.17999267578125,372.45001220703125,178.22999572753906,348.0199890136719,245.6999969482422,297.7200012207031,292.70001220703125,366.55999755859375,173.66000366210938,337.239990234375,256.1600036621094,302.7300109863281,293.1400146484375,370.3399963378906,175.72999572753906,346.44000244140625,62148000,23205400,7849100,21443300,132534900,74515400
2026-04-08,258.8999938964844,317.32000732421875,307.9700012207031,374.3299865722656,182.0800018310547,343.25,259.75,322.0799865722656,311.260009765625,385.0,185.25999450683594,364.5,256.5299987792969,315.0199890136719,305.3299865722656,371.4100036621094,180.3000030517578,339.6700134277344,258.45001220703125,320.45001220703125,307.9700012207031,384.9800109863281,184.5,363.7900085449219,41032800,33547100,10590200,33064800,147732700,78838600
2026-04-09,260.489990234375,318.489990234375,310.3299865722656,373.07000732421875,183.91000366210938,345.6199951171875,261.1199951171875,319.5400085449219,311.260009765625,373.5,184.0800018310547,348.8800048828125,256.07000732421875,311.05999755859375,306.1099853515625,367.04998779296875,180.6199951171875,337.25,259.0,315.9100036621094,306.95001220703125,372.5,181.83999633789062,343.1499938964844,28121600,23739200,6586600,30435300,116428500,62164000
2026-04-10,260.4800109863281,317.239990234375,309.8699951171875,370.8699951171875,188.6300048828125,348.95001220703125,262.19000244140625,321.8299865722656,310.3500061035156,375.6400146484375,190.0,350.3599853515625,259.0199890136719,316.32000732421875,306.7200012207031,370.0299987792969,184.3000030517578,342.739990234375,259.9800109863281,320.0199890136719,310.0,372.9800109863281,184.30999755859375,346.2900085449219,31259500,19127000,6067800,28038000,160099500,51045600
