Ticker,AAPL,AAPL,AAPL,AAPL,AAPL,JNJ,JNJ,JNJ,JNJ,JNJ,JPM,JPM,JPM,JPM,JPM,TSLA,TSLA,TSLA,TSLA,TSLA,XOM,XOM,XOM,XOM,XOM
Price,Close,High,Low,Open,Volume,Close,High,Low,Open,Volume,Close,High,Low,Open,Volume,Close,High,Low,Open,Volume,Close,High,Low,Open,Volume
Date,,,,,,,,,,,,,,,,,,,,,,,,,
2022-04-18,161.73304748535156,163.23211669383912,160.2633706181813,160.60628625032533,69023900,158.19369506835938,160.62456359677395,157.3745016269454,160.03687691482213,6318700,116.09153747558594,116.79643590922333,113.45267755927001,113.57015833327083,11834400,334.7633361816406,338.3066711425781,324.4700012207031,329.6766662597656,51715200,77.16046142578125,77.45672651229268,76.46335693692443,77.11688990219729,19032300
2022-04-19,164.01593017578125,164.42745284930518,160.59649161266293,161.68405307765963,67723800,163.0198211669922,165.56644987233403,160.23277271197435,160.91840717526344,14380800,118.49542236328125,118.67617687695247,115.88367960047871,116.0824985338104,15015400,342.7166748046875,344.9800109863281,331.77667236328125,335.0199890136719,49847700,76.47205352783203,77.25629422048043,76.04507397689713,76.68989779534105,20382600
2022-04-20,163.84933471679688,165.4659878847408,162.74218855364813,165.3484035950485,67929800,163.74107360839844,164.12396534313316,161.96911408358025,162.2718704273968,8044900,118.9111099243164,120.65527748799845,118.69421283370293,119.76060629218166,13430200,325.73333740234375,344.6666564941406,325.0833435058594,343.3333435058594,70711200,76.64632415771484,77.11686856025882,76.07121876443617,76.65503978963584,20689400
2022-04-21,163.05572509765625,168.062424195949,162.55604041418727,165.4953937411617,87227800,163.26919555664062,164.6137395553612,162.5568490564848,163.77673343669406,6969200,117.98932647705078,120.02269036750445,117.44710438004198,119.4895004790748,12174200,336.260009765625,364.0733337402344,332.1400146484375,358.24334716796875,105416400,75.83595275878906,78.24967120179062,75.62682410298854,77.50899530135354,29010900
2022-04-22,158.5193328857422,164.47642463552896,158.23520194954875,163.0949398073809,84882400,161.6485595703125,163.08215155662737,161.50610118152144,162.47666604035794,8003600,114.60040283203125,117.95320049865266,114.4919611552525,117.73630335546179,14318800,335.01666259765625,344.95001220703125,331.3333435058594,338.3033447265625,69696600,74.18033599853516,76.78575852028287,74.06705935988185,75.5135486514004,23591600
2022-04-25,159.58729553222656,159.87142644375086,155.25665006996203,157.8628653370747,96046400,165.62881469726562,166.2343139258755,162.1472450835522,162.36093950445598,11176500,114.56424713134766,114.88055372440961,111.25664516641041,113.87742689939034,17149000,332.67333984375,336.2066650390625,325.1000061035156,326.3233337402344,68341200,71.67948913574219,72.02804133953418,69.09149783129307,71.775341157987,37698300
2022-04-26,153.6302032470703,159.05820246882445,153.55181869779824,158.9700254572649,95623200,164.4445037841797,166.12742848275693,163.99928906058787,164.81849610844694,10190000,111.1753158569336,114.23892430583341,111.03976375749203,112.63934058425428,17209500,292.1400146484375,333.3333435058594,291.6666564941406,331.80999755859375,136133700,71.70562744140625,73.82307421047732,71.60977542176302,72.08903551997916,28941500
2022-04-27,153.4048614501953,156.55975368530983,152.2389155403168,152.7582001127346,88063200,162.147216796875,164.56918611504406,161.82666163456216,164.05273537649137,11090100,109.72936248779297,111.66331712699217,109.5486217699453,110.55174861207772,17215200,293.836669921875,306.0,292.4533386230469,299.52667236328125,76956300,73.75334930419922,74.48530944671869,71.69689903684879,72.6641280459873,32773000
2022-04-28,160.33193969726562,161.19415486672693,155.717147988404,156.030686213781,130216800,163.3582305908203,164.28427145439645,161.98696131257623,162.28080472934283,9403900,111.46448516845703,111.74464221162738,109.47630992531687,110.98551611682517,13015600,292.5033264160156,300.0,273.8999938964844,299.99334716796875,124948500,75.98408508300781,76.80318173422033,73.25667698740368,73.96249035395398,33683800
2022-04-29,154.46299743652344,162.84015665375182,154.07108967503086,158.56829627206238,131747600,160.68692016601562,162.54791463680928,160.45539979088002,162.5033904426004,8463100,107.8676986694336,111.70849723680001,107.45198953422596,111.20241774955869,14874800,290.2533264160156,311.4666748046875,290.0,300.75,88133100,74.28489685058594,76.80317610640166,73.80563679231805,76.80317610640166,34656500
2022-05-02,154.7667999267578,155.03133103517357,150.17160722826696,153.54206903484993,123055300,159.06634521484375,161.5328390424036,157.6327529972145,160.69583303390388,7145400,108.85274505615234,109.08771348260495,106.83745935622471,108.33762647553962,18545000,300.9800109863281,302.1199951171875,282.6766662597656,286.92333984375,75781500,75.29570007324219,75.84466526511761,73.74464321643005,74.07577077655031,36335200
2022-05-03,156.2560272216797,157.46117291588328,153.15991957685017,154.95291204808,88966500,158.75465393066406,160.83826908133847,158.21149144572055,159.20878162650794,5898700,111.18434143066406,112.21457862994093,109.15097744869927,109.82876544268754,15720900,303.0833435058594,308.02667236328125,296.1966552734375,301.05999755859375,63709500,76.84674835205078,77.36085764847172,75.04299802623956,75.16499028803706,33908100
2022-05-04,162.66383361816406,163.1145261346623,156.04048055543203,156.44219580516028,108256500,160.45538330078125,160.7225148517048,157.73957077566274,158.63000022082454,5923000,114.86248016357422,115.13359814150685,110.92227174790185,110.97649948037832,17128500,317.5400085449219,318.5,295.09332275390625,301.3133239746094,81643800,79.90528106689453,80.06212921799442,77.47414469696616,77.98825401841138,46188400
2022-05-05,153.60081481933594,160.76303686900772,151.8175999162394,160.5376906280676,130525300,157.39231872558594,160.019096706819,156.06558742237982,159.76086453464202,7089200,111.9886474609375,113.95875147359433,110.39810995874578,113.19059313864258,15055400,291.09332275390625,315.20001220703125,285.8999938964844,313.00665283203125,92519100,78.69406127929688,80.21026217185614,77.0210188958654,80.20154653967009,41013400
2022-05-06,154.32691955566406,156.44636712680793,151.2851189689877,153.0807608024048,116124600,157.04505920410156,157.49027398992655,155.5491440454306,155.9498346352977,6434000,111.80791473388672,112.32303336182433,109.5124717740967,111.88021377863988,14417900,288.54998779296875,296.0,281.03668212890625,295.6666564941406,72903000,79.89656829833984,80.00984492784963,77.85754243060624,79.27789135610092,29619300
2022-05-09,149.2049102783203,152.90412873322438,148.6456204167706,152.02101820173502,131577900,157.89984130859375,158.99506562587368,155.4600599513056,156.22582975053663,7855200,110.12700653076172,111.45547225554238,108.89795027482975,110.35293588817838,14312300,262.3699951171875,281.8766784667969,260.3833312988281,278.8166809082031,90810300,73.59652709960938,78.04055006879294,73.21311895428768,77.93598904594616,45851600
2022-05-10,151.60891723632812,153.7970575708187,150.05858149525076,152.599963074193,115366700,157.68614196777344,159.5471361857638,157.16079187335265,158.70123095821134,8186700,107.44295501708984,111.86213229989619,106.24100928876732,111.25664333112601,16382400,266.67999267578125,275.1199951171875,258.0833435058594,273.10333251953125,84401700,74.08447265625,75.71395010645368,72.77740710259077,74.62472881173765,34483200
2022-05-11,143.7493133544922,152.53126499841446,143.0722664113859,150.61788122808568,142689800,156.8313446044922,158.78138728916355,156.60873724024887,156.67997322723176,6138900,106.76514434814453,111.0578008427587,106.58440367471825,107.81345955949823,14630300,244.6666717529297,269.92333984375,242.39999389648438,265.0,97224600,75.62681579589844,77.50027780354147,75.18241163406698,75.31311952261498,33020600
2022-05-12,139.88330078125,143.45495579096956,136.19390367446763,140.08936442340104,182602000,158.3806610107422,158.45189698776105,155.56691464630103,157.13406538009568,6898600,106.67479705810547,106.92783681349641,104.26187338300672,105.73493018464183,16318800,242.6666717529297,253.22000122070312,226.6666717529297,233.6666717529297,140313000,75.97015380859375,76.04057294635754,73.41727369068639,75.6620423766384,29491500
2022-05-13,144.3478546142578,145.31927170624107,140.42295884876623,141.87516608975716,113990900,157.47247314453125,159.28894346897977,156.5375193890147,159.1197596786539,7732200,107.62368774414062,108.67200310019037,106.602489698181,107.91288389324319,10443200,256.5299987792969,262.45001220703125,250.52333068847656,257.82666015625,92150700,78.22370910644531,78.30293313646385,76.01414714816893,76.90325487671622,25798400
2022-05-16,142.80731201171875,144.75014600756265,141.47284698177492,142.8171338324465,86643800,158.5676727294922,159.50262633778144,156.86694927659812,157.47244834731748,5516700,106.87361907958984,107.95807717553483,105.94279128318739,107.12665884232258,10269000,241.4566650390625,256.586669921875,239.69667053222656,255.72000122070312,86098500,80.06356811523438,80.97028599350239,78.32057165433388,78.32937656628832,26101200
2022-05-17,146.4379119873047,146.9579596403424,143.92596533868675,146.06504198237434,78336300,159.2266082763672,160.01017699022816,157.24094072671613,159.13755989241952,5751100,110.41616821289062,111.13010563112051,109.17807316181118,109.38593115236017,11160200,253.8699951171875,254.82666015625,242.9499969482422,249.1199951171875,80236200,81.084716796875,81.3840166186876,80.21321863292599,80.7502040461116,23120700
2022-05-18,138.17596435546875,144.59316242526515,137.27322514239307,144.09274359887067,109742900,156.27035522460938,159.71631255612158,155.97651190059975,159.24438607458694,8608800,108.52742004394531,110.22641318095555,108.02134050261459,109.6209241733182,12664900,236.60333251953125,253.5,233.60333251953125,248.17333984375,87811800,79.7994384765625,81.79772258479463,79.07759055492464,81.43680198206388,25451200
2022-05-19,134.77113342285156,139.00020681352638,134.03521536260072,137.2536291483144,136095600,154.8813018798828,155.64707175615732,153.7682650589533,155.5758357691928,6874500,106.91881561279297,108.12980065256204,106.30428743473495,106.81037392507633,12765800,236.47332763671875,244.6666717529297,231.3699951171875,235.6666717529297,90296700,80.2308120727539,81.25196674075552,78.34696425602688,78.34696425602688,24387400
2022-05-20,135.006591796875,138.0581987019196,130.12010100370028,136.47842763585558,137426100,157.58822631835938,157.74851071104203,154.9792741200952,155.6916205152769,7522100,106.04219818115234,108.14786141314755,103.94557405385706,107.9580815833495,13150100,221.3000030517578,240.52667236328125,211.0,237.99667358398438,144973200,80.8646240234375,82.38754426228012,79.57938260980812,80.92624495709856,28795000
2022-05-23,140.42295837402344,140.57013597581613,135.06546908443286,135.20283983686906,117726300,160.80538940429688,161.24449478420624,159.0310136817501,159.156474315179,7040800,112.60318756103516,114.38351195643533,108.85275894209595,108.86179804671684,24376700,224.96665954589844,226.65333557128906,212.68666076660156,218.33999633789062,88903500,82.65164184570312,83.4263060089529,81.47203913919698,81.5688729991255,27239300
2022-05-24,137.72457885742188,139.30434983958662,134.75147181836144,138.16612659120844,104132700,162.56185913085938,162.8665610004407,160.50072184208614,160.6351390829417,6419800,114.1937255859375,115.21492371545938,111.25664418073296,112.3862908750424,19324900,209.3866729736328,217.97332763671875,206.85667419433594,217.8433380126953,89092500,83.10059356689453,83.44391115425312,81.26956195686338,81.709713398726,24293300
2022-05-25,137.881591796875,139.12773541661255,135.7425158289754,135.83082238994155,92482700,160.96670532226562,162.69628458358855,160.46486274100658,161.78220635390397,6558900,114.9889907836914,115.54929800869557,113.11829619215871,114.12142297694743,12780400,219.60000610351562,223.10667419433594,207.6699981689453,207.9499969482422,92139300,84.7731704711914,84.97563637358432,83.16221458053363,83.25904843513128,29947800
2022-05-26,141.08038330078125,141.62986633656274,134.56505664226245,134.81036263839988,90601500,160.8233184814453,162.2033854682359,160.05262781567862,162.2033854682359,6897600,116.97715759277344,117.65494549867444,115.86558928819228,116.01017356133217,15990900,235.91000366210938,239.55667114257812,217.8866729736328,220.47332763671875,106003200,85.07247161865234,85.76791171477582,84.68513619393089,85.03725869675239,24314800
2022-05-27,146.8303985595703,146.86964094239937,142.5326314835253,142.66019542923442,90978500,162.28407287597656,162.34681004498157,159.72107902285606,161.09218973256242,5853600,118.63098907470703,118.63098907470705,116.70606656569625,117.62786219123241,11177800,253.2100067138672,253.26666259765625,240.17666625976562,241.0833282470703,89295000,85.90875244140625,86.208058904678,83.89286481261983,84.46505629573213,25588800
2022-05-31,146.04541015625,147.831245433681,144.0829617048982,146.27110250820675,103718400,160.88601684570312,161.45955304179478,156.83540976907867,159.51490666326242,16391400,119.49852752685547,120.32994573806752,117.22116999643451,117.6459044154142,17015000,252.75332641601562,259.6000061035156,244.7433319091797,257.9466552734375,101914500,84.50908660888672,87.83663081952304,84.2537979371476,86.76266010261315,44888100
2022-06-01,145.91783142089844,148.89093902040028,144.90715690011942,147.08547543452738,74286600,159.25503540039062,161.1548715642593,157.63299024582832,160.5454816390937,5175400,117.40192413330078,120.07691976449294,116.28130965612804,120.07691976449294,10768000,246.7899932861328,257.32666015625,243.63999938964844,251.72000122070312,77247900,86.12884521484375,86.89471126862071,85.05488116004108,85.40699699902996,25815400
2022-06-02,148.3709259033203,148.42979696294097,144.1025944132952,145.05438313661304,72348100,158.7532501220703,159.344713458578,156.45910421897307,159.2819899572935,8666500,119.29068756103516,119.29971977006767,116.28130719735319,117.39287565216584,8374800,258.3333435058594,264.2099914550781,242.06666564941406,244.1566619873047,93473100,85.97917175292969,86.35770222068469,85.20450771676524,85.64465911107675,19089100
2022-06-03,142.65036010742188,145.19172685572278,141.7476357595722,144.14180991397814,88570300,158.0989990234375,160.11533929945364,157.85703436154444,158.6815055299073,4234200,117.62783813476562,119.08282342873453,117.47420786020129,118.57674398555068,8596000,234.51666259765625,247.79666137695312,233.4166717529297,243.22666931152344,112393800,87.22919464111328,87.73097364675166,86.18163895522017,86.18163895522017,21038200
2022-06-06,143.3960723876953,145.78045445382116,142.17934925780943,144.2693611343495,71598400,158.08108520507812,159.96300842087965,157.72263015167965,158.8069792506133,5386500,117.23925018310547,119.6431416893149,116.99525642250252,118.46830635405496,11323500,238.27999877929688,244.86666870117188,234.35000610351562,244.35333251953125,84204600,87.00914764404297,87.83663463554868,86.85949774188782,87.30845416453232,20682100
2022-06-07,145.91783142089844,146.20237980048756,141.39438806442126,141.63969407079793,67808200,159.8196258544922,160.6799371530153,158.08109007615275,158.60085949152526,5447800,117.54651641845703,117.77244574458803,116.2361152951919,116.42590199657988,6722200,238.8866729736328,239.99667358398438,230.0933380126953,234.0,72808500,90.99691772460938,91.04973375206386,87.58133800407923,87.76620081634836,37810200
2022-06-08,145.18194580078125,147.05607272879104,144.6913336785422,145.79030004122362,53950200,158.8697052001953,160.81435192717603,158.43955639459645,159.6045558475197,4333100,115.67582702636719,116.98621449647362,114.68173926682266,116.57954442501068,8422100,241.86666870117188,249.9633331298828,239.17666625976562,240.086669921875,76210500,92.07086944580078,92.93356917131929,90.65358807331212,91.10253767940323,31613200
2022-06-09,139.96182250976562,145.17212073609275,139.8538872463902,144.318460453583,69473000,155.6704864501953,160.09746346967384,155.60774928022812,158.8070167680667,5509600,113.24479675292969,115.76617538802924,113.2086472386285,115.10645881795871,13560100,239.7066650390625,255.54666137695312,239.32666015625,249.33999633789062,96491400,90.08141326904297,92.0532902325667,89.9317633615112,91.04094037564242,26607000
2022-06-10,134.5552520751953,138.117085018381,134.48655920841233,137.64610169004794,91437900,154.63092041015625,155.90345370462907,152.90134116910582,154.29037851649994,6647300,108.0394058227539,111.51871604395458,107.83154781032387,110.7867003434973,12945200,232.22999572753906,239.5,227.913330078125,235.1566619873047,97536600,88.43523406982422,90.97930907295361,87.84543270174726,89.73808539858535,30950500
2022-06-13,129.40382385253906,132.6614796951245,128.9720829038409,130.37522601482007,122207100,153.0716094970703,154.36206962549548,152.41742284208803,152.41742284208803,7997000,104.82217407226562,106.59345926062625,103.98171665635213,105.60841065322221,16805600,215.73666381835938,226.63333129882812,214.68333435058594,223.1666717529297,102767400,84.37703704833984,86.06721711315835,82.67805207342519,85.84714137400452,33421000
2022-06-14,130.26730346679688,131.3760914682962,129.01133784221852,130.63036655754385,84784300,150.72369384765625,153.34045408110208,149.89026600312727,153.2956437799237,7116800,103.07798767089844,106.02410784622846,102.31886848788942,104.42453134213635,13357900,220.88999938964844,226.3300018310547,211.73666381835938,218.2866668701172,97988700,84.59710693359375,86.85948510689721,83.86645391827949,85.75030829396268,31264000
2022-06-15,132.88717651367188,134.7613181921413,129.67858439406757,131.76858160626196,91533000,152.33676147460938,153.63617809973658,151.1269517732455,152.02310305597922,7796100,104.29802703857422,105.68974574838859,102.27369512557486,104.48780686263981,14083500,233.0,235.663330078125,218.14999389648438,220.9166717529297,119131800,83.53195190429688,85.01086122660483,82.10585861329955,84.50028387000566,29620800
2022-06-16,127.6180191040039,129.90427332336094,126.61716621170363,129.60009621204748,108123900,152.4174041748047,152.53390821146394,150.02468201064121,150.91186298463796,7056700,102.50865936279297,103.25874641860864,101.09886250208206,102.89725809937562,16724900,213.10000610351562,225.1666717529297,208.69332885742188,222.73666381835938,107390700,80.45088195800781,81.98260713231791,79.47374519607426,81.34879468224965,35696700
2022-06-17,129.0897979736328,130.5812623099988,127.37265636033015,127.62778412514145,134520300,151.86181640625,154.3172623961121,151.66466201191565,152.91031186292747,12486600,102.14717102050781,103.59311740229734,101.36094133828087,102.60806879979629,30919900,216.75999450683594,220.97000122070312,213.19667053222656,213.43333435058594,92641800,75.81167602539062,80.4156556940525,75.40673756217859,80.07233815532541,64610200
2022-06-21,133.31890869140625,134.48656772231706,130.8167993077871,130.91491273074396,81000500,155.04315185546875,155.80488603019725,151.95143219920297,153.0178545741487,8219700,104.67757415771484,105.76203213537997,103.96363667940597,104.7137236762791,11680500,237.0366668701172,243.57666015625,224.3333282470703,224.60333251953125,122793000,80.53011322021484,81.45442724667704,77.92441069449173,77.97723343613114,35951500
2022-06-22,132.80870056152344,135.17343948860204,131.395735327504,132.2592024365102,73409200,157.4896697998047,159.44327350950832,153.86025348381196,154.13805826141325,10593100,104.09015655517578,105.01194514678221,103.37621907681064,103.8190386133303,9842700,236.086669921875,246.8333282470703,233.82666015625,234.50332641601562,101107500,77.34342193603516,79.01599897535115,77.05292033483303,77.06172524534249,29727200
2022-06-23,135.67385864257812,135.9878425646897,133.0834276529192,134.25108671150673,72433800,161.0025634765625,161.14595098207374,158.18864863328423,158.61879747563273,10223500,102.95146942138672,104.09015510857078,100.7464039779636,103.93652482790742,11851500,235.07000732421875,239.31666564941406,228.6366729736328,237.9066619873047,104202600,75.01061248779297,78.39097925972622,73.52289837445191,78.0476616514442,35757200
2022-06-24,139.00018310546875,139.24548908371264,137.14567050883647,137.273219436367,89116800,163.35943603515625,163.57451729826803,161.2893284466276,162.0062523161481,9374400,106.02409362792969,106.47595219383372,101.96640563665954,102.32789386834567,14841100,245.7066650390625,246.06666564941406,236.086669921875,237.47000122070312,95770800,76.49832153320312,77.81877585178714,75.53878790261953,76.54233264744914,26639000
2022-06-27,139.00018310546875,140.7958246628887,138.3231362099494,140.0206493871563,70207900,163.2070770263672,164.30935301566623,162.6514675734805,162.77692821362214,5908600,105.17462158203125,107.09050482560198,104.50587268075745,106.69286698952862,11280500,244.9199981689453,252.07000732421875,242.56666564941406,249.36666870117188,89178300,78.37338256835938,79.262490564574,77.17616983568806,77.29941173027073,25478700
2022-06-28,134.85940551757812,140.72711982555325,134.741663449174,139.46134767334664,67083400,158.56504821777344,163.96884065588506,158.00046839838706,163.25191672276625,9245700,104.66854095458984,107.80444119495111,104.46972203868671,106.34041663724126,11590900,232.663330078125,249.97000122070312,232.3433380126953,244.48333740234375,90391200,80.54771423339844,82.07943937763484,79.53536456919662,80.21320155385978,33096900
2022-06-29,136.61581420898438,138.02877917366496,134.10388314834785,134.87905849783044,66242400,158.60983276367188,159.78378884729602,158.1079765200772,158.81594374592584,7097900,104.19861602783203,105.57226340322173,103.68349740020885,104.8312154319951,9338400,228.49000549316406,231.17333984375,222.27333068847656,230.5,82897200,77.5722885131836,82.04422182655117,77.25537895416527,81.85056084375343,25400900
2022-06-30,134.15292358398438,135.77193691877648,131.25831627242013,134.67297101745274,98964500,159.0758056640625,159.7748025547917,156.8533543621077,158.49331281318254,10777200,101.76760864257812,103.09607421510097,100.24936325895432,102.27368813884739,15172600,224.47332763671875,229.4566650390625,218.8633270263672,224.50999450683594,94600500,75.3891372680664,77.11453008774984,74.53524240936771,75.82928870317477,39948100
2022-07-01,136.32144165039062,136.42937688810812,133.11284998534265,133.48570492012948,71051600,160.8770751953125,161.0563027093246,158.34096553320228,159.02203555612132,5498400,103.06896209716797,103.40333308961966,100.45721961946425,101.80375648256306,10573600,227.26333618164062,230.22999572753906,222.1199951171875,227.0,74460300,77.07052612304688,77.36102099286964,74.57046224731167,76.35747616502748,26327900
2022-07-05,138.9020538330078,138.95111802279916,134.3589823539813,135.18322181452564,73353800,159.640380859375,160.52757550697288,156.47696808576507,160.2587274009569,5676400,102.67692565917969,102.75897633463552,99.65004452314356,100.99025424622354,12514200,233.06666564941406,233.14666748046875,216.1666717529297,223.0,84581100,74.65848541259766,76.32225732538895,73.07394425174681,76.00534774998319,34591100
2022-07-06,140.236572265625,141.41403840686974,138.43112318423007,138.6960579320058,74064300,159.78378295898438,160.80539491597398,158.98620883180988,159.57767198432595,5335600,102.0113754272461,103.01425645258415,101.00849440190805,101.86550523822852,10656200,231.73333740234375,234.56333923339844,227.18666076660156,230.77999877929688,71853600,73.31161499023438,75.02820945373522,71.31333061985828,73.73416328290178,33375700
2022-07-07,143.60214233398438,143.79838414491758,140.58977738452884,140.59958423477383,66253700,159.96299743652344,160.5186068333936,159.07580278013606,159.38946118595925,5725800,104.59152221679688,104.7556305302339,103.3880635701938,103.47923330970208,10347400,244.5433349609375,245.3633270263672,232.2100067138672,233.9199981689453,81930600,75.65323638916016,76.37508452727106,75.08984304800913,75.1602621785192,23817400
2022-07-08,144.27919006347656,144.7796239540416,142.2774994180926,142.5326123028861,64547800,159.76589965820312,161.29832484853964,159.30886728349319,159.81070997121884,3828300,104.26331329345703,105.43942180068538,103.57952976291537,104.99268517502378,8807800,250.76333618164062,254.97999572753906,241.16000366210938,242.3333282470703,101854200,75.7764663696289,76.85043685644371,74.7641168099505,76.54232550458441,17673800
2022-07-11,142.14991760253906,143.88668829327412,141.08038702449986,142.93489980535588,63141600,159.82859802246094,160.4290177833551,159.0847907644082,159.24609144307334,3645200,102.8957290649414,104.14477594309285,102.31223443936231,103.52481203393948,7939500,234.3433380126953,253.06333923339844,233.6266632080078,252.10333251953125,99241200,75.3891372680664,75.81168560088871,74.26235066877746,74.97539384447607,15603800
2022-07-12,143.121337890625,145.66270453987497,142.32654882035914,143.0232094985196,77588800,157.58822631835938,159.91821171183864,157.00571971435085,159.49701946749792,4708800,102.99603271484375,105.01091397132377,102.34871848857415,102.64046584345348,11250900,233.07000732421875,239.77333068847656,228.3699951171875,236.84666442871094,87930900,74.38560485839844,74.86977420371169,72.94190844932858,73.75178561223528,21013000
2022-07-13,142.75828552246094,143.700252180436,139.4515504526769,140.30522551606126,71185600,157.2207794189453,158.01835349427427,156.3783950457294,157.4179337903015,5291700,102.02961730957031,102.54929248449999,100.63469314504873,101.88374015936986,12979900,237.0399932861328,242.05999755859375,225.03334045410156,225.5,97954500,74.68489837646484,75.97894477580986,73.32923775600463,73.3996568870699,19928600
2022-07-14,145.68231201171875,146.1532952862436,140.56032211285975,141.3747397374832,78140700,157.43585205078125,157.7315836173592,154.4068699892725,154.61298095718433,5359600,98.4648208618164,98.67451752235421,96.69609870566313,98.45570180114818,26204800,238.31333923339844,238.65333557128906,229.3333282470703,234.89666748046875,78557400,73.18839263916016,73.33804254086868,71.03165292387193,72.05280093596552,26343000
2022-07-15,147.3504180908203,148.02746510063992,145.4174054581408,146.96774129904725,76259900,159.72103881835938,159.9719600828447,158.21551123144738,159.25504999813424,5691100,102.97779083251953,103.82568263852335,98.16395617487412,99.52241105012891,18863900,240.06666564941406,243.6233367919922,236.88999938964844,240.0,69683100,74.4207992553711,74.72009898254997,72.97710320575891,74.64967986309323,17243700
2022-07-18,144.3086395263672,148.7241480973096,143.9455764182645,147.9097302753274,81420900,156.13645935058594,159.68522501935558,155.84969800442482,159.28195961190542,7605700,101.92020416259766,105.61263064908424,101.46434852556438,104.6370998640652,13977900,240.54666137695312,250.51666259765625,239.60333251953125,244.93666076660156,82537500,75.79407501220703,77.41383576935836,75.48597035399771,76.21662334073541,19395800
2022-07-19,148.1648406982422,148.3905180514349,144.15163767930207,145.14266864096726,82982400,153.86024475097656,158.39476890342553,152.23821281315918,158.01838693505238,13256400,104.44564056396484,104.79209529728033,102.72250682510133,103.14189317339459,11862300,245.52999877929688,247.13999938964844,236.97666931152344,245.0,80890200,77.70433044433594,77.92440615918655,75.92612162346123,76.07577149767697,18248900
2022-07-20,150.16653442382812,150.83377461851506,147.5466677906739,148.28258588894056,64823400,152.98199462890625,154.63090974114218,152.13063995350606,154.31725131608067,7455800,104.42740631103516,104.60974577679487,103.46099462206014,104.0262511393981,11667500,247.5,250.663330078125,243.48333740234375,246.78334045410156,88864200,78.55824279785156,78.9191702743982,76.80644159781275,77.09694321803136,16584400
2022-07-21,152.4331817626953,152.6490522792443,149.08720372847873,151.59913522400217,65086600,153.5196990966797,153.59139285189383,152.13963191281815,152.3905532189748,5729200,105.13854217529297,105.33000070510592,103.3607080014549,104.33623877096178,11595900,271.7066650390625,273.26666259765625,254.86666870117188,255.10667419433594,142032300,77.24658966064453,77.29060749791992,75.01061919387071,76.5247414561096,21375700
2022-07-22,151.19683837890625,153.34572184345396,150.5296130875675,152.47243287549966,66675400,154.2455596923828,154.57714497679814,153.29564148801305,153.77957085480995,4257000,104.62799072265625,105.9864386118624,103.63422178876073,105.06560825135108,7645500,272.24334716796875,280.78668212890625,270.71331787109375,276.2200012207031,103472700,76.65679168701172,77.8804123968973,76.26065128231781,77.07053519769721,15479500
2022-07-25,150.0782012939453,152.1289557716175,149.4207830391442,151.11829629325123,53623900,154.55026245117188,155.0162512915182,153.8871055525782,154.24556061041136,4437300,105.04737854003906,106.17789861992284,104.63710427592753,105.6126351020783,9394000,268.4333190917969,274.14666748046875,267.3999938964844,272.2166748046875,64073400,79.20964813232422,79.3416881781041,76.95606841913953,77.60749732048103,17536400
2022-07-26,148.75357055664062,150.21558479499407,147.96858832963514,149.4011670445513,55138700,155.64356994628906,156.80856951129005,154.57716125730084,154.63988474527176,4525500,103.40628814697266,105.3755877827379,103.05072131648251,104.46387653413653,10675100,258.8599853515625,267.30999755859375,256.2633361816406,266.5133361816406,66820800,78.90155029296875,80.35405149086034,78.3469618571971,80.2220047062923,15141200
2022-07-27,153.8461151123047,154.37598449377768,149.3030578563077,149.71517016840275,78620700,155.21343994140625,156.01998451086425,153.35841341260803,154.70264068751777,4648500,105.06562042236328,105.52147612511402,103.29690502563852,103.94421928884785,9337400,274.82000732421875,275.9266662597656,261.7900085449219,263.80999755859375,88110000,80.60933685302734,80.98786737134489,78.69908115843381,79.47374529807472,18047000
2022-07-28,154.39564514160156,154.6801935925864,151.51084338722362,154.0325819799109,81378700,156.1095428466797,157.8032681386852,153.6361703537426,155.39261912180174,5513000,104.67357635498047,105.74028390547747,103.50658695677379,105.07473156904106,10384800,280.8999938964844,283.29998779296875,272.79998779296875,280.0666809082031,84723000,81.55125427246094,82.08823954025979,80.11636306614952,81.14631577343154,20353100
2022-07-29,159.45872497558594,160.55770616166393,156.50524578988953,158.21258113398608,101786900,156.3963623046875,156.692093938124,154.9535578547506,155.74216186972802,6451400,105.17501068115234,106.21436095289657,104.65533554528024,105.38470037404899,12944500,297.1499938964844,298.32000732421875,279.1000061035156,280.70001220703125,95313000,85.32776641845703,85.84714194253395,82.83650742285435,83.14461211647443,29825800
2022-08-01,158.4774932861328,160.51844113720935,157.8691391572039,157.98688125382472,67829400,155.84971618652344,156.96990560134086,155.51813082129019,156.08271066209807,5461400,104.12654113769531,104.94708265472225,103.0871908680628,104.39093823517094,14740400,297.27667236328125,311.8766784667969,295.0,301.27667236328125,117042900,83.17102813720703,83.93688742806114,82.0706494170799,83.44391991062137,20793200
2022-08-02,157.0056610107422,159.36060780651525,156.63280603827062,157.0939825576486,59907000,154.96249389648438,157.26560949046018,154.76533950033917,156.83544698567897,5794200,102.50370025634766,104.2997726043284,102.35782311166867,103.86214812609651,14942900,300.586669921875,307.8333435058594,292.6666564941406,294.0033264160156,95577600,82.81008911132812,83.80482891737329,82.59001339808273,83.35587929800069,16722500
2022-08-03,163.01077270507812,163.46212742924678,157.73178199101062,157.82008857109244,82507500,156.4590606689453,157.05948043160012,153.9319209764906,154.63091793445793,5010000,103.57952117919922,104.02625776783941,101.84726832088568,103.43364403265252,14394500,307.39666748046875,309.54998779296875,301.1499938964844,305.0,80091000,80.12516021728516,83.1181911670486,79.92269432849123,83.1181911670486,23580800
2022-08-04,162.69674682617188,164.05084071884252,161.34265293350123,162.89298862903826,55474100,153.9498748779297,156.90717784533084,153.7796175629788,156.65625649529076,5651600,102.43988037109375,103.315122368562,101.21818363417832,102.88661695238581,18033900,308.6333312988281,313.6066589355469,305.0,311.0,72256200,76.75360870361328,79.52655734657277,76.0845766478183,79.50014933529549,31821500
2022-08-05,162.4707794189453,162.96207295817032,160.1616937873522,160.36804367078585,56697000,153.3404541015625,153.71683601797986,152.15752778637875,153.51072504155266,5235500,105.53968811035156,105.93172419585717,102.1572404683401,102.59485793934842,14174600,288.1700134277344,304.6066589355469,285.5433349609375,302.6700134277344,113172900,77.86279296875,78.95437345858139,75.95253718581282,76.02296303344939,17408000
2022-08-08,161.9991455078125,164.88795425048374,161.34081388850365,163.47302629545368,60276900,152.5249786376953,153.67205143422362,151.84390843793986,153.5107507319867,4629800,104.25418853759766,106.39670875843993,104.0991992818673,105.98644144484655,10332500,290.42333984375,305.20001220703125,289.086669921875,295.0,98994000,78.30294036865234,78.87513859761962,77.6603230118904,78.00364060603513,14458500
2022-08-09,162.04823303222656,162.93257025599664,160.40731467514888,161.16391080154307,63135500,152.5070343017578,153.34941878139753,152.10376891819416,152.82964934344568,5532500,105.19325256347656,105.74939704082172,104.27242911249343,104.61887691977174,10233800,283.3333435058594,292.39666748046875,279.35333251953125,290.2933349609375,86244600,79.74662780761719,80.64454042894819,79.18323455023112,79.27127020359183,19083400
2022-08-10,166.2930450439453,166.39129475740782,163.99377985120265,164.76019658442047,70170500,152.9461669921875,153.45697988450635,151.92455488173582,153.25982547071865,5603400,107.93749237060547,108.83097243993163,107.12606992930743,107.54545626199369,12847300,294.3566589355469,297.510009765625,283.3699951171875,297.0666809082031,94918800,80.50370788574219,80.8030144026993,78.51422791118654,79.82587752057002,18302000
2022-08-11,165.5560760498047,168.01254335724568,165.26129697429445,167.0987297224726,57149200,149.78274536132812,152.30092862279622,149.63935785465034,151.01943867659983,9328700,109.53298950195312,110.49940120536078,108.77626749172022,109.31418074861277,11684900,286.6300048828125,298.2366638183594,285.8333435058594,296.5133361816406,70155000,82.83251190185547,83.81914283177548,81.2770135433337,81.6325506001338,18797900
2022-08-12,169.10324096679688,169.1720142653812,166.45024387983412,166.86294364369544,68039400,148.13381958007812,150.49965857619264,147.9993886742561,150.14118983485147,14606900,111.34729766845703,111.45670552766606,108.89479902114954,110.01620001587027,9906700,300.0299987792969,300.1600036621094,285.0333251953125,289.4166564941406,79657200,83.552490234375,83.57026437612528,81.87255240941143,82.20143167399107,15058200
2022-08-15,170.1742706298828,170.37078506094434,168.36631387517275,168.53335189122956,54091700,148.84178161621094,149.43324481753302,147.98148393627432,148.76113127262659,10072000,111.64814758300781,111.88519443173212,109.95236427252641,110.4446891325827,8456200,309.32000732421875,313.1333312988281,301.2300109863281,301.78668212890625,89359200,82.05919647216797,82.42363073532393,79.69484272666018,80.46814320853962,20755200
2022-08-16,170.0170135498047,170.68518045173758,168.67087426733767,169.7713668198312,56377100,150.16810607910156,150.77748250570852,148.402686616452,148.63568107235713,7453600,112.71485137939453,113.27099575911315,111.11024470080724,111.49316172939255,9555000,306.5633239746094,314.6666564941406,302.8833312988281,311.6666564941406,88136400,81.2947769165039,82.56584139237852,81.14367300923337,81.80142461491917,14038200
2022-08-17,171.5105743408203,173.08270464114312,169.5650561598673,169.76157057327157,79542000,150.17701721191406,151.05524154437714,149.1285219664447,149.1285219664447,7406600,111.76668548583984,112.28636760700563,110.94615087639019,111.50229532862933,8149300,303.9966735839844,309.65667724609375,300.0333251953125,303.39666748046875,68766000,81.95252990722656,82.85027646921675,80.81479518148218,81.12589346095388,13678000
2022-08-18,171.11753845214844,171.8544787813878,170.1054749327735,170.72450960712317,62290100,149.451171875,150.82228241451682,148.69839431131254,150.266659251535,8312100,110.90056610107422,111.65728817761779,109.90680408589245,111.44759151026271,9531800,302.8699951171875,306.5,301.85333251953125,306.0,47500500,83.89025115966797,84.71688775057906,82.7436257734729,82.79696176031027,17770400
2022-08-19,168.53334045410156,170.71468497495962,168.32699056998192,170.01704154998163,70346300,151.72740173339844,152.45328222922265,149.65729404554835,149.74691466135786,8128500,108.15631866455078,110.30795808098316,107.68223180680734,109.97062932160222,13464500,296.6666564941406,300.3599853515625,292.5,299.0,61395300,83.62359619140625,84.61911083419103,83.37471753071006,83.69470631772941,16128600
2022-08-22,164.65211486816406,166.90223255698254,164.22959465128477,166.73519456201245,69026800,151.19509887695312,152.39499005630137,150.81618804653698,152.3769427502641,5462600,106.36933898925781,106.81608246424692,105.302638605247,106.44227755119122,8967600,289.913330078125,292.3999938964844,286.2966613769531,291.913330078125,55843200,83.56136322021484,83.98801034734628,81.65032126355537,83.03693459888326,16019900
2022-08-23,164.31800842285156,165.77224787707962,163.74810620318166,164.1706263803019,54147100,149.87791442871094,151.35747670500325,149.580195866486,150.66280005981173,5566300,105.32086944580078,106.93460208357399,105.19323044070963,106.38757678235416,7607000,296.4533386230469,298.82666015625,287.92333984375,291.4533386230469,63984900,87.10791778564453,87.47235212534694,84.84133149803573,84.93022255357758,23764700
2022-08-24,164.61279296875,165.18269520734955,163.35508285359487,164.40645810232692,53841500,149.38172912597656,150.29291842523043,148.9216260915918,150.2658543506231,5684300,105.576171875,106.13231632737576,104.34535604891266,105.11119716194045,9771300,297.0966796875,303.64666748046875,296.5,297.5633239746094,57259800,87.62344360351562,87.97009697021804,86.53903798196059,87.11679585360945,17050300
2022-08-25,167.0692596435547,167.1773448089003,165.4185207470986,165.84102594330326,51218200,150.78013610839844,150.8793756615382,148.587849167607,149.71556510507529,5678700,108.0833740234375,108.25659443508277,105.46676017002672,105.90438464092031,10758900,296.07000732421875,302.9599914550781,291.6000061035156,302.3599853515625,53230000,88.07674407958984,88.76116704610679,87.19677847550165,87.92564017633468,15305700
2022-08-26,160.77085876464844,168.0714870002958,160.7119059513814,167.5998495010736,78961000,148.19989013671875,151.11390364809242,148.13673144987305,151.07782280279542,5667100,104.54594421386719,109.39624856717718,104.48212469431598,108.91304263974573,11276200,288.0899963378906,302.0,287.4700012207031,297.42999267578125,57163900,86.99236297607422,88.80563052624066,86.5923735977145,87.7923281699237,15531400
2022-08-29,158.5699005126953,160.06342201093398,157.03706713692557,158.34389469961232,73314000,147.05410766601562,147.8119292114833,146.1699825296367,147.4781298139447,5259200,104.29065704345703,104.71916247557431,103.44276524002221,103.93509018612681,8117300,284.82000732421875,287.739990234375,280.70001220703125,282.8299865722656,41864700,88.99227905273438,90.2722272811558,87.23234091418293,87.26789597350493,23059200
2022-08-30,156.14291381835938,159.7293506019625,154.97363281420544,159.3068453614504,77906200,146.53988647460938,147.54129859529044,146.1790229467857,147.32478598502072,6973300,104.30889129638672,105.37559182881495,103.3515916662762,104.84679761492905,10745400,277.70001220703125,288.4800109863281,272.6499938964844,287.8699951171875,50541800,85.60572814941406,87.65899033568245,85.17019056263209,87.42788585269385,17086800
2022-08-31,154.4823455810547,157.78383884788298,154.40373681361956,157.5185361319256,87991100,145.5565185546875,147.55032598343757,145.4933736333931,147.26162415448914,8741700,103.68892669677734,104.87414718457181,103.33335289905345,104.37271015520666,10738300,275.6099853515625,281.25,271.80999755859375,280.6199951171875,52107300,84.96576690673828,86.07683723524842,83.18805438112206,83.57915330681686,18340900
2022-09-01,155.20944213867188,155.66142374222144,151.97672265788725,153.91242016030444,74229900,149.1652374267578,149.30958836891534,145.6828501020729,145.69188063974744,7509600,104.40006256103516,104.5094634649535,102.0296145801338,103.2877736658309,9979800,277.1600036621094,277.5799865722656,266.1499938964844,272.5799865722656,54287000,83.43692016601562,84.50354471742048,82.03252597423354,83.92578692647889,16423000
2022-09-02,153.09686279296875,157.56763619543025,152.27149339367668,156.9682575855211,76957800,146.819580078125,149.94108969691268,146.16098414075657,149.63435430381784,5803700,103.6706771850586,107.08047504214612,103.19659043319253,105.6399766677429,10666600,270.2099914550781,282.3500061035156,269.0799865722656,281.07000732421875,50890100,84.96576690673828,86.03239849096907,84.53911969819404,85.64129956527427,18206800
2022-09-06,151.83917236328125,154.35459275815265,151.0138028574181,153.7453935980758,73714800,147.21649169921875,149.95910361738603,146.8917228372331,147.90215156179002,7394600,103.69803619384766,104.61886650900324,102.17548006742352,104.23594945130463,9751900,274.4200134277344,275.989990234375,265.739990234375,272.67999267578125,55860000,84.39688110351562,85.85460451527567,84.00578904423143,85.47240291548968,19201500
2022-09-07,153.24429321289062,153.9419216691413,150.93520749298594,152.1241445003408,87449600,148.01943969726562,148.33519179346214,146.29628702301434,146.97291635693992,4590600,105.66732025146484,105.85877875206315,102.80454788971211,103.14187655256463,10647900,283.70001220703125,283.8399963378906,272.2699890136719,273.1000061035156,50028900,83.67691802978516,84.07690058763352,82.04142595692555,82.83250739369004,16274700
2022-09-08,151.77040100097656,153.6373103822705,150.02138227376568,151.94725947173376,84923800,149.21029663085938,149.23736070229035,147.126280534322,147.84802122661833,5838400,108.12895202636719,108.30217938839108,104.50945727880448,105.10207097790298,11435000,289.260009765625,289.5,279.760009765625,281.29998779296875,53713100,84.36134338378906,84.81465515341245,83.30360235846553,84.13912933856543,18759200
2022-09-09,154.62973022460938,155.07190642293236,152.05535676886382,152.76282069447305,68028800,149.4990234375,149.9410791889035,148.3081490309725,148.84945808231427,5500600,108.64863586425781,109.45094627409702,108.19278020623292,108.62128563770517,9299700,299.67999267578125,299.8500061035156,291.25,291.6700134277344,54338100,85.77462005615234,86.21904813934485,84.72576950856067,85.79239419564892,17158000
2022-09-12,160.58419799804688,161.39974706706778,156.52612358553827,156.81106723949068,104956000,149.43585205078125,150.274879632456,149.0569412534655,149.85987422621884,6365300,109.93414306640625,110.81850408276097,109.21389035159987,109.97061235072863,8614600,304.4200134277344,305.489990234375,300.3999938964844,300.7200012207031,48674600,86.76124572753906,88.16564001354381,86.1123777812548,86.79680078582913,16118900
2022-09-13,151.16119384765625,157.7445243311509,150.69937671737435,157.1156691952697,122656600,145.54751586914062,148.353273372709,145.07838223473277,147.5683875691526,6726400,106.11407470703125,108.42070311911871,105.55793027299376,107.64574992677623,12904600,292.1300048828125,297.3999938964844,290.3999938964844,292.8999938964844,68229600,84.73465728759766,86.912352113754,84.36133933707386,85.87239205953733,18229100
2022-09-14,152.60557556152344,154.3644145838136,150.93518075875835,152.0946261536245,87965400,148.5517578125,149.183275939623,146.4948051892635,146.4948051892635,9555700,105.86791229248047,107.43604979128575,104.73738534029823,106.3966995282637,9345700,302.6099853515625,306.0,291.6400146484375,292.239990234375,72628700,86.81456756591797,87.60564889687706,85.46350937258,85.49906442785645,22655700
2022-09-15,149.71678161621094,152.5368165999088,148.74403004784534,151.9570788549336,90481100,148.93063354492188,149.82378924927406,148.04650837558077,148.36226048160142,7174500,107.46340942382812,108.84008842726139,105.53969809616963,105.86791470838278,10821400,303.75,309.1199951171875,300.7200012207031,301.8299865722656,64795500,84.29022216796875,85.81016522347993,83.59691552314965,85.52573155428661,21092300
2022-09-16,148.07586669921875,148.71455728301882,145.78643705402317,148.57699569456918,162278800,151.2041015625,151.23116563354037,148.6329046851946,149.14714956707908,20201500,106.7431640625,107.0349114095308,105.1841385246974,107.02579234861582,14844100,303.3500061035156,303.7099914550781,295.6000061035156,299.6099853515625,87087800,82.85029602050781,84.7435575235856,81.77478069685407,84.50356930319818,37874700
2022-09-19,151.79006958007812,151.8686783568659,146.5037605306467,146.71009545075992,81474200,150.01324462890625,150.14856499967448,148.02846784996515,150.0312919336954,7380900,107.72781372070312,108.24748889878178,105.31177731335993,105.75851391589639,8201300,309.07000732421875,309.8399963378906,297.79998779296875,300.0899963378906,60231200,82.84139251708984,83.0991616207397,80.88591165128099,80.89480211180256,15342100
2022-09-20,154.16787719726562,155.32733752502483,150.41440307013318,150.72882307884146,107689800,148.83140563964844,149.67041949760392,148.2449989926512,149.05694877557977,7143400,105.60353088378906,107.29931460816145,104.51859211502236,107.0440365345236,9619000,308.7300109863281,313.3299865722656,305.5799865722656,306.9100036621094,61642800,82.16586303710938,82.60140064312019,81.45477541871963,82.4236321292398,14712500
2022-09-21,151.0432891845703,155.97588059110078,150.92538353116046,154.60024966459952,101696800,147.3067626953125,150.48241456894317,147.27068184307208,148.87654820600764,8071200,102.55839538574219,106.3055291366251,102.49457587720812,106.25082868811154,12606300,300.79998779296875,313.79998779296875,300.6300048828125,308.2900085449219,62555700,80.84147644042969,83.44582562777617,80.77037309149213,83.17028234937553,17332400
2022-09-22,150.08035278320312,151.7802241971407,148.28221666613402,149.72662084225365,86652500,149.9230194091797,150.80715837054754,146.90074979448312,147.1894378360682,7401100,101.39140319824219,103.5703924416045,101.26376418484223,103.36981486174612,11684500,288.5899963378906,301.2900085449219,285.82000732421875,299.8599853515625,70545400,80.50370025634766,82.36141311362745,80.45925473681385,81.95253332193205,16139400
2022-09-23,147.810546875,148.8324456934816,145.9731140864417,148.55732254844892,96029900,150.41021728515625,151.0958635067958,148.5517439278726,149.52609198982023,9598600,99.50416564941406,100.5982163712799,97.69898126275494,100.33382622887612,18138600,275.3299865722656,284.5,272.82000732421875,283.0899963378906,63748400,76.21940612792969,77.77490421217314,75.41943432831778,77.77490421217314,27738800
2022-09-26,148.14463806152344,151.09239889982268,147.0343100146429,147.05396595162924,93339400,149.49002075195312,150.51849712826223,148.29915988962532,149.58024353267257,8735500,97.36164093017578,99.93266626360436,96.6960886864614,98.46481065934786,15753600,276.010009765625,284.0899963378906,270.30999755859375,271.8299865722656,58076900,74.64614868164062,76.63718472476663,74.56614809512779,75.46389478024517,22043400
2022-09-27,149.117431640625,152.0258964191408,147.33895116498724,150.08037791467922,84442700,148.80433654785156,151.26726365468988,148.31715568167076,150.08541986482396,8686700,96.50463104248047,98.6198007901911,95.41058036310774,98.23688374799112,12793600,282.94000244140625,288.6700134277344,277.510009765625,283.8399963378906,61925200,76.21052551269531,77.29493111652614,75.38388900989266,76.09497665282792,17307300
2022-09-28,147.23086547851562,148.016938253305,142.3179293774459,145.06917659266318,146691400,150.0854034423828,151.00562315976435,148.94867115577634,149.9861639261352,8660900,98.45570373535156,99.13037512194984,96.31318351937313,96.59581180339339,12762600,287.80999755859375,289.0,277.57000732421875,283.0799865722656,54664800,78.9837417602539,79.37484055574349,76.3705030475423,76.54827830977977,19543300
2022-09-29,139.9989776611328,144.16515152497595,138.2303182381293,143.55595244325275,128138200,148.43446350097656,150.8161987222296,147.85707356146256,150.19369739745972,7008100,96.78727722167969,97.80838944996462,95.1826633483393,97.50752304449979,12713900,268.2099914550781,283.6499938964844,265.7799987792969,282.760009765625,77620600,78.8237533569336,79.42817573123851,77.44602379182531,78.37932533998683,17896000
2022-09-30,135.79351806640625,140.60820327947016,135.59700366840286,138.8198877735382,124925300,147.37890625,149.5260812940012,147.34282540557314,148.85846866059012,8985200,95.27381896972656,98.11836037511323,95.1826492422561,96.69608619451772,15973400,265.25,275.57000732421875,262.4700012207031,266.1499938964844,67726600,77.60603332519531,79.14375754836675,77.60603332519531,78.37045020634162,21357600
2022-10-03,139.96951293945312,140.57872706512543,135.2924042908768,135.80335372086685,114311700,147.2345428466797,148.29911350875523,145.88128415550423,148.21790752507965,8657000,98.21867370605469,98.79304939287385,95.23737348655948,96.29496206575092,12248100,242.39999389648438,255.16000366210938,241.00999450683594,254.5,98363500,81.70366668701172,82.09476561575684,79.74818560615647,80.03261934121605,23881300
2022-10-04,143.5559539794922,143.67385961125873,141.74798266491518,142.50457878595228,87830100,149.41783142089844,149.76066143655578,146.98196799411872,147.82099572557954,6236100,102.81367492675781,103.01425251532025,100.16059879789464,100.84438223755487,16013600,249.44000244140625,257.5,242.00999450683594,250.52000427246094,109578500,84.68132019042969,84.76132076816286,82.40585067657857,82.87694333860861,22133700
2022-10-05,143.8507537841797,144.81369999304195,140.51978392175167,141.5613389023429,79471000,148.95774841308594,149.79676249165746,148.14579841665775,148.87655616665597,4539400,101.54426574707031,102.05938977299623,100.10927337882613,100.9555505694297,10943500,240.80999755859375,246.6699981689453,233.27000427246094,245.00999450683594,86982700,88.10343170166016,88.87673227938386,85.02798996861243,85.10798377399013,34857700
2022-10-06,142.89761352539062,144.970872598081,142.6912786611767,143.27100136570334,68402200,146.07077026367188,148.85848031850918,145.87229118862894,148.669018013764,5890700,99.47456359863281,101.36029653834461,99.2905927343852,100.68878954956745,11521400,238.1300048828125,244.5800018310547,235.35000610351562,239.44000244140625,69298400,90.71665954589844,90.8233247287974,87.4012297926442,87.52566911530907,29124700
2022-10-07,137.65060424804688,140.60820060654387,137.02174919053795,140.05793931227225,85925600,144.52806091308594,146.3504535853483,143.5988241518473,145.94447863163302,6363500,97.4876480102539,99.0790162797713,96.83453532470998,98.90423905253799,11681100,223.07000732421875,234.57000732421875,222.02000427246094,233.94000244140625,83916800,89.80113220214844,91.83661351901502,89.04560586078007,90.83220855050733,24507600
2022-10-10,137.974853515625,139.4192574875598,136.15707670936632,137.974853515625,74899000,144.7174835205078,145.50236913337588,143.60780151452184,144.91596255738048,5315600,96.57696533203125,98.71105938533421,96.14462613285576,98.1775411355368,8931700,222.9600067138672,226.99000549316406,218.36000061035156,223.92999267578125,67925000,87.85454559326172,90.6899991071719,87.74788718690283,90.21001593425252,16786100
2022-10-11,136.55990600585938,138.88864686156325,135.8131454531972,137.46388404110866,77033700,146.810546875,148.0555494980879,144.6814189371418,144.6814189371418,6212200,93.7897720336914,96.16303395752341,93.68858595816101,96.00665802917217,12739700,216.5,225.75,215.0,220.9499969482422,77013200,87.10791778564453,88.6723067793723,85.99684740572559,86.41461095360478,17804100
2022-10-12,135.93109130859375,137.91592138284778,135.75423283314072,136.70734348798558,70433700,146.7744598388672,148.75021999966114,146.60304484540126,147.00000298478318,4341700,95.30753326416016,96.33778805034875,93.16423893242929,93.64257426881693,13181000,217.24000549316406,219.3000030517578,211.50999450683594,215.3300018310547,66860700,87.4901123046875,87.9167662463165,86.4234876227665,86.66347580269671,12635800
2022-10-13,140.50015258789062,141.0896959265644,132.03024051986287,132.63945479417762,113224000,148.99378967285156,149.75162506966603,145.0242359979932,145.1505396031189,6465100,100.60600280761719,101.0935319046176,93.60580418327433,93.80817634083039,22398700,221.72000122070312,222.99000549316406,206.22000122070312,208.3000030517578,91483000,90.54779052734375,91.06332200926235,86.57460192150779,86.70793171809034,22019100
2022-10-14,135.9703826904297,142.00346577520415,135.78368877686898,141.79711592519322,88598000,148.37132263183594,149.47196061901778,147.59545358882872,148.35327532402766,5684600,102.28016662597656,106.00562932530556,101.84782736783814,102.98846218515489,33387100,204.99000549316406,226.25999450683594,204.16000366210938,224.00999450683594,94124500,88.1656494140625,90.87665677875559,88.03231962661718,89.88114216622449,15222000
2022-10-17,139.9302215576172,140.41167960335844,137.82748592791265,138.61355854500806,85250900,150.2929229736328,150.85227931991963,148.86748868158048,149.2193354281841,6710800,106.5759506225586,107.63380065874259,105.15935248111793,106.16201266050514,22276300,219.35000610351562,221.86000061035156,209.4499969482422,210.0399932861328,79428800,89.43671417236328,90.63666869797768,89.3300489859889,89.83669675375651,14283200
2022-10-18,141.24688720703125,144.1455159806622,138.1615644966325,142.95659405664904,99136600,149.76966857910156,150.8161921004159,147.09924538837151,148.85847920761285,10883600,109.31715393066406,110.51298562116061,107.58780391825927,110.07145273282006,21539700,220.19000244140625,229.82000732421875,217.25,229.5,75891900,89.59671020507812,90.9744332851595,88.20120620289076,90.25446191286818,14065400
2022-10-19,141.35498046875,142.42599680685538,139.03607431855443,139.22276826600364,61758300,148.5788116455078,149.98619873634362,147.85707079311305,149.76065558034912,10044600,107.1738510131836,109.30794505734121,106.40115803927876,108.53525208343639,17072000,222.0399932861328,222.92999267578125,217.77999877929688,219.8000030517578,66571500,92.25439453125,92.43216307547804,89.97892461424172,89.99669875609041,20921700
2022-10-20,140.89315795898438,143.34962560942563,140.16603813694184,140.52960554450746,64522000,148.95774841308594,149.52612167022417,148.2540547452311,148.85850885653903,5659900,106.82430267333984,109.19756456102361,106.38276982142175,107.77177291324199,12207400,207.27999877929688,215.5500030517578,202.0,208.27999877929688,117798100,92.37881469726562,93.32989045252448,91.91661250933164,92.72546803357459,17649000
2022-10-21,144.70558166503906,145.27548388473534,140.16601984417193,140.3821901686459,86548600,152.20555114746094,152.80097462372615,148.34423960895458,148.59686061126524,8487600,112.43550109863281,112.58267637162659,107.00827693250288,107.12785728043768,20593300,214.44000244140625,214.66000366210938,203.8000030517578,206.4199981689453,75713800,94.09432220458984,94.57430538845009,92.36105524740142,92.84103164982673,22814100
2022-10-24,146.8476104736328,147.61402706279983,143.45768863799606,144.6269694579804,75981900,154.25350952148438,155.2459051595842,152.69275435071387,153.19796894245007,6855500,112.57349395751953,113.23580033836043,111.60763633382577,112.28833699500599,12624200,211.25,213.5,198.58999633789062,205.82000732421875,100446800,94.7520523071289,95.71201845584073,93.43654916831646,93.91653224267237,17024200
2022-10-25,149.6873016357422,149.83469868322362,146.75919654145045,147.47648086131204,74732300,154.00991821289062,154.3707818111592,152.03415766212024,153.52273721255784,5661900,112.86785125732422,113.3921759710345,111.20289167867277,112.08596451134066,11289100,222.4199981689453,224.35000610351562,210.0,210.10000610351562,96507900,94.1120834350586,95.4009288764232,93.39211214875307,94.58318287451642,15719800
2022-10-26,146.7493896484375,149.3434189974195,145.46218795090752,148.33135548203074,88194300,155.3631591796875,155.68794188655866,153.83848518815506,154.56022606632015,6123800,114.16485595703125,115.16750904136775,113.03341485332959,113.14380157648334,11667000,224.63999938964844,230.60000610351562,218.1999969482422,219.39999389648438,85012500,95.23204040527344,95.84535327398795,94.21874501087869,94.44984949178229,17383800
2022-10-27,142.27857971191406,146.45457384887203,141.6202483177286,145.49164292829627,109180200,155.45335388183594,156.46378275865646,154.9210753675152,155.48944849375724,5390900,114.61558532714844,116.08737315924878,114.25683726238766,115.16750488693133,10727600,225.08999633789062,233.80999755859375,222.85000610351562,229.77000427246094,61638800,95.59648132324219,97.40085821663816,95.4809256840133,96.36089815218347,18214000
2022-10-28,153.02810668945312,154.75745443354808,145.24601935139384,145.6193922207591,164762400,157.7628936767578,158.23202721045945,155.70594156922044,156.07583558167863,6073900,115.97699737548828,116.16096822895061,114.10966584249675,115.25030057364718,11859500,228.52000427246094,228.86000061035156,216.35000610351562,225.39999389648438,69152400,98.39636993408203,98.84968845483293,96.103126294581,97.29419024226158,28169400
2022-10-31,150.66990661621094,151.55424402730603,149.27463469355658,150.49304812984573,97943200,156.95094299316406,158.02453041646893,156.4547453900325,157.4471405962956,7810000,115.79302215576172,117.2188208658806,115.52625949950549,115.6274455766385,13295200,227.5399932861328,229.85000610351562,221.94000244140625,226.19000244140625,61554300,98.49414825439453,100.36075160293652,97.276419663536,97.32974886271688,26401800
2022-11-01,148.0267333984375,152.74315424703352,146.5332118743015,152.3796018355527,80379300,156.1570281982422,157.54638149920044,153.74822937578836,157.03213658797245,6985000,117.88111114501953,118.00069850959324,116.2069582213661,116.70368792073003,13386900,227.82000732421875,237.39999389648438,227.27999877929688,234.0500030517578,62688800,99.47188568115234,100.0585271588387,98.35192513829017,99.88075865806917,22213100
2022-11-02,142.50460815429688,149.5202795588878,142.47513174028055,146.35634784769096,93604600,153.7572479248047,156.9238821144709,153.63094432926064,155.97659826486083,6877300,116.79568481445312,119.91403794060878,116.49212657646382,117.42119556938326,16546100,214.97999572753906,227.8699951171875,214.82000732421875,226.0399932861328,63070300,97.42752838134766,99.64077841502196,97.16086880943935,99.1785761760068,20654200
2022-11-03,136.4617156982422,140.31345573900342,136.33397456392473,139.5863358104831,97918500,154.0189208984375,154.69555040785565,152.41305463070347,153.19794045648848,4819900,117.00724792480469,117.90871495160084,115.82062396353767,116.18856567845296,12474400,215.30999755859375,221.1999969482422,210.13999938964844,211.36000061035156,56538800,98.7519302368164,99.39190783622078,96.27202042984203,96.51201542033625,17103700
2022-11-04,136.19593811035156,140.41822196260875,132.25907054843208,139.84737436397546,140814800,154.70455932617188,155.62477926676837,152.6837014375671,154.77673478877375,5300900,120.2083969116211,120.34638559457294,118.16630195749849,119.11376529557342,14953200,207.47000122070312,223.8000030517578,203.0800018310547,222.60000610351562,98622200,99.82743835449219,100.88517940999529,98.48527036567941,100.44075130686755,17541500
2022-11-07,136.72743225097656,136.95379796987663,133.52872680415337,134.94600177423487,83374600,156.0577850341797,156.84268441899357,154.6684455317095,154.87594133870215,6621000,120.84310150146484,121.68937870511282,120.0244192256256,120.50275470110567,12011200,197.0800018310547,208.89999389648438,196.66000366210938,208.64999389648438,93916500,101.00961303710938,101.32071133545881,99.6674383425912,99.91632376270503,16008000
2022-11-08,137.29827880859375,139.19781051108808,135.32000793975288,138.19391993058036,89908500,156.83370971679688,157.60056207128704,155.33609962730947,156.1931747644681,5148400,120.91668701171875,121.47780724444024,119.71166176671274,120.72352252607168,9884100,191.3000030517578,195.1999969482422,186.75,194.02000427246094,128803400,101.32960510253906,101.91625343980023,100.08520508709817,100.86740287011305,14661000
2022-11-09,132.7413330078125,136.363259132224,132.46575346788492,136.31404528196006,74917800,155.57965087890625,157.88019359594495,155.4804113494321,157.22161150001307,6150000,119.34369659423828,120.89826194826121,118.86536123511456,120.79708992829103,9494000,177.58999633789062,195.88999938964844,177.1199951171875,190.77999877929688,127062700,96.79643249511719,100.68961984616162,96.50310834897051,100.52962547384834,19522800
2022-11-10,144.55194091796875,144.55194091796875,137.298266687944,139.0108096143879,118854000,157.40206909179688,157.67272364988793,155.20978231392837,157.29381277498553,7877500,124.25579833984375,124.41217424976585,121.9101316188624,122.00212405344004,16351600,190.72000122070312,191.0,180.02999877929688,189.89999389648438,132703000,98.21861267089844,98.39638120297772,95.61426366547151,97.9430694117451,20146700
2022-11-11,147.33726501464844,147.64236984681628,142.09138720356083,143.51851370440974,93979700,152.69271850585938,156.17510542833415,150.5004456100581,155.83227542182226,11074700,124.45820617675781,125.2584872501165,123.06000217923737,124.35702008411991,10704700,195.97000122070312,196.52000427246094,182.58999633789062,186.0,114403600,101.28515625,101.77402984830795,99.9874270761867,100.06742765656178,20518900
2022-11-14,145.939697265625,147.90813128864986,145.10310679865555,146.61880940644215,73374100,155.09251403808594,156.31043893818986,153.59490403410385,153.59490403410385,6581500,123.17958068847656,124.85373387602829,123.17958068847656,123.99826300220809,11085600,190.9499969482422,195.72999572753906,186.33999633789062,192.77000427246094,92226600,101.58084106445312,102.71877282793812,100.79234645413952,100.91778753559373,20858300
2022-11-15,147.67190551757812,151.16587871608763,146.21526862726066,149.81750629168315,89868300,155.52554321289062,156.0758690822625,153.83848475569627,155.34511143537213,9351000,122.28727722167969,124.8353159921842,121.0546572379401,123.88783886036188,14038300,194.4199981689453,200.82000732421875,192.05999755859375,195.8800048828125,91293800,102.26180267333984,102.620208684843,101.13283296574012,101.96612403717387,19373800
2022-11-16,146.44161987304688,147.50457588314197,144.96529458424104,146.77626501882386,64218300,156.49087524414062,157.8711983089817,156.19315661520557,156.6532597147985,5500900,122.45289611816406,122.85764052340406,121.45024277359774,122.34251638440045,7893400,186.9199981689453,192.57000732421875,185.66000366210938,191.50999450683594,66567600,101.1686782836914,102.37829263921432,100.22786332049229,101.6435633625538,13591000
2022-11-17,148.34120178222656,149.08920136807347,143.84332244877638,144.1189020339811,80389400,157.75389099121094,157.8711778266218,156.0578022098376,156.07584951514556,4464100,121.91931915283203,122.24127862168335,120.76029032990076,121.4225965247398,8820200,183.1699981689453,186.16000366210938,180.89999389648438,183.9600067138672,64336000,101.30305480957031,101.4284958687346,99.2332704973345,99.71711751240748,12425900
2022-11-18,148.90216064453125,150.2899100074895,147.60300221173006,149.90606603666672,74829600,158.9628143310547,159.35977249002116,157.5373799266123,157.8802099304582,6555700,123.11518859863281,123.87868108789985,121.6801960784985,123.78670266557856,9468500,180.19000244140625,185.19000244140625,176.5500030517578,185.0500030517578,76048900,100.42497253417969,100.78337850842807,98.21182299192323,99.36767866996092,15415000
2022-11-21,145.6739501953125,147.99670287508093,145.3885338782466,147.790025718782,58724100,159.78001403808594,160.30665323831985,158.74489943208565,159.70737271513136,5706600,122.38848876953125,123.7774849476828,122.11252545281789,123.02320018714877,7800500,167.8699951171875,176.77000427246094,167.5399932861328,175.85000610351562,92882700,99.43041229248047,99.63649114048584,96.30333359844383,98.5523178817746,20973000
2022-11-22,147.8096923828125,148.04590985414606,144.6109873377189,145.79205967642807,51804100,160.55181884765625,160.88777284928844,160.1068959321822,160.17044843158368,4707900,124.218994140625,124.4305739301947,122.97718050638065,123.26233739936843,9185700,169.91000366210938,170.9199981689453,166.19000244140625,168.6300048828125,78452300,102.30661010742188,102.56645430532302,99.84257807866511,100.54146606942099,17719100
2022-11-23,148.6856689453125,149.43366845656658,146.98296272757275,147.09122719796105,58301400,160.72433471679688,161.07845253153292,159.81633889902065,160.2067843052211,5389200,125.54363250732422,125.56203380501641,124.05345022404026,124.12704137873149,7316200,183.1999969482422,183.6199951171875,172.5,173.57000732421875,109536700,101.79588317871094,102.10052385565105,100.44290368541344,100.64002734038708,11546700
2022-11-25,145.77236938476562,146.53022062215993,144.79798922240155,145.96920976620405,35195900,160.9331512451172,161.73217798212866,160.58810847043782,161.0602700797495,3058600,125.78280639648438,126.15074813131035,125.15728860398723,125.54363163637775,3220500,182.86000061035156,185.1999969482422,180.6300048828125,185.05999755859375,50672700,101.43749237060547,102.69191022458153,101.30308923696029,102.03781862005626,7136000
2022-11-28,141.94378662109375,144.32559012136235,141.11704788902577,142.8492645206864,69246000,161.014892578125,161.41441293624598,160.31573195141326,160.48825336559423,6183100,123.58430480957031,125.75519443763432,123.43712252114125,125.16647931999368,9906900,182.9199981689453,188.5,179.0,179.9600067138672,92905200,98.39105224609375,99.86947306339921,98.22081465488392,99.15266773466416,23015500
2022-11-29,138.94192504882812,142.52447466230237,138.13487484288268,142.01267756953146,83763800,159.88894653320312,160.95129975353873,158.5905194377642,160.72430084693076,6700500,125.61722564697266,125.69081680282673,123.63951421417616,123.86948131269101,7925300,180.8300018310547,186.3800048828125,178.75,184.99000549316406,83357100,99.04512786865234,100.17410445327432,98.37311913619128,99.10784841024099,14453200
2022-11-30,145.6936492919922,146.37276146207836,138.33170993361605,139.16828541868128,111380900,161.6232452392578,161.63232020908586,158.6994977844016,160.14320771725787,13288000,127.10739135742188,127.10739135742188,122.51725765348817,125.18487003351966,14761200,194.6999969482422,194.75999450683594,180.6300048828125,182.42999267578125,109186400,99.7619400024414,100.26371120598625,98.36416392948296,99.94114644514556,23158100
2022-12-01,145.96923828125,146.77630352615344,144.29607218523327,145.87082558028513,71250400,162.295166015625,163.40292194361086,161.41440902608025,162.5312399238341,6282600,125.32283020019531,127.54890923266227,124.57772527741298,127.10736245558991,8858500,194.6999969482422,198.9199981689453,191.8000030517578,197.0800018310547,80046200,99.2780990600586,100.41603091081306,98.72256934528117,100.0307456065053,14398300
2022-12-02,145.4771270751953,145.66413072697534,143.35121453595042,143.6563344518848,65447400,162.4222869873047,162.49492831114404,160.6789367799082,161.1692483971789,5823900,124.32941436767578,124.50419160671407,122.65524716854871,123.71310423364656,8931900,194.86000061035156,196.25,191.11000061035156,191.77999877929688,73645900,98.43584442138672,100.09346467413253,97.84447342703027,98.12224169833102,15248400
2022-12-05,144.31578063964844,148.53806604789014,143.46935320119442,145.437787707556,68826400,162.33148193359375,162.85812114045234,161.62324634452227,161.95012537447187,5120600,120.84310150146484,123.78669147111698,120.13481297293777,123.48313322914372,10154500,182.4499969482422,191.27000427246094,180.5500030517578,189.44000244140625,93122700,95.73884582519531,99.77986038165736,94.92347875807526,99.18848939660248,19287700
2022-12-06,140.6544647216797,144.97517704731527,139.68008441838234,144.74881132681773,64727200,159.89805603027344,163.43923388924077,159.74368456149682,163.36659256714458,7943500,121.04546356201172,124.28340383678933,119.46328899797697,122.70122927275459,13966700,179.82000732421875,183.64999389648438,175.3300018310547,181.22000122070312,92150800,93.07769775390625,95.90909815378811,92.42361300721757,94.88764530978696,21197000
2022-12-07,138.715576171875,141.10721678685633,137.79040959032307,139.94584768607433,69721100,160.86961364746094,161.51429675931604,160.0160953817301,160.32482448236124,5702600,120.96268463134766,122.41607826790143,119.88644037637134,120.78790740397876,11739400,174.0399932861328,179.3800048828125,172.22000122070312,175.02999877929688,84213300,92.87161254882812,93.94682383678068,91.72471868540497,92.98809160694788,20061700
2022-12-08,140.39852905273438,141.25480793302907,138.8730049343077,140.11311277127444,62128300,160.89686584472656,161.14202860969172,160.1159888401376,160.55183683450178,4798500,122.23211669921875,122.32409511698182,120.89829629891516,121.72618627524957,8907300,173.44000244140625,175.1999969482422,169.05999755859375,172.1999969482422,97624500,93.56153106689453,95.6940430826709,92.92536364145676,95.22811321534745,21128800
2022-12-09,139.9163055419922,143.2724894333561,138.6761823933455,140.09345741010685,76097000,159.57119750976562,161.52338306784586,159.49855617833657,160.82422237589398,4561000,121.56980895996094,123.04158995225265,121.42262664990848,121.60659751943524,7957800,179.0500030517578,182.5,173.36000061035156,173.83999633789062,104872300,92.77305603027344,94.93244076080092,92.55801512757148,93.7138642521114,21298200
2022-12-12,142.2095184326172,142.21935519606154,138.8336463442299,140.44776160871248,70462700,161.4779510498047,161.5051898122575,159.44404956045014,159.76183974070437,4882400,123.45551300048828,123.8602432040971,121.05465652061713,121.79053982614178,8841600,167.82000732421875,177.3699951171875,167.52000427246094,176.10000610351562,109794500,95.05786895751953,95.19227206697964,92.81783991993794,93.03288762948458,20413200
2022-12-13,143.17408752441406,147.60306524114876,141.96350448686977,147.1404819226305,93886200,162.72193908691406,163.62084609310494,161.90473452547516,162.62205899123543,9177500,123.33594512939453,126.10474369939061,122.41607681611092,125.9207728439492,10025400,160.9499969482422,175.0500030517578,156.91000366210938,174.8699951171875,175862700,96.09725952148438,97.25311549129681,95.89117381256074,96.59006871497975,24305300
2022-12-14,140.94973754882812,144.34528354143862,138.93208948952125,143.05596154285573,82291200,163.22129821777344,164.38353157813359,162.14986996725045,162.14986996725045,9533600,122.71963500976562,124.83533493694605,122.12171218465129,123.0599817940416,9966100,156.8000030517578,161.6199951171875,155.30999755859375,159.25,140682300,95.38939666748047,97.03806161031815,94.7532292347852,96.76029335838977,17597300
2022-12-15,134.3456268310547,139.5619801804679,133.88304361781863,138.88286801559113,98931900,161.1602020263672,163.29398414127525,160.17047593647337,162.71286730235292,7602400,119.67487335205078,121.49620868498153,118.7090088144396,120.64072385358537,12087800,157.6699981689453,160.92999267578125,153.27999877929688,153.44000244140625,122334500,94.47547912597656,95.12956386158243,92.91641379173724,94.37691728866164,15365100
2022-12-16,132.3870391845703,135.47748033551235,131.6193510336839,134.53264031194206,160156900,159.5076141357422,160.71525016397098,158.77213978398174,160.71525016397098,18841800,118.92977142333984,119.49089167180837,118.13868409002481,118.80099041726888,21133700,150.22999572753906,160.99000549316406,150.0399932861328,159.63999938964844,139032200,93.81240844726562,94.6009030022636,92.40567055876556,92.90744168540768,54596600
2022-12-19,130.2808380126953,133.06617474856859,129.24742187144693,132.977598796684,79592600,159.33505249023438,159.96157162572922,158.05478931651922,159.21702249210787,5736000,119.6380615234375,120.80629812297502,118.74578820421029,119.26091217488259,9017200,149.8699951171875,155.25,145.82000732421875,154.0,139390600,94.2335433959961,95.15643429983331,93.52569337362912,94.31418799906392,13611100
2022-12-20,130.2119598388672,131.14696332804445,127.83999239500143,129.3163184362177,77432800,159.5076141357422,160.20677475312007,159.05361625392305,159.8072544003327,6174700,120.21759796142578,121.4686194898387,119.7668574129856,120.47515997879809,8549900,137.8000030517578,148.47000122070312,137.66000366210938,146.0500030517578,159563300,95.59549713134766,96.33022650317727,94.14395561508695,94.23355542413402,14680000
2022-12-21,133.3122100830078,134.6507460089221,130.65482677922608,130.881192518899,85928000,161.33267211914062,161.78666997700168,159.489441924618,160.05240868970796,5472000,121.56980895996094,122.32409373584395,121.21106085175659,121.58819622165927,8051700,137.57000732421875,141.25999450683594,135.88999938964844,139.33999633789062,145417400,96.82301330566406,97.29789836969547,96.01660831785094,97.02909898576648,13565400
2022-12-22,130.1430206298828,132.43624823454394,128.24348886904642,132.22957105725172,77852100,160.74249267578125,161.17832677311154,159.20797758267284,160.50641875950157,5709100,120.19001007080078,120.77872529298976,118.12030614396916,120.59475441782034,8648200,125.3499984741211,136.6300048828125,122.26000213623047,136.0,210090300,94.86970520019531,96.93949663276257,93.27480565515258,96.67069041990159,13213000
2022-12-23,129.77886962890625,130.3300288114699,127.5939064280565,128.85370313619094,63814900,161.1510772705078,161.1874048582326,159.6347260735061,160.41560295060614,3683400,120.76033020019531,120.90751252232536,119.25174648855914,120.11642508597477,5091900,123.1500015258789,128.6199951171875,121.0199966430664,126.37000274658203,166989700,97.37855529785156,97.43231381423776,95.78365550880902,95.82845199378852,11539400
2022-12-27,127.97770690917969,129.33593087352486,126.68838532816507,129.30640557151355,69007800,161.1056671142578,161.94103533354226,160.7061606525358,161.72311138221832,3067300,121.1834716796875,121.6250045947413,120.08882600529972,121.02709573135758,5411000,109.0999984741211,119.66999816894531,108.76000213623047,117.5,208643400,98.73152160644531,98.98240376376833,97.51294526856834,97.90718572892189,11962100
2022-12-28,124.05071258544922,128.96195335269854,123.88339749624971,127.62341762114275,85438400,160.40655517578125,162.03186170167444,160.39746634985156,161.40534232889922,2645400,121.84577178955078,122.7196439433272,120.51195140970101,121.28465151631285,8827700,112.70999908447266,116.2699966430664,108.23999786376953,110.3499984741211,221070500,97.10974884033203,98.56129030396008,96.67966703808987,98.48065252954979,10702100
2022-12-29,127.5643539428711,128.4206178463882,125.71402886056813,125.96991984997511,75703700,161.2237091064453,161.89563089067312,160.77880009485443,161.21463413750558,2828800,122.54484558105469,122.59084179934095,121.70776213090038,122.27807593663951,6585200,121.81999969482422,123.56999969482422,117.5,120.38999938964844,221923300,97.84446716308594,98.31039703839156,96.76029391220057,96.76029391220057,10534000
2022-12-30,127.87931823730469,127.8990067839709,125.41878304163788,126.38331908581098,77034200,160.39744567871094,161.41441035262747,159.2624509771777,161.1601726478773,4216600,123.35436248779297,123.56592829729485,121.82737752025436,122.16772434894152,9292500,123.18000030517578,124.4800033569336,119.75,119.94999694824219,157777300,98.83009338378906,99.00929298963108,97.31583142112497,97.31583142112497,11799600
2023-01-03,123.09602355957031,128.8340031338152,122.21022673136561,128.22379338136977,112117500,161.79576110839844,161.9682825136321,159.81632321534303,159.95253088759264,6344900,124.29258728027344,125.7827833158519,123.1611533190235,124.40298100932641,11054800,108.0999984741211,118.80000305175781,104.63999938964844,118.47000122070312,231402800,95.43419647216797,98.5791922346614,94.52026082116703,98.36415136690715,15146200
2023-01-04,124.36566162109375,126.62936374107429,123.10586505340991,124.88729543343348,89113600,163.55726623535156,163.61174375935303,162.05906505073827,162.4313466046344,9788800,125.45165252685547,126.64747017646476,124.70656139450348,125.0929044247572,11687600,113.63999938964844,114.58999633789062,107.5199966430664,109.11000061035156,180389000,95.71197509765625,96.01662264814186,93.86619307563186,93.90203436604352,18058400
2023-01-05,123.04680633544922,125.75340309203497,122.79091532129203,125.12350481122068,80962700,162.34962463378906,163.430141671698,161.99550688526475,162.54938478474267,6255300,125.42384338378906,125.7574426311823,123.894840941672,125.71110665298082,8381300,110.33999633789062,111.75,107.16000366210938,110.51000213623047,157986300,97.85343170166016,98.51647841010062,95.25499654346731,95.28187579926502,15946600
2023-01-06,127.57418060302734,128.23360407647718,122.91883920565213,124.0211647576564,87754700,163.6662139892578,164.28364437364363,162.88533718523732,163.55725894611064,5706000,127.82390594482422,128.23163995736851,124.626921186111,126.14664805302213,10029100,113.05999755859375,114.38999938964844,101.80999755859375,103.0,220911100,99.03616333007812,100.34433947581677,98.2655927894884,98.63296083522296,16348100
2023-01-09,128.09585571289062,131.30441322455866,127.83996466106093,128.4108124086458,70790800,159.42588806152344,163.22130347032555,159.0626814654011,162.80363320342863,7925300,127.29568481445312,128.69495491727122,126.84162901876098,128.43549042266014,8482300,119.7699966430664,123.5199966430664,117.11000061035156,118.95999908447266,190284000,97.19039154052734,100.03074702826883,96.59902052903382,100.03074702826883,17964600
2023-01-10,128.66671752929688,129.18835147296187,126.09790989326439,128.2041342180523,63896200,159.04452514648438,159.93435702518596,158.2818121075973,159.53483671293623,5047500,128.4355010986328,128.54669613706488,127.24009787646544,127.68489216994938,9048700,118.8499984741211,122.76000213623047,114.91999816894531,121.06999969482422,167642500,98.64191436767578,98.85696207493338,96.77821542362553,98.37311498764284,15104600
2023-01-11,131.38308715820312,131.40276067844724,128.40091188418984,129.17843643655564,69458900,158.790283203125,159.55299622153223,156.27513138120753,159.4168024164288,6494800,129.38995361328125,129.5011486437458,127.97216041583958,128.71347947194283,8703700,123.22000122070312,125.94999694824219,120.51000213623047,122.08999633789062,183810800,99.78882598876953,99.86050172974747,97.74591356029543,99.44833716601045,16710400
2023-01-12,131.3043975830078,132.14097304777255,129.36548883237654,131.76698078856714,71379600,157.9912567138672,158.63593977708075,156.90166461096152,158.22733061544025,4269400,129.2602081298828,130.52973173021888,129.0100051972005,129.73280110072432,11001700,123.55999755859375,124.12999725341797,117.0,122.55999755859375,169400900,101.44644165039062,101.91236470762857,100.12034138036084,100.1920239540979,15357300
2023-01-13,132.63307189941406,132.7905502170586,129.58200833933589,129.94616380817476,57809700,157.4736785888672,158.0003177273189,156.52029424235857,157.25576850048307,6088000,132.5220947265625,132.96690322836918,124.9141980262929,125.65553138954618,20200000,122.4000015258789,122.62999725341797,115.5999984741211,116.55000305175781,180714100,101.38372039794922,101.6883610801603,100.49667077124619,101.34787911133148,12011400
2023-01-17,133.7944793701172,135.12316348796887,132.01304876349633,132.70199775252627,63646600,156.5021514892578,158.51790320728114,156.25698875195337,157.99126399803114,6053300,130.47415161132812,131.1598731733884,129.01928393227195,130.81701239235827,14292900,131.49000549316406,131.6999969482422,125.0199966430664,125.69999694824219,186477000,101.18659973144531,102.21701453508653,100.95363477955496,101.61668834754855,16542200
2023-01-18,133.0759735107422,136.42230495988363,132.8988066595986,134.66056331872014,69672800,154.14134216308594,156.17525748083818,154.0959534628662,155.8574534498125,7047800,126.55435180664062,130.40925850409369,126.40608235757435,128.73200101332094,13392600,128.77999877929688,136.67999267578125,127.01000213623047,136.55999755859375,195680300,99.10785675048828,102.25285979715566,98.91969510988794,101.48228917220553,16399700
2023-01-19,133.1350555419922,134.0995841255356,131.6587298451973,131.9638347529944,58280400,153.9324951171875,155.52148743945946,153.18794591930654,153.47849731082408,6939500,124.86784362792969,125.93350045939005,123.79291111670074,125.39604834353132,13303400,127.16999816894531,129.99000549316406,124.30999755859375,127.26000213623047,170291900,99.7440185546875,100.46978581784877,98.18496016729321,98.62400397028972,12928000
2023-01-20,135.69398498535156,135.84162653742413,132.1015991542997,133.14486670992753,80223600,153.2152099609375,154.45915972206186,152.0711264329748,154.450084752206,8620600,125.17362976074219,125.55356495400356,123.75583661491721,125.24776449160447,13092500,133.4199981689453,133.50999450683594,127.3499984741211,128.67999267578125,138858100,101.56292724609375,101.6435718557479,99.10785704372395,99.77986583472504,16515600
2023-01-23,138.8828582763672,141.0579844042408,135.72351517113088,135.94004410758743,81760300,152.82476806640625,154.0233291506904,152.49788903023023,153.54209249394737,8425400,127.20303344726562,127.84243317700324,124.93271193453094,125.21069952158626,10487100,143.75,145.3800048828125,134.27000427246094,135.8699951171875,203119200,101.03428649902344,102.67398280054272,100.92676262842089,101.82277437536072,16584400
2023-01-24,140.28045654296875,140.90051809732327,138.0856567013407,138.0954934654877,66435100,152.82476806640625,155.25820397014246,150.7363749938881,153.46945116869534,10541800,128.2964630126953,130.00151918684554,125.09947915122558,126.41533864256448,6945000,143.88999938964844,146.5,141.10000610351562,143.0,158699100,101.97508239746094,102.16324402123625,93.96474299719505,97.80863374695853,13583000
2023-01-25,139.62103271484375,140.18202862963406,136.61916767862735,138.6663409653264,65799300,153.91433715820312,153.91433715820312,151.70791438602214,151.78963066908497,7099800,128.9173583984375,128.9173583984375,127.18450302762814,127.92583629217025,8967000,144.42999267578125,146.41000366210938,138.07000732421875,141.91000366210938,192734300,101.43749237060547,101.83173973969069,99.80675121124477,101.45541643430607,11914700
2023-01-26,141.68789672851562,141.9733130723702,139.66039693887691,140.91035682918778,54105100,153.35137939453125,154.27753880441628,153.13345545840724,153.95065982768708,6946100,129.7142791748047,129.78841390951436,128.2130896812595,129.19535017159177,7487600,160.27000427246094,161.4199981689453,154.75999450683594,159.97000122070312,234815100,105.51434326171875,105.53226048847075,102.44997794907518,102.79046678160613,21019700
2023-01-27,143.6267547607422,144.90623964304373,140.82174580665185,140.90048495518886,70555800,152.75210571289062,153.33322237999258,152.33443546883427,153.03358215017082,6058100,130.02935791015625,130.90040924581558,129.50115321728592,130.29808395652097,7489900,177.89999389648438,180.67999267578125,161.1699981689453,162.42999267578125,306590600,103.58790588378906,105.43368766818374,103.39078222991657,104.78855819588331,15179200
2023-01-30,140.7430419921875,143.2527985417942,140.59541543784155,142.6721140707524,64015300,147.09532165527344,153.03360817408227,146.2599671701915,152.47973017414662,23259100,128.92665100097656,129.81623972338787,128.72278397297444,129.01930883385893,6729300,166.66000366210938,179.77000427246094,166.5,178.0500030517578,230878800,101.75108337402344,103.48038617594104,101.38372214291509,103.12198013962141,18672100
2023-01-31,142.01266479492188,142.06187864867766,140.03439402480078,140.4477633640219,65874500,148.38465881347656,148.39373378290182,146.23271339190146,146.82290506759202,11612500,129.69577026367188,129.79770376756338,128.1111701831327,129.62163552086386,9188700,173.22000122070312,174.3000030517578,162.77999877929688,164.57000732421875,196813500,103.9463119506836,104.29575594232638,98.94656537421963,100.44290316776964,27861800
2023-02-01,143.13465881347656,144.29604258311244,139.0895417079852,141.69771052689384,77663600,149.74664306640625,150.70911625231665,147.45849011646834,147.99421808732683,9865300,129.35289001464844,130.54829325131965,127.99069421830544,128.07410463789716,8841800,181.41000366210938,183.80999755859375,169.92999267578125,173.88999938964844,213806300,102.8083724975586,105.17384265354163,101.55395484853094,103.78502872885397,19464900
2023-02-02,148.4396209716797,148.79392468833726,145.83143680858885,146.54991104174482,118339000,150.3096160888672,150.92706042696122,147.83988030123948,148.00331289211027,10099000,128.7505340576172,130.15906549860185,127.87946874726815,129.73279438128654,11822100,188.27000427246094,196.75,182.61000061035156,187.3300018310547,217448300,99.5916976928711,103.10406177059279,98.40896257135148,102.90693811100178,24562100
2023-02-03,152.06150817871094,154.89605760293438,145.4967833818238,145.69362375451536,154357300,149.4651641845703,151.03599277637198,148.81140620955992,150.75451634225357,6868500,130.7428741455078,131.89194131072503,127.99995969141533,128.04628152779324,11501200,189.97999572753906,199.0,183.69000244140625,183.9499969482422,232662000,100.28162384033203,102.24389157292254,99.95905909426163,100.26370661489545,20226600
2023-02-06,149.3352508544922,150.6836384438328,148.40024764766747,150.1620046015634,69858300,148.3301544189453,149.6830727836634,148.09408056241395,149.41067134618098,7021000,131.51202392578125,131.80856290141585,129.76063125273973,129.94596104263303,8406200,194.75999450683594,198.1699981689453,189.9199981689453,193.00999450683594,186188100,100.11138153076172,101.3299510474993,98.8480018624889,100.67586639163453,13855200
2023-02-07,152.2091827392578,152.780030512787,148.26247720570987,148.26247720570987,83322600,148.3665008544922,148.80234879251805,146.56867313861162,146.73211957910024,7310800,133.1151580810547,133.7545579276728,130.82629893086755,131.01164287579172,10447900,196.80999755859375,197.5,189.5500030517578,196.42999267578125,186010300,102.96965789794922,103.31910189701256,100.37122272755974,100.7027495013493,16013300
2023-02-08,149.52224731445312,152.14026818212696,148.78408455222657,151.45131927430748,64120100,148.5571746826172,149.41976781299726,147.91249164964663,148.27569823685351,6054700,132.17921447753906,133.4765370679939,131.84561522002844,132.18847601755812,6958000,201.2899932861328,203.0,194.30999755859375,196.10000610351562,180673600,102.07364654541016,103.78503209527175,102.01092600272565,103.08614409506544,18459700
2023-02-09,148.48883056640625,151.89422837459855,148.0459358705389,151.3529059605557,56007100,146.5504913330078,149.63768483415268,146.25086496294836,148.57533159374535,7949500,130.1220245361328,132.82787896099774,129.61235702773652,132.6240119576392,6443100,207.32000732421875,214.0,204.77000427246094,207.77999877929688,215431400,102.45893096923828,104.15239244348322,102.30661062914832,102.70085794328836,17439300
2023-02-10,148.853515625,149.17880490718028,147.08908410868764,147.32566223415182,57450700,147.2314910888672,147.81260775849876,146.50510564301342,146.88646215856093,7028000,130.6965789794922,130.91898325052185,128.4262568376311,129.52898837104453,6582900,196.88999938964844,206.1999969482422,192.88999938964844,202.22999572753906,204754100,106.77770233154297,107.18986685339662,104.08071229706412,104.39431499455863,24918600
2023-02-13,151.6529998779297,152.05713357186568,148.76483299254943,148.79440338379132,62199000,147.7762908935547,147.83985723892138,146.32349232283525,146.48693874312534,6414700,132.11434936523438,132.26260469752583,130.41855439555908,130.9374834079669,7134600,194.63999938964844,196.3000030517578,187.61000061035156,194.4199981689453,172475500,106.36238098144531,106.70548294742902,104.64685737426791,106.29014681324998,14536200
2023-02-14,151.0122833251953,151.57415087909246,148.70570240485208,149.94770404483108,61707600,147.13162231445312,147.97606554975383,146.87738461789095,147.7672304107739,6316000,132.6981658935547,133.26343100467656,131.21551327437598,132.0495044889291,9249400,209.25,209.82000732421875,189.44000244140625,191.94000244140625,216455700,105.11636352539062,106.37140289526181,104.7551995804816,105.64908189407303,12079000
2023-02-15,153.11184692382812,153.27941747242824,150.69683660205456,150.92354792770303,65573800,144.70726013183594,147.07712929691104,144.6346188183381,147.0498905362136,12621800,133.254150390625,133.3375466721923,130.93749274871482,131.2247560339507,6728300,214.24000549316406,214.66000366210938,206.11000061035156,211.75999450683594,181006400,104.80033874511719,104.81839384094414,103.0577292310963,104.48432290343023,13663400
2023-02-16,151.51498413085938,154.09756497312395,151.16012443154224,151.3178281549916,68167900,143.68124389648438,144.96150729787456,143.3906786234585,144.43488198661606,11177000,131.41932678222656,132.8741800443655,131.28958041438693,132.4293858537453,8165300,202.0399932861328,217.64999389648438,201.83999633789062,210.77999877929688,229586500,104.49335479736328,105.44140233060514,103.65365161727547,104.11412889543777,11360600
2023-02-17,150.37155151367188,150.81512239489066,148.69583093968438,150.17441057100683,59144100,146.68087768554688,147.33933776029775,143.23310951005476,143.5989284152299,12401900,131.8085479736328,132.35527574081405,129.797690994526,130.64094356400273,7948800,208.30999755859375,208.44000244140625,197.5,199.99000549316406,213738500,100.47541809082031,103.10287889063706,100.2045503174744,103.10287889063706,20758300
2023-02-21,146.35968017578125,149.1394173925265,146.29068760704538,148.05511953332274,58867200,144.4951629638672,146.6443054631936,144.3945645074186,146.0041258560311,9423900,129.38995361328125,130.97453935641977,128.57448568386212,130.37221408839721,9996300,197.3699951171875,209.7100067138672,197.22000122070312,204.99000549316406,180018600,100.37609100341797,101.46860679200783,100.05104418664085,100.05104418664085,14469400
2023-02-22,146.78353881835938,147.8086807909047,145.0585291708209,146.74410160351695,51011300,144.29397583007812,145.2725257868112,143.91901665294307,144.9524359615368,9820200,128.39842224121094,129.2046145216142,127.36056421220857,128.73202148478387,11107500,200.86000061035156,201.99000549316406,191.77999877929688,197.92999267578125,191828500,99.07592010498047,100.19552208732574,98.09174856872733,99.75309988995711,13973800
2023-02-23,147.26651000976562,148.19308888929672,145.13736699227027,147.94665897626774,48394200,144.24827575683594,145.03476918581774,143.27887979997732,144.22999527224613,9385100,129.42701721191406,129.89034870367567,127.82389420955033,128.55595174504145,8068000,202.07000732421875,205.13999938964844,196.3300018310547,203.91000366210938,146360000,99.98785400390625,100.97202557377264,99.22941592537074,99.97882989961123,11289400
2023-02-24,144.61497497558594,145.08811632211885,143.63910684752537,145.00925692421464,55469600,142.638671875,143.44345950560515,141.9436368923819,143.26054307714813,8689700,130.5946044921875,130.99307691865604,128.74127856755442,128.90808525344383,9126900,196.8800048828125,197.6699981689453,192.8000030517578,196.3300018310547,142228100,99.99687957763672,100.18648908699497,98.43484854059658,98.7147541970454,14351000
2023-02-27,145.8076629638672,147.039812645864,145.34437348016522,145.60067024018994,44998500,142.3277587890625,143.48919735702216,141.82476644036484,143.077663237021,7267100,131.73443603515625,132.80009299558597,131.3267019891547,131.6881000499729,10014700,207.6300048828125,209.4199981689453,201.25999450683594,202.02999877929688,161028300,99.81629943847656,100.45736211835353,99.28358111154127,100.0420260252767,11710500
2023-02-28,145.30494689941406,146.95109701970668,144.7332276594082,144.95008720013072,50547000,140.16030883789062,141.9985158039271,139.95911191668696,141.7332953375381,9062300,132.837158203125,133.21707931979367,131.49348542502423,132.45722294669986,11019800,205.7100067138672,211.22999572753906,203.75,210.58999633789062,153144900,99.23844146728516,100.54765293559012,98.61543387368806,100.43930169233836,18107000
2023-03-01,143.23492431640625,145.12750429739225,142.9392054041828,144.73322244168676,55479000,139.52928161621094,140.1420125509251,138.92569092067865,139.9316614586688,6767000,132.09580993652344,132.9390766374571,131.400812705156,131.67881442565394,7139200,202.77000427246094,207.1999969482422,198.52000427246094,206.2100067138672,156852800,100.12328338623047,100.99910363729015,98.63348654907125,98.69668971725964,13200000
2023-03-02,143.8263702392578,144.61494903595985,141.84506394442167,142.31822024697658,52238100,139.41957092285156,139.70307192299225,138.30384740615295,138.77940512341002,8762500,130.72434997558594,131.98459802144257,129.30654264448808,131.80854393721583,11106800,190.89999389648438,193.75,186.00999450683594,186.74000549316406,181500700,100.58377838134766,100.85464617905946,99.4732004337039,99.87951246321575,10339900
2023-03-03,148.87327575683594,148.9521351539883,145.22611512366896,145.92596783194648,70732300,140.8553466796875,140.9467909382777,139.7761983736359,140.2608962033127,5747200,133.12440490722656,133.19853964117584,130.7336127614423,131.13207104919564,9513100,197.7899932861328,200.47999572753906,192.8800048828125,194.8000030517578,154193300,101.85687255859375,102.36250484562085,99.27455960769795,99.36485576195132,13006700
2023-03-06,151.63328552246094,154.0680147422593,151.26857399298945,151.59384830577196,87558000,142.2637176513672,142.419185457279,141.35834549020032,141.44064951311282,8148200,132.3460235595703,133.4765394717512,132.1977540780608,132.92055012572462,9261300,193.80999755859375,198.60000610351562,192.3000030517578,198.5399932861328,128100100,102.75978088378906,102.78686697511193,101.00814705482445,101.11649142011595,14347400
2023-03-07,149.43511962890625,151.83041139396585,148.9718301446463,151.50512207262017,56182000,140.9193878173828,142.8947684454691,140.2426471249481,142.74844085348482,7457700,128.45399475097656,131.8733827969708,127.70340013400269,131.59538112482244,11747600,187.7100067138672,194.1999969482422,186.10000610351562,191.3800048828125,148125800,100.77339172363281,102.18192361325184,100.37611067225117,101.85687673278134,11525300
2023-03-08,150.6869659423828,151.27840377958802,149.6618240709013,150.6278251668401,47204800,139.88597106933594,141.01997492942021,139.44698832875548,140.81877799529568,6230500,127.69418334960938,128.42624100773958,126.8509164997925,127.87951314941067,10002500,182.0,186.5,180.0,185.0399932861328,151897800,99.3016586303711,101.50474577791289,98.48001041934224,100.43029174092953,13509800
2023-03-09,148.43951416015625,152.33310365607178,148.08465449485655,151.36710263865677,53833600,138.31301879882812,140.47130230140016,137.82832077937746,140.34326912559376,7439400,120.78124237060547,127.27715853073298,119.74338441829867,126.73041665822825,25888100,172.9199981689453,185.17999267578125,172.50999450683594,180.25,170023800,98.5341796875,101.33319522973294,98.44389041905401,100.10524189070458,12961200
2023-03-10,146.37939453125,148.78455331931613,145.50210448552664,148.0649820559655,68572400,138.65133666992188,140.37065062611572,138.18493326788737,138.8799682511364,8504300,123.8485107421875,125.34043881545394,118.44607054402006,119.50247292330836,37599700,173.44000244140625,178.2899932861328,168.44000244140625,175.1300048828125,191488900,97.31524658203125,100.25872325059989,96.74641805394864,98.92241880401001,15795700
2023-03-13,148.3212890625,150.95315964799713,145.5908404610049,145.69927026224528,84457100,139.9774169921875,142.58382297118516,138.6147815049397,139.09032521432886,10799600,121.6245346069336,124.0616631393986,119.91947785817618,121.58747430359412,42901100,174.47999572753906,177.35000610351562,163.91000366210938,167.4600067138672,167790300,96.19564056396484,97.3874766358317,93.64944500640253,95.11214884223133,20745600
2023-03-14,150.41099548339844,151.20942619347872,147.95656256587642,149.11970482478546,73695900,140.76388549804688,140.86448394856953,138.91653847688752,140.17858922806894,8421200,124.74739837646484,125.59066530172643,121.6616081515334,125.35899949630898,29648100,183.25999450683594,183.8000030517578,177.13999938964844,177.30999755859375,143717900,96.55681610107422,98.42583214090398,94.76905833363169,96.02409772378344,18263500
2023-03-15,150.8052520751953,151.0615337650689,147.77908558210245,149.03095372752588,77167900,141.1571502685547,141.6509883665172,139.49270558312773,139.77620652404738,7757700,118.8537826538086,121.38358264061789,117.43599656788254,121.37430696184849,34280600,180.4499969482422,182.33999633789062,176.02999877929688,180.8000030517578,145995600,91.75335693359375,94.08285036474295,90.48928651202644,92.83684193000596,25733800
2023-03-16,153.62440490722656,154.22569446185167,149.4745187940127,149.98709719489494,76161100,140.864501953125,141.17543758373208,139.55673588374282,140.33407496026052,7605500,121.16120147705078,122.27319437967272,116.77808186162777,118.62213946859589,24558500,184.1300048828125,185.80999755859375,178.83999633789062,180.3699951171875,121136800,91.22064208984375,91.80753268933373,88.5028916110126,89.4870632726736,27465200
2023-03-17,152.7865753173828,154.50173325502132,152.07685582876627,153.85115455030763,98944600,139.35552978515625,141.70585525008212,139.28236600255246,141.27602674888786,20540700,116.58348083496094,119.05766958306614,116.249881557702,118.96501175812325,38396000,180.1300048828125,186.22000122070312,177.3300018310547,184.52000427246094,133197100,90.14617919921875,91.74432751834175,89.51414742187784,90.83239004935297,43199500
2023-03-20,155.15228271484375,155.5662982460434,151.94869352566715,152.85556893212473,73641400,140.73646545410156,140.90108746050612,139.35553563026602,139.43783965618567,7129000,117.81594848632812,119.97507525224299,116.76882170610554,117.67694760438178,22875500,183.25,186.44000244140625,176.35000610351562,178.0800018310547,129684400,92.50275421142578,92.52984718878675,89.83918319379497,89.95655854117695,32042100
2023-03-21,157.00543212890625,157.1237136794573,154.30455474450915,155.07342994575768,73938300,140.73646545410156,140.95595681111922,139.1634789485549,140.83706391508065,8376800,120.97586059570312,122.0693161768008,120.64226134151549,121.01292089516592,17807800,197.5800018310547,198.0,188.0399932861328,188.27999877929688,153391400,96.6470947265625,96.86379031770147,94.01963399056646,94.05575107052773,31592300
2023-03-22,155.57614135742188,159.82459083880553,155.55642275206148,157.02515051318744,75701800,138.13922119140625,140.89194074495867,138.12092675537562,140.69989800761823,7943500,117.85299682617188,121.07778707303171,117.7603319431326,120.98511512011504,17250200,191.14999389648438,200.66000366210938,190.9499969482422,199.3000030517578,150376400,94.43498229980469,96.77351358741302,94.40789620848517,96.43041161631658,14952700
2023-03-23,156.66043090820312,159.24302685232914,155.4282812343858,156.56186795883147,67622100,138.21237182617188,138.72450434975727,137.27955104131865,138.25808698004832,9051500,117.53793334960938,120.0306591206353,116.77806996061811,118.52020095236227,16677600,192.22000122070312,199.30999755859375,188.64999389648438,195.25999450683594,144193900,93.36954498291016,96.0150538626395,92.49372475853563,95.13020953496209,14385900
2023-03-24,157.9615936279297,158.0503047976887,155.59587218901564,156.5914437450547,59196500,139.60247802734375,139.70307651017114,137.9380468941438,138.53248359430773,5696200,115.74948120117188,116.46300861569885,114.08148493751717,116.41667263675598,22311100,190.41000366210938,192.36000061035156,187.14999389648438,191.64999389648438,116312400,93.47789764404297,93.7668274138836,91.11228730616938,91.61791268123321,13401600
2023-03-27,156.01974487304688,158.47419284355544,155.6155961034445,157.65604352005258,52390300,140.19688415527344,141.3308878329097,140.02312192607076,141.01995224094904,6772300,119.06692504882812,119.89165449151159,117.02826235948388,117.49159382480615,18853900,191.80999755859375,197.38999938964844,189.94000244140625,194.4199981689453,120851600,95.52749633789062,96.1414729426991,93.82100385617555,94.57041090506546,14805900
2023-03-28,155.39869689941406,156.22671283698608,153.75254688783264,155.71413440722972,45992200,138.84341430664062,140.33408295218027,138.76109631950266,139.36468713416028,6115300,119.42831420898438,119.85457120734863,118.37191204175518,119.27078321917557,10820500,189.19000244140625,192.35000610351562,185.42999267578125,192.0,98654600,96.7193374633789,97.19787676020158,94.97672781033091,95.20245441363438,11047600
2023-03-29,158.47418212890625,158.75018247951246,157.07446176772007,157.09416533498404,51305700,140.20603942871094,140.2700629745724,139.07203562947694,139.2275034421279,6012000,119.66927337646484,120.67007123133865,118.39974237149276,120.55887618293832,14595300,193.8800048828125,195.2899932861328,189.44000244140625,193.1300048828125,123660000,98.38068389892578,98.5612693183104,97.0534103431238,97.56806673326851,14219100
2023-03-30,160.04144287109375,160.14987263415844,158.96701206310877,159.2232937572216,49501700,140.31578063964844,140.65416490105966,139.748778729893,140.4529679741337,4555700,119.30787658691406,120.57740053538848,118.28854856985595,120.41986950190865,12134700,195.27999877929688,197.3300018310547,194.4199981689453,195.5800018310547,110252200,98.85921478271484,98.93144894431458,97.9833945170473,98.91339384822905,11578200
2023-03-31,162.54518127441406,162.64375926608275,159.59788883873148,160.120319104618,68749800,141.75160217285156,141.92536443405214,140.1420406169844,140.64501900942844,9890000,120.75344848632812,120.781247244047,119.40052847816081,120.15112321607968,13105200,207.4600067138672,207.7899932861328,197.1999969482422,197.52999877929688,170222100,99.0127182006836,99.47319550054613,98.46194475076574,99.03077329751721,14418000
2023-04-03,163.79705810546875,163.91533966892132,161.87490749491164,161.92419649331373,56976200,143.4434814453125,143.5897950740668,140.78220608625327,141.70587279115333,6841900,120.61447143554688,121.8005990620013,119.91947411662014,120.3828056625713,11775400,194.77000427246094,202.69000244140625,192.1999969482422,199.91000366210938,169545900,104.85450744628906,105.50460109257416,102.13676440922006,102.38054608226274,28087700
2023-04-04,163.2647705078125,164.45748300799937,162.75219201536794,164.22091988909426,46278300,144.9433135986328,145.38228242222655,143.20570483285516,143.55322937692415,8314500,119.00206756591797,121.0129246940969,118.06614297272823,120.92952841287085,11579900,192.5800018310547,198.74000549316406,190.32000732421875,197.32000732421875,126463800,103.852294921875,105.36917800528686,103.08482583133501,104.9719038589231,16365500
2023-04-05,161.42144775390625,162.69303455117807,159.489445623491,162.38746386000238,51511700,151.45472717285156,151.50045628663622,148.84832118735494,150.32070934199683,16704200,119.17951202392578,119.68383093333486,118.105484753136,118.42302653444963,9614700,185.52000427246094,190.67999267578125,183.75999450683594,190.52000427246094,133882500,105.63102722167969,105.64005821530075,103.21123757846777,104.15026114479491,16479500
2023-04-06,162.30862426757812,162.60434321282244,159.686606015777,160.1104583059446,45390100,151.03402709960938,152.93624365745956,150.71395123717744,151.8022398694895,9615400,119.04876708984375,119.6184683520307,118.47906582765681,118.60981623615582,8760200,185.05999755859375,186.38999938964844,179.74000549316406,183.0800018310547,123857900,103.87938690185547,105.80257510627607,103.62656731652812,105.51364532595989,15778000
2023-04-10,159.71620178222656,159.71620178222656,157.794050894079,159.11491201302218,47716900,150.27500915527344,150.75055291322863,149.65312384588694,150.55851015259188,5354000,119.44100952148438,119.75854416864264,117.88133895967496,118.18019803214959,9477300,184.50999450683594,185.10000610351562,176.11000061035156,179.94000244140625,142154600,103.41889953613281,104.89966547608121,103.08482168934565,103.63559514259062,13006600
2023-04-11,158.5037384033203,160.04145880285023,158.21787125365222,160.03160702009572,47644200,150.229248046875,151.15291464057503,150.01889693821317,150.3664214181199,5903800,120.0293960571289,120.4216472622933,119.11413611971616,119.82392910432019,10516300,186.7899932861328,189.19000244140625,185.64999389648438,186.69000244140625,115770900,104.1502456665039,104.91771468312228,103.2744254084247,103.79811274254219,11758500
2023-04-12,157.813720703125,159.74572277857914,157.49828319805357,158.9177218890988,50133100,149.90916442871094,150.75052703439127,149.159260044012,149.92745886382028,5764100,120.01070404052734,121.8131925993878,119.59977016680972,120.64577329938268,11821000,180.5399932861328,191.5800018310547,180.30999755859375,190.74000549316406,150256300,104.04190826416016,105.2698546396049,103.7710335867268,104.88161149784854,10919000
2023-04-13,163.19573974609375,163.43231787231758,159.11486107428212,159.32186881483895,68445600,151.91197204589844,152.1131689585871,149.80855865705794,150.14692893995954,5640600,120.46834564208984,120.51503101665217,118.45104153577316,119.9733609656406,12450200,185.89999389648438,186.5,180.94000244140625,182.9600067138672,112933000,104.52946472167969,104.63781596318508,103.04869886424973,103.47306594935992,12399700
2023-04-14,162.85073852539062,163.94488786146843,161.48058891002177,162.2395821576286,49386500,151.6650390625,151.92110531151866,150.0371833560682,151.78393194760295,7225100,129.5648651123047,129.92909937936918,125.98789051486388,126.22137438479558,43931300,185.0,186.27999877929688,182.00999450683594,183.9499969482422,96438700,104.78228759765625,105.33306103761986,103.94258439317314,104.64685026365014,11530800
2023-04-17,162.87049865722656,163.0282174547124,161.6876377578676,162.73249846964956,41516200,151.5095672607422,152.03085393897206,150.84196698305735,151.57359079858668,8046400,130.59219360351562,130.80699476339154,128.56555541938278,130.70426129549892,16050500,187.0399932861328,189.69000244140625,182.69000244140625,186.32000732421875,116662200,103.5633544921875,105.19761965263834,103.31054181904692,104.27665132776484,13260400
2023-04-18,164.0927734375,165.01935243982652,163.2844759960185,163.72806193096773,49923000,147.2478790283203,150.61334317129226,146.0041226642209,150.21094935429477,14571500,132.0584716796875,132.4133717236845,129.84504914380517,131.0031342737207,13760100,184.30999755859375,187.69000244140625,183.5800018310547,187.14999389648438,92067000,105.58587646484375,105.82965816148786,103.20220412344499,103.2834623927833,17436100
2023-04-19,165.23622131347656,165.75865162452376,163.1760554202755,163.43235220441335,47720200,148.63795471191406,148.775128071664,147.39419841678168,148.14411666225075,6752000,131.89041137695312,132.15191225407602,131.12457720057253,131.89974560444716,9158100,180.58999633789062,183.5,177.64999389648438,179.10000610351562,125732700,105.25180053710938,105.54976130737599,104.52947264954715,104.80937832250787,10682600
2023-04-20,164.27020263671875,165.47278202514906,163.19577163848064,163.71820194187683,52456400,149.59820556640625,149.817696889927,147.20215125819809,148.54649200675286,9498800,131.50743103027344,132.08646637241037,130.60151262360765,130.66689493680227,10586200,162.99000549316406,169.6999969482422,160.55999755859375,166.1699981689453,210970800,104.41210174560547,104.44821883038584,102.23610077446699,103.95161752544264,17038700
2023-04-21,162.6634979248047,164.07307012591417,162.141067594516,162.6930683177726,58337300,148.78428649902344,150.8694053539359,148.12582644436014,150.3847075296093,7014200,131.25531005859375,131.78766021975875,129.61158844387978,130.50817293873192,11842500,165.0800018310547,166.0,161.32000732421875,164.8000030517578,123539000,104.74617767333984,105.53170186471816,104.06899784566643,105.17956890541834,14315300
2023-04-24,162.96900939941406,163.2351578802054,161.54957088970835,162.64372015419931,41949600,149.68968200683594,149.80857491029596,148.03439137204393,148.78430975607463,5278900,131.4327392578125,131.77830508418094,130.78832148106375,131.18058693269546,7567500,162.5500030517578,165.64999389648438,158.61000061035156,164.64999389648438,140006600,106.7235336303711,107.34654125018265,104.62879105976474,104.66490814236836,15831300
2023-04-25,161.43133544921875,163.93505711689548,161.3918982344198,162.83105575677226,48714100,151.0614776611328,151.2169594431559,150.1286706963945,150.26584408692463,6263100,128.5748748779297,130.71359475915895,128.5375237351326,130.37737747109645,10629300,160.6699981689453,163.47000122070312,158.75,159.82000732421875,121999300,105.20664978027344,106.30819668085564,104.40306364236591,106.13664915061827,12179800
2023-04-26,161.42144775390625,162.91974586384254,160.47516529354857,160.73144699304368,45498800,148.7202606201172,150.33897605858107,148.37275011947438,150.0646153810266,5518200,126.29609680175781,128.70565216150288,125.14736009851921,128.52820213199345,14416100,153.75,160.6699981689453,153.13999938964844,160.2899932861328,153364100,104.24053955078125,105.72130547333512,103.54530466427435,104.7642269081459,15566100
2023-04-27,166.0050506591797,166.15290259103057,162.83103216774902,162.83103216774902,64902300,149.0677947998047,149.44275395177087,148.27216134210076,148.97633658313234,5739700,127.99588012695312,128.79906533366992,126.69771017954503,127.0152448715495,9041100,160.19000244140625,160.47999572753906,152.3699951171875,152.63999938964844,127015200,105.48655700683594,105.64908043536957,103.72588538295011,104.3940410828268,16279200
2023-04-28,167.2569122314453,167.42449781718415,165.48262879614657,166.08391841749662,55275900,149.70797729492188,149.76284664927223,148.66541769856664,148.8940493114039,6024900,129.1072540283203,129.18197058151966,126.7070328529894,127.53823491258476,9887300,164.30999755859375,165.0,157.32000732421875,160.89999389648438,122515800,106.84994506835938,108.27653890037259,105.48656130038738,105.8657803528579,24381900
2023-05-01,167.16824340820312,168.01596317037598,166.23181245997438,166.86267262897096,52472900,149.6165008544922,150.25666644188559,148.3727445898865,149.6165008544922,4893400,131.8717041015625,133.8983426470363,131.52615248918775,132.86167355918573,20415800,161.8300018310547,163.27999877929688,158.8300018310547,163.1699981689453,109015000,103.53627014160156,105.9109182655112,103.33762964119236,104.72810625542793,17355000
2023-05-02,166.13319396972656,167.91735928630777,165.14747425578494,167.6610625345139,48425700,150.92430114746094,151.335835265102,149.57994612981813,150.293275654947,7541700,129.74232482910156,133.0017650271843,129.28469127957604,132.0584810017057,14113400,160.30999755859375,165.49000549316406,158.92999267578125,161.8800048828125,128259700,99.40999603271484,102.87716028742783,98.67864403269425,102.87716028742783,24324100
2023-05-03,165.05877685546875,168.47922575134587,164.77292473257992,167.07950544573387,65136000,148.94891357421875,151.97599379197842,148.61968350480456,151.3998516364279,5937200,126.9965591430664,129.50884819203463,126.79109217061149,129.29404699382314,12930900,160.61000061035156,165.0,159.91000366210938,160.00999450683594,119728000,97.45068359375,99.14814506861268,97.29719116600457,98.48902728423344,16212300
2023-05-04,163.4224853515625,164.6546351492701,161.9636242025262,162.53534351356944,81235400,148.2721710205078,148.97634630750412,147.46738331586567,148.7751493813436,5128000,125.2594223022461,126.75372477393438,123.10203361865545,126.04393893778094,17089200,161.1999969482422,162.9499969482422,159.64999389648438,162.7100067138672,95108500,95.74418640136719,98.1910616866473,95.62681106040665,97.42359269716702,17177200
2023-05-05,171.0913848876953,171.8109560965244,168.32149974515366,168.5383592942621,113453200,148.775146484375,149.1866945236859,147.86977428884768,148.9214740559271,5194500,127.70635986328125,128.77104588383023,126.9311916004048,127.4261763314049,11261400,170.05999755859375,170.7899932861328,163.50999450683594,163.97000122070312,107607300,98.12785339355469,98.80503309394581,97.08950980856267,98.01047805872635,14968200
2023-05-08,171.02236938476562,171.3673772990156,169.65221959190652,170.01693107088172,55962800,148.43678283691406,148.6745686399828,147.54969108215587,148.1441416352618,4994900,128.01455688476562,128.85509320709122,127.46352406161003,128.40680811856598,7484900,171.7899932861328,173.8000030517578,169.19000244140625,173.72000122070312,112249400,98.51612091064453,100.19552741782297,98.45291773622941,99.77116029448023,11187800
2023-05-09,169.3170928955078,171.06180609803263,169.14952233576255,170.57881302608763,45326900,147.2844696044922,148.27215972460755,147.0466838255639,147.92463525052125,5520500,127.39814758300781,127.9024664930123,126.27742781021169,126.9498482733093,7343600,169.14999389648438,169.82000732421875,166.55999755859375,168.9499969482422,88965000,98.54319763183594,99.52736912687311,97.70349445808553,97.8208698026595,11370800
2023-05-10,171.08151245117188,171.54480192353225,169.44521410372417,170.5492304195713,53724500,147.8332061767578,148.12586136095533,146.37911236101542,147.4216720342264,6756600,127.4635238647461,128.9391437900356,125.95988701213741,128.83641030628993,8133400,168.5399932861328,174.42999267578125,166.67999267578125,172.5500030517578,119840700,97.27912139892578,99.32872252733888,96.34912902581789,99.08493397230134,14884800
2023-05-11,171.26878356933594,172.0967844383617,169.71134476851833,171.36736154745756,49514700,147.22962951660156,148.32705854997252,145.76638150239543,147.9978284445045,5867600,127.06195831298828,127.77174433415396,125.98792367815392,126.08132295100151,7057300,172.0800018310547,173.57000732421875,166.7899932861328,168.6999969482422,103889900,95.51846313476562,96.44845556862221,94.74196312640156,96.15049482128114,17165900
2023-05-12,170.34095764160156,171.8117019924622,168.79122976444327,171.3773829679925,45533100,147.0375518798828,147.75088134777604,146.33336265224682,147.5679788606741,3904200,125.24077606201172,127.93984951394664,124.3348573436473,127.78108216391836,9988600,167.97999572753906,177.3800048828125,167.22999572753906,176.07000732421875,157849600,95.50942993164062,96.62000774210023,94.60652360687392,95.9879691815864,12613300
2023-05-15,169.84738159179688,170.97265562623798,169.25512575822094,170.92329846315806,37266700,145.9126739501953,147.26616896686437,145.3548123490346,147.0558318251505,5104500,126.29609680175781,126.70703071204808,125.11000894791336,125.39952667996555,7639500,166.35000610351562,169.75999450683594,164.5500030517578,167.66000366210938,105592500,95.69157409667969,96.4748120558276,95.24531287059894,96.09230243347267,13715600
2023-05-16,169.84738159179688,170.9035525855878,169.58086496051854,169.7684131432073,42110300,145.72064208984375,146.55286451355641,144.97987789351987,145.46457579863466,5599200,125.44624328613281,126.95921447814978,125.11002588227049,126.51092935657569,6477200,166.52000427246094,169.52000427246094,164.35000610351562,165.64999389648438,98288800,93.36919403076172,95.45479241950255,92.91382338558,95.29085870930095,14795200
2023-05-17,170.45941162109375,170.69630196545663,168.21872838992437,169.4920742376562,57951600,145.4005584716797,146.3790944707896,144.2848351387813,146.13216843362275,6840700,129.3033447265625,129.43409510388457,126.5108871857438,126.92180676395432,12711500,173.86000061035156,174.5,167.19000244140625,168.41000366210938,125473600,95.4638900756836,95.83729729419335,93.66972884185704,94.16152991217525,14064700
2023-05-18,172.7888946533203,172.97644284674885,170.350798262134,170.7653713447007,65496700,144.93414306640625,145.34567716430027,144.0927804349484,145.0987650783033,5173000,130.2839813232422,130.498782463537,128.65892868400402,129.13524483295998,10999600,176.88999938964844,177.05999755859375,172.4499969482422,174.22000122070312,109520300,96.32909393310547,96.45660409398972,94.83547891684711,95.21799550269198,12005600
2023-05-19,172.89749145507812,174.11159953538055,172.68033195301507,174.11159953538055,55809500,145.327392578125,146.2601994524515,144.62320334766784,145.03473743393724,6527100,129.98512268066406,131.2085900304391,129.0045019071009,130.55482384709921,13492200,180.13999938964844,181.9499969482422,176.30999755859375,177.1699981689453,136196700,96.7753677368164,97.49485416233486,96.37463936098223,97.057695302479,13359600
2023-05-22,171.9498748779297,172.4532969038887,171.20956254487746,171.73271538863227,43570900,144.54417419433594,146.6358163387458,144.46124918161314,145.58539066469842,5675900,128.91111755371094,132.28262532133834,128.56556597457688,131.68490716381527,11402500,188.8699951171875,189.32000732421875,180.11000061035156,180.6999969482422,132001400,95.60050201416016,97.48573596379379,95.51853169544371,96.39284238746473,12882000
2023-05-23,169.343994140625,171.140492823502,169.06761204505847,170.89372201948225,50747300,144.4888916015625,145.83418051873556,144.08346167967875,144.7561131681918,5793000,127.5662612915039,129.84506645540733,127.44485935294365,128.45349726906264,9514900,185.77000427246094,192.9600067138672,185.25999450683594,186.1999969482422,156952100,96.90287017822266,98.56041897166943,96.31088697733361,96.52946293130343,14394400
2023-05-24,169.62039184570312,170.19290197111815,168.31744971265542,168.88007936551583,45143500,144.3506622314453,144.79294296372444,143.6688016384663,144.73765962967093,5015100,126.39883422851562,127.34211825680605,126.15601611517806,126.45486808153771,8578000,182.89999389648438,184.22000122070312,178.22000122070312,182.22999572753906,137605100,97.98664855957031,98.82453579726088,97.2034174706493,97.7953937293031,16340300
2023-05-25,170.7555389404297,171.65377326209193,169.47232768730396,170.18302884098296,56058300,142.27748107910156,144.00975348255426,141.64169449161764,143.78862010245814,6886100,126.70703125,127.26739826654314,125.68904494564767,125.91319460240996,8472500,184.47000122070312,186.77999877929688,180.5800018310547,186.5399932861328,96870700,96.22892761230469,96.93019534521436,95.36371922157713,96.48393406063548,14316500
2023-05-26,173.1639862060547,173.49960591702484,170.87396117733175,171.08125526170468,54835000,142.22218322753906,143.07910310771402,142.08396081922376,142.53546485728998,6845400,127.89314270019531,128.50954361326615,126.6696893504714,127.11797444601099,8579900,193.1699981689453,198.60000610351562,184.52999877929688,184.6199951171875,162061500,95.60050201416016,97.40376564507734,95.47299880584899,96.96661377326869,12370300
2023-05-30,175.00985717773438,176.67803022234617,174.28929064745816,174.6742524991613,55964400,142.24063110351562,143.17128104215269,141.27314434412637,141.8720660580202,5593100,128.37876892089844,128.62158699949254,127.03389963789574,127.7623681244016,7399900,201.16000366210938,204.47999572753906,197.52999877929688,200.10000610351562,128818700,94.7535171508789,94.82637811593308,93.45115693125291,94.07046123740521,11938000
2023-05-31,174.96051025390625,177.03339115324283,174.47683402760893,175.03947872320146,99625300,142.8763885498047,143.45689173465078,141.7614703761967,142.54467445272869,11324600,126.74440002441406,127.7997375076155,125.5209324807601,127.69700402687282,14219900,203.92999267578125,203.9499969482422,195.1199951171875,199.77999877929688,150711700,93.0595474243164,93.84278550755116,92.65881902403683,93.1597295243863,24926100
2023-06-01,177.7637939453125,177.79340523372372,174.64460769798924,175.40466591116137,68901800,142.39724731445312,142.8579605715412,141.11646502214234,142.39724731445312,7901300,128.4908447265625,129.09789708675177,126.50155759891467,127.50087540035871,12248100,207.52000427246094,209.8000030517578,199.3699951171875,202.58999633789062,148029900,94.13420867919922,96.15605520535738,92.22165359578607,92.66791482728826,13551900
2023-06-02,178.6127166748047,179.43199760539318,176.94454352013497,178.69168514468382,61996900,144.63633728027344,144.9496189558725,141.98262412260058,142.56312739080514,7659700,131.18992614746094,132.13319591046866,130.13457442941316,130.340041387807,12922500,213.97000122070312,217.25,209.75,210.14999389648438,164398400,96.31999969482422,96.656969521363,95.19978486339987,95.7735563166386,14112000
2023-06-05,177.26040649414062,182.56103856696868,175.74028990045602,180.27101332814428,121946500,145.88026428222656,146.17511347950776,144.43361778913342,144.43361778913342,6430500,129.90106201171875,130.85368004132374,129.0044920726853,130.85368004132374,8511900,217.61000061035156,221.2899932861328,214.52000427246094,217.8000030517578,151143100,95.89196014404297,97.62237014507785,95.70980770012046,97.62237014507785,10628000
2023-06-06,176.89517211914062,177.79340630920336,175.13815031318512,177.64534986625156,64848400,145.75123596191406,147.06888315846044,145.03252442192604,147.04124148844954,5073600,130.13455200195312,130.8443520088864,129.07921471650812,129.5181512330025,9329500,221.30999755859375,221.91000366210938,212.52999877929688,216.13999938964844,146911600,96.67517852783203,96.78446302344969,94.69887181683578,94.85369615123003,12209800
2023-06-07,175.5231170654297,178.86932803839457,175.0295755351299,176.13510374325992,61944600,146.06454467773438,146.32254299407322,145.06940228906157,145.67754720322614,6504300,131.3953857421875,131.93707003389363,129.65826516903496,130.33069985868914,9281400,224.57000732421875,230.8300018310547,223.1999969482422,228.0,185710800,98.84274291992188,99.17061031308711,97.20341290249974,97.25805515189259,16027100
2023-06-08,178.2376251220703,178.50412674833163,175.1677956906412,175.60209965770608,50214900,147.66783142089844,147.81526306081457,145.41956218152507,146.04612556138608,5818400,131.4327392578125,131.58217235836509,130.2653198798546,131.3767054077865,7368100,234.86000061035156,235.22999572753906,223.00999450683594,224.22000122070312,164489700,98.53308868408203,99.39829000988337,96.44749058624957,99.06131327802622,13517100
2023-06-09,178.62258911132812,179.87617397731293,178.2968498358667,179.1556074319137,48900000,147.43743896484375,148.10086712356102,146.93987487573162,147.81522717797336,6264400,131.69424438476562,132.43206143627933,130.94710735890789,131.0778577635055,7249100,244.39999389648438,252.4199981689453,242.02000427246094,249.07000732421875,200242400,97.80451202392578,98.91561757134758,97.59504540666724,98.77900498055875,12251600
2023-06-12,181.416015625,181.51472997018058,178.63244881890137,178.92857679274874,54274900,147.3361053466797,147.658610275435,146.25803792919908,147.42825362913945,6510600,131.68490600585938,131.98377220735534,130.52682085114972,131.75028833145842,7596600,249.8300018310547,250.97000122070312,244.58999633789062,247.94000244140625,150337900,96.92108154296875,97.50395538340138,96.13784351706161,96.36552882811824,14112000
2023-06-13,180.94219970703125,181.77134589189876,180.08344223425368,180.4387927508673,54929100,148.110107421875,148.20224164016258,146.64502853461397,147.17945761615366,6066800,132.63754272460938,133.4313794630357,130.88173917253985,131.1992738679104,7701600,258.7099914550781,259.67999267578125,251.33999633789062,253.50999450683594,162384300,96.93929290771484,98.66969558179933,96.79357098445514,97.79538488745241,13533800
2023-06-14,181.57394409179688,182.00826309164242,179.668880824476,181.00143405215442,57462900,148.86570739746094,149.3448532568283,148.33127818121596,148.90257234195053,6699100,132.14254760742188,134.1224864357795,131.40473053409755,133.55278517375058,9068700,256.7900085449219,261.57000732421875,250.5,260.1700134277344,170575500,95.77355194091797,98.46023581415011,95.0722772964227,97.8591432617256,16627700
2023-06-15,183.6073455810547,184.11076766616947,181.4061542027307,181.5838370156226,65433200,150.8651580810547,151.03102216346744,148.74587430260902,149.31716829775,7138300,133.63681030273438,133.9263279908492,130.77897031580065,131.30197184926266,9343100,255.89999389648438,258.95001220703125,247.2899932861328,248.39999389648438,160171200,96.43839263916016,97.47663713232299,96.02856184653436,96.08320409930994,16224100
2023-06-16,182.53146362304688,184.57473352539066,181.8898654268207,184.31808219754208,101256200,151.32589721679688,152.02619048032184,150.99418305508902,151.5562538829869,13426600,133.79559326171875,134.45869373040634,133.0858074190779,133.59947478908592,13813500,260.5400085449219,263.6000061035156,257.2099914550781,258.9200134277344,167915600,95.7462158203125,97.2398307695068,95.59139149045296,96.86643050641004,43128900
2023-06-20,182.62026977539062,183.69620198313194,182.02802885230534,182.02802885230534,49799100,151.2337646484375,152.32104137607422,150.93890136374299,151.35354055547128,7995800,133.11380004882812,133.55275078938246,131.72223129146204,133.18851658453121,8428600,274.45001220703125,274.75,261.1199951171875,261.5,165611200,93.55134582519531,95.41836128877108,93.00490244435375,95.3363979084269,17514100
2023-06-21,181.58383178710938,183.015099412311,180.23151756348105,182.51167734169172,49515700,151.00338745117188,151.96166487644305,149.90688760754543,150.72695667431466,7177500,132.917724609375,134.50541231717898,132.3293406070789,133.45939472968294,9926500,259.4599914550781,276.989990234375,257.7799987792969,275.1300048828125,211797100,94.59870147705078,95.2908598632576,93.19615903909798,93.35098339271755,13285700
2023-06-22,184.5845489501953,184.63390612000734,181.29756025506936,181.3666633051449,51245300,152.60665893554688,152.69880721341565,150.9204466814915,151.02180416320587,5485900,130.35870361328125,133.17919248489687,129.7703197565961,132.90834324104497,10075200,264.6099853515625,265.0,248.25,250.77000427246094,166875900,94.07957458496094,94.61690859111411,93.4875913784975,93.66062749233436,12455300
2023-06-23,184.26869201660156,185.13733008755815,182.62026481317798,183.15329819733586,53117000,152.4776611328125,153.20559597880413,152.06302199843734,153.05816435684972,9450700,129.6769256591797,129.98511177599062,128.52817494817768,129.3873937376386,9919500,256.6000061035156,262.45001220703125,252.8000030517578,259.2900085449219,177460800,93.25990295410156,93.6424126014949,92.54952590939848,93.43293906216762,17933600
2023-06-26,182.87689208984375,185.62098193195177,182.83740033087778,184.41673933227065,48088700,150.7730255126953,152.01694287503747,148.65374171110702,152.01694287503747,6978800,129.9945068359375,130.76032666699746,128.5936033455019,129.6956405842955,8429700,241.0500030517578,258.3699951171875,240.6999969482422,250.07000732421875,179990600,94.98120880126953,95.54587089555955,93.07775591537894,93.07775591537894,14283400
2023-06-27,185.630859375,185.9565986299679,183.27173119056016,183.48889069387212,50730800,150.45973205566406,151.00338439442436,149.67652794025187,150.819087840348,4927500,130.0038299560547,130.6015481575484,129.3874290527476,129.81704569009904,8154000,250.2100067138672,250.38999938964844,240.85000610351562,243.24000549316406,164968200,95.21800231933594,95.27264457190962,94.05224765999647,94.76263168547666,13227500
2023-06-28,186.80551147460938,187.4471095844542,185.17683008088284,185.50255431027165,51216800,150.1556396484375,150.37677296745625,149.18813919818078,150.37677296745625,6780400,129.4341278076172,130.0131775541122,128.84575808636748,129.9664779252572,7558600,256.239990234375,259.8800048828125,248.88999938964844,249.6999969482422,159770800,95.99213409423828,96.37464377136418,93.98849907177967,94.99942246733002,13084100
2023-06-29,187.14108276367188,187.61489349976054,186.49948476837957,186.6376758009822,46347300,151.2061004638672,151.40881542695394,149.4830232776298,149.86081153245993,4547500,133.95436096191406,134.07577713627336,130.61088443658164,130.81635138516293,15423200,257.5,260.739990234375,253.61000061035156,258.0299987792969,131283400,97.17607879638672,97.20340686779058,95.74621545601053,96.22891410649476,11364400
2023-06-30,191.46453857421875,191.96794560784363,188.78953634841974,189.1547673916645,85213200,152.5145263671875,152.90152383068647,151.43645899175752,151.90638147032342,7580000,135.83157348632812,136.35457505574118,134.1691695332407,135.04707113220857,14212800,261.7699890136719,264.45001220703125,259.8900146484375,260.6000061035156,112620800,97.67700958251953,98.25077413038963,97.27628116587086,97.74076119894954,13544700
2023-07-03,189.97402954101562,191.37568580561538,189.28305928715224,191.27697146600818,31458200,150.51504516601562,151.47332267189728,150.15568934382816,151.42724852856978,4033700,136.92428588867188,137.73680522331213,136.35458465672096,136.53203468399295,8021600,279.82000732421875,284.25,275.1099853515625,276.489990234375,119685900,97.86824798583984,98.77898918088589,97.5130594756442,97.89556910994659,7397000
2023-07-05,188.85862731933594,190.48730854754436,188.15779163185775,189.09553270560195,46920300,150.0174560546875,151.0402400991634,149.94374024267037,150.18332014668945,7224600,136.0121612548828,136.75503110193193,135.74886452312396,136.2942689956518,8934900,282.4800109863281,283.8500061035156,277.6000061035156,278.82000732421875,131530900,97.36734008789062,98.28718365037709,96.62963502839895,98.02306788196694,12491200
2023-07-06,189.33242797851562,189.53972207962792,186.756140199604,187.3878728511301,45094300,148.90252685546875,149.61201513180737,148.34966533586615,149.50144845182786,6332500,134.66744995117188,134.8367059634684,133.00302742062036,134.4887812613519,9709500,276.5400085449219,279.9700012207031,272.8800048828125,278.0899963378906,120332100,93.73348236083984,96.28356049270509,93.2872211197048,95.70978909141326,17961400
2023-07-07,188.21702575683594,190.1813268348204,187.78272178125238,188.93760736945495,46815000,146.7371826171875,148.38653000626636,146.69110847629454,147.86132416767734,7022200,135.73004150390625,137.1405657343438,134.46997663504473,135.3256981118395,8981500,274.42999267578125,280.7799987792969,273.7699890136719,278.42999267578125,113879200,93.95206451416016,94.71708377867716,92.49487305114974,92.8227404354867,21929200
2023-07-10,186.17376708984375,187.5359467558433,184.62403920180722,186.8153651594175,59922200,146.97671508789062,147.70464979306678,146.50679270115015,146.9029992911734,5739200,136.49171447753906,137.28161890628877,135.88049308545027,135.88049308545027,9100100,269.6099853515625,277.5199890136719,265.1000061035156,276.4700012207031,119425400,95.34551239013672,95.40015464663567,93.57867198035146,93.77903618538751,14877600
2023-07-11,185.65060424804688,186.85484691926047,184.18972537508213,186.71665587805697,46638100,146.16590881347656,147.70468957731163,145.21684052236785,146.62662212216446,6606700,138.62631225585938,139.00246063974816,137.0183227540901,137.61073314225018,11260900,269.7900085449219,270.8999938964844,266.3699951171875,268.6499938964844,91972400,96.5112533569336,96.6842964214779,95.45479014999596,95.8646278899581,12576500
2023-07-12,187.3187713623047,189.22383458950753,186.0355602702456,187.22992243297554,60750200,145.6591033935547,146.45153074913884,145.47482090478337,146.45153074913884,6940400,139.31277465820312,140.93017696899278,138.23137845732865,138.65453286860148,11323200,271.989990234375,276.5199890136719,271.4599914550781,276.3299865722656,95672100,96.98484802246094,98.04131136298142,96.65698056839634,97.44932807378669,13238200
2023-07-13,188.07884216308594,188.72045533421505,187.32866429002723,188.03936545890204,41342300,146.33172607421875,146.626589274453,145.04173472282199,145.58537293092124,6401700,139.9898223876953,140.4599971273314,138.9366355624607,139.82996469805036,11234900,277.8999938964844,279.45001220703125,270.6000061035156,274.5899963378906,112681500,95.20890045166016,96.74805553868686,94.09779490588265,96.51126084489698,26826800
2023-07-14,188.22691345214844,188.71057462083735,187.18060758311253,187.77284851528793,41616200,147.30845642089844,147.64017053762558,146.48838736285816,146.67266985885033,5362200,140.83615112304688,143.7700370233772,139.5572752064884,142.5099721147579,27028400,281.3800048828125,285.29998779296875,276.30999755859375,277.010009765625,120062400,91.93022155761719,94.76262732578532,91.55681431979758,94.76262732578532,28181900
2023-07-17,191.48428344726562,191.81002272437502,189.33243414864154,189.42126802557274,50520200,146.57130432128906,147.30843419403465,145.7235796598997,147.19786752509302,5486800,144.23081970214844,144.5787444468276,141.38156169118153,141.38156169118153,17262400,290.3800048828125,292.2300109863281,283.57000732421875,286.6300048828125,131569600,92.3309326171875,92.59504837686292,91.27447652688919,91.72984708872887,18051300
2023-07-18,191.2276153564453,191.81987127398517,189.93453883356673,190.85253399958415,48288200,146.5620574951172,148.24826922462765,145.76042115447325,146.57128075594682,6332500,144.49411010742188,145.18995956633063,143.70421995745224,144.23081339076532,13491700,293.3399963378906,295.260009765625,286.010009765625,290.1499938964844,112120300,91.91200256347656,93.07775021724716,91.38377098648547,91.91200256347656,24617800
2023-07-19,192.57992553710938,195.6694855056854,190.1615598085878,190.60575926840173,80507300,146.26724243164062,147.80602294433274,144.96802773881933,145.50245677685615,7522600,145.04888916015625,145.95163086150293,143.13998110224063,143.63836511645943,12510000,291.260009765625,299.2900085449219,289.5199890136719,296.0400085449219,142355400,92.5495376586914,93.25991479357785,91.80273003632297,92.0304153717817,15556500
2023-07-20,190.6353759765625,193.93223012421538,190.01350876450033,192.57005054034346,59581200,155.14979553222656,155.85007459697226,148.62609435274018,149.21580673880297,21892900,146.8355712890625,147.24932737217384,145.1993723131521,145.3122096636025,9935900,262.8999938964844,280.92999267578125,261.20001220703125,279.55999755859375,175158300,94.17974853515625,94.40743382961502,93.22346751906794,93.3874012090144,15740200
2023-07-21,189.4607696533203,192.4516308259383,188.75993388819955,191.5928731808388,71951700,156.81759643554688,157.3980996968905,154.96551995787124,154.96551995787124,12080000,145.7071533203125,146.82617153003497,145.46266761385175,146.50645614114134,10636400,260.0199890136719,268.0,255.8000030517578,268.0,161796100,94.61691284179688,95.06317413202042,94.04314832579516,94.86281688322951,17121500
2023-07-24,190.2602996826172,192.3924031537896,189.76675804919924,190.91177825353577,45377800,157.63766479492188,160.16237874655124,157.5547397750871,158.02466228067163,15155400,148.5751953125,149.31806497568195,145.5002489615279,145.72593796800209,14381400,269.05999755859375,269.8500061035156,254.1199951171875,255.85000610351562,136508500,96.1014175415039,96.68429835768315,94.68066335735377,95.04496126181407,15090900
2023-07-25,191.11903381347656,191.92844922240585,190.4280786239598,190.83278632842445,37283200,158.8447265625,159.11193408267994,156.41216096902826,157.05715675899165,13790100,147.4656219482422,148.31193079594107,146.65692076881191,147.9169857104419,9944700,265.2799987792969,272.8999938964844,265.0,272.3800048828125,112757300,96.24713134765625,96.62053163057422,95.2088869241618,95.68246929604888,14116100
2023-07-26,191.9876708984375,193.112945076557,190.82292002182845,191.16839008411552,47471900,159.1488037109375,160.19002026962272,157.93251384841804,158.4853754331731,14288200,148.34951782226562,148.81029419886468,146.95780471245106,147.36216242019992,8728600,264.3500061035156,268.0400085449219,261.75,263.25,95856200,95.70978546142578,96.28355684095617,95.29995471753577,95.72800417578745,15159600
2023-07-27,190.72422790527344,194.6528150463848,190.06288393124004,193.48806403406496,47460200,160.04257202148438,160.59541948898197,158.52220985119746,158.65120899959882,12446400,146.7133331298828,149.30869258655179,146.27136771662688,148.35894475625432,10778400,255.7100067138672,269.1300048828125,255.3000030517578,268.30999755859375,103697300,96.01034545898438,97.44020901133432,95.39104110168859,96.53857707664349,17677900
2023-07-28,193.30050659179688,194.09017617119656,191.63233355900982,192.15548645475204,48291400,160.77047729492188,161.58133704100163,159.6186942737183,160.32819655153807,14138800,147.55026245117188,148.19910598533352,147.10829698148484,147.89818721933534,9103800,266.44000244140625,267.25,258.2300109863281,259.8599853515625,111446000,94.86280822753906,95.77354944194292,93.18704077986588,95.7280096018611,17566400
2023-07-31,193.9124755859375,193.9519673452193,192.7378442652397,193.52751377225187,38824100,154.3665771484375,156.84521663047954,153.61101474557486,156.35686172061835,22632700,148.53761291503906,149.87290747944695,147.77591776936478,147.80412710639777,8892700,267.42999267578125,269.0799865722656,263.7799987792969,267.4800109863281,84582200,97.66788482666016,98.23254687488503,95.8008695264463,95.8008695264463,24197000
2023-08-01,193.08334350585938,194.1888718595327,192.75760424557473,193.7052107356477,35175100,155.61972045898438,155.80400294634643,153.0120817862464,153.29772175063545,15810300,147.8041229248047,148.57521637814307,146.83556411782206,148.03921029249162,6853900,261.07000732421875,266.4700012207031,260.25,266.260009765625,83166000,97.10324096679688,97.74075710439013,96.11052932579621,97.40378031828811,14177400
2023-08-02,190.09249877929688,192.6589062555568,189.37193220630533,192.52071519961737,50389300,156.55955505371094,157.78505379070484,155.58284536885049,155.58284536885049,14595600,146.1302947998047,146.40300416806969,144.75739267551066,146.28075415135822,8299400,254.11000061035156,259.5199890136719,250.49000549316406,255.57000732421875,101752900,95.89196014404297,96.88466490690091,95.23622524273247,96.77538038895267,13484100
2023-08-03,188.70069885253906,189.885195713569,188.22690312046603,189.09554118067888,61235200,157.2322235107422,157.85880086622666,156.33843864620394,156.5964369514466,17424800,147.0236358642578,147.5596275662202,145.14293704590386,145.75415842243157,6084000,259.32000732421875,260.489990234375,252.0,252.0399932861328,97569100,97.5586166381836,98.25077506647395,95.90106764680596,96.43840171206334,16280400
2023-08-04,179.6392822265625,184.95966022717982,179.57017917093492,183.12368481919472,115956800,155.75790405273438,159.1118954050955,154.69826937393591,156.95576111997414,23415100,146.7133331298828,148.38715409339025,146.41241440230658,147.07065618313624,6209400,253.86000061035156,264.7699890136719,253.11000061035156,260.9700012207031,99539900,97.83181762695312,99.48936632608006,97.74985425453002,98.32361870670339,14279600
2023-08-07,176.5398406982422,180.7645556934903,175.0592158617292,179.77747246914834,97576100,159.4989471435547,159.72008052517143,156.05280666153732,156.17259661648228,17736400,147.40916442871094,148.29309514639542,147.25871943203992,147.25871943203992,7251800,251.4499969482422,253.64999389648438,242.75999450683594,251.4499969482422,111097900,97.63146209716797,98.74256756664933,97.00305534106806,98.26898515999399,12410800
2023-08-08,177.47752380371094,177.94145401182723,175.28619837098452,177.36894407283924,67823000,159.57264709472656,159.91358448729034,157.92329971610212,159.39758785620904,27378700,146.5817108154297,146.67573717305598,143.48795237300098,145.11476762936505,8623400,249.6999969482422,250.9199981689453,245.00999450683594,247.4499969482422,96642200,98.1141586303711,98.1323703982051,95.48211000627701,96.57500368323467,14065600
2023-08-09,175.88836669921875,178.59296516430098,174.72360063232372,178.53374257918168,60378500,159.47128295898438,160.5585594247242,158.53142404022748,159.4067763585497,42974400,144.6163330078125,146.2431478581163,144.31542865047933,146.05508084120885,6277800,242.19000244140625,251.10000610351562,241.89999389648438,250.8699951171875,101596300,99.78080749511719,100.56404551318377,98.6423809512302,99.00667883495487,19919600
2023-08-10,175.6712188720703,178.41530928434332,175.30600286506225,177.1617092563292,54686900,158.64198303222656,162.14340619578974,158.1536281606083,160.3281950466232,48213800,144.4000701904297,146.1679318819675,143.95810476754525,145.1711636851966,5995100,245.33999633789062,251.8000030517578,243.0,245.39999389648438,109498600,100.29082489013672,101.66603911909615,99.67152058727935,100.35457649711891,15837200
2023-08-11,175.73049926757812,176.5508864753638,174.5048729038775,175.2659575562626,52036700,160.1899871826172,160.2821213878101,158.13519616291313,158.9276234387985,45905600,145.23699951171875,145.30283087406434,143.5255706224924,143.9017047403057,5180700,242.64999389648438,243.7899932861328,238.02000427246094,241.77000427246094,99038600,101.84819793701172,102.06677389635567,100.22707958743548,100.51851651602891,14047000
2023-08-14,177.3811492919922,177.60848075837384,175.2560457553654,175.90840396188517,43675600,159.8122100830078,161.8024946434898,158.25499709058957,159.88592588819444,64036900,145.53790283203125,145.67894952408608,143.79825043751342,144.44709391815624,5044300,239.75999450683594,240.66000366210938,233.75,235.6999969482422,98595300,101.9301528930664,101.98480208968978,100.89190848647286,101.71157695178458,12973400
2023-08-15,175.3944549560547,177.40093867304276,174.99909450146933,176.80789799116474,43622600,159.3514862060547,160.8441924968265,158.61434226325767,159.22248707055405,88958100,141.83290100097656,144.12735582105773,141.26868562441484,143.73241079690175,10300300,232.9600067138672,240.5,232.61000061035156,238.72999572753906,88197600,99.31327056884766,101.79242661892994,99.13880900049315,101.69142329044715,14909600
2023-08-16,174.524658203125,176.47182426987777,174.4554618287455,175.0781688700227,46964900,158.8447265625,161.00086137174353,158.60516071475752,158.9737257204927,85832700,141.23106384277344,141.95513682230194,140.75147651606358,141.61661049992682,6978200,225.60000610351562,233.97000122070312,225.3800048828125,228.02000427246094,112484500,97.64212799072266,100.38757193571612,97.58703781301824,99.42345179370842,13695100
2023-08-17,171.98440551757812,175.4537406821077,171.47042491030345,175.08803154260252,66062900,160.3374481201172,161.60902141066612,159.18566479457797,159.27781308456312,70904200,139.76412963867188,142.23723869259535,139.54783895539543,141.87991569368114,9953900,219.22000122070312,226.74000549316406,218.8300018310547,226.05999755859375,120718400,99.53364562988281,101.14050796752504,98.63379963844307,98.63379963844307,16709500
2023-08-18,172.46875,173.0716844916875,169.96805819399307,170.30411608587545,61172200,158.93685913085938,160.3189988555041,157.8495685696823,159.56342239063585,49631700,140.0838623046875,140.5822463780734,138.64512875720078,138.84259411154915,8517500,215.49000549316406,217.5800018310547,212.36000061035156,214.1199951171875,136276600,101.03948211669922,101.18639156918681,98.81742323193696,98.83578428648705,16224000
2023-08-21,173.80307006835938,174.08971916130307,171.7274054668453,173.04200058882003,46311900,154.2007293701172,156.50429560474785,152.91994710605664,156.35686399136688,151319500,140.56341552734375,141.1464418760233,139.1905135241849,140.72327319354213,8327000,231.27999877929688,232.1300048828125,220.5800018310547,221.5500030517578,135702700,99.81828308105469,101.90261691393091,99.29490536627918,101.33332604657227,11092400
2023-08-22,175.17698669433594,175.62177093693052,174.2083431088137,175.00895776189057,42038900,152.97523498535156,154.65222394280073,152.41316424502924,153.74922988878964,56834800,137.64837646484375,140.71391093800844,137.1499923340537,140.35657350514163,9673300,233.19000244140625,240.82000732421875,229.5500030517578,240.25,130442800,99.25817108154297,100.74566888027147,99.12043863632239,100.24065224958375,10518800
2023-08-23,179.02191162109375,179.44693836874362,176.26423745502308,176.45203891919172,52722800,151.60231018066406,153.41752162133238,150.62560028057928,152.86466006362042,119011400,138.57931518554688,138.78619324427777,136.7832583645231,137.62016892989945,7858000,236.86000061035156,238.97999572753906,229.2899932861328,229.33999633789062,101077600,98.3858871459961,98.52361960504123,97.07285077977836,98.28488380972058,11435600
2023-08-24,174.33685302734375,179.00217866700072,173.9711287799832,178.57715186115848,54945800,152.11827087402344,153.57412617627875,150.98492041423708,151.14156120462624,70755100,138.44766235351562,140.49763186524416,138.22198764115348,138.7015607535187,6534000,230.0399932861328,238.9199981689453,228.17999267578125,238.66000366210938,99777400,97.65131378173828,98.95516605023563,97.39421694066709,97.71558799200608,10818500
2023-08-25,176.54103088378906,177.07476903438783,173.78335612196395,175.3252830926219,51449600,154.2993927001953,155.71941003840612,152.26681497555813,152.48956806933214,18185500,138.27841186523438,139.75475327933296,137.14999521237885,138.49468825612092,6695500,238.58999633789062,239.0,230.35000610351562,231.30999755859375,106612200,99.39591979980469,100.0203009157132,97.89924473029306,98.6429902487413,13579300
2023-08-28,178.10272216796875,178.49808262553688,176.48172016068384,178.00387451255935,43820700,152.48025512695312,154.26225128784057,151.44076916804715,153.13922408000292,18458000,138.7579803466797,139.74535026556242,138.3536369186339,138.76739302548728,5094100,238.82000732421875,244.3800048828125,235.35000610351562,242.5800018310547,107673700,100.23148345947266,101.03950312960173,99.57037327238355,99.57955029888598,10382100
2023-08-29,181.98715209960938,182.75811538578077,177.42067493043544,177.61835511729424,53003900,152.4988250732422,153.77034018998162,151.0695318455298,153.0185680651376,12208600,139.88638305664062,139.9710254145166,138.4006291608985,138.8990275844994,6337000,257.17999267578125,257.4800109863281,237.77000427246094,238.5800018310547,134047600,100.82830810546875,101.02113073420779,99.5520009399841,100.69058266020046,9665000
2023-08-30,185.476318359375,185.67401369107617,182.6000383003729,182.79771855003776,60813900,151.96051025390625,153.9095605645017,151.91410159661896,153.24131555297947,9939100,139.32215881347656,140.25309545797032,138.41001882441265,139.75471146583337,6277300,256.8999938964844,260.510009765625,250.58999633789062,254.1999969482422,121988400,101.810791015625,102.049526800357,100.98441030873438,101.40678469380573,11922100
2023-08-31,185.69374084472656,186.92926105598286,185.30825914209595,185.66408956621913,60794500,150.05787658691406,151.81203045696913,149.68663563272543,151.62639581794016,15333000,137.60134887695312,139.50085895109873,137.25342414131575,139.4162165882018,10933900,258.0799865722656,261.17999267578125,255.0500030517578,255.97999572753906,108861700,102.09542846679688,102.30661213289137,101.57205080881285,102.03115426337297,17479800
2023-09-01,187.2653350830078,187.7199980774023,186.09899615427736,187.29498636168424,45766500,148.9441375732422,150.80037064326442,148.5079216688322,149.81656938206214,8610100,138.06211853027344,139.24695371806996,137.00891734808206,137.3756530739663,7903500,245.00999450683594,259.0799865722656,242.00999450683594,257.260009765625,132541600,104.23484802246094,104.51031290469285,103.02281515029382,103.02281515029382,14843500
2023-09-05,187.5025177001953,187.77927298177536,185.43673181910435,186.09896874874457,45280000,149.12977600097656,150.3270544059596,148.75853500705372,149.01840653518693,9019800,136.53875732421875,139.36921876753888,136.36008860670202,138.38184883030152,7854700,256.489990234375,258.0,244.86000061035156,245.0,129469600,104.24403381347656,106.3559125986128,104.21648872586086,104.76741149426415,18304000
2023-09-06,180.79119873046875,186.66239298088038,179.3678770840619,186.21759365485326,81755800,146.65167236328125,148.49862916177668,146.03912628105792,148.35012713375102,9753800,136.3130645751953,136.85845463739395,135.51376179159,136.06856453152616,8629200,251.9199981689453,255.38999938964844,245.05999755859375,255.13999938964844,116959800,105.14389038085938,105.2173416201708,103.96858648751116,104.19813824809835,13325500
2023-09-07,175.503173828125,176.1456533918577,171.52973657694065,173.15073850258275,112488800,148.52647399902344,149.48243280724193,147.55194889650886,147.70045092701136,9931800,135.14700317382812,136.6045474653403,134.8366861815507,135.5325498322872,8373700,251.49000549316406,252.80999755859375,243.27000427246094,245.07000732421875,115312900,104.62967681884766,106.37427138604474,104.40012508646285,105.27242587274286,13248500
2023-09-08,176.11598205566406,178.15213198996554,175.7305003611282,176.2840260730559,65551300,149.01837158203125,149.12974102169852,147.74685660605405,148.1180975129001,6957000,135.25047302246094,135.5231680695546,134.1408531289122,134.81790593039398,7107900,248.5,256.5199890136719,246.6699981689453,251.22000122070312,118367700,106.15391540527344,106.55792874059533,104.96942749474096,105.16225013059085,14283200
2023-09-11,177.28231811523438,178.21143169284028,175.28571330476424,177.98410020535158,58953100,150.96739196777344,150.99523432219803,148.91624883293827,149.48240030945504,6309300,135.84291076660156,136.39771359199148,135.11883755039997,136.11560583970288,6854200,273.5799865722656,274.8500061035156,260.6099853515625,264.2699890136719,174667900,104.82252502441406,107.13640381475736,104.28077919714252,106.67730026858602,14383600
2023-09-12,174.2577667236328,178.043402311121,172.79491507430095,177.4108165912451,90370200,151.8212890625,152.146121319571,149.9186475267616,150.55905013672586,6045800,137.6107177734375,138.53227044959777,135.45732411697276,135.8804784465689,8363200,267.4800109863281,278.3900146484375,266.6000061035156,270.760009765625,135999900,107.8801498413086,108.04542739894681,105.8417289655585,105.9060031821198,20145800
2023-09-13,172.19198608398438,175.24618840249718,171.96463950783718,174.46533118918654,84267900,152.2018280029297,153.09281190094643,151.2829875812871,151.9883510140448,7397500,137.67657470703125,138.88961925718172,137.12177194179168,138.55109286085687,8325900,271.29998779296875,274.9800109863281,268.1000061035156,270.07000732421875,111673700,106.91603088378906,108.3117025140359,106.42019823735083,107.80669284098195,13472800
2023-09-14,173.7042694091797,174.06009984649242,171.5692867853032,171.98441978182902,60895800,151.9698028564453,153.38981998762867,151.69136507030595,152.8422204821787,7758400,140.34715270996094,140.95837410125364,138.72035221039306,139.02125656733,10034900,276.0400085449219,276.7099914550781,270.4200134277344,271.32000732421875,107709800,108.82588195800781,108.9544373727835,107.7332204779992,107.93522712289439,15210700
2023-09-15,172.98268127441406,174.45542656560403,171.80647888602266,174.4356540223445,109259500,149.84439086914062,152.97215278649006,149.62165199540752,152.1925242426268,13392100,139.9333953857422,140.79851513334847,139.46322067409136,140.0368343962491,19863400,274.3900146484375,278.9800109863281,271.0,277.54998779296875,133692300,107.15475463867188,108.81671408070704,106.97111603989042,108.25660724745107,34568400
2023-09-18,175.908447265625,177.30211784571853,174.12929493806257,174.43570157296918,67257600,150.79110717773438,151.4222196765551,149.1947454711535,150.4662606985595,5789000,140.22491455078125,140.24372555861612,138.9366403116919,139.32218705503516,6512400,265.2799987792969,271.44000244140625,263.760009765625,271.1600036621094,101543300,108.01786804199219,108.568790826243,107.15475124326917,107.91686471425383,14045300
2023-09-19,176.9956817626953,177.54919237650395,175.07815207769175,175.46363376102514,51826900,150.54049682617188,151.1437810617915,149.77944864339852,150.586905484594,5550800,140.04623413085938,140.78911821793756,138.42884630725024,140.58224019484695,7943400,266.5,267.8500061035156,261.20001220703125,264.3500061035156,103704000,107.73323059082031,109.11971813754403,107.07212042014655,108.91771847905021,12562900
2023-09-20,173.4571533203125,177.61837681135137,173.36818440563272,177.18347129792434,58436200,151.19949340820312,151.78419729294635,150.03934754538517,150.53124825826504,3837400,139.4538116455078,141.28749001053504,139.30335230566138,140.7232746604071,7332000,262.5899963378906,273.92999267578125,262.4599914550781,267.0400085449219,122514600,106.8792953491211,108.36678619383146,106.80583710841941,107.00784376766734,11879900
2023-09-21,171.9152069091797,174.25776334751873,171.846025624082,172.5280351536478,63149100,150.0393524169922,151.7470837836435,149.97437744883504,150.88394203141135,4526700,138.363037109375,139.9710412101602,137.88346398739847,138.77679322179205,8052400,255.6999969482422,260.8599853515625,254.2100067138672,257.8500061035156,119951500,105.37344360351562,107.76996457772702,105.22652711212672,107.41186438667143,14400600
2023-09-22,172.76524353027344,175.0287248458324,172.03382526857388,172.6466384244914,56725400,148.9626922607422,149.79799141238422,148.73066314507125,149.70518826327586,4976700,137.03712463378906,138.7109455472443,136.5293422319317,138.50406751537056,7071700,244.8800048828125,257.7900085449219,244.47999572753906,257.3999938964844,127524100,105.5387191772461,107.1363974616797,105.41934777888707,106.24573551406438,13197300
2023-09-25,174.040283203125,174.9199727999802,172.13263256691485,172.18205638108142,46172700,148.73995971679688,148.83277704063443,147.31994246608082,148.56362946060193,6722500,137.71417236328125,137.78000371128437,135.12821140806957,136.67979659035282,7044700,246.99000549316406,247.10000610351562,238.30999755859375,243.3800048828125,104636600,106.72319793701172,107.108843178541,105.43770679321766,105.67643555871874,11316000
2023-09-26,169.96804809570312,173.1705067749598,169.67152023376326,172.7949188930673,64588900,147.58909606933594,148.5728973352478,147.440594024159,148.32230190425352,4904800,136.28485107421875,137.14057259381482,135.62660927014298,135.97454835476495,7468400,244.1199951171875,249.5500030517578,241.66000366210938,242.97999572753906,101993600,106.88848876953125,107.18231475278397,105.93355257261891,106.05291697022143,11805400
2023-09-27,168.45574951171875,171.0355161486817,167.09174554279588,170.6203831944849,66921800,145.81637573242188,147.34776220706564,144.0993546386053,147.18070804412986,10211600,137.08413696289062,137.37564298659942,135.88988918481877,136.52933425011622,6717800,240.5,245.3300018310547,234.5800018310547,244.25999450683594,136597200,110.36848449707031,110.64394941393935,107.79750896286927,108.24742845541579,23976200
2023-09-28,168.71273803710938,170.03721192481018,165.678293523344,167.3783703364052,56294400,145.60292053222656,146.60528804808163,144.99036024554837,146.17834822835425,7861900,138.7861785888672,139.9898247951475,137.30042466423484,137.55432304561114,8868100,246.3800048828125,247.5500030517578,238.64999389648438,240.02000427246094,117058900,109.69820404052734,110.82759485755176,108.52290006607151,110.16649162594355,16808100
2023-09-29,169.2267303466797,171.06518493104676,168.36679806748614,170.02734498983367,51861100,144.5541229248047,146.27114385385278,144.1828820459503,146.05766689467632,7680700,136.36947631835938,139.88637395090447,136.2190169681453,139.7359289492838,11917800,250.22000122070312,254.77000427246094,246.35000610351562,250.0,128522700,107.96276092529297,109.43189045456931,107.1822865196176,109.35843222676495,18813600
2023-10-02,171.73728942871094,172.28092127496365,168.94994891630552,169.2365980179806,52164500,143.99728393554688,144.2478793813405,142.29884303054376,144.2478793813405,7259700,135.19403076171875,136.93366845900138,134.12203307115462,136.19079878206526,9170600,251.60000610351562,254.27999877929688,242.6199951171875,244.80999755859375,123810400,106.17225646972656,108.15558664560137,105.18059838715153,107.9168509010174,14395000
2023-10-03,170.40292358398438,171.61868620307462,168.84123947337378,170.26454593815689,49594600,144.17361450195312,144.32211654163183,142.82784840195814,143.56105420972898,5740800,134.197265625,135.02476331799002,133.85873927604274,134.65802763566907,9431100,246.52999877929688,250.02000427246094,244.4499969482422,248.61000061035156,101985300,106.35591888427734,106.91602571677605,105.6213504794177,105.99781871338323,13297100
2023-10-04,171.64834594726562,172.19197782627828,168.98950418793981,169.10810929534875,53020300,144.3406982421875,144.72121528681654,143.45899030063555,144.38710690478192,4955200,134.79910278320312,134.91194012848763,133.46379390389643,134.64864342376092,8128700,261.1600036621094,261.8599853515625,247.60000610351562,248.13999938964844,129721600,102.38008117675781,104.75823395990354,101.46187417068825,104.72151184438064,19622200
2023-10-05,172.88388061523438,173.41761872545223,170.67970163713667,171.77684421895017,48527900,145.84422302246094,146.67952218923926,144.8511457535993,145.03676621711298,5993300,135.3674774169922,135.55694661975534,133.40659836773634,134.55280899031126,8576200,260.04998779296875,263.6000061035156,256.25,260.0,119159200,100.07537078857422,101.82914937779897,99.80908993969578,100.81912316142882,20128800
2023-10-06,175.43397521972656,175.9281832590251,171.17388925206592,171.78671747657816,57266700,146.3083038330078,146.92086420284207,145.33377854680526,145.788560790216,5802200,137.45150756835938,138.1903911218125,134.64752846347048,135.37694433963748,10270600,260.5299987792969,261.6499938964844,250.64999389648438,253.97999572753906,118121800,98.40423583984375,99.41426207032143,96.51273178974755,97.08202261309748,25367500
2023-10-09,176.91659545898438,176.97589800927489,173.76354582426052,174.7618406122257,42390800,147.14361572265625,147.45918616444874,145.79784933697144,145.88137644129725,4414100,137.13890075683594,137.73568242415,135.9358408359839,136.08741039936837,6964900,259.6700134277344,261.3599853515625,252.0500030517578,255.30999755859375,101377900,101.8475112915039,102.90345066515773,100.56202018468026,101.40677588682108,22369900
2023-10-10,176.32354736328125,177.6381425852869,175.88864186643335,176.03691333055846,43698000,146.97654724121094,147.82113675698636,146.54960736844387,146.9951135387927,5273500,137.97251892089844,139.033491521425,137.62202691646297,137.75464668471994,11288800,263.6199951171875,268.94000244140625,257.6499938964844,257.75,122656000,101.41596984863281,102.33417693465162,101.11296683432333,101.93934760744897,13892000
2023-10-11,177.71719360351562,177.76661741819404,175.54268149594157,176.13572202599048,47551100,144.95321655273438,147.61692032432532,144.82328081962746,147.06933503208424,6922900,138.44615173339844,139.46922462849858,137.3757259962922,138.78717603176514,8698200,262.989990234375,268.6000061035156,260.8999938964844,266.20001220703125,103706300,97.77986907958984,98.40425016840561,96.255648983735,98.21142752404009,57939000
2023-10-12,178.61666870117188,180.2277765858699,176.96600064702005,177.98408304070654,56743100,145.09246826171875,145.30593111214688,143.9230464562319,144.71193706082948,5792400,138.12405395507812,139.21344377245325,137.47990508592446,138.5882302551215,10484400,258.8699951171875,265.4100036621094,256.6300048828125,262.9200134277344,111508100,97.76152038574219,99.01945974933496,97.41259717101669,98.78990795243234,31183000
2023-10-13,176.77821350097656,179.82252160984507,176.07643148158712,179.31843486264313,51427100,145.5750732421875,146.0484075411786,144.83257723758578,145.46368963624056,5359800,140.19862365722656,145.0392659035703,140.04705410852486,140.67226765606853,29427000,251.1199951171875,259.6000061035156,250.22000122070312,258.8999938964844,102073800,100.8833999633789,101.18640293233727,99.01943397323872,99.19389553518677,30276500
2023-10-16,176.6497344970703,177.0055649122618,174.46532818230494,174.70255348644375,52517000,146.20619201660156,146.8744370336906,145.56578936173005,146.47535373394982,6408100,140.05654907226562,141.63851843881218,138.98610891137227,141.57220133475337,12663500,253.9199981689453,255.39999389648438,248.47999572753906,250.0500030517578,88917200,100.95685577392578,101.62714995915545,100.20392632214961,101.46187242069905,18452000
2023-10-17,175.09788513183594,176.35317765161014,172.77511662397336,174.6036771409676,57549400,144.86972045898438,147.52413457042593,143.49611182063867,144.76762706385446,12244400,139.75341796875,141.43958969955224,139.052419542389,139.7913175888073,11482700,254.85000610351562,257.17999267578125,247.0800018310547,250.10000610351562,93562900,102.27906799316406,102.65553619196207,100.70893500467892,100.75484815270501,19775400
2023-10-18,173.80307006835938,175.52291937992672,173.08153059369246,173.54608733160953,54764400,141.751220703125,144.73975678947755,141.12010831814774,144.2385801403446,9097300,138.21881103515625,139.7060458454633,137.70726736334078,138.8629600091824,9620300,242.67999267578125,254.6300048828125,242.0800018310547,252.6999969482422,125147800,103.71147155761719,104.11548485482956,102.56371287723026,102.6739002324781,23380300
2023-10-19,173.42750549316406,175.77992569036093,173.16062890788183,174.0007735918687,59302900,141.3707275390625,142.10393342300034,139.35670205129216,140.76744325092258,7733800,137.63148498535156,139.2703038448197,137.24310784044647,137.8114720413774,11143600,220.11000061035156,230.61000061035156,216.77999877929688,225.9499969482422,170772700,103.77574920654297,104.64805003579578,102.22398418282276,103.50029131732889,20972500
2023-10-20,170.8773956298828,173.3879661145723,170.64017031492207,173.27923973046956,64244000,142.0018310546875,142.8092879151402,141.37999467041612,141.76052585184524,7207000,135.4148406982422,137.48940409847202,134.6285897844194,136.94945735914212,13332900,211.99000549316406,218.86000061035156,210.4199981689453,217.00999450683594,138010100,101.99443054199219,104.05121216572618,101.7281496836172,103.68392798157576,22445300
2023-10-23,170.99600219726562,171.99429712738208,167.96155723103598,168.93021596381925,55980100,140.507568359375,142.46589490797504,140.34051417284692,141.87190086376123,5874000,133.56761169433594,136.1063366664098,133.31183988001058,135.40535277788072,10133400,212.0800018310547,216.97999572753906,202.50999450683594,210.0,150683400,100.49774932861328,101.8842438046645,99.79073304924916,101.58123382549564,18185000
2023-10-24,171.43087768554688,171.65820914819068,169.46392436745393,171.04539603931104,43816600,140.3590545654297,141.0365898081602,139.3381349108751,139.91356261002286,6155300,133.72866821289062,134.25914727136302,132.96136711370946,133.74761802339899,8881400,216.52000427246094,222.0500030517578,214.11000061035156,216.5,118231100,99.52445220947266,100.83748844744122,99.27653941169707,100.72730108989474,16786100
2023-10-25,169.11801147460938,171.0552987076063,168.67321213575732,169.88897487497013,57157000,140.67462158203125,141.23148297251763,139.4309347365512,140.36834144439365,5880800,132.99925231933594,133.7381359302068,132.1561664323438,133.16030402699906,8242600,212.4199981689453,220.10000610351562,212.1999969482422,215.8800048828125,107065100,99.70808410644531,100.54365574967885,99.28570977225,99.64380990353217,22047300
2023-10-26,164.95677185058594,169.39476582537458,163.75090293239452,168.3964558542296,70625300,138.2893524169922,141.04585943369494,138.1779829737099,141.04585943369494,7612500,133.3402557373047,134.20229129970062,132.08036094329557,132.39296772266337,9109400,205.75999450683594,214.8000030517578,204.8800048828125,211.32000732421875,115112600,98.799072265625,99.47854348733286,97.78904596192663,98.6613398139017,18768300
2023-10-27,166.27134704589844,167.00278034322866,164.8974493569631,164.9765244498122,58499100,135.13377380371094,137.9738081484137,134.53048955593,137.81603003614515,11385800,128.5375213623047,131.76777717096823,128.0638773242415,131.6256752868679,17434700,207.3000030517578,212.41000366210938,205.77000427246094,210.60000610351562,94881200,96.916748046875,100.87421782794215,96.37500229423875,99.98355595021631,23092000
2023-10-30,168.31736755371094,169.18717852998205,166.91381853056686,167.06208999172168,51131000,136.46095275878906,136.6558634334676,135.5049940025476,135.58852107943883,8205300,130.1763153076172,130.76362924255815,128.86905324136248,129.2479771142823,9855500,197.36000061035156,210.8800048828125,194.6699981689453,209.27999877929688,136448200,97.21975708007812,97.71558971317629,96.60456005591257,97.09120865727827,19379900
2023-10-31,168.7918243408203,168.92030818010912,165.9550598323106,167.38827526603964,44846000,137.67681884765625,137.86243934309232,136.09902339354565,136.93432270397597,7576900,131.72987365722656,131.9003930222097,130.2236891298068,130.45104346496146,9672500,200.83999633789062,202.8000030517578,194.07000732421875,196.1199951171875,118068300,97.19220733642578,97.47685626359313,95.98935843552397,96.94429453442923,22185200
2023-11-01,171.9547576904297,172.2117404582064,168.14934950515965,169.01916053768616,56934900,138.00167846679688,138.99475600093464,137.7882155848315,138.4657368305096,5733000,131.61618041992188,133.12236468073675,131.17095395976162,131.9098373501412,9432000,205.66000366210938,205.99000549316406,197.85000610351562,204.0399932861328,121661700,96.99939727783203,98.404253016994,96.83411971996802,97.81660103466957,28984900
2023-11-02,175.51304626464844,175.72060519042475,173.42748778366638,173.48679033388817,77334800,139.4402313232422,139.58871920364922,136.93430538501966,137.09209765621614,5349100,133.96546936035156,134.02230432854245,131.89090629457627,132.7055745657376,10186200,218.50999450683594,219.1999969482422,211.4499969482422,212.97000122070312,125987600,100.18556213378906,100.25902037199923,96.87083444220953,97.21975056566305,25212700
2023-11-03,174.60369873046875,174.77174274032964,171.34193765305042,172.22162738228718,79829200,140.46116638183594,141.32432220577593,139.3567053341168,140.34052085091426,4926800,135.46218872070312,136.19160455337342,134.37281326452674,134.69488772667842,9538700,219.9600067138672,226.3699951171875,218.39999389648438,221.14999389648438,119534800,98.96435546875,99.88256252562148,97.82578067973125,99.53364636594132,30555600
2023-11-06,177.15382385253906,177.35150406781844,174.16881791314302,174.33684685023218,63841300,140.79525756835938,141.4727785871484,140.48897745144396,140.86950858112064,4851400,136.4852752685547,136.589477540853,135.26326548846805,135.62323960267491,7625100,219.27000427246094,226.32000732421875,215.0,223.97999572753906,117335800,97.21057891845703,99.41427014378424,97.1187526129321,99.32245084362286,19097300
2023-11-07,179.7138671875,180.32668049549005,176.89687456986442,177.1044335564897,70530000,140.0527801513672,141.30574314451601,139.8485933797143,141.0087390541356,4840400,136.4189453125,136.65576732228422,135.2916846876805,135.94530129293153,6297900,222.17999267578125,223.1199951171875,215.72000122070312,219.97999572753906,116900100,95.68634033203125,96.2831762188752,94.84159166422646,95.92507608784138,20272500
2023-11-08,180.77142333984375,181.32493395317235,179.4864793691692,180.23768527185777,49340300,139.54232788085938,140.91593639892181,139.53303765179285,140.47044442369997,5460000,137.09152221679688,137.2051921527771,136.04949962208485,136.51367595145075,7618200,222.11000061035156,224.14999389648438,217.63999938964844,223.14999389648438,106584800,94.51104736328125,96.31991628510745,94.47431824241492,95.24561576988069,19184100
2023-11-09,180.2969970703125,181.98718027395728,179.70394133589065,180.8406289798602,53763500,136.82293701171875,139.68153762059563,136.67443496820803,139.68153762059563,6973600,136.68418884277344,137.97250119221647,136.12529235225335,137.77357879262672,7992500,209.97999572753906,220.8000030517578,206.67999267578125,219.75,142110500,94.53858947753906,95.46598048547983,94.4467701809445,95.19051559033282,18380500
2023-11-10,184.4834747314453,184.65174012268164,181.64298820237886,182.07846664625706,66133400,136.66514587402344,137.82529142473672,135.17087783822743,137.59326231459406,6930700,138.7113800048828,138.75874729751894,136.4852617956672,137.2999300838166,7983300,214.64999389648438,215.3800048828125,205.69000244140625,210.02999877929688,130994000,95.26397705078125,95.86999703844987,94.4926865268723,95.42925459238509,17825500
2023-11-13,182.89993286132812,184.1172820619318,182.31600272709323,183.9094496896321,43627500,137.01783752441406,137.2684187720272,136.10827319700354,136.6651487377882,5889300,138.09567260742188,138.54089921767564,137.50835854898958,138.01988781690304,6676300,223.7100067138672,225.39999389648438,211.61000061035156,215.60000610351562,140447600,96.26481628417969,96.54028117993457,95.31906421697832,95.53943893572755,15308400
2023-11-14,185.51280212402344,186.17591157835597,184.38452385663774,185.77012344749633,60108400,137.04568481445312,137.862417698531,136.40528216809705,137.02711851924366,6713600,140.61544799804688,141.38274904699387,138.79665657901384,138.94821168974792,9927700,237.41000366210938,238.13999938964844,230.72000122070312,235.02999877929688,149771600,96.63545227050781,97.12655085417408,96.2462806082917,96.6447202823001,18260500
2023-11-15,186.07693481445312,187.55162053928348,185.84930383072194,185.91859136162876,53790500,138.10372924804688,138.6791569096269,136.68371222632436,136.75796324103356,6729100,141.84693908691406,142.24479839305468,140.63441135739868,140.63441135739868,8365300,242.83999633789062,246.6999969482422,236.4499969482422,239.2899932861328,150354000,96.05171966552734,97.4323568646107,95.90345971612118,96.32969646652867,20137600
2023-11-16,187.75949096679688,188.9966390106662,186.71037673999564,187.6209309899597,54412900,139.31028747558594,139.3752482641238,137.9552312014053,138.75341193015643,6875600,143.46676635742188,143.54255113282872,142.1784540844415,142.1784540844415,8126200,233.58999633789062,240.8800048828125,230.9600067138672,239.49000549316406,136816800,94.93977355957031,95.69031997264703,93.72592549507888,95.34748127503035,22469100
2023-11-17,187.73965454101562,188.42256253993392,186.63117494967102,188.2938943366879,50922700,139.02256774902344,139.95068427202415,138.35433688144244,139.7279453701419,7023300,144.7645721435547,144.80245730700287,143.5520300961765,144.1772437015897,7812400,234.3000030517578,237.38999938964844,226.5399932861328,232.0,142532800,97.25629425048828,97.69179898960327,95.20850153776351,95.49574633614867,22984900
2023-11-20,189.48155212402344,189.9368291546864,187.9277023558229,187.93759410143886,46505100,140.24815368652344,140.70656355922554,138.03089285449911,138.3770556909202,8851700,145.2097930908203,145.64555199659807,143.9120129602485,144.06358253221205,7019000,235.60000610351562,237.10000610351562,231.02000427246094,234.0399932861328,116320100,96.83004760742188,98.10875765284364,96.7651856573517,97.64545598965022,17458800
2023-11-21,188.67991638183594,189.5508734120303,187.78917585688575,189.442003783256,38134500,141.38015747070312,141.53919908446562,139.96748364821647,140.4259077881281,5916300,144.9066619873047,145.53187560312782,144.52775252863756,145.12453420331482,7083500,241.1999969482422,243.6199951171875,233.33999633789062,235.0399932861328,122288000,96.7929916381836,97.01537447778367,95.64400538592304,96.56134078501847,14989000
2023-11-22,189.34303283691406,190.9463718813115,188.8679722130009,189.52119000957208,39617700,141.09950256347656,142.240859174012,140.69720908303808,141.85729494542176,4633500,145.24766540527344,145.76867667690715,144.8403240640081,145.32345017700808,5174500,234.2100067138672,244.00999450683594,231.39999389648438,242.0399932861328,117950600,96.37601470947266,96.47794164172488,94.4579460916518,95.05097165961615,18072000
2023-11-24,188.01675415039062,188.9371847613316,187.30415588944916,188.9074944256174,24048300,142.67123413085938,142.8396261124215,141.1369342167938,141.1369342167938,3351400,145.44662475585938,146.29919281374606,145.2003350259655,145.49399205704268,3496900,235.4499969482422,238.75,232.3300018310547,233.75,65125200,96.89491271972656,97.72885715457554,96.28335818045237,96.38527804581258,9480800
2023-11-27,187.838623046875,188.7095799535061,186.95777439426936,187.9672912540552,40552600,141.52984619140625,142.5028251085682,141.23982829649938,142.47474550631964,6449700,145.1150665283203,145.43714101363966,144.66037228701836,145.34240642173663,6259100,236.0800018310547,238.3300018310547,232.10000610351562,236.88999938964844,112031800,96.3296890258789,96.73739678583041,95.60693950190883,96.45941293687748,18013500
2023-11-28,188.44235229492188,189.1153685705385,187.45263402635211,187.82873180101734,38415400,141.85728454589844,142.02567649605507,141.11819291929532,141.64209802024047,5909000,145.44662475585938,145.75923159830407,144.6698559434427,145.14350004633388,6582700,246.72000122070312,247.0,234.00999450683594,236.67999267578125,148549900,96.27409362792969,97.20996503120047,96.25555760125424,96.58913538718397,20629500
2023-11-29,187.42294311523438,190.11497800569174,187.02706184977393,188.93721085337887,43014200,142.3063507080078,142.39054668704213,141.33338608558628,141.57662367235565,5190000,146.18548583984375,147.42643076249206,145.88234675260315,146.0433839722745,9126100,244.13999938964844,252.75,242.75999450683594,249.2100067138672,135401300,94.82858276367188,96.90417934272844,94.17996325110575,96.61692749908704,26802100
2023-11-30,187.9970245361328,188.36323064747086,186.25512542688855,187.88815489793595,48794400,144.69198608398438,145.14104552718203,142.1285771398524,142.44666031731148,12481900,147.8527069091797,147.90007419819418,146.2423202639577,146.74438172768336,9869800,240.0800018310547,245.22000122070312,236.91000366210938,245.13999938964844,132353200,95.19923400878906,96.81152906003042,94.3374925398232,95.54207982140494,29254700
2023-12-01,189.27374267578125,189.5904446947665,187.28439912721964,188.37309535289532,45704800,148.1722412109375,148.24708683691864,145.44979045166508,146.35727403808923,10342900,148.57264709472656,149.53888490616447,147.6064237377565,147.6064237377565,8916000,238.8300018310547,240.19000244140625,231.89999389648438,233.13999938964844,121331700,95.43087768554688,96.5706029243376,94.71739621174444,94.97684402039987,17845300
2023-12-04,187.48233032226562,188.09596593756666,185.52269231677565,188.02667840765253,43389500,148.63999938964844,149.70652446123643,147.81671186935526,147.81671186935526,8920300,149.6620635986328,149.7188985762758,147.66328497618852,147.79590474217898,9607500,235.5800018310547,239.3699951171875,233.2899932861328,235.75,104099800,94.9119873046875,95.77372875636394,94.13363676635574,94.63400345469266,21523900
2023-12-05,191.4313201904297,192.40123993854135,188.22462732075607,188.25433276481266,66628400,148.331298828125,149.3416934749469,148.02256594087288,148.56518608131492,7268200,149.64309692382812,150.1451584423884,148.69580885794556,148.97051603708525,9135600,238.72000122070312,246.66000366210938,233.6999969482422,233.8699951171875,137971100,93.06805419921875,94.82859512552298,92.92906226571489,94.76373316581096,22250300
2023-12-06,190.3426513671875,192.75755159573393,190.1348038567878,192.4507413057332,41089700,146.52566528320312,148.43419304815703,146.1046711300156,148.3032167721577,6642900,148.0706024169922,150.82721429092348,147.77694541510039,150.46724018307185,9366000,239.3699951171875,246.57000732421875,239.1699981689453,242.9199981689453,126436200,91.83564758300781,93.32747936335421,91.1221591301004,92.66032390016555,31154800
2023-12-07,192.27259826660156,192.9950884718347,191.59958189996593,191.63917909312914,47477700,145.38430786132812,146.4882630966974,144.73879104718455,146.4882630966974,6532400,148.52525329589844,149.01784701736932,147.9189896596517,148.43053318507364,8130900,242.63999938964844,244.0800018310547,236.97999572753906,241.5500030517578,107142300,91.19630432128906,93.43868283762737,90.89052350467306,92.53061547057864,29990700
2023-12-08,193.69776916503906,193.97488907234165,191.67873543823174,192.2032849129047,53406400,144.4674835205078,145.80532609382342,143.9248633549637,145.40303257654685,6254700,150.16412353515625,150.41041325374513,148.70529167070984,148.97053119979643,7369400,243.83999633789062,245.27000427246094,239.27000427246094,240.27000427246094,103126800,92.24337005615234,92.4657528897206,91.50208451836106,91.7522643224475,22074900
2023-12-11,191.19375610351562,191.50058143348204,189.45185749474888,191.12448368196934,60943700,145.0662078857422,145.45913670456812,144.40197617130184,144.54230279397427,6090400,150.7135467529297,150.90300148739232,149.81361146891027,150.16411790485932,8093900,239.74000549316406,243.44000244140625,237.4499969482422,242.74000549316406,97913900,92.30823516845703,92.53061800963323,91.34456676412944,92.47502406669494,22252300
2023-12-12,192.7080535888672,192.71794533501543,189.748790485074,191.09480795445688,52696900,145.07559204101562,145.3094792938512,143.74709988260597,145.01009675805605,5324400,152.05868530273438,152.18182292300537,150.50513344346612,150.83667559584973,10223000,237.00999450683594,238.99000549316406,233.8699951171875,238.5500030517578,95328300,90.85346984863281,91.43722746909833,90.32530617218596,91.43722746909833,26084000
2023-12-13,195.92465209960938,195.96423418895137,192.8466274130704,193.08415015292962,70404200,145.74917602539062,145.88951694406063,141.9882792308341,143.75646631345253,10764600,152.57020568847656,153.48907622122266,151.3482105066473,152.0586765193189,12379100,239.2899932861328,240.3000030517578,228.1999969482422,234.19000244140625,146286300,91.65959167480469,91.76151859772662,90.4920766712982,90.844183360851,19915400
2023-12-14,196.07310485839844,197.567574144968,194.14315707722483,195.98403383047588,66831600,146.75955200195312,147.03086917830464,145.05686041985652,146.38533815049155,9240700,155.3457794189453,156.1509656245066,153.18596372542805,153.29963367104395,13643000,251.0500030517578,253.8800048828125,240.7899932861328,241.22000122070312,160829200,94.12435913085938,94.64325468478098,92.4008765331378,92.52133240974912,26165700
2023-12-15,195.5386505126953,196.36010340669733,194.97450383643803,195.4990533238864,128538400,145.1597900390625,146.59117890423943,143.850012839812,145.46852293012844,21727800,156.52041625976562,156.5677835579425,153.83012139517064,154.48375252838963,20309300,253.5,254.1300048828125,248.3000030517578,251.2100067138672,135932800,93.4942855834961,93.5869445107112,92.94758589490783,93.20703371887934,55527000
2023-12-18,193.8759307861328,194.6083278162061,192.39135323196817,194.07387143964067,55751900,145.42172241210938,146.3572713063969,144.78554174081538,145.20655016351935,7231400,157.46768188476562,158.32024976660728,156.89931775133914,157.1740249143251,8469600,252.0800018310547,258.739990234375,251.36000061035156,253.77999877929688,116416500,94.1892318725586,95.54207191423934,94.0687689127162,94.63399752135697,21610400
2023-12-19,194.9151153564453,194.92500710230044,193.87590816937887,194.14313632648785,40714100,146.37599182128906,146.41340749732564,144.95395345105584,145.29075163675992,6651500,159.57066345214844,159.58961325972516,156.823533986712,157.2498107031462,10345700,257.2200012207031,258.3399963378906,253.00999450683594,253.47999572753906,106737400,95.43087768554688,95.61620259845974,94.31895648576,94.51354234225158,18904700
2023-12-20,192.8268280029297,195.6475162401682,192.8268280029297,194.87553713507947,52242800,143.39158630371094,146.56309655685993,143.24189505111931,146.45082097974446,7008300,157.77081298828125,160.48005713823136,157.6760784102786,159.1349099665033,10734700,247.13999938964844,259.8399963378906,247.0,256.4100036621094,125097000,93.83712005615234,96.31115642382899,93.70739615006265,95.90344867930558,20988900
2023-12-21,192.6783447265625,195.0536776254948,191.51048442189503,194.08375795359612,46482500,144.86038208007812,145.13169924371454,143.4196431165926,143.78450660103874,4598600,158.6707305908203,159.2296270086055,156.94665959491326,158.04551707882322,7601700,254.5,254.8000030517578,248.5500030517578,251.89999389648438,109594200,94.26336669921875,94.52281451930374,93.41088620111007,94.02244783653002,19250900
2023-12-22,191.60946655273438,193.40085423729087,190.98593919883143,193.17320815773428,37149600,145.44046020507812,146.44149025583778,145.02881634295437,145.24398862530253,3798900,158.57601928710938,159.3622701304102,158.41498204756135,158.67075387718188,6576300,252.5399932861328,258.2200012207031,251.3699951171875,256.760009765625,93370100,94.43014526367188,95.38454552719155,94.34674729095447,94.80078092643602,12927800
2023-12-26,191.06512451171875,191.89648427525853,190.84738527337694,191.6193643540786,28919300,146.0766143798828,146.27308594308687,144.8697624998542,145.01008913403976,4170000,159.51382446289062,159.87379852543415,158.36759963211486,158.63285356809848,4683600,256.6099853515625,257.9700012207031,252.91000366210938,254.49000549316406,86892400,94.64327239990234,95.46794887506962,94.62474344211768,95.1992330359421,16835100
2023-12-27,191.16409301757812,191.5105004803971,189.12527563548673,190.5108903848591,48087700,146.27305603027344,146.43209760827452,145.4029882502189,145.4778338649267,5288100,160.47059631347656,160.53691341777682,158.74653950976872,158.99282920902155,6428600,261.44000244140625,263.3399963378906,257.5199890136719,258.3500061035156,106494400,94.19850158691406,95.02317801715304,93.90198172312932,94.55060832102444,14558800
2023-12-28,191.5896759033203,192.65857351066379,191.18388776405135,192.14391575114956,34049900,146.48825073242188,147.1057164420194,145.9362802989984,145.9456306490189,4377500,161.32315063476562,161.66417489578518,160.09167333361347,160.42322991816258,6320100,253.17999267578125,265.1300048828125,252.7100067138672,263.6600036621094,113619900,92.83639526367188,94.15217037170217,92.78079425344923,93.94831649620566,16329300
2023-12-29,190.5504608154297,192.40122918172025,189.758683164504,191.9063700376295,42672100,146.63795471191406,146.78763170195052,145.92692833902555,146.42276816467424,4313700,161.1337127685547,161.69260928256372,160.68848620194564,161.03897817607512,6435100,248.47999572753906,255.19000244140625,247.42999267578125,255.10000610351562,100891600,92.64181518554688,93.20703678095487,92.30823738107523,93.00318996215395,17746400
2024-01-02,183.73130798339844,186.5025222946912,181.99930092657837,185.22577720716953,82488700,149.65975952148438,151.22212448027972,146.68470657947933,146.81568285520638,9622100,163.0093536376953,163.0946061058102,160.00645180683773,160.17695674306748,9977400,248.4199981689453,251.25,244.41000366210938,250.0800018310547,104654200,94.84712219238281,95.53280671161437,93.44794911430716,93.51281106789092,23483000
2024-01-03,182.3555908203125,183.96883642924203,181.5440145919006,182.32590048043423,58414500,150.59530639648438,151.03501551807074,149.50071590509174,150.28657354885928,8232000,162.2988739013672,162.9714403661268,161.38947095422876,162.80093544417744,9852300,238.4499969482422,245.67999267578125,236.32000732421875,244.97999572753906,121082600,95.64399719238281,96.01463993957972,94.19849825467946,94.76371978411233,23490800
2024-01-04,180.03965759277344,181.2075179249861,179.0202489631632,180.27718031693732,71983600,150.27723693847656,151.5402194938575,150.0807653719002,151.1753559633682,6766600,163.37591552734375,165.2249889082347,162.54668305166135,162.64200181002505,11972500,237.92999267578125,242.6999969482422,237.72999572753906,239.25,102629300,94.81006622314453,96.89492401867153,94.55988639822759,96.44089030041754,19395200
2024-01-05,179.31716918945312,180.88092604513352,178.31755906038765,180.11885376441708,62379700,150.74501037597656,150.94146766583788,149.1919956568941,150.15560995570377,5602500,164.19561767578125,165.25359196797962,163.43311119195872,163.43311119195872,10066000,237.49000549316406,240.1199951171875,234.89999389648438,236.86000061035156,92488900,95.09730529785156,95.81079388148719,94.63400359346278,95.59767198692222,15827400
2024-01-08,183.65213012695312,183.6917273170526,179.63387614033877,180.21780632812883,59144500,151.11924743652344,151.24087338961058,149.3229948483775,150.716968169153,6569800,163.95730590820312,164.2813663790476,161.54588994783876,163.95730590820312,11229900,240.4499969482422,241.25,235.3000030517578,236.13999938964844,85166600,93.51280975341797,93.62400470203684,91.64107406958065,93.3367599215497,23370100
2024-01-09,183.23641967773438,183.24631142265767,180.8511952858635,182.02896231346367,42841800,151.21278381347656,152.75643389591977,150.24916952134754,151.21278381347656,6357000,162.66107177734375,163.7380981420264,162.1273216242973,163.57606788439452,9923600,234.9600067138672,238.9600067138672,232.0399932861328,238.11000061035156,96705700,92.35454559326172,93.85564542539792,91.90977998557669,93.85564542539792,19496600
2024-01-10,184.27565002441406,184.48348240733844,182.02898528742006,182.45457200324566,46792900,151.43731689453125,152.13897866692255,150.8105007575698,151.39055086331476,4945100,163.0041961669922,163.0613816047552,161.03121130256366,162.0320000942187,9670200,233.94000244140625,235.5,231.2899932861328,235.10000610351562,91628500,91.44649505615234,92.47502543223685,90.95539636781749,92.47502543223685,18206100
2024-01-11,183.68182373046875,185.12681915669637,181.73207738578324,184.62205313633504,49128400,150.7637176513672,151.7460469695425,150.4175690848592,151.62443530515444,4946000,162.31793212890625,162.37511756325273,160.73573390852152,162.3465248460795,11919500,227.22000122070312,230.92999267578125,225.3699951171875,230.57000732421875,105873600,91.42794036865234,92.19702275766392,91.3260134462811,91.77078611384854,15833400
2024-01-12,184.0084228515625,184.8199990991005,183.28593272766105,184.14698280822722,40477800,151.9237823486328,151.99862797222002,151.26890098642355,151.40922760856017,4496900,161.1265106201172,168.04622408294122,160.98353249936034,165.6538747823718,19436500,218.88999938964844,225.33999633789062,217.14999389648438,220.0800018310547,123043800,92.61399841308594,93.2626249745852,91.89124895922234,92.79005530497352,18041700
2024-01-16,181.74197387695312,182.36548612847807,179.0697224204938,180.28708678689063,65603000,150.17431640625,151.7928120382831,149.85621892467444,151.15664562581915,6923200,160.1162109375,160.21151515002774,156.59916117294043,157.14243736078933,17206400,219.91000366210938,223.49000549316406,212.17999267578125,215.10000610351562,115355000,90.51988983154297,92.66960947056808,90.37162989188874,92.49355255958444,20235700
2024-01-17,180.80174255371094,181.04917214343425,178.44622312883942,179.40625114511818,47317400,150.090087890625,150.90402505797232,149.56618284403106,149.92169595793774,5072100,159.2583770751953,161.14558362965596,158.68650820042498,159.49665940891614,11107500,215.5500030517578,215.6699981689453,212.00999450683594,214.86000061035156,103164400,89.86199188232422,90.77005916490316,89.49134914539677,89.50987810100314,18384000
2024-01-18,186.6905517578125,187.19530261085842,183.91933773499053,184.17665903424702,78005800,150.8198699951172,150.96954699520765,149.39783142916468,149.68784935323126,5368500,159.5729217529297,159.67776656824674,157.4951066503195,159.28698002537405,9382300,211.8800048828125,217.4499969482422,208.74000549316406,216.8800048828125,108595400,89.6952133178711,89.96392208688349,88.7871388614541,89.88053117293268,20940300
2024-01-19,189.59043884277344,189.97642838325277,186.8786203129096,187.38337121910467,68903000,151.2595672607422,151.4841041773723,149.94980426876484,150.76372739411178,7071300,162.3274688720703,162.5752918286845,159.24886492376933,159.6968369137711,13115700,212.19000244140625,213.19000244140625,207.55999755859375,209.99000549316406,102260300,89.83417510986328,89.89903704942407,89.33381561577785,89.62106033820119,20088400
2024-01-22,191.896484375,193.32168117146784,190.2832386815117,190.32283587135973,60133900,151.9986572265625,153.03711725626923,150.94148221852126,151.55894802544867,6824200,162.1368408203125,163.91918812242486,161.7555948824447,162.47044192364703,12837500,208.8000030517578,217.8000030517578,206.27000427246094,212.25999450683594,117952500,89.71373748779297,89.97318529880226,88.74080112708549,89.60254253903643,19955900
2024-01-23,193.1732177734375,193.73736447446063,191.83710707958323,193.01487431695855,42355600,149.5100860595703,150.1649675161247,146.79699962155422,149.36975941721764,9149800,161.0693359375,161.79370901610295,160.54511188027425,161.71745692199738,8360800,209.13999938964844,215.64999389648438,207.75,211.3000030517578,106605900,90.72374725341797,91.27043989602019,89.63035489879024,89.70447780208622,15863400
2024-01-24,192.50021362304688,194.36088890095834,192.34185506707502,193.41075266703035,53631300,148.7148895263672,150.2491894619094,147.96644739980718,149.45396702581198,7247900,162.50857543945312,162.99466623586284,160.94544368265935,161.42200842001844,9967100,207.8300018310547,212.72999572753906,206.77000427246094,211.8800048828125,123369900,92.28968811035156,92.33602110354427,90.56620539103194,91.1036370066095,17330600
2024-01-25,192.17359924316406,194.2520137003454,191.124500268323,193.21280647175473,54822100,149.27618408203125,149.33231473343605,148.2564391805941,148.75227896846147,5478900,164.83419799804688,164.8818573759675,162.8993465119901,164.2337218321671,8873500,182.6300048828125,193.0,180.05999755859375,189.6999969482422,198076800,94.63399505615234,94.68032805018053,92.30822579992207,92.94757728709253,22089500
2024-01-26,190.44158935546875,192.7575265029299,189.96652881027472,192.27257421163478,44594000,149.2200469970703,150.38013275234658,149.08907072432484,150.09010060702022,5591900,164.2051239013672,164.94856363380785,163.72855922448986,164.51965833333819,7443000,183.25,186.77999877929688,182.10000610351562,185.5,107343200,95.44013977050781,95.51426973106855,93.76299006199845,94.48573950391028,20817200
2024-01-29,189.75868225097656,190.22385105233468,187.63079398239137,190.03580216218106,47145600,149.08908081054688,149.75332684427147,148.71486694177,148.76163296885906,6483200,164.63401794433594,164.73886274782376,163.27105004259295,164.1669939008346,6971200,190.92999267578125,191.47999572753906,183.6699981689453,185.6300048828125,125013100,95.56060791015625,95.62546986661002,94.38382468037427,95.42162305305752,18317500
2024-01-30,186.1066436767578,189.82799457367844,185.54251203451676,188.97683613469175,55859400,148.53709411621094,149.46327833653217,147.93834342643083,149.07971415934642,7200500,168.00811767578125,168.47514175793654,164.72935032471554,164.72935032471554,10822100,191.58999633789062,196.36000061035156,190.61000061035156,195.3300018310547,109982300,97.15435791015625,97.18215487899832,94.60619874810463,94.89345058812495,19610900
2024-01-31,182.5040283203125,185.1762795166647,182.45455449229945,185.11688373962707,55467800,148.65872192382812,150.26786725421576,148.44354966317863,150.0620453439096,8256800,166.18763732910156,169.94296936922615,166.16857066951718,167.94139187726532,11521800,187.2899932861328,193.97000122070312,185.85000610351562,187.0,103221400,95.26409149169922,97.18216021067897,95.22702650806885,97.05243630268404,22415300
2024-02-01,184.93878173828125,185.0278527702626,181.93004443231115,182.09829474891072,64885400,148.15354919433594,148.2751751398211,146.92798221407858,147.96644223805964,8012000,165.587158203125,166.6451323652847,163.3949577854356,165.5013800519336,9354800,188.86000061035156,189.8800048828125,184.27999877929688,188.5,91843300,94.87491607666016,96.37601604288858,94.16143461044558,95.96830830823882,19240700
2024-02-02,183.9391326904297,185.40391139136472,177.4069865588012,178.01071526218476,102551700,146.51632690429688,148.10675732147482,145.88951079827623,147.78867409310814,8295900,166.54031372070312,167.57923593044956,165.13921219004516,165.17734551452133,8607600,187.91000366210938,188.69000244140625,182.0,185.0399932861328,110612700,94.48574829101562,96.36675203128793,94.15217050689196,96.13510118505887,21973400
2024-02-05,185.75033569335938,187.3042007769885,183.92925752426459,186.21550453356022,69668800,145.758544921875,146.7782899608294,145.32818607749616,146.516337368719,9121600,166.32110595703125,166.8834488993153,164.81515952748885,165.71110362867506,7820200,181.05999755859375,184.67999267578125,175.00999450683594,184.25999450683594,134294400,94.09657287597656,94.8656482825361,93.1236365321995,94.00390688558063,17190900
2024-02-06,187.3536834716797,187.36357521832525,184.8496972971495,184.93876832266957,43490800,147.87289428710938,148.49971049576,145.5714514046425,145.7866237090218,9229900,166.89297485351562,167.62687406891743,165.61577031946283,166.42593618076785,6764800,185.10000610351562,186.49000549316406,177.11000061035156,177.2100067138672,122676000,94.74520111083984,95.47721867190963,94.11511049304706,94.57841220997048,13347900
2024-02-07,187.46253967285156,189.08567701882757,186.6707620426896,188.67988890685803,53439000,147.79800415039062,149.09841648813125,147.5267012635279,147.6296122086157,8690300,167.20748901367188,167.62686829007302,165.8064021309331,167.45531197350942,7225500,187.5800018310547,189.7899932861328,182.67999267578125,188.17999267578125,111535200,94.71739959716797,95.18996930520831,93.75373122384502,94.74519656774278,13826800
2024-02-08,186.38375854492188,187.59120098390878,185.42373058041275,187.44274927884152,40962000,146.31985473632812,147.19927306142978,145.30010977438877,147.19927306142978,9755000,166.6070098876953,167.09310061057664,165.43466488333485,166.7976328450841,6060300,189.55999755859375,191.6199951171875,185.5800018310547,189.0,83034000,96.33895111083984,96.75591978918683,94.61546832000661,94.82858313092262,19636900
2024-02-09,187.1468048095703,188.2765227675386,186.30446474496694,186.9485964735415,45155200,146.65664672851562,147.06829054626397,145.63690180976707,146.19823688403184,6529200,166.80714416503906,166.8929368503436,165.5299544654164,166.79761810827105,6296700,193.57000732421875,194.1199951171875,189.47999572753906,190.17999267578125,84476300,94.30043029785156,97.1451026156817,94.23556833892084,96.45941803992503,20410500
2024-02-12,185.46214294433594,186.9684387436886,185.10538907399385,186.72069342042812,41781900,147.67640686035156,148.20031198614205,146.27308344112242,146.4882557016412,6701500,167.5505828857422,168.52277878382498,165.55854626240236,166.5879275879727,8539300,188.1300048828125,194.72999572753906,187.27999877929688,192.11000061035156,95498600,95.59766387939453,95.81078575588487,94.51353967972959,94.66179960588327,18173100
2024-02-13,183.37115478515625,184.53061609699293,181.85495475727518,184.0945819491523,56529500,146.38534545898438,148.2377283842858,145.71174907244858,147.47993601826903,8621000,166.0923309326172,167.96999709238426,164.52919923319496,167.10266035536173,8397600,184.02000427246094,187.25999450683594,182.11000061035156,183.99000549316406,86759500,94.77466583251953,96.41129175713382,94.08260886794558,96.10267629118559,18917400
2024-02-14,182.4891815185547,183.85674041023526,180.79461213824646,183.64864282656313,54630500,145.702392578125,146.37598893625676,144.86038999278855,146.27307798500487,9098800,167.77935791015625,167.8460839454223,166.24481907863344,166.86436188079088,7056700,188.7100067138672,188.88999938964844,183.35000610351562,185.3000030517578,81203000,94.30706024169922,95.97174863629802,93.91427172465674,95.2703375122409,17651300
2024-02-15,182.20181274414062,182.82613576875198,179.71445525689393,181.8946109768474,65434500,147.74188232421875,148.26578743036686,145.84271917676017,145.92691515267467,7462500,171.43939208984375,171.76346716084313,167.89374931915643,167.89374931915643,8723400,200.4499969482422,200.8800048828125,188.86000061035156,189.16000366210938,120831800,97.00984191894531,97.206236186067,94.08261479987985,94.08261479987985,23196300
2024-02-16,180.66578674316406,183.18288755084293,180.03155935687485,181.76577652013776,49752500,147.5721893310547,148.24146426807005,146.74265087914085,147.61932481286425,8541000,170.63876342773438,171.5442334920447,169.8095454642798,171.1915802512378,8152600,199.9499969482422,203.1699981689453,197.39999389648438,202.05999755859375,111346700,97.00984191894531,97.8515295965745,96.81344051670038,97.27170094177424,20151400
2024-02-20,179.92254638671875,180.78469520216953,178.3766181157698,180.15046783149373,53665600,148.8070831298828,149.5140723096364,147.46851867559718,147.58163234156362,9501700,171.30592346191406,172.00171831598985,170.04780036000503,170.7912400437692,9668000,193.75999450683594,198.60000610351562,189.1300048828125,196.1300048828125,104545800,96.09332275390625,97.37456962593588,95.99980269893187,97.11270348283568,17650000
2024-02-21,180.67572021484375,181.24057170015067,179.03068760645021,180.29914247718926,41371400,149.58006286621094,149.58949859497682,148.11896328078404,148.9579232681752,7472500,172.42108154296875,172.50687423160645,170.15264373821137,171.51561163249343,7024000,194.77000427246094,199.44000244140625,191.9499969482422,193.36000061035156,103500300,98.05728149414062,98.17886399843321,96.31778119769062,96.3458365032586,20991300
2024-02-22,182.70721435546875,183.29190480468338,180.81445159653885,181.82524161821627,52292200,151.24855041503906,151.52192762202995,148.72224929291693,149.86285045886265,8065000,174.48941040039062,174.8229969721862,172.7451818115598,173.2979986219762,9296500,197.41000366210938,198.32000732421875,191.36000061035156,194.0,92739500,97.97311401367188,98.5810051200617,96.74797765414435,97.41198650589794,20470700
2024-02-23,180.8739013671875,183.3711632214272,180.58650833781007,183.34143499372246,45119700,152.558837890625,152.94532876826761,150.97518900233135,151.6538997783806,6726000,175.3662872314453,176.5195656852943,174.60378078668188,175.19471637316317,7105800,191.97000122070312,197.57000732421875,191.5,195.30999755859375,78841900,97.11270904541016,97.34651276379967,96.21490362300919,97.15011849656726,15975900
2024-02-26,179.5261688232422,181.11172976770854,179.02075870271764,180.59643039937333,40867400,151.5690460205078,152.71908289398888,151.36167576254726,152.52113398020288,5465400,174.7657928466797,175.81424091701768,173.9270343904093,175.1375127000542,7145400,199.39999389648438,201.77999877929688,192.0,192.2899932861328,111747100,97.49616241455078,98.14146303895156,96.3739072839725,97.00049961295997,13360800
2024-02-27,180.98292541503906,182.2612846793882,177.94060546909574,179.46672518750105,54318900,151.74813842773438,151.8046952550946,150.4849880042554,151.144841629675,5078600,174.8516082763672,174.9373864430662,173.69832969669645,174.71817072474573,5717100,199.72999572753906,205.60000610351562,198.25999450683594,204.0399932861328,108645400,97.2904052734375,98.3378485340445,97.12206630539572,97.89829638776189,16360000
2024-02-28,179.78379821777344,181.46846314665845,178.50543918901624,180.86396404098633,48953900,152.2854766845703,152.34203351922065,151.0977256219848,151.76701506072203,6071100,175.73800659179688,176.51956515120406,174.38456456464726,174.83252201060458,6131600,202.0399932861328,205.3000030517578,198.44000244140625,200.4199981689453,99806200,97.56161499023438,98.59970406714046,97.26234651712507,97.70189864781256,14810500
2024-02-29,179.11985778808594,180.92345088953732,177.9108594746495,179.63517226295397,136682600,152.12522888183594,152.88877492388917,151.71045957905832,152.7096686900777,9849100,177.33926391601562,177.69191716010636,175.23285596671522,176.9580179517879,9643000,201.8800048828125,205.27999877929688,198.4499969482422,204.17999267578125,85907000,97.74866485595703,98.26303593998628,97.46810464795156,97.89830267499242,17566100
2024-03-01,178.03970336914062,178.90185225837237,175.78026722267666,177.93069482167198,73563100,152.82276916503906,153.24697415953636,151.8518385554312,152.54940635748378,5670100,176.6053466796875,177.70145425651842,176.4242643035929,176.9961332386516,6311800,202.63999938964844,204.52000427246094,198.5,200.52000427246094,82243100,98.98313903808594,99.49751007386823,98.55294105139677,98.87091781945944,18460100
2024-03-04,173.52081298828125,175.30456703921072,172.22261492332544,174.56133114426578,81510100,150.6735382080078,152.34203678461694,149.19358159591727,152.06867395003687,8532900,177.93017578125,178.7975269592732,175.6331451563437,176.05252438719444,7063600,188.13999938964844,199.75,186.72000122070312,198.72999572753906,134334900,97.59903717041016,98.99250551114768,97.29041451051133,98.81481951448933,18138000
2024-03-05,168.5857391357422,170.48842147609815,168.09024847040442,169.21996658252752,95132400,150.7960662841797,151.99323854766547,150.0702200978755,151.4087844310236,8298200,179.71253967285156,180.4273866766866,177.62518409467728,177.62518409467728,6617800,180.74000549316406,184.58999633789062,177.57000732421875,183.0500030517578,119660800,98.79610443115234,99.38528726719579,97.5616210114968,97.75801529017795,19952700
2024-03-06,167.5947265625,169.6956168742887,167.1586924388991,169.51723240501005,68587700,150.2021942138672,151.70100772103427,150.0890805555846,150.3153222558805,5773700,180.6466064453125,181.16130444415123,178.83566647867224,180.37973138798867,7572900,176.5399932861328,181.5800018310547,173.6999969482422,179.99000549316406,107920900,99.85289001464844,100.60106477581851,99.27306135310879,99.71261349016196,20472800
2024-03-07,167.475830078125,169.1902233947002,166.97043508778398,167.62447121611535,71765100,149.7591552734375,151.16371227518246,149.16529414909374,150.82435689681535,5188700,179.06442260742188,181.57115767973485,177.88255141389413,181.00881480258207,7618300,178.64999389648438,180.0399932861328,173.6999969482422,174.35000610351562,102129000,100.41403198242188,100.98451367405143,99.69391247358676,99.69391247358676,15195400
2024-03-08,169.1902313232422,172.13344696276567,167.41638146834518,167.47583792632756,76267000,150.37188720703125,151.19199004133748,149.34438534845359,149.75915462953353,5284000,179.3979949951172,181.5330098269388,179.112053301202,179.60768460108176,6172200,175.33999633789062,182.72999572753906,174.6999969482422,181.5,85544600,101.35858917236328,101.37729746619466,99.85289259949562,100.2830977361351,16281500
2024-03-11,171.19203186035156,172.80733633404748,170.49834792480524,171.3803207402518,60139500,151.98382568359375,152.06867532188554,149.76860141784033,150.34361989385164,4620800,179.46470642089844,179.60768453960645,177.4917363663964,178.50205108009877,5762600,177.77000427246094,182.8699951171875,174.8000030517578,175.4499969482422,85391500,101.95712280273438,102.05064999858037,100.38596152317353,101.23701048653382,17577300
2024-03-12,171.6676483154297,172.46043620394545,169.4676691073548,171.58836801446097,59825400,153.40724182128906,153.75601857254375,151.88957102967169,152.3137616916336,8018700,180.94207763671875,181.24708601861974,179.1025449180289,180.09379307200683,5708400,177.5399932861328,179.42999267578125,172.41000366210938,177.77000427246094,87391700,101.30248260498047,102.20028809639089,101.03126941458714,101.99453966677363,14957200
2024-03-13,169.58660888671875,171.6280276345068,169.21993557914925,171.21181736641944,52488700,151.86129760742188,153.35067564575905,150.64526803489275,153.20928354836414,6260000,182.40992736816406,182.7435139651818,180.94209980175992,181.4377312112628,7795500,169.47999572753906,176.0500030517578,169.14999389648438,173.0500030517578,106524500,102.43408203125,103.20095792772906,102.04129350417799,102.06934880823698,17122200
2024-03-14,171.43975830078125,172.73794133442243,170.49832912625453,171.35057361629615,72913500,150.07968139648438,152.27604863269815,149.58949816525063,151.71046587395105,6988300,179.15972900390625,182.6481859917152,178.3305111052107,182.07630255175962,10310900,162.5,171.1699981689453,160.50999450683594,167.77000427246094,126325700,104.2484130859375,104.32323199542067,102.58373159311859,102.71466111715218,22121000
2024-03-15,171.06317138671875,171.06317138671875,168.75418335618096,169.62625165850892,121752700,149.10873413085938,150.0608221608597,148.0906823030348,148.99562045748613,13165500,181.38052368164062,181.99052590228584,177.73956247395188,177.73956247395188,17214200,163.57000732421875,165.17999267578125,160.75999450683594,163.16000366210938,97146800,104.06136322021484,105.02464060178798,103.66857465789788,103.66857465789788,38264400
2024-03-18,172.1532440185547,176.10726419166866,171.9550508157469,173.98656516716395,75604200,147.77015686035156,149.58948312487718,147.52507246124296,149.47636946124726,6602300,183.6299285888672,183.66804736877484,180.98975586451206,181.69507691341752,9013800,173.8000030517578,174.72000122070312,165.89999389648438,170.02000427246094,108214400,105.02464294433594,105.54836103910662,103.90238071038232,104.54768131652756,16770500
2024-03-19,174.4919891357422,175.0172080151,171.46949314620932,172.76767622994936,55215200,147.251708984375,147.86442717125823,146.73324738884924,147.6853209488283,7840600,184.7069549560547,184.84039250109598,183.36305344656802,183.67758791922284,8478700,171.32000732421875,172.82000732421875,167.4199981689453,172.36000061035156,77271400,105.76345825195312,106.13754566952285,104.8001879679198,104.9498257889973,14878800
2024-03-20,177.05860900878906,177.05860900878906,173.51089450186836,174.1352174960067,53423100,146.8275146484375,147.46852568140716,146.30906739897358,146.77095781276742,5982300,187.1278839111328,187.34709958577037,184.5353709588645,185.08818771788046,9367000,175.66000366210938,176.25,170.82000732421875,173.0,83846700,105.66993713378906,106.05337869515591,104.8656516912808,105.41743223212902,16119700
2024-03-21,169.824462890625,175.88927881289044,169.29924400405602,175.45324461547284,106181300,146.81808471679688,147.94926451523617,146.20536652123064,146.6672569080099,5915800,189.7299346923828,190.08258791393138,187.12789552103195,187.30899243272455,11203800,172.82000732421875,178.17999267578125,171.8000030517578,176.38999938964844,73178000,106.13754272460938,106.53033842647721,105.27714668265854,105.60447048827855,14878000
2024-03-22,170.7262420654297,171.48930183291895,168.52626256417108,170.21092760104455,71160100,146.3279266357422,147.39312844042718,146.21481295161067,146.7615530644696,7248600,187.40428161621094,191.08336136082147,187.32802952563463,189.68226010163048,8108800,170.8300018310547,171.1999969482422,166.3000030517578,166.69000244140625,75580600,106.13754272460938,106.32458999576639,105.51095042026195,106.12819571239439,14701900
2024-03-25,169.3091278076172,170.38929358279395,167.92174518816086,169.03165430796025,54288300,146.3184814453125,147.03489196761947,146.0168258251422,146.48815194385955,7498100,185.68865966796875,187.7092891567977,185.25021378497425,187.38522868096646,8620000,172.6300048828125,175.24000549316406,168.72999572753906,168.75999450683594,74228600,107.2223892211914,108.27917948470929,106.45551329210689,106.45551329210689,14011700
2024-03-26,168.179443359375,169.8740129173693,168.05061095138228,168.46682128354186,57388400,146.8369598388672,147.2705718627674,145.88487176462837,146.6861320115396,6864100,186.55599975585938,187.44241759575021,184.96427551941824,185.46943290101217,5961500,177.6699981689453,184.25,177.3800048828125,178.5800018310547,113186200,106.41809844970703,107.53100640248026,106.06271937597919,107.2317379364139,13152300
2024-03-27,171.7469482421875,172.0343412561863,168.575811446925,168.87310882923745,60273300,148.90135192871094,149.1464363292962,146.5258642920507,147.0443258930305,8461600,190.16836547851562,190.244617569139,187.17554000364467,187.28991086778012,8725800,179.8300018310547,181.91000366210938,176.0,181.41000366210938,81804000,107.52165222167969,107.60581813314494,106.06271934196444,106.12818409592286,12415700
2024-03-28,169.93344116210938,170.67667701496117,168.97218824939392,170.2010103030642,65672700,149.1181640625,150.01368083726788,149.042750155272,149.12758540700398,6181500,190.91180419921875,191.31211676523003,189.23428730134387,190.13977178308275,8628300,175.7899932861328,179.57000732421875,175.3000030517578,177.4499969482422,77654800,108.70938110351562,108.90577538194707,107.60582720438397,108.04537936164067,18482100
2024-04-01,168.49655151367188,169.70554992575666,167.9515087670476,169.64609346633853,46240500,148.73167419433594,149.08045093187417,147.7796005785989,148.67511735946294,4364700,189.6155548095703,191.5218135054846,189.26290160477805,190.61634353364525,7309000,175.22000122070312,176.75,170.2100067138672,176.1699981689453,81562100,109.4107894897461,109.64459321546535,107.90509292530425,108.86837026877126,13817000
2024-04-02,167.3172607421875,167.81275133793278,166.71276161053132,167.55510167176752,49329500,148.68455505371094,148.77882604468695,147.00663497722104,147.59108923055152,6102300,189.53932189941406,190.41619924304973,188.79588209625334,189.09134989704782,7014700,166.6300048828125,167.69000244140625,163.42999267578125,164.75,116650600,111.55242919921875,111.85169767395021,109.72876304618694,110.28053639782924,19919600
2024-04-03,168.1199493408203,169.14065873561202,167.05960735256843,167.26770493028647,47691700,145.4135284423828,148.9861884642231,145.40410709818596,148.74108967778864,8098200,189.00555419921875,190.2064919520555,188.43367076819186,189.71086061473883,9353400,168.3800048828125,168.82000732421875,163.27999877929688,164.02000427246094,82950100,111.5711441040039,111.99198796883523,111.0380718788265,111.73948307696116,16504300
2024-04-04,167.2974395751953,170.36947196785653,167.2974395751953,168.75416790697062,53704400,143.7544708251953,146.58242762831392,143.66963557319747,146.4033213960526,6947400,187.5675506591797,191.43106726420515,187.47169050881533,190.92296311911807,9243800,171.11000061035156,177.19000244140625,168.00999450683594,170.07000732421875,123162000,111.96392822265625,112.11355889539381,110.95389442496503,111.33733595626616,18467400
2024-04-05,168.05059814453125,168.85329051832247,167.42627513328318,168.06050251317026,42104800,143.65077209472656,144.2352118718488,142.91550450940133,143.31141671813558,6783000,189.29315185546875,189.93547176986357,187.0498229672658,188.05644940533662,6532300,164.89999389648438,170.86000061035156,160.50999450683594,169.0800018310547,143157600,113.50704193115234,114.23650845619444,111.88911691564002,112.20709371137244,21720600
2024-04-08,166.9307861328125,167.67402205960258,166.72268854116854,167.50555706407098,37425500,142.8966522216797,144.2634951179195,142.8683738046613,143.27372175481162,5935400,190.28060913085938,190.75995368251904,189.45613591686737,189.45613591686737,8001000,172.97999572753906,174.5,167.7899932861328,169.33999633789062,104423300,112.74015045166016,113.85305124590812,112.42217369964438,113.23581316924194,17513900
2024-04-09,168.1397705078125,168.54607640984824,166.83168324813985,167.17851757917794,42373800,143.55650329589844,143.78274501163418,142.2839314021805,142.85894984391032,6135300,189.00555419921875,190.66409690966574,186.85809993213326,189.88756106284035,7351500,176.8800048828125,179.22000122070312,171.9199981689453,172.91000366210938,102951700,113.32933807373047,113.7688902036363,112.54375387376354,113.16099911196063,14132300
2024-04-10,166.26681518554688,167.56499806522814,165.60285963338822,167.27762018668898,49709300,141.58636474609375,143.11347116850277,141.17159545565505,142.84009396174463,6809500,187.39495849609375,188.9288668988633,186.1582413721076,187.4716553790757,7681400,171.75999450683594,174.92999267578125,170.00999450683594,173.0399932861328,84532400,114.28326416015625,114.53577619260003,112.90850417566614,113.36675750382952,17409200
2024-04-11,173.4613494873047,173.87757491447604,166.64340884278624,166.8217782077108,91070300,140.25723266601562,142.21795122188618,139.88017749069675,142.1519730388852,8374400,187.35659790039062,188.44951748332386,185.2570811252899,187.90305769185724,10137700,174.60000610351562,175.8800048828125,168.50999450683594,172.5500030517578,94516000,113.89982604980469,114.74152090547076,112.54376013369723,114.74152090547076,17555900
2024-04-12,174.95774841308594,176.7514221146486,172.63885584160187,172.68839280877705,101670900,139.06007385253906,140.52118782085896,138.7112827142574,139.5690997749544,7100200,175.23878479003906,181.12513563622184,174.99911250049018,180.54034929302082,31532300,171.0500030517578,173.80999755859375,170.36000061035156,172.33999633789062,64722700,112.57183074951172,115.73285484242166,111.9171759763993,114.9846799974715,21556200
2024-04-15,171.13253784179688,175.03700600653332,170.94424900321735,173.7784557074799,73531800,139.12606811523438,140.9171163550552,138.91868343079477,139.86133585688955,8502300,175.33465576171875,179.71587214147985,174.67315791633376,176.87814585813857,14766600,161.47999572753906,170.69000244140625,161.3800048828125,170.24000549316406,100245300,111.92652130126953,113.80630527806375,111.71141873138694,113.24517062102173,15029500
2024-04-16,167.85240173339844,172.19288913903023,166.7524119884344,170.20102235595408,73711200,136.16612243652344,137.86289946047583,135.1669132956772,136.69400542536803,12774900,173.3309783935547,175.59348507440095,172.22847723934825,175.34421656606602,16451800,157.11000061035156,158.19000244140625,153.75,156.74000549316406,97000000,111.00066375732422,112.43154147706889,110.28054425626233,111.81429619044442,18082200
2024-04-17,166.48484802246094,169.11094225529814,166.48484802246094,168.08032842085646,50901200,136.4677734375,137.07107031619805,135.30830078671556,136.68457943260324,9378100,172.64073181152344,174.88406075478235,171.79708073743586,173.87743429200685,9017100,155.4499969482422,158.3300018310547,153.77999877929688,157.63999938964844,82439700,110.94454193115234,111.61789780631214,109.5323725578226,110.86973016123065,14538600
2024-04-18,165.5334930419922,167.11906901091456,165.0479219314042,166.51456987389489,43122900,137.3821258544922,137.43868268058668,134.92180323327176,136.6657010340153,9887700,173.7624053955078,175.78524005173225,172.5352844752654,173.61860787689943,9557700,149.92999267578125,152.1999969482422,148.6999969482422,151.25,96098800,110.84165954589844,111.96392163343884,110.32729566567504,111.2905658079392,13821400
2024-04-19,163.51190185546875,164.89926951971245,162.6002009445124,164.7109957890585,68149400,139.42770385742188,139.6350885122052,136.2509558548223,137.7686266191553,9750800,178.1244354248047,178.20113230723476,173.91579091483374,174.86488374948237,13402300,147.0500030517578,150.94000244140625,146.22000122070312,148.97000122070312,87074500,112.11355590820312,113.09553437453711,111.2438057947746,111.44020719613997,21572400
2024-04-22,164.3443145751953,165.75150603037284,163.28397258003716,164.0272084619306,48116400,140.5682830810547,141.65234167666586,138.8526636588736,139.99326469798586,10118700,181.58531188964844,182.27556923453258,178.29700056215378,178.30659681566635,11529700,142.0500030517578,144.44000244140625,138.8000030517578,140.55999755859375,107097600,112.74951171875,113.69408081298488,110.75750645043175,111.5337365688141,16340700
2024-04-23,165.39476013183594,165.54341638804536,163.43262154349364,163.85875133255257,49537800,140.98304748535156,141.85972142852887,139.70104003844597,141.26584599552908,10110400,184.20252990722656,184.28880841859586,182.64945818883783,183.23425914662198,9144400,144.67999267578125,147.25999450683594,141.11000061035156,143.3300018310547,124545100,113.18905639648438,113.21711170141626,111.71141516566921,112.22578620649833,13929800
2024-04-24,167.4956512451172,167.77312477902248,164.71099641624178,165.03800691456527,48251800,140.01214599609375,140.44577238611922,138.43791836958567,139.64451217174434,9756300,185.10369873046875,185.24749624840408,182.313909855042,182.65903852652195,6964900,162.1300048828125,167.97000122070312,157.50999450683594,162.83999633789062,181178000,113.20777130126953,113.40416558238567,111.65531107655565,112.50636009651599,12101200
2024-04-25,168.3577880859375,169.07129572836638,166.63347542987228,168.00103426472305,50558300,138.40020751953125,141.0019225000743,137.9383027479979,140.80395920263672,7642700,185.3817138671875,185.92817369729963,183.28218231517408,184.30798671411355,9802300,170.17999267578125,170.8800048828125,158.36000061035156,158.9600067138672,126427500,113.46961975097656,113.87176242290235,111.66465480048967,113.18905244121511,16041000
2024-04-26,167.77313232421875,169.79472746518425,167.65420428921547,168.34790327634968,44838400,137.7592010498047,138.7395530738445,137.58009481855413,138.28708401534396,6183000,185.49676513671875,186.8197461895444,185.08452120379513,185.57346202257514,6413700,168.2899932861328,172.1199951171875,166.3699951171875,168.85000610351562,109815700,110.31794738769531,111.38409178974115,108.69067547959222,111.29057172791882,27289500
2024-04-29,171.93524169921875,174.44242297655094,171.53885525962073,171.80640930182136,68169400,138.40020751953125,138.77726265860187,137.61780444141473,137.75919652263332,6149600,185.29544067382812,186.23495195973294,184.48054903205914,185.48717558117502,5387800,194.0500030517578,198.8699951171875,184.5399932861328,188.4199981689453,243869700,111.88910675048828,112.27254827298813,110.13090535921924,110.13090535921924,17309900
2024-04-30,168.79385375976562,173.41183044153803,168.46682810243752,171.76679778510277,65934800,136.29808044433594,138.45676207362777,136.2415236127792,138.45676207362777,8817700,183.8190460205078,186.93478547211615,183.7231712629308,184.8448357100977,8153700,183.27999877929688,190.9499969482422,182.83999633789062,186.97999572753906,127031800,110.60787200927734,112.41283719733768,110.33666594530044,111.39345629893589,21083300
2024-05-01,167.77313232421875,171.1523820898212,167.58484346320657,168.05060587060277,50383100,142.5101776123047,143.141767354433,139.154337494872,140.21011792443156,14470900,183.93411254882812,186.42671034800628,182.9083080717364,184.32717863603727,7445300,179.99000549316406,185.86000061035156,179.00999450683594,182.0,92829700,108.51297760009766,110.79490411094878,108.16695267304512,110.61721100670684,27777700
2024-05-02,171.46949768066406,171.85597979307556,169.34879824722077,170.95418315705703,94214900,141.3224334716797,143.59422900506243,140.58716581598674,143.3208517785649,8459800,183.7423553466797,185.50633976958161,181.6907612697659,185.09411048063117,6501700,180.00999450683594,184.60000610351562,176.02000427246094,182.86000061035156,89148000,108.70938110351562,109.66330432460965,108.39141145323339,108.72808939772261,25513600
2024-05-03,181.7261505126953,185.313497878847,181.01264278710423,184.9666483851495,163224100,140.70968627929688,141.29412599214712,139.34284357913398,141.29412599214712,6532700,182.63987731933594,184.5764336320997,180.6745761287965,184.0683295177683,8922800,181.19000244140625,184.77999877929688,178.4199981689453,182.10000610351562,75491500,108.48493957519531,108.550404339534,106.73608496339875,108.48493957519531,28023300
2024-05-06,180.07119750976562,182.53873097916653,178.79282331517493,180.7054248623681,78569700,140.05926513671875,141.44496501681343,139.4276898908648,141.27528014183702,5042800,184.0683135986328,184.260048499611,181.97837830963059,183.80946343667284,7911100,184.75999450683594,187.55999755859375,182.1999969482422,183.8000030517578,84390300,109.18635559082031,110.67334407507751,108.85903175483205,109.11153667541599,31401300
2024-05-07,180.7549591064453,183.2324120279765,179.68471275097576,181.79549235772294,77305800,140.1912384033203,141.14331196122563,139.93671827811997,140.8133923165961,7333500,183.82861328125,184.95985926440983,183.73273853116427,183.78067590620714,7688800,177.80999755859375,183.25999450683594,177.39999389648438,182.39999389648438,75045900,108.64392852783203,109.9625851474819,108.41947891804303,109.68201778390231,30122000
2024-05-08,181.09190368652344,181.41892928578648,179.81352951475225,181.20091221961113,45057100,140.40805053710938,141.14331814547634,140.17238747330634,140.56829969444763,7735100,187.5675506591797,188.5262399334478,183.10965138520797,183.10965138520797,9227600,174.72000122070312,176.05999755859375,170.14999389648438,171.58999633789062,79969500,108.6252212524414,109.3733889546673,107.93316416572334,108.21372437838653,18957200
2024-05-09,182.90541076660156,182.99459544718977,180.4675903156434,180.91352883975787,48983000,141.25643920898438,141.49210226112902,140.35148675990726,140.43632200658385,6546200,189.3411102294922,189.42738874358233,187.04026208314102,187.10736271795474,7977300,171.97000122070312,175.6199951171875,171.3699951171875,175.00999450683594,65950300,110.76686096191406,110.85102688255513,108.66262732440124,108.67197433661215,17564000
2024-05-10,181.64517211914062,183.66950932429603,180.7322345449188,183.4809650708303,50759500,141.31298828125,141.4826587652873,140.63427757763986,141.39782352326867,5710600,190.5586395263672,191.10508471525102,190.0792949687619,190.33813049739558,7529800,168.47000122070312,173.05999755859375,167.75,173.0500030517578,72627200,110.31794738769531,110.97260209069826,109.96256829872117,110.86037373543746,13648100
2024-05-13,184.85035705566406,185.6640710757596,183.2030934113359,184.01680743143146,72044800,142.54786682128906,143.28313438652143,141.12446717756615,141.43552974585353,5628500,190.52027893066406,191.5940206597629,189.85878111742107,190.58739418867287,7049200,171.88999938964844,175.39999389648438,169.0,170.0,67018900,110.27119445800781,111.32798474719945,109.53237381622613,110.74814892912275,15060600
2024-05-14,185.99151611328125,186.85484938535834,184.86026592315986,186.07090395104018,52393600,142.69869995117188,143.48110303234685,142.0576889517682,143.1417476523641,8254200,193.18544006347656,193.2525553237889,189.97384027592776,190.7791356290652,8596200,177.5500030517578,179.49000549316406,174.07000732421875,174.5,86407400,110.94058990478516,111.00658639970992,109.81864949106418,110.1109186552912,15079100
2024-05-15,188.2639617919922,189.1868170758504,185.93199122253947,186.46785537715886,70400000,143.91473388671875,144.1786753964745,142.6233047580044,143.11348801200796,5548000,193.7606658935547,194.31670735941614,191.51733677946362,193.66479112658575,8370000,173.99000549316406,180.0,173.11000061035156,179.89999389648438,79663000,111.79854583740234,112.04367155287824,109.44151800574726,110.88401788782767,18244300
2024-05-16,188.38302612304688,189.63336565724362,188.2044148419799,189.00819589014523,52845200,145.43240356445312,145.52667455304834,143.5942343567135,144.22580970584798,7591000,194.1057891845703,196.03274906827554,193.6456224984565,193.86611690223924,8497900,174.83999633789062,175.7899932861328,171.42999267578125,174.10000610351562,59812200,111.129150390625,112.47737059313218,110.81802099164379,111.76083212086341,15745200
2024-05-17,188.4127960205078,189.34558420614056,187.7280891548122,188.05555831413108,41282900,145.77175903320312,145.9791437011928,144.89509925066497,145.9791437011928,6521800,196.32994079589844,196.5792093322775,194.43174041156257,195.39042954302607,9260500,177.4600067138672,179.6300048828125,172.75,173.5500030517578,77445800,112.79792022705078,112.9770566391038,111.21399728011507,111.53455679678478,15104500
2024-05-20,189.57383728027344,190.44708847543168,187.55941793463836,187.8769693298537,44361300,143.74766540527344,145.76223762818017,143.73815340422095,145.48666509768884,7742300,187.50042724609375,197.37492849755048,187.32785559089572,195.94647638612952,17373300,174.9499969482422,177.75,173.52000427246094,177.55999755859375,61727400,111.88339233398438,113.03362303534111,111.77025960472169,112.88277699863156,11551300
2024-05-21,190.873779296875,191.25085261805762,189.4547462309282,189.62343971650407,42309400,143.7191619873047,145.00202066125127,143.29152792932052,144.23230255688293,5492400,191.27764892578125,191.64194082806156,188.47827857361983,188.86174835342052,14420800,186.60000610351562,186.8800048828125,174.7100067138672,175.50999450683594,115266500,111.11028289794922,112.61877916776393,111.04428641092849,111.62883186245315,14495000
2024-05-22,189.4348907470703,191.34016861791716,188.80973611420333,190.79438668312676,34648500,145.86676025390625,146.41791978509374,142.84490208291368,143.3390331108742,6609800,190.11761474609375,192.638971517041,189.5232322425133,190.7791125018505,9425300,180.11000061035156,183.8000030517578,178.1199951171875,182.85000610351562,88313500,108.8758316040039,110.74259359864881,108.38556579212279,110.74259359864881,17879300
2024-05-23,185.44577026367188,189.5341459487459,185.19768892080702,189.51429520164533,51005900,142.2557373046875,145.23959126204693,141.95165775807877,145.15407024893844,8000400,188.78506469726562,190.10806039860006,187.97018770099368,189.63829745126534,8069400,173.74000549316406,181.89999389648438,173.25999450683594,181.8000030517578,71975500,107.01849365234375,110.78973818192817,106.87707054386871,108.98896546637413,15979800
2024-05-24,188.52195739746094,189.11735863774422,186.59684388111853,187.37087155015982,36327000,139.66148376464844,142.3602528953661,139.46192025498237,142.0941778824785,9520600,192.4185028076172,192.4664255616402,189.398623253968,189.58077653024836,7356200,179.24000549316406,180.0800018310547,173.72999572753906,174.83999633789062,65584500,106.93363189697266,108.49870175605712,106.57536627296577,108.27242191587384,12212900
2024-05-28,188.53189086914062,191.5187845976106,187.64872194997955,190.04021443649896,52280100,137.20030212402344,139.49044706008516,136.9817290824054,139.49044706008516,10499800,191.2584686279297,192.13087918863567,190.4531733234784,191.60359727675655,6910200,176.75,178.25,173.16000366210938,176.39999389648438,59736600,108.29129028320312,108.52699307292052,106.60365744565723,107.0279195899172,13978300
2024-05-29,188.82960510253906,190.77456966628964,188.05559245514976,188.15483105781396,53068000,137.25729370117188,138.18855622628357,136.56359918246625,136.66812968528495,8263800,189.92591857910156,190.76956975878625,188.7563165812428,189.82046218164098,6120000,176.19000244140625,178.14999389648438,173.92999267578125,174.19000244140625,54782600,107.13162231445312,107.99901399004243,106.35851750298369,107.98015373998733,13902000
2024-05-30,189.82191467285156,190.70508365256933,189.16699143181853,189.29598343446253,49889100,138.05551147460938,138.3691029666015,136.85817400518462,137.42832849062515,8490300,191.0955047607422,191.59402720097117,190.2039162690166,190.35731003961553,6829100,178.7899932861328,182.6699981689453,175.3800048828125,178.5800018310547,77618400,107.47103118896484,107.60302416250033,106.49993694377763,106.79220607188084,14683700
2024-05-31,190.77456665039062,191.09211806054816,188.45252874493116,189.9707854632458,75158300,139.37643432617188,140.14615255716046,137.97003540411856,138.3311435124853,14621200,194.25918579101562,194.9015057616244,190.1559974279023,191.06674918836447,14417900,178.0800018310547,180.32000732421875,173.82000732421875,178.5,67314600,110.55403900146484,110.77088154085848,107.47104246993993,107.59361252471561,29037400
2024-06-03,192.54087829589844,193.49351725389894,191.04247253185534,191.41954585254337,50080500,140.3931884765625,141.49549296067536,139.47142348984758,139.9275499832736,7329200,193.48263549804688,194.05784016408327,190.9612785580393,193.9523837810448,6444300,176.2899932861328,182.63999938964844,174.49000549316406,178.1300048828125,68568900,107.90472412109375,109.70549671808556,107.25418937386452,109.6489303556511,19589300
2024-06-04,192.85842895507812,193.82098571162214,191.54855228534223,193.14619663099631,47471400,140.45021057128906,140.93484409223848,138.9202720051539,140.1461165581439,8876400,190.9325408935547,193.63603677852987,190.08888973275643,191.89123007503053,6848300,174.77000427246094,177.75999450683594,174.0,174.77999877929688,60056300,106.22652435302734,106.62250328660997,104.57660493668855,106.53765374073275,19412200
2024-06-05,194.3667755126953,195.38886948576234,193.37445009094603,193.9003813531384,54156800,138.7112274169922,140.6307812272095,138.59719939856421,140.61177172413738,5891300,189.11102294921875,191.5652795452849,188.78507213786327,191.5077459064257,8351600,175.0,176.14999389648438,172.1300048828125,175.35000610351562,57953800,106.65079498291016,106.71679147265822,105.10458534331768,106.43394526340778,14863500
2024-06-06,192.9874267578125,194.9919281725913,192.67980832687616,194.1881470745491,41181800,139.13882446289062,139.68998396274364,137.46635096333668,138.2645759631238,5016300,188.77548217773438,189.8396277088891,187.26075158024344,189.11101459986781,7640300,177.94000244140625,179.72999572753906,172.72999572753906,174.60000610351562,69887000,107.45218658447266,107.51818307643147,105.69855729176345,106.30195584483778,13154100
2024-06-07,195.37893676757812,195.42855606321456,192.65004206608782,193.1561225415401,53103900,139.7660369873047,140.92537023189638,139.06283033894482,139.38591940710893,5111600,191.6898651123047,192.61979462464913,188.87131707517273,189.27396470498678,6964500,177.47999572753906,179.35000610351562,175.5800018310547,176.1300048828125,56244900,106.30196380615234,108.32900934395413,106.22653718309955,107.28248832660248,13289200
2024-06-10,191.6378631591797,195.7857909182053,190.6753063763642,195.3888517006261,97010200,139.8135528564453,140.2221629407793,138.35963755636834,139.24338373876677,5749900,191.3639678955078,192.54315161474372,190.24230319256083,191.00925754276764,6070800,173.7899932861328,178.57000732421875,173.1699981689453,176.05999755859375,50774600,106.61307525634766,107.68787927786123,106.25480245379148,106.59421500722499,15239700
2024-06-11,205.5601806640625,205.57011360777915,192.14395345618084,192.16378906024917,172373300,139.46194458007812,139.84206216479,138.207592800537,139.50946109066751,5661200,186.33082580566406,189.76293475540382,185.60222730997666,189.73417525086586,9235300,170.66000366210938,174.75,167.41000366210938,173.9199981689453,64761900,105.75513458251953,106.22654020037128,104.94431634436825,106.0568338902215,12462400
2024-06-12,211.4347686767578,218.51003809526938,205.3121079690946,205.77850209290926,198134300,138.1790771484375,139.88956992260884,137.58040105247696,139.74702039975986,6180500,183.61773681640625,188.5933359833063,183.406824027288,187.9030786059077,12751300,177.2899932861328,180.5500030517578,169.8000030517578,171.1199951171875,90389400,104.58604431152344,106.82050939392275,104.21834852738004,106.82050939392275,13606800
2024-06-13,212.5957794189453,215.08651049080893,209.97604121171418,213.09194207290335,97862700,138.2170867919922,138.73973939519382,136.72516699740152,137.85599322069157,6840400,185.65972900390625,186.54172119382943,182.99457455675474,184.37508915956818,8587800,182.47000122070312,191.0800018310547,181.22999572753906,188.38999938964844,118984100,103.7469253540039,104.5200301015633,103.44522611576309,104.50116985306731,14466900
2024-06-14,210.85922241210938,213.5186471242216,209.67835280423736,212.20878551515116,70122700,138.3026123046875,138.71123689865664,137.29532607304745,137.92250921727728,4075300,185.7747802734375,186.81016629946183,183.5122733191848,183.54103282309364,6874000,178.00999450683594,186.0,176.9199981689453,185.8000030517578,82038200,102.87012481689453,103.90721563990104,102.37985899236753,103.72807922019946,13313400
2024-06-17,215.0071258544922,217.2696263789355,211.08744385812574,211.73244926121387,93728300,138.6922149658203,139.1483415298389,137.54239380443985,137.8084688417842,6666600,186.92520141601562,187.50042074214187,184.68187237530643,185.48716772913508,8725400,187.44000244140625,188.80999755859375,177.0,177.9199981689453,109786100,102.16300964355469,103.20010039739871,101.99330336070183,102.92668431985368,21147900
2024-06-18,212.64540100097656,216.95210469802018,211.36530791117931,215.92007781385274,79943300,138.40713500976562,139.1103416317523,138.03652944547594,138.7017315608699,6156600,188.86175537109375,189.78210335662163,186.11032229627904,186.5609073499265,9023000,184.86000061035156,187.1999969482422,182.3699951171875,186.55999755859375,68982300,103.12467956542969,104.3880502292863,102.57785457276275,102.7946971061277,17762900
2024-06-20,208.07077026367188,212.59578653831548,207.24715355520107,212.28815296354617,86172500,140.43118286132812,140.71626733668583,137.7989255888567,138.04600556749946,8749700,190.46278381347656,191.21056022785828,188.00854177361487,188.27697358244748,8731100,181.57000732421875,185.2100067138672,179.66000366210938,184.67999267578125,55893100,105.3497085571289,106.17938691497329,103.32266328704692,103.6243697394105,17433200
2024-06-21,205.89759826660156,210.26382387597764,205.5205097773767,208.77533580800622,241805100,141.3529815673828,141.66657311523005,140.0416013672948,140.53574694269062,15172300,188.190673828125,189.0247286665629,186.19659873864725,188.58373987114496,20972100,183.00999450683594,183.9499969482422,180.69000244140625,182.3000030517578,61937300,104.42576599121094,106.2548147484882,104.42576599121094,105.50057013708961,52212500
2024-06-24,206.54261779785156,211.06761941054305,205.0045103276704,206.12584292738626,80727000,141.70457458496094,142.27474365974027,140.80181896656197,141.59054657000584,6914700,190.6641082763672,190.99964071138498,188.95764271092415,189.63830383493246,9785900,182.5800018310547,188.8000030517578,182.5500030517578,184.97000122070312,61992100,107.5276107788086,107.98015608687746,105.25543253399788,105.25543253399788,16266700
2024-06-25,207.4654541015625,209.75772308170346,207.0089778092255,207.54482679949032,55549700,139.8705596923828,141.78060148860925,139.63299165553863,141.76159198566108,5912500,189.88754272460938,191.80492077987228,189.57117359007896,189.90670597268976,6862500,187.35000610351562,187.97000122070312,182.00999450683594,184.39999389648438,62905700,107.82931518554688,107.99902148242701,106.9713535754644,107.58418226936926,14188900
2024-06-26,211.61337280273438,213.21101716086312,209.02340313251779,209.87680350658064,66213200,139.51895141601562,139.87054743974454,138.5306603493167,138.92977287625246,5267800,189.27398681640625,189.7629276320688,188.1715001746751,189.29316469485687,7758600,196.3699951171875,197.75999450683594,186.36000061035156,186.5399932861328,95737100,107.86701965332031,108.2535684576473,106.6696455476265,107.84815940350276,15771800
2024-06-27,212.45684814453125,214.0842609953053,210.72027890747495,213.0423164247351,49772700,138.54969787597656,140.0321202758835,137.63743012987788,139.49997013232758,5739200,190.9420928955078,191.60359066864814,188.7658646952255,189.28356496482823,7913500,197.4199981689453,198.72000122070312,194.0500030517578,195.1699981689453,72746500,108.32899475097656,108.41384429567186,107.58417313309214,108.41384429567186,16812700
2024-06-28,209.00355529785156,214.41174043740799,208.68601906723538,214.1140398112984,82542700,138.89178466796875,139.75653582777954,138.4071365784031,138.77774214689308,10495700,193.90447998046875,194.23044543894838,191.0667680283696,191.74742919531556,15307600,197.8800048828125,203.1999969482422,195.25999450683594,199.5500030517578,95438100,108.53641510009766,109.87520511945945,108.12157591936332,109.23409329154175,24565900
2024-07-01,215.08651733398438,215.84067914098924,210.29358412725625,210.46227761796723,60402900,139.15786743164062,141.30547744758792,138.37863724443636,138.80627134717227,5144400,196.9626922607422,198.53494195599288,194.28795584220356,194.46051287571873,10205800,209.86000061035156,213.22999572753906,200.85000610351562,201.02000427246094,135691400,108.38555908203125,110.06376162548868,107.98015003668432,109.09266738021236,11972900
2024-07-02,218.57952880859375,218.68868521261126,213.44920810314017,214.4911377013164,58046200,138.76824951171875,139.83254974573214,138.49267695112715,139.14835259529406,5492000,200.20306396484375,200.23182347007662,196.31078822001166,196.80929606300535,7802900,231.25999450683594,231.3000030517578,218.05999755859375,218.88999938964844,205047900,107.65017700195312,109.30952663396077,106.99963500904165,109.27181332492898,13326700
2024-07-03,219.8496856689453,219.8496856689453,217.34902153194005,218.31157833867707,37369800,138.4451446533203,139.35739774987505,137.54238905777078,138.92977820461493,3246200,200.06883239746094,201.68901933140828,199.07178753267723,200.893305615925,5560900,246.38999938964844,248.35000610351562,234.25,234.55999755859375,166561500,108.19700622558594,109.04553767283147,107.7350235974268,107.7350235974268,7732900
2024-07-05,224.60292053222656,224.71207692855523,219.94891212590596,219.94891212590596,60412400,139.1958770751953,139.26240309363158,137.31434205376763,138.52119188822056,4888500,197.41781616210938,199.90494123598646,197.1575464066805,199.53863075110766,8093100,251.52000427246094,252.3699951171875,242.4600067138672,249.80999755859375,154501200,106.88650512695312,108.07444202429886,106.2453932424631,108.05558896581904,12631000
2024-07-08,226.07156372070312,226.1013322692385,221.53662969916704,225.34715532852172,59085900,138.24559020996094,139.8990689935426,138.02703167247682,139.11983885989991,5260200,197.78414916992188,199.45186733579698,196.6273505271732,197.65882429121405,8707000,252.94000244140625,259.44000244140625,244.57000732421875,247.7100067138672,157219600,105.7645492553711,107.05620304906594,105.0480108068699,105.96253872277053,13350500
2024-07-09,226.9249267578125,227.63940213609902,224.63265789484376,226.18068283390414,48076100,139.7375030517578,139.8135265531461,137.96048451930753,138.4261230278106,5890400,200.15560913085938,202.2089220462034,198.05407849563014,198.22760639114142,9058900,262.3299865722656,265.6099853515625,250.3000030517578,251.0,160210900,104.59547424316406,106.10397068724357,104.29377495434815,104.7557504168616,11727000
2024-07-10,231.19195556640625,231.29119415797783,227.49058625437067,227.54020555015646,62627700,141.9991455078125,142.03716450982265,139.38589736964423,139.93705689878527,6093200,200.31948852539062,200.48336699388562,198.17940429764292,198.71924271374257,8328500,263.260009765625,267.5899963378906,257.8599853515625,262.79998779296875,128519400,105.5194091796875,105.5571224842099,104.10519262894555,104.57659814585953,10004100
2024-07-11,225.82347106933594,230.6064710416972,224.0372825383305,229.61414576243664,64710600,142.2557373046875,143.0919814328654,141.2484511502926,142.14170928720952,6350400,199.98207092285156,200.6086806066436,197.98659583908096,198.78671869994315,10658100,241.02999877929688,271.0,239.64999389648438,263.29998779296875,221707300,106.77336883544922,106.83936533199523,104.58604713025191,105.05745273217443,13082700
2024-07-12,228.77069091796875,230.8545803134063,226.92496506939614,227.1631286162611,53046500,142.42678833007812,143.37706043903248,141.8186147603474,142.5408163431521,5336400,197.56243896484375,199.9820770572198,194.82467866192138,196.65627534258937,15443400,248.22999572753906,251.83999633789062,233.08999633789062,235.8000030517578,155955800,106.7922134399414,107.62189183721057,106.18881489269732,107.47103860386052,11684900
2024-07-15,232.60105895996094,235.409341553401,231.30111515749465,234.66509753137677,62631300,141.81861877441406,142.7783884116229,141.46700822414775,142.61684388852845,6711400,202.48846435546875,203.9923039434172,199.27833844604416,199.73142020773267,10719700,252.63999938964844,265.6000061035156,251.72999572753906,255.97000122070312,146912900,108.62126922607422,109.51694411378791,107.08448967648444,107.73502446370519,13032500
2024-07-16,233.01785278320312,234.4567215545301,230.54695713829173,233.19646408342908,43234300,143.50059509277344,143.5671211046381,141.74260027924188,142.24624336906467,6469600,205.92996215820312,206.04565232180363,200.58940119084525,202.44028200402863,11557000,256.55999755859375,258.6199951171875,245.8000030517578,255.30999755859375,126332500,109.40379333496094,109.69606245394708,107.20704189766688,107.8104403844574,13614100
2024-07-17,227.12342834472656,229.6836295353235,224.9006141352506,227.68904591405493,57345900,148.7936248779297,149.65837607191384,143.89021677797928,144.01375680569222,13801400,209.06297302246094,209.72813632324488,205.59257690590508,206.10349645675493,11572500,248.5,258.4700012207031,246.17999267578125,252.72999572753906,115584800,110.91230010986328,111.42141898025865,109.8846394368438,110.06376865920433,13602800
2024-07-18,222.45948791503906,228.67145424701283,220.56415801938329,228.51267855827928,66034600,147.69129943847656,149.25925722446763,146.93107879981446,147.8623559696768,10166200,202.42098999023438,208.84124221450833,201.7076384383101,207.86760619146685,12415100,249.22999572753906,257.1400146484375,247.1999969482422,251.08999633789062,110869000,112.00596618652344,113.06191005859658,110.72374246208193,111.20457096393888,13033600
2024-07-19,222.5885009765625,225.0593965950336,221.56640705838353,223.09459660515446,49151500,146.9976043701172,148.72709218037255,146.45594227294762,148.72709218037255,7398000,202.2281951904297,204.70568563674118,201.3991534690736,203.59707529601897,8095900,239.1999969482422,249.44000244140625,236.8300018310547,247.7899932861328,87403900,109.43208312988281,112.08137999587144,109.24352378876705,111.80796391609914,16157700
2024-07-22,222.24119567871094,226.03187070395737,221.3778623137636,225.26777593230437,48201800,146.56997680664062,147.39670890989976,145.9522912294915,147.0736198695458,6840600,202.71018981933594,204.53215166667349,202.16071673369055,202.883717700245,7663200,251.50999450683594,253.2100067138672,243.75,244.2100067138672,101225400,108.6778335571289,109.30952246798886,108.02729878208861,108.5929840098498,12065900
2024-07-23,223.2831573486328,225.19835345484702,220.97103709545812,222.64806962848465,39960300,144.77395629882812,145.86676338411584,144.0327452409806,145.68620937002459,6261900,202.7584228515625,203.86701861398438,201.81370556735547,203.42358619281342,5557300,246.3800048828125,255.75999450683594,245.6300048828125,253.60000610351562,111928200,106.92420959472656,108.5835519407084,106.69792975321084,108.24413937151262,11251700
2024-07-24,216.86279296875,223.0747598557794,215.46362561910502,222.28089648286087,61777600,148.508544921875,148.63208495342113,144.75497246339478,145.16358256773395,7168200,201.08103942871094,204.39720644869962,200.57976931414956,202.00648720315863,7119000,215.99000549316406,225.99000549316406,214.7100067138672,225.4199981689453,167942900,108.43270111083984,108.61183031943749,106.6036453680695,107.26361022727659,14925200
2024-07-25,215.8208465576172,219.15506035064124,212.97286249707204,217.24978234747041,51391200,151.7014617919922,152.59472002924207,148.2424713732824,148.6985979944299,10019600,201.15814208984375,202.62342813048153,200.56046601291564,201.1388579458968,6403800,220.25,226.0,216.22999572753906,216.8000030517578,100636500,110.71430969238281,111.27999492363689,108.00843919866479,108.5835545551452,17021700
2024-07-26,216.28724670410156,217.80550332568987,214.35220009781358,217.02155779536062,41601300,152.65171813964844,153.54497628383004,151.53990146018913,151.80597650313655,8356900,204.5996551513672,205.48653464267102,201.10996020508134,201.7076510542703,8027800,219.8000030517578,222.27999877929688,215.3300018310547,221.19000244140625,94604100,110.62002563476562,111.27999051289038,109.80920753131083,110.09204653918813,11252500
2024-07-29,216.5651092529297,217.61697179557376,214.0942134588753,215.29493390237633,36311800,150.67514038085938,152.04353451146278,150.1905068346046,152.01502750874198,5625000,203.25967407226562,205.92031228740183,202.97047074878532,204.9948645941633,6533600,232.10000610351562,234.27000427246094,224.6999969482422,224.89999389648438,129201800,109.46037292480469,110.67660016978985,108.7815477468522,110.61060367710436,8861800
2024-07-30,217.1208038330078,218.63906050664175,214.4613638470993,217.50781013919521,41643800,153.3074188232422,153.5164798714115,150.4851091729597,150.65615121236914,6545700,207.4434356689453,208.02182760531736,205.29371695525305,205.55398670734905,8850700,222.6199951171875,232.41000366210938,220.0,232.25,100560300,111.4119873046875,111.8173963703013,109.58293863991558,109.70550149488611,12483900
2024-07-31,220.3756103515625,222.10226187087767,218.93674165630796,219.7405227481965,50036300,150.00047302246094,152.37615352962692,149.8959425001455,151.9010174281937,8293200,205.1394805908203,208.6002417445629,205.01415571416632,207.0481990555499,9071600,232.07000732421875,234.67999267578125,226.7899932861328,227.89999389648438,67497000,111.80796813964844,112.91106262538618,111.77968495672046,112.79792270059619,15137700
2024-08-01,216.6841583251953,222.7571844619209,215.35444602521784,222.64802807062824,62501000,152.76573181152344,152.81324831473074,149.86741361589006,150.59911266527897,7213400,200.47372436523438,206.13240750216778,198.9506004887708,205.5250819532728,10918600,216.86000061035156,231.8699951171875,214.3300018310547,227.69000244140625,83861900,110.26174926757812,112.65649019443117,109.70549420152561,111.58168617436577,15051500
2024-08-02,218.17263793945312,223.86859053089324,216.03914463167754,217.46808032420208,105568600,155.97764587402344,156.65234537564132,152.99379236686835,153.84903136891916,11280400,191.97120666503906,197.3021323543609,189.80220387142558,196.54057784566848,18041700,207.6699981689453,216.1300048828125,205.77999877929688,214.8800048828125,82880100,110.19576263427734,112.07196196794222,108.81925924328239,109.33780824365772,20403800
2024-08-05,207.66392517089844,211.8614570593827,194.49576385779395,197.56204548052773,119548600,153.2313995361328,157.536131646822,152.5947188718591,155.64508465890188,12032200,187.8838348388672,189.1081205261127,184.02782989843283,187.06444261471978,13927000,198.8800048828125,203.8800048828125,182.0,185.22000122070312,100308800,108.20643615722656,109.39438026021377,106.77336632601732,108.93240479524925,18025900
2024-08-06,205.6395721435547,208.3783997216886,199.52685967053256,203.72439154098564,69660500,151.06475830078125,153.44993607394514,151.03625129751646,153.04132602714884,7607100,193.12802124023438,195.30667364113896,187.01625639153167,188.3658523579827,10605800,200.63999938964844,202.89999389648438,192.6699981689453,200.75,73783900,107.63133239746094,109.01725884957077,107.13163640835172,107.90474132152838,13647800
2024-08-07,208.20973205566406,212.0004073803907,204.8060479069825,205.31212843272615,63516400,150.99822998046875,152.63269914262372,150.32354491353354,150.9697229776406,5993000,193.18585205078125,198.3432648205562,192.99305473526,196.1838966420379,9204400,191.75999450683594,203.49000549316406,191.47999572753906,200.77000427246094,71159800,109.06439208984375,110.42204242236053,108.66841314055239,108.84754236442528,13660700
2024-08-08,211.6729278564453,212.55609685346144,207.22731432081122,211.4744658055274,47161100,152.25262451171875,152.7087511420735,150.17152591696922,150.68468106362195,5094800,196.714111328125,197.53351835192714,194.5258241649833,195.18135272592363,7761200,198.83999633789062,200.6999969482422,192.0399932861328,195.6999969482422,65033900,111.14800262451172,111.35542222229529,109.11153434089066,109.44151679505634,13851000
2024-08-09,214.58045959472656,215.11630867247783,210.34322570654538,210.47223285968454,42201600,152.63270568847656,152.92728773033545,151.41635851563865,152.15756962096168,4579200,198.39146423339844,199.03734331891687,195.59585172575302,196.14533951000286,5540200,200.0,200.8800048828125,195.11000061035156,197.0500030517578,58648300,112.05310821533203,112.48680049848836,110.64832155977363,111.14801033834335,12151900
2024-08-12,216.1103973388672,218.07747160820446,214.1929998012183,214.65993379251097,38028100,151.9294891357422,153.65897660313695,150.81767265670274,152.96528211621484,7605400,198.76742553710938,199.68322380780327,196.32850348454394,198.9795069946796,6936000,197.49000549316406,199.25999450683594,194.6699981689453,199.02000427246094,64044900,112.19452667236328,113.297613989778,111.27056858187176,112.71307568127355,13228900
2024-08-13,219.82598876953125,220.44193777769505,217.58072790378117,217.58072790378117,44155300,150.51361083984375,152.39514570661416,148.66058297863026,152.30012718809206,9711400,200.4544219970703,200.59901630057058,198.00585058819286,200.25197526267817,6387800,207.8300018310547,208.49000549316406,197.05999755859375,198.47000122070312,76247400,111.11972045898438,111.73254913266108,110.78030787642737,111.51569940760818,11585100
2024-08-14,220.27304077148438,221.5744891931242,218.2662191901357,219.13055181670978,41960600,150.59913635253906,151.61593458110082,149.5728406218424,149.9814652136954,5141200,202.67164611816406,203.17291622190587,199.66395194824793,200.26164277885246,6999800,201.3800048828125,208.44000244140625,198.75,207.38999938964844,70250000,112.14737701416016,113.04305187138408,110.902866654917,111.34598902101715,12194500
2024-08-15,223.25347900390625,223.8793724762866,221.30626328939533,223.13426697458056,46414000,151.17880249023438,151.56841757654476,149.9909622270953,150.49460533866602,7237800,203.93446350097656,206.19022285279857,203.50066588862487,205.33226234499492,7001000,214.13999938964844,215.8800048828125,204.82000732421875,205.02000427246094,89848500,112.84117889404297,113.69653448576678,112.26143337014851,112.38498296093368,11579400
2024-08-16,224.57481384277344,225.34972239527664,222.19046700804645,222.4587092482856,44340200,151.46385192871094,151.98650442328892,150.31401644063936,151.22628393117546,5012800,206.2673797607422,206.38305522115786,203.97305173253818,204.06945775588053,7931200,216.1199951171875,219.8000030517578,210.8000030517578,211.14999389648438,88765100,112.30895233154297,112.6035817503446,111.82425274920314,112.13787975807344,10056000
2024-08-19,224.4158172607422,224.51517071380414,221.5844105997713,224.24692851790377,40687800,151.69195556640625,152.3191241969172,151.2168194675326,151.53041103278957,4408400,207.69406127929688,207.77118314254534,206.12274928276958,206.29626244296014,6090800,222.72000122070312,222.97999572753906,214.08999633789062,217.07000732421875,76435200,112.6511001586914,114.52339246537905,112.30895500361201,112.52755056140836,12417500
2024-08-20,225.0317840576172,225.68748051768907,223.97870407222223,224.29662301984854,30299000,152.1956024169922,152.92730158726374,151.72996380863478,152.04355538160976,7275100,206.79757690429688,208.22429480560302,205.9878045786156,207.26029344076227,5640000,221.10000610351562,228.22000122070312,219.55999755859375,224.8800048828125,74001200,108.89701080322266,112.76514480264333,108.83048298508966,112.76514480264333,15632000
2024-08-21,224.9224853515625,226.4921759358446,223.58130467937312,225.04171252806572,34765500,153.4024200439453,153.44993654953444,152.33811991875712,152.4236409288165,5019400,206.8746795654297,207.26027419175705,205.17802790680824,206.71078640427385,5202300,223.27000427246094,224.66000366210938,218.86000061035156,222.6699981689453,70146000,108.20320129394531,109.83789291277634,108.1176686457678,109.30567043259414,11752400
2024-08-22,223.064697265625,226.84983046212884,222.43880384726458,226.30341677619586,43695300,154.2766876220703,154.409725141578,152.794250904696,153.94408657329998,6552100,208.83160400390625,208.9954824579449,206.62403281413785,206.85539841898242,5247100,210.66000366210938,224.8000030517578,210.32000732421875,223.82000732421875,79514500,109.03956604003906,109.3056772968416,108.00362464635731,108.13668027475856,10609500
2024-08-23,225.35963439941406,226.73063334528243,222.866020162344,224.187342377279,38677300,155.96815490722656,156.05367591101395,153.6589863049624,154.41920683862963,7093400,210.45114135742188,211.29946728870814,208.70630119288492,209.76670860699275,7214000,220.32000732421875,221.47999572753906,214.2100067138672,214.4600067138672,81525200,110.55071258544922,110.93087467139486,109.32469366504361,109.32469366504361,10381400
2024-08-26,225.69741821289062,225.79677167752968,222.42889539152742,225.28016094798537,30602200,156.42428588867188,157.46959096477664,155.40748781464256,156.00616385822997,6870600,211.28016662597656,211.771802001634,210.20048985928128,211.125922885165,5105200,213.2100067138672,219.08999633789062,211.00999450683594,218.75,59301200,112.91720581054688,113.04076265265249,111.12094746151787,111.91928853385764,13671000
2024-08-27,226.5418701171875,227.35652605602343,223.4223624308928,224.52511915345738,35934600,156.02215576171875,157.06581075769947,155.26574914712472,156.5487753592511,4388700,212.25381469726562,212.48518032160453,211.29946275454142,211.6079355441664,5185200,209.2100067138672,215.66000366210938,206.94000244140625,213.25,62821400,111.84325408935547,113.48745195240096,111.57714281695235,113.05976690662021,9991600
2024-08-28,225.01193237304688,228.35993491185639,224.20720569696516,226.43259292076607,38052200,156.95089721679688,157.9849824917681,155.79234886015624,156.07001300701938,5187000,213.32383728027344,214.2107314043105,211.299443413212,211.35728113662915,6506400,205.75,211.83999633789062,202.58999633789062,209.72000122070312,64116400,110.74079132080078,111.74822194819397,110.4936921253359,111.19698727956225,10742900
2024-08-29,228.29039001464844,231.3999685703833,227.38634017099784,228.59837969678284,51906300,157.2477264404297,157.71689925750266,156.41471932996876,157.6307291309154,7390100,214.21072387695312,214.95299424737954,211.05843567605964,214.1528714460767,6416100,206.27999877929688,214.88999938964844,205.97000122070312,209.8000030517578,62308800,112.27093505859375,112.89820357641275,110.57922142106521,111.38706130684149,10753900
2024-08-30,227.50552368164062,228.89638108151303,225.9954391052015,228.68776005113654,52990800,158.8084259033203,158.9233194014905,156.84557918591628,157.1423971295614,7971000,216.70750427246094,217.36301812340238,213.9408104229473,214.49029824755388,8574100,214.11000061035156,214.57000732421875,207.02999877929688,208.6300048828125,63370600,112.09036254882812,112.16638916304112,110.52219852124325,110.99739930226967,13284700
2024-09-03,221.31622314453125,227.50556236517048,219.72665856650494,227.0585020648541,50190600,160.0531768798828,160.67553621109667,157.76478858917997,158.21480765392596,6956500,212.36949157714844,216.03269949777572,211.34765254186397,214.297494197532,8956100,210.60000610351562,219.89999389648438,209.63999938964844,215.25999450683594,76714200,109.74286651611328,110.33211082776874,108.38379202966762,110.09451044378166,15725100
2024-09-04,219.40872192382812,220.33264539565292,216.06070449558098,220.2134333758585,43840200,160.24465942382812,161.67131705958903,158.98077245361435,160.67552466910686,6939100,211.4344024658203,214.0757712679163,209.39072445966104,213.08283641697943,7389500,219.41000366210938,222.22000122070312,210.57000732421875,210.58999633789062,80651800,108.40280151367188,110.38914457940805,108.3267748982903,109.57179864340026,12620600
2024-09-05,220.92874145507812,224.00850159902006,220.07435325324454,220.1836359939166,36615400,157.97543334960938,160.2542373965506,157.82223226458788,160.09146672248764,4600400,209.7956085205078,212.85149088939755,208.2532005501347,212.2248812160305,8067900,230.1699981689453,235.0,222.25,223.49000549316406,119355000,107.55694580078125,109.56229372831594,107.4619070923318,109.36271026527548,17200800
2024-09-06,219.37892150878906,223.7700744804958,218.33577084564575,222.4884846157397,48423000,157.391357421875,158.8850313848179,157.14240202134536,158.1573335802651,6016900,204.81173706054688,210.86566447314522,203.49104518429826,209.76670350231032,7777000,210.72999572753906,233.60000610351562,210.50999450683594,232.60000610351562,112177000,107.0532455444336,108.5168650139109,106.18838377896348,107.95612424753824,13467700
2024-09-09,219.46835327148438,219.82600453136772,215.29576534565257,219.37894424631622,67180000,159.52655029296875,160.29254108945904,157.4775333131413,157.8317980298686,7538200,209.005126953125,210.29688521091413,206.4697987366713,207.4434494984693,8935100,216.27000427246094,219.8699951171875,213.6699981689453,216.1999969482422,67443500,109.3056869506836,110.38914416392043,107.07224470413358,107.27182816436262,21645300
2024-09-10,218.6735382080078,220.0345925843304,215.31559161387113,217.49130185519834,51591000,160.26382446289062,161.2979098901968,159.66060431111373,160.37871797368246,6559600,198.1601104736328,210.7692495990519,193.3883068457007,210.73069601813924,28406900,226.1699981689453,226.39999389648438,218.63999938964844,220.07000732421875,78891100,105.32350158691406,109.67634251318675,104.70573911686417,109.39121914209032,20913400
2024-09-11,221.20692443847656,221.63411098197892,216.4680492147489,220.01475867053273,44587100,157.8126678466797,159.69889965383288,157.11369335213786,159.69889965383288,5920200,199.77000427246094,200.22308610329478,194.5644026413618,197.86128563565708,13658700,228.1300048828125,228.47000122070312,216.8000030517578,224.5500030517578,83548600,104.2780532836914,105.447043063021,102.42476601621118,105.28547654896535,19571900
2024-09-12,221.31622314453125,222.09113170753596,218.3854776655558,221.0479809006569,37455600,157.64031982421875,158.0807693247298,155.7923809041723,157.21902411331098,4540900,199.16268920898438,201.26420513801557,197.51424039176328,200.17487888132874,9054400,229.80999755859375,231.4499969482422,223.8300018310547,224.66000366210938,71894900,105.71316528320312,105.80820398592535,104.31607387512297,104.44912950913172,15919500
2024-09-13,221.04795837402344,222.57790161811045,220.46181236980377,222.12091208096655,36766600,158.48289489746094,158.7031123199692,156.85517359055,157.7360578906423,3693400,196.9647674560547,200.36769112363794,195.7115627301204,199.41332446960854,10226700,230.2899932861328,232.6699981689453,226.32000732421875,228.0,59515100,105.63713073730469,106.89166045769234,105.42804124207538,105.94125893464145,10035400
2024-09-16,214.90830993652344,215.80243050187988,212.52396316355507,215.12686027714844,59357400,159.89039611816406,160.13933691293664,158.73183305198233,159.28717600345252,5187800,200.3773193359375,200.71472568909704,198.18903217312973,198.42039779039567,8634900,226.77999877929688,229.9600067138672,223.52999877929688,229.3000030517578,54323000,107.11975860595703,107.48090858721604,106.15035220837316,106.49249734892946,11729000
2024-09-17,215.37521362304688,215.48449636527135,213.10016491936787,214.34200737227792,45519300,159.9669952392578,160.58935452570162,158.87544852324322,159.17228108868477,5066500,201.71725463867188,202.37276840561572,200.18449623406093,200.25196867030928,7573300,227.8699951171875,234.57000732421875,226.5500030517578,229.4499969482422,66761600,108.51685333251953,108.69743195409768,106.55902838652386,106.74910580324607,12202600
2024-09-18,219.24977111816406,221.25659276615585,216.12031904206836,216.13026348358338,59894900,159.08609008789062,161.19256828842722,158.69353243238905,159.54569330076674,4722800,200.05918884277344,203.73203144648693,199.25906599771233,201.48590664975958,8259900,227.1999969482422,235.67999267578125,226.8800048828125,230.08999633789062,78010200,108.89701080322266,109.89492807521766,108.1651975527713,108.45032091676322,12569900
2024-09-19,227.3763885498047,228.32020097310811,223.16406850984052,223.52171975466862,66781300,157.8126678466797,159.296757750019,157.4296651215759,159.1627104487477,4956100,202.9029998779297,204.28152945633747,199.87603622956823,202.22820187533188,11635200,243.9199981689453,244.24000549316406,232.1300048828125,234.0,102694600,110.24658966064453,111.74822598419068,109.47676665660653,110.39865740272016,12660600
2024-09-20,226.7107391357422,231.56882586153637,226.13452245924367,228.46919216926284,318679900,157.18072509765625,157.8605311967839,156.59665872274059,157.31477239960117,11839000,203.49102783203125,203.80915002139488,201.95826931831834,202.3727828105395,20885000,238.25,243.99000549316406,235.9199981689453,241.52000427246094,99879100,109.55278778076172,109.78088938243208,108.58338135212308,109.73336640267024,36206200
2024-09-23,224.99203491210938,227.95258288382507,224.336338501163,225.8563523524968,54146000,156.28067016601562,157.5062495407499,155.80192776619572,157.41049521676248,4671600,203.8284454345703,204.17548650492685,202.4306464351734,203.40428249196864,7223500,250.0,250.0,241.9199981689453,242.61000061035156,86927200,111.53912353515625,111.94779648087645,109.41022614979411,109.60980959989168,16066300
2024-09-24,225.8861846923828,227.8532741806864,224.2568878942957,227.15783023434298,43556100,155.85939025878906,156.53921096362285,154.68168792709733,155.8689598481309,6041600,203.97303771972656,205.2840801158477,202.79695492131674,203.54887478135018,7323200,254.27000427246094,257.19000244140625,249.0500030517578,254.0800018310547,88491000,111.24451446533203,112.29946086204575,111.03542494512008,111.99532537738179,11984900
2024-09-25,224.8927001953125,225.80669443859438,222.55804543582803,223.462095237407,42308700,153.77206420898438,156.37642402506611,153.54226259813296,156.07002187726422,5420000,202.62342834472656,204.59963388085862,201.10030458012938,204.05978081621666,8976500,257.0199890136719,257.04998779296875,252.27999877929688,252.5399932861328,65034300,109.07758331298828,111.24450494993518,108.38379423816235,110.71227514828703,13816000
2024-09-26,226.0352020263672,227.00880227293717,223.9389713421174,225.81663654010723,36636700,154.5284881591797,154.6721050508365,153.21673851518023,153.42738636298367,6122000,202.2281951904297,204.07907595472616,201.48591005736264,203.5296028527362,7807500,254.22000122070312,261.75,251.52999877929688,260.6000061035156,67142200,107.2052993774414,107.85157273134966,105.62762929987565,105.62762929987565,16887900
2024-09-27,226.3034210205078,228.02214184296878,225.8166284941723,226.9690618971705,34026000,154.5380401611328,156.4817331273372,154.48059341100793,155.1125368824988,7553800,202.9222869873047,204.79245198574228,201.79440715731258,203.06688130801132,7032500,260.4599914550781,260.70001220703125,254.1199951171875,257.3800048828125,70988100,110.07550048828125,110.332105700628,107.63296894443816,108.11767573552417,15964000
2024-09-30,231.4794158935547,231.4794158935547,228.15127230522148,228.53872651515564,54541900,155.1699981689453,155.28489167995832,153.84866435205612,154.70083992560225,6010000,203.26931762695312,203.3657236421353,197.87090438559173,198.88310870703359,8663800,261.6300048828125,264.8599853515625,255.77000427246094,259.0400085449219,80705700,111.40607452392578,111.567641052515,109.25816491983805,109.73336571050419,13247600
2024-10-01,224.7337646484375,228.15130254219565,222.27988260723768,228.02216122790813,63285000,155.1029815673828,155.83066481936012,154.32740653914954,155.5242626437529,4408000,199.58682250976562,201.56302811498028,198.76743023115927,201.37986551461756,8540100,258.0199890136719,263.9800109863281,248.52999877929688,262.6700134277344,87397600,113.98165893554688,114.61842623802198,110.18005271039863,110.28459746166928,23235900
2024-10-02,225.3000030517578,225.8861489969152,221.56454675744345,224.41581191372453,32880600,154.3178253173828,155.22743296630276,153.8199291245827,154.6433666468811,4684400,199.8278350830078,201.4280808680096,198.2854417354765,199.62540303508803,5810900,249.02000427246094,251.16000366210938,241.5,247.5500030517578,93983900,115.49278259277344,116.72830739506261,114.23825295165894,115.88245067307568,17129700
2024-10-03,224.197265625,225.3298253274289,221.8626109260752,223.67072564154154,34044200,153.6763153076172,154.57635338596907,153.40822072386032,153.94440989137405,4791200,197.8419647216797,199.05661566349767,196.98400423093884,198.74812821494353,7251300,240.66000366210938,249.7899932861328,237.80999755859375,244.47999572753906,80729200,116.5002212524414,117.06095467449765,114.93205727821751,115.85394792219712,16524300
2024-10-04,225.3199005126953,226.5120662505933,222.66732681912907,226.41271278943105,37245100,153.47523498535156,153.67631322547436,152.02943817039042,152.84330610937752,5331100,204.86412048339844,205.30057644632367,200.68381627913752,203.00189752185364,10211700,250.0800018310547,250.9600067138672,244.5800018310547,246.69000244140625,86573200,118.63864135742188,118.98078653625281,116.3576759155454,117.08948200577369,19752300
2024-10-07,220.24325561523438,224.2171516536621,219.8856043654075,223.0349151567562,39505400,152.74755859375,154.02101521114693,152.45074062466867,153.4369488619658,4266000,204.5828399658203,206.9106297822478,203.3801626203171,204.67983675803367,6718900,240.8300018310547,249.8300018310547,240.6999969482422,249.0,68113300,119.15184783935547,120.0737312745052,118.66714100675922,119.03779704021854,15714400
2024-10-08,224.296630859375,224.50525191173782,221.79307211654884,222.83622285599392,31855700,152.9007568359375,153.43694601012626,152.19221279286847,152.70926278944995,4766300,204.40826416015625,204.97081299762056,202.10958521366825,204.2433814525666,6021800,244.5,246.2100067138672,240.55999755859375,243.55999755859375,56303200,115.98700714111328,117.86879816755228,115.24569508518347,117.73574252935917,14818500
2024-10-09,228.04202270507812,228.25065892191472,223.36276850208282,223.76015205132026,33591100,153.81993103027344,154.3657043924223,152.72839891603465,153.12097120003025,6047200,206.99790954589844,207.79324177053485,203.0794849747064,203.3898480577516,7024000,241.0500030517578,247.42999267578125,239.50999450683594,243.82000732421875,66289500,116.03453063964844,116.50023265550226,114.80851892718626,114.9035576392623,11144900
2024-10-10,227.54525756835938,228.00226223679437,225.68746620848788,226.2934858996686,28183500,153.6858673095703,154.52845853927678,153.19755536147628,154.4997351664511,4793900,206.4353790283203,208.34610048894507,205.106608749474,208.34610048894507,7927100,238.77000427246094,242.7899932861328,232.33999633789062,241.80999755859375,83087100,117.03244018554688,117.56466270548368,116.22460036036051,117.0514522761092,10243300
2024-10-11,226.06500244140625,227.91286461183438,225.85636623992795,227.80358186995707,31759200,154.5955047607422,155.7444836174916,154.3465493582396,155.28488038674476,5253500,215.60101318359375,217.87061094482132,208.6855737425154,209.18022188553982,18320700,217.8000030517578,223.33999633789062,214.3800048828125,220.1300048828125,142628900,117.4791488647461,117.87831581862373,116.84238149770474,116.99444199161515,8294800
2024-10-14,229.79052734375,230.21771386522883,227.1081507143634,227.20748901369805,39882100,154.72955322265625,155.2465885985896,154.0593021585878,154.5380445700316,5964000,214.8153839111328,216.96858250110924,212.293630063158,216.48362813038722,9048900,219.16000366210938,221.91000366210938,213.74000549316406,220.1300048828125,86291900,117.92582702636719,118.09689959680247,116.5382416221648,117.12748594733975,9808100
2024-10-15,232.32388305664062,235.9401275315396,230.853530735341,232.08544385770335,64751400,157.12326049804688,159.6605893574553,152.2400822059094,153.19756699965725,10548000,215.697998046875,218.66591634009174,215.14515777638977,216.92978625602393,9235800,219.57000732421875,224.25999450683594,217.1199951171875,220.00999450683594,62988800,114.38082885742188,115.90146993727976,113.83910024612912,114.82751876078389,15771300
2024-10-16,230.2673797607422,230.60515724916505,228.34003796565733,230.0885617348273,34082200,157.2956085205078,157.97542918608636,155.72533396557202,157.0275139338158,5982100,216.910400390625,216.94919023024082,214.38863162622326,215.63982224842857,6382500,221.3300018310547,222.82000732421875,218.92999267578125,221.39999389648438,49632800,114.67545318603516,115.41676522636052,114.61842416301823,114.89404147947043,8426800
2024-10-17,230.63497924804688,232.3238971476739,229.0156269629083,231.9066247344228,32993800,157.47752380371094,157.98498957110436,156.67324009049022,157.27644557037658,4798000,217.6669158935547,219.0538930763408,216.59031660888084,217.521435503585,6470200,220.88999938964844,222.0800018310547,217.89999389648438,221.58999633789062,50791800,114.38082885742188,115.54982599283711,113.77257242547873,114.77049698622316,11204900
2024-10-18,233.46636962890625,234.6386615701971,232.4828249974097,234.6386615701971,46431500,158.09986877441406,158.26263941998653,156.96045964534986,157.87965138452864,5908000,218.58831787109375,219.12177061330635,216.38663578902958,218.2294563898017,7000500,220.6999969482422,222.27999877929688,219.22999572753906,220.7100067138672,49611900,114.05770111083984,114.65645152457144,113.24035513279986,114.46637409985983,12898600
2024-10-21,234.93670654296875,235.3043021987925,232.91995571367772,232.91995571367772,36254500,155.90725708007812,158.22436862227744,155.40936087619903,158.0807517413792,6082700,216.28965759277344,218.90840833464267,216.19266079507577,218.4428562648874,5870000,218.85000610351562,220.47999572753906,215.72999572753906,218.89999389648438,47329000,114.12422180175781,115.45478544454487,113.78207665787005,114.97958466147725,10177800
2024-10-22,234.32078552246094,234.67843677993508,231.0820656392084,232.36364046895116,38846600,156.5009002685547,156.76899486538684,155.01679578676678,155.4189522920748,5680300,217.37594604492188,218.50104375579213,214.4468322523353,216.30905529120685,9586800,217.97000122070312,218.22000122070312,215.25999450683594,217.30999755859375,43268700,114.71345520019531,115.17915714393297,113.9911552994778,114.29528348161881,9201400
2024-10-23,229.25404357910156,233.60546433739609,226.27362172475395,232.55238437433343,52287000,158.8084259033203,158.9424731878716,155.51467592856474,155.89767860589578,7441600,216.6873321533203,218.03550481569224,215.8338076592832,216.9298093573414,6180500,213.64999389648438,218.72000122070312,212.11000061035156,217.1300048828125,80938900,114.30480194091797,114.76099791810837,113.47795715555715,114.0196857997894,8320300
2024-10-24,229.06529235839844,229.31366084202813,226.91938502162782,228.4791312160334,31109500,156.7115478515625,158.47331651642438,156.39557608937645,157.98500448944213,5386300,218.21005249023438,218.28764696123304,214.9899633417666,215.1548460427767,6002200,260.4800109863281,262.1199951171875,242.64999389648438,244.67999267578125,204491900,113.65851593017578,114.46636303457917,113.2213320948098,114.0481840394516,9905600
2024-10-25,229.8998260498047,231.69801159617745,228.07183749564092,228.24072625952675,38802300,154.04014587402344,156.95089298391477,153.78162090973848,156.72109139232177,6400400,215.6204071044922,218.83080262847554,214.23344472630617,218.22946395257756,6369700,269.19000244140625,269.489990234375,255.32000732421875,256.010009765625,161611900,113.56348419189453,114.45686400864444,113.40191766150024,114.23826845206078,10714600
2024-10-28,231.8768310546875,233.1981533252385,231.03238723011694,231.79736647290133,36087100,154.72955322265625,155.0838179319058,154.15505648490011,154.27953418709438,4842500,218.7144012451172,218.85018786454796,216.24113122011306,216.62910356108065,6843000,262.510009765625,273.5400085449219,262.239990234375,270.0,107653600,113.00273895263672,113.10728369693165,110.97837913218783,110.99739122259851,11844500
2024-10-29,232.1450653076172,232.80076177889833,230.80388451731673,231.5787930163908,35417200,153.28372192382812,155.27529185053052,153.25499855166882,154.59548589601735,5216900,216.19265747070312,219.92681213014208,216.1053692338975,218.43315914614644,6580000,259.5199890136719,264.9800109863281,255.50999450683594,264.510009765625,80521800,111.46308898925781,113.25934728010643,111.26350554038443,112.69861386436521,14731000
2024-10-30,228.59835815429688,231.94636045913163,228.05194445904854,231.09197226998216,47070900,153.78164672851562,154.42315984310346,152.268818869165,152.67096076442635,5820500,217.6572265625,219.5000472712289,214.91238301870854,215.84348713272396,7110900,257.54998779296875,263.3500061035156,255.82000732421875,258.0400085449219,53993600,110.90235900878906,112.40398794458676,110.70277555373346,111.8242496709424,12303700
2024-10-31,224.43572998046875,228.33014650168323,223.8992454954501,227.84333875182722,64370100,153.06350708007812,154.0305613823281,152.6805190382117,153.1879847682105,8613900,215.2421417236328,218.8987017479979,215.14515973125143,217.93848678573673,7829900,249.85000610351562,259.75,249.25,257.989990234375,66575300,110.9878921508789,112.78415050518808,110.89285344581795,111.33954333569169,20512000
2024-11-01,221.45529174804688,223.87937072005496,218.83252100898451,219.52794977327943,65276700,153.32203674316406,154.21249054232155,153.08266555714656,153.75290195598407,5256400,216.23147583007812,219.34487487077254,215.9986923841919,216.83281456574147,6923500,248.97999572753906,254.0,246.6300048828125,252.0399932861328,57544800,109.2486572265625,114.0006650615759,109.14411247411313,113.98166022067079,20939300
2024-11-04,220.56114196777344,221.33605042122997,218.2761640538016,219.54780947276666,44944500,151.5124053955078,153.46566802848986,151.3496347269309,152.9103250715491,4644000,213.16653442382812,217.02676693348934,212.57488952061908,215.95016767681818,8229600,242.83999633789062,248.89999389648438,238.8800048828125,244.55999755859375,68802400,112.72712707519531,112.81265973319627,110.18005066166778,110.3131062969948,14965400
2024-11-05,221.9917449951172,222.4884819564664,219.6968226591573,220.35251908634842,28111300,151.61773681640625,151.84752383750802,149.70276705357225,150.96663949981158,6547100,214.82510375976562,215.28096207617114,213.37993433119982,213.40903041100157,5600700,251.44000244140625,255.27999877929688,246.2100067138672,247.33999633789062,69282500,113.05977630615234,113.2973767121213,112.15689766386586,113.17382711137347,10436700
2024-11-06,221.2665252685547,224.5946691536601,219.74651129717958,221.15724252476647,54561100,151.16770935058594,154.0114404591287,150.6602435604475,153.10181818429658,8926600,239.62564086914062,240.53735741437822,227.70546946717758,227.9285443241084,23987800,288.5299987792969,289.5899963378906,275.6199951171875,284.6700134277344,165228700,114.99858856201172,115.86345746059717,113.38290881318875,115.14115024596397,20807700
2024-11-07,225.99545288085938,226.39285156162418,223.10445516924474,223.16406118155706,42137700,150.06658935546875,152.00071275185203,149.85594152962213,151.73261817533063,7522800,229.2670440673828,237.2105994098778,228.14194632127268,237.14269869088656,16451100,296.9100036621094,299.75,285.5199890136719,288.8900146484375,117309200,115.14115142822266,115.47379052686777,113.67753214319558,115.28371311363871,12184400
2024-11-08,225.7269287109375,227.4176895436531,225.17991383614745,225.9357792784742,38328800,148.86016845703125,150.40171962568812,148.80272170454427,150.32511908568574,8926100,229.84896850585938,232.13795371871322,228.68508098059854,232.13795371871322,9502100,321.2200012207031,328.7099914550781,297.6600036621094,299.1400146484375,204782800,115.1031265258789,115.39774867128149,113.72504724791222,114.97957694093319,12836000
2024-11-11,223.0117645263672,224.47377929839286,220.29660073941466,223.7775854012113,42005600,148.4484405517578,150.88046018417558,148.32397745958923,149.0037835023882,7146800,232.08946228027344,234.81491834649185,231.8081952497588,232.7781040164942,9017100,350.0,358.6400146484375,336.0,346.29998779296875,210521600,114.49488067626953,115.58784395466954,114.11471859017534,114.99859235867412,11969700
2024-11-12,223.0117645263672,224.36437631627228,222.14649605243358,223.33003326558662,40398300,146.15048217773438,148.44843989915321,145.8919571858056,147.96012790111791,7181400,232.35133361816406,234.194169089919,231.57540367214264,233.31154859132423,6861000,328.489990234375,345.8399963378906,323.30999755859375,342.739990234375,155726000,114.38082885742188,115.2932135053366,113.89612202068984,115.12214093066581,11972800
2024-11-13,223.89691162109375,225.4185978724207,221.54973296285615,222.79294167641658,48566200,146.7249755859375,146.98348596194532,144.98234624216516,146.01643157637207,7161900,233.9031982421875,236.74502378242778,233.07876988293,233.34064938993217,11472600,330.239990234375,344.6000061035156,322.5,335.8500061035156,125405600,115.44527435302734,115.99650897753111,112.90770402258894,114.58991153069186,15127900
2024-11-14,226.98008728027344,227.62654977508777,223.77758025105393,223.79747584076947,44923900,145.41322326660156,147.06009842012966,144.35041447112772,146.66752611503128,7716400,234.59182739257812,236.9390048192966,233.7965099040101,235.1252801712944,10172200,311.17999267578125,329.9800109863281,310.3699951171875,327.69000244140625,120726100,115.52192687988281,116.78676522854684,115.3015424227038,116.57596492924489,13041800
2024-11-15,223.77757263183594,225.68713943052106,223.0515429787679,225.16996034674554,47923700,147.45266723632812,147.8643787099387,144.4844583505341,144.4844583505341,11328500,237.92828369140625,239.00488286284556,234.19414434515062,234.19414434515062,11518800,320.7200012207031,324.67999267578125,309.2200012207031,310.57000732421875,114440300,114.32417297363281,116.1735208341901,114.15169466967411,115.3686269560969,19051700
2024-11-18,226.7811737060547,228.49183017609323,223.94665165924164,224.0262188410909,44633700,148.18994140625,148.72613061026115,145.85367592300716,146.10261673628088,7510600,237.65675354003906,240.46948315746513,235.37746192618306,240.30460043640826,9051400,338.739990234375,348.54998779296875,330.010009765625,340.7300109863281,126085600,115.28237915039062,115.57942957301114,114.28583869412319,114.7841125775423,14239700
2024-11-19,227.03973388671875,228.90952454109907,225.42854034251505,225.7467938634959,36211800,146.49517822265625,147.44309345901232,145.58557056093258,147.4047858843799,8233700,235.77511596679688,237.77312563640768,234.28146299425183,234.96039616359047,6792700,346.0,347.3800048828125,332.75,335.760009765625,88852500,113.67259216308594,114.7457913402029,113.26056105415964,114.7457913402029,11584400
2024-11-20,227.75582885742188,228.68076882556113,224.66272507245372,226.82093350733243,35169600,146.6005096435547,146.7345569415132,145.35577638533414,146.52390910042698,9061300,233.53463745117188,237.24938989567428,231.4590332309668,237.04570253777942,9015300,342.0299987792969,346.6000061035156,334.29998779296875,345.0,66340700,115.2919692993164,115.43570243894695,113.68217421871104,114.1900249762439,11360900
2024-11-21,227.27845764160156,228.90954693288327,224.48372676835862,227.63650237265796,42108300,148.88890075683594,149.42508995892942,146.31326405886693,147.08882448404214,10141100,237.3948516845703,238.10289570204407,234.8245995104416,235.9108925350345,8783500,339.6400146484375,347.989990234375,335.2799987792969,343.80999755859375,58011700,116.83468627929688,117.42877982647896,115.24405225485982,116.0202082606529,14675400
2024-11-22,228.62109375,229.46648170496493,226.82093004738374,226.82093004738374,38168300,148.5729217529297,150.4400142800186,147.5579901541049,149.27188159946877,8266000,241.07081604003906,241.6527523940075,235.71691574566026,236.2794645809059,7997300,352.55999755859375,361.5299987792969,337.70001220703125,341.0899963378906,89140700,116.70053100585938,118.06118901634912,116.55679787842554,116.72927616923202,13323400
2024-11-25,231.60479736328125,231.982737654973,228.4918131754458,230.2024695182051,90152800,149.15699768066406,150.36342340416172,148.54420792443443,148.57293130284674,12256200,242.75845336914062,246.65749066946253,241.56546975622135,242.07952020730173,10295400,338.5899963378906,361.92999267578125,338.20001220703125,360.1400146484375,95890900,114.95658874511719,116.78676817500383,114.61163215854484,116.35557609707371,26580300
2024-11-26,233.78289794921875,234.29013679133817,232.0623014256736,232.0623014256736,45986200,149.1376953125,149.84226350679788,147.82506684341334,149.75540196105325,5683500,242.44808959960938,243.44709442063177,240.8671336131068,242.95244628971668,6212100,338.2300109863281,346.9599914550781,335.6600036621094,341.0,62295900,113.0401611328125,114.6787011857546,112.92517317257136,114.53496806309576,14827300
2024-11-27,233.6536102294922,234.40949083683986,232.53970008294309,233.19611792325418,33498400,149.98703002929688,151.17419670876055,149.21490777807594,149.24386162613231,4140400,242.27349853515625,243.63137965588157,241.28420227248876,241.84675111969358,5472300,332.8900146484375,342.54998779296875,326.5899963378906,341.79998779296875,57896400,112.74311828613281,113.76840384116413,112.52272652283285,113.15514202911173,11079100
2024-11-29,236.04058837890625,236.51797629056327,232.698842645531,233.5342752849028,28481400,149.61061096191406,150.24762505535648,148.79987378514417,149.49479557302908,5687800,242.20562744140625,244.19394344725544,241.94374792072875,242.34141408182535,5494800,345.1600036621094,345.45001220703125,334.6499938964844,336.0799865722656,37167600,113.03057861328125,113.54801347601,112.06278337129395,112.53231206615565,9426500
2024-12-02,238.28829956054688,239.4817769036961,235.8715090788613,235.9809120539101,48137100,149.40794372558594,149.60097429534807,148.56823791982364,149.3596824013233,6946500,238.84002685546875,242.7196618094662,237.65673701052887,242.04072865244322,8899700,357.0899963378906,360.0,351.1499938964844,352.3800048828125,77986500,112.92517852783203,113.26055095622687,111.93822224831125,113.1168251373224,12687300
2024-12-03,241.3316650390625,241.44106801091166,237.60203896586935,238.5070985351772,38861000,147.05291748046875,149.40792848224658,147.00465616112996,149.40792848224658,8674400,237.4530792236328,241.54608073886425,237.26879418392127,240.76045697978563,6657700,351.4200134277344,355.69000244140625,348.20001220703125,351.79998779296875,58267200,112.75269317626953,113.75881770904138,112.35983044490608,113.75881770904138,11756600
2024-12-04,241.68971252441406,242.78374225546824,239.9392801306149,241.55047375645148,44383900,145.228759765625,146.2807888412993,144.53383796417515,146.02018948393368,10333100,236.07577514648438,237.96710897912115,234.9409837266818,237.3366594350314,7346300,357.92999267578125,358.1000061035156,348.6000061035156,353.0,50810900,109.5043716430664,112.63772627161798,109.10192470508196,112.58981278875603,19520600
2024-12-05,241.71954345703125,243.21139387343032,240.81449907142343,242.66439419479377,40033900,144.31185913085938,145.14190382981053,143.7617065470866,144.77513544062865,7898100,238.09320068359375,239.74204263244474,237.25907854952092,238.00591244621754,6572500,369.489990234375,375.42999267578125,359.5,359.8699951171875,81403600,109.98347473144531,110.78837589970429,109.29356153310073,109.91640024330464,15751200
2024-12-06,241.5206298828125,243.30091318780651,240.76476447856876,241.59025685240857,36870600,144.1091766357422,144.82340598454348,143.21157780796435,144.18639181350093,8389600,239.91664123535156,240.28521131504291,237.47246691672382,238.30658907627586,5519700,389.2200012207031,389.489990234375,370.79998779296875,377.4200134277344,81455800,108.82403564453125,109.9738860541442,108.75696115914667,109.75350159241086,16171100
2024-12-09,245.40940856933594,245.89675186527563,240.43657354260168,240.516140724136,44649200,144.38906860351562,145.63412823914575,143.26947073242502,144.08985429782848,8410300,236.47344970703125,240.4112768597183,236.4249513096585,239.69355385728022,7076500,389.7900085449219,404.79998779296875,378.010009765625,397.6099853515625,96359200,108.18203735351562,110.13678892359597,108.03830422281237,109.84932266218948,17412600
2024-12-10,246.42385864257812,246.86147053083658,244.00705305092782,245.54863486606115,36914800,144.0319366455078,145.5762104800708,143.16329181812034,144.7075509253966,9398700,235.5520477294922,240.49858844470623,234.93130670009893,236.55105259242768,9108300,400.989990234375,409.7300109863281,390.8500061035156,392.67999267578125,97563600,107.96163940429688,109.12107392067527,107.0800869752345,108.84319183335924,20990900
2024-12-11,245.15081787109375,249.43739908317045,244.92205654138039,246.61283253090062,45205800,141.53216552734375,143.3273777161118,141.27156617149208,143.3273777161118,13446700,236.20187377929688,236.919611573279,234.89249106315413,236.6577320701239,7884400,424.7699890136719,424.8800048828125,402.3800048828125,409.70001220703125,104287600,107.24298858642578,107.69334899003645,106.46683990564958,107.31964723184267,32392200
2024-12-12,246.61285400390625,247.388615093895,244.3452271532981,245.54865996903848,32777500,141.14608764648438,142.6227926088057,140.92408853805682,142.07264011481473,6176300,234.26205444335938,236.75472698403252,233.78679383764873,235.68782146085866,6113800,418.1000061035156,429.29998779296875,415.0,424.8399963378906,87752200,107.14716339111328,107.68375926012621,106.15062298396755,106.9267716245856,14543300
2024-12-13,246.78189086914062,247.93557694468342,244.90216002667665,246.47357755688842,33155300,141.51284790039062,141.81204745583807,139.9878815503258,140.58629538850732,8324900,232.7198944091797,235.41623939456244,231.94396449404366,234.78580466330752,10392700,436.2300109863281,436.29998779296875,415.7099914550781,420.0,89000200,106.20812225341797,107.22383106174306,105.64278117389706,107.22383106174306,13106100
2024-12-16,249.67608642578125,250.01425073054844,246.3045049916291,246.6426692963963,51694800,138.83937072753906,142.12093480843086,138.52086363947126,141.61904351263104,8732400,232.37074279785156,233.42793979570948,230.37273311760396,233.3697476379754,9032000,463.0199890136719,463.19000244140625,436.1499938964844,441.0899963378906,114083800,103.93717193603516,105.7865198783063,103.64012879798123,105.59487324845585,20256100
2024-12-17,252.1028289794922,252.45093348613432,248.42293425963442,248.72130738305802,51356400,141.3101806640625,141.5514725449612,138.70423129581408,138.82969305932582,10343000,231.18743896484375,231.82758226052997,229.50950105308948,231.46870597678523,8083600,479.8599853515625,483.989990234375,457.510009765625,475.8999938964844,131223000,103.49638366699219,103.64969364254581,102.3273649472922,102.75855702101799,17554000
2024-12-18,246.70233154296875,252.89847930582897,246.39401822090946,250.79000225751088,56774100,139.70799255371094,141.62868113831064,139.63077738813394,140.60559123988054,9336100,223.4378662109375,231.87608388142587,222.62314644125652,231.80818316746954,11322400,440.1300048828125,488.5400085449219,427.010009765625,466.5,149340800,101.97283172607422,104.282124172268,101.86742791173344,103.07477604200072,17114500
2024-12-19,248.43287658691406,250.6308762664829,245.7475488049507,246.15532490458142,60882300,138.57876586914062,140.16164014512123,138.37607419299624,139.1192573691405,9516700,225.94992065429688,229.2476040720318,225.28068133255138,225.28068133255138,11790800,436.1700134277344,456.3599853515625,420.0199890136719,451.8800048828125,118566100,101.1008529663086,103.17058509492094,100.81338671845421,102.90228716256104,20565600
2024-12-20,253.1073760986328,253.61459983498276,244.35518295150268,246.69240643268387,147495300,139.43772888183594,140.4028962363293,137.7776398539246,138.0671930057296,17702800,230.45033264160156,232.01188637341022,224.62117138701748,224.94124306119815,32348400,421.05999755859375,447.0799865722656,417.6400146484375,425.510009765625,132216200,101.44581604003906,101.7045298312298,100.45885242479969,101.04336180514004,40141200
2024-12-23,253.88311767578125,254.26104280923545,252.07299848460428,253.38583418491564,40858800,140.2098846435547,140.267792336278,138.45327275208308,139.59217804236087,8720800,231.216552734375,231.43962760916577,227.81217825530683,228.966372067765,8611500,430.6000061035156,434.510009765625,415.4100036621094,431.0,72698100,101.85784912109375,102.14530808243752,100.53551304297109,100.90921481011767,12285100
2024-12-24,256.79718017578125,256.80710520536127,253.90297174117552,254.10189725758943,23234700,140.76968383789062,140.76968383789062,139.30262513434346,139.94928558321214,3164100,235.01858520507812,235.19317647466937,231.8760903487652,232.2252432886818,3729100,462.2799987792969,462.7799987792969,435.1400146484375,435.8999938964844,59551800,101.95365905761719,102.71064667831088,101.28290692393618,102.06863970696743,7807000
2024-12-26,257.6127014160156,258.6868506395932,256.2302692406472,256.7872242633273,27237100,140.5090789794922,141.27155478412448,140.03614162770347,140.44151018897102,4656300,235.8236083984375,235.93999271034167,233.54431695942878,234.16505795563904,4451800,454.1300048828125,465.3299865722656,451.0199890136719,465.1600036621094,76366400,102.03990173339844,102.55733662363897,101.51288999541752,102.06864689776111,9652400
2024-12-27,254.20138549804688,257.294504767908,251.68513210698922,256.4292059497028,42355300,139.99754333496094,141.49355584680043,139.64042135939863,139.82380553357908,5588300,233.91290283203125,236.06610154566872,232.81690115537214,235.41626442753616,5730200,431.6600036621094,450.0,426.5,449.5199890136719,82666800,102.03032684326172,103.47722042146302,101.34999049096143,101.85784854320562,11943900
2024-12-30,250.82980346679688,252.122743648892,249.38768429964367,250.8596392638085,35557500,138.3470916748047,139.83345771908768,137.9706769776421,139.7948427757816,6268700,232.1185760498047,233.59282673786723,229.97507113678503,231.5851232615298,5723800,417.4100036621094,427.0,415.75,419.3999938964844,64941000,101.34041595458984,102.10698050854695,101.10086316074616,101.85785086656071,11080800
2024-12-31,249.05947875976562,251.90394112888606,248.07485191726244,251.06850844936815,39480700,139.58251953125,139.6307808518437,138.3181524590472,138.75247488981566,5811400,232.49684143066406,234.17477948529643,231.83729576086603,232.8266068657463,4871000,403.8399963378906,427.92999267578125,402.5400085449219,423.7900085449219,76825100,103.07477569580078,103.39098713776104,101.35957681705489,101.73327859007298,12387800
2025-01-02,242.52517700195312,247.74665392379396,240.5062071395791,247.57756417344766,55740700,139.00341796875,140.6924609782552,138.7717724827662,140.17126231661328,6051300,232.77810668945312,235.95940629690497,232.24465390169644,233.67042098914,9220900,379.2799987792969,392.7300109863281,373.0400085449219,390.1000061035156,109710700,102.82563781738281,104.44501702625519,102.41360672384722,103.7551038174913,12685400
2025-01-03,242.03782653808594,242.85336358935695,240.5758118291158,242.03782653808594,40244100,139.16749572753906,139.53426406799142,138.61734321686058,139.05168034730627,5878800,235.95941162109375,237.51127162055965,233.0302829019279,236.55105658093132,9491100,410.44000244140625,411.8800048828125,379.45001220703125,381.4800109863281,95423300,103.35264587402344,103.95631621210673,102.96935998658331,103.48679483804194,14237900
2025-01-06,243.66893005371094,245.98627312798146,241.87870630793444,242.98267635317254,45045600,138.65597534179688,139.7755732470575,137.9513924186499,138.51119137128023,7910500,234.8090057373047,239.5276052767369,234.54577371258085,237.58751310559202,9917800,411.04998779296875,426.42999267578125,401.70001220703125,423.20001220703125,85516500,103.23766326904297,105.19241481685764,103.02685565448886,103.7167688255494,15623700
2025-01-07,240.8940887451172,244.21593900697974,240.03876048613398,241.6598944370817,40856000,141.1364288330078,142.05333494389205,138.58838741289765,138.75246410833705,8422000,237.07080078125,239.1083757665875,234.85773282590426,236.0666364630763,8753400,394.3599853515625,414.3299865722656,390.0,405.8299865722656,75699500,104.20545959472656,105.4607138260942,103.75509919736149,104.38752204742411,12625900
2025-01-08,241.38140869140625,242.38593107741448,238.74581220273618,240.6056476428208,37628900,137.31439208984375,140.51874071230193,136.51330125240716,140.4222327932336,11175600,237.03179931640625,238.12370262953496,234.4677604192555,236.66132574542317,8675300,394.94000244140625,402.5,387.3999938964844,392.95001220703125,73038800,102.46151733398438,103.20892085233585,101.57996484108627,102.82563493481513,17858100
2025-01-10,235.5631866455078,238.85520080045117,231.73409784256125,238.70600665338932,61710900,137.1116943359375,138.66561461864163,135.77975845725183,136.08861913004924,8821500,233.8535614013672,237.69474046339533,232.75191424539267,236.99279835682842,10256800,394.739990234375,399.2799987792969,377.2900085449219,391.3999938964844,62287300,102.08781433105469,105.4990436032309,101.35957182769468,104.15754656353744,19304500
2025-01-13,233.12649536132812,233.39503269669683,228.47192915300568,232.2612269401141,49630700,139.43772888183594,140.01683518544598,137.3529638615819,137.99962422181824,10376400,238.08470153808594,238.40641134689608,233.00537284810375,233.6585660412529,10005300,403.30999755859375,403.7900085449219,380.07000732421875,383.2099914550781,67580500,104.722900390625,105.04868868166562,102.65316073964539,102.65316073964539,17073400
2025-01-14,232.0125732421875,234.83713969366363,231.2069764534674,233.47458784982285,39435300,139.70799255371094,139.76590024607194,137.8838266079042,139.4667006840154,8681700,241.262939453125,241.5066689337318,236.11537401279514,236.57358662642125,12407400,396.3599853515625,422.6400146484375,394.5400085449219,414.3399963378906,84565000,105.13491821289062,105.17324753239136,103.32389990226007,104.24378163856684,11191200
2025-01-15,236.57763671875,237.66172623332486,233.15632396556444,233.36518970349533,39832000,139.92034912109375,140.96273190360154,139.23507364033154,140.2485025728215,7434600,246.0205535888672,247.3074375627741,237.5680017698704,244.11945166267157,18448500,428.2200012207031,429.79998779296875,405.6600036621094,409.8999938964844,81375500,106.85012817382812,107.06093579807882,104.89537653610036,105.45114076174835,14521100
2025-01-16,227.01986694335938,236.71689557722044,226.79112077355302,236.06049286491137,71759100,142.62281799316406,142.91237121378492,139.04203977697296,139.29299277424568,8964000,247.8923797607422,250.5929065217044,246.00103664570244,247.62914776120917,15292300,413.82000732421875,424.0,409.1300048828125,423.489990234375,68335200,106.6680679321289,107.02260869942754,105.9302485424839,106.54350311092344,10366600
2025-01-17,228.7305145263672,231.0279618693864,227.2386640256131,230.85888730040747,68488300,141.9085693359375,143.21155128747964,141.5032007732389,142.30429152593612,10773100,252.65975952148438,254.08313151072235,245.8158308046432,247.76566685921358,17678100,426.5,439.739990234375,419.75,421.5,94991400,107.62627410888672,108.15329315598468,106.18895741015127,106.39018087070575,19298500
2025-01-21,221.43040466308594,223.20073277609362,218.18812158355374,222.78301644137267,98070400,142.98956298828125,143.67483841127958,141.9278875467793,142.4201176828794,11111700,256.4326477050781,257.62204870374836,252.99118879327418,253.5468991230429,13712100,424.07000732421875,433.20001220703125,406.30999755859375,432.6400146484375,87320900,106.8117904663086,107.49211945717147,106.48599489697446,107.36755464833304,20416300
2025-01-22,222.61392211914062,222.90233985709415,218.59586314481808,218.59586314481808,64126500,140.2098846435547,140.40291519506144,137.15995185697216,138.98411781419193,16834700,256.2474365234375,256.7739005596,253.7224025429303,256.3059292216627,9021900,415.1099853515625,428.0,414.5899963378906,416.80999755859375,60963300,104.95286560058594,106.90761721474266,104.82830078347212,106.55307645908977,15718000
2025-01-23,222.44485473632812,225.7965406078772,221.09224303438072,223.51898889751178,60234800,141.53216552734375,142.75793240990325,139.7659071861939,140.3739674407519,10506400,259.2794494628906,260.1665986454837,257.1931106983808,258.05104328370686,10749700,412.3800048828125,420.7300109863281,408.95001220703125,416.05999755859375,50690600,105.54695129394531,106.49557821052183,105.02951643656621,105.70026126433338,13726800
2025-01-24,221.5696258544922,224.4041477572621,220.2070739772995,223.55875977197638,54697900,141.70590209960938,142.48768543303163,141.2812260352102,141.69624099896276,9887300,258.197265625,260.4005897068569,256.4131788721569,257.07611593589155,7666300,406.5799865722656,418.8800048828125,405.7799987792969,414.45001220703125,56427100,104.11922454833984,106.08355297195963,103.87967176663713,105.63319257266721,14235900
2025-01-27,228.6111602783203,230.88871192185238,222.76310174211312,222.80289291870474,94863400,147.56446838378906,148.10495986367656,142.84479958130896,143.27912203998366,15152300,259.1820068359375,259.2989922584282,255.68205410309514,257.5441514167839,7522300,397.1499938964844,406.69000244140625,389.0,394.79998779296875,58125500,105.56612396240234,105.83442192315249,103.86050923142973,104.4546027949273,15926700
2025-01-28,236.9655303955078,238.88505261672515,229.5560092044273,229.59580038333414,75707600,145.1418914794922,147.64167173750818,145.0646763132196,147.34247217275632,10320600,260.4395751953125,260.62478221944906,258.18748753394436,259.18192280699503,7375400,398.0899963378906,400.5899963378906,386.5,396.9100036621094,48910700,103.5251235961914,106.23686264519839,103.28557083166224,105.79608643573314,15862000
2025-01-29,238.0595703125,238.55685383878983,232.73863051084334,232.84803349366265,45486100,145.88507080078125,146.58965372321762,144.77513399771405,145.25771777770643,7156400,259.8936767578125,263.89084726814747,258.94800492794405,260.50787997492137,7684900,389.1000061035156,398.5899963378906,384.4800109863281,395.2099914550781,68033600,104.12879943847656,104.23420324528993,102.97894903214792,103.20891765129953,12345500
2025-01-30,236.29916381835938,239.48177510143526,235.9212386876704,237.37329797187644,55658300,147.545166015625,148.77093298890944,146.0877682442507,146.61861336868796,8911000,261.50225830078125,262.93538890949,259.93262489498824,261.8922195390952,8753500,400.2799987792969,412.5,384.4100036621094,410.7799987792969,98092900,104.99119567871094,105.2594936316984,104.15754934429624,104.67498424387388,14346300
2025-01-31,234.71780395507812,245.8470107317681,232.1717149504871,245.8470107317681,100959800,146.85023498535156,147.8443563711025,146.76337344149866,147.30386490630056,8457800,260.5955810546875,264.02731160822725,260.26411249024557,262.4771954897471,7193800,404.6000061035156,419.989990234375,401.3399963378906,401.5299987792969,83283600,102.36569213867188,105.93023855060767,101.66619482878474,105.93023855060767,20376500
2025-02-03,226.77120971679688,230.5704628324937,224.47376244068877,228.7404632470789,73063300,146.5800018310547,147.15910829434324,145.52797265912665,146.705478334468,6687500,260.11785888671875,261.4437627852604,255.13604238526239,255.262756728444,8381400,383.67999267578125,389.1700134277344,374.3599853515625,386.67999267578125,93732100,102.61483001708984,102.81606079478019,100.91879947390068,102.18363791763001,14623200
2025-02-04,231.53518676757812,231.8633956790269,225.4185909783935,226.01533721300711,45067300,148.1435546875,148.8095078457744,145.69202115883576,146.0877433411669,9645000,261.2195129394531,263.07185105882786,260.13733856440666,263.07185105882786,5626000,392.2099914550781,394.0,381.3999938964844,382.6300048828125,57072200,105.3648910522461,105.67151831000011,102.07822670636534,102.25070499576263,14835700
2025-02-05,231.20700073242188,231.40591110501148,227.02982220448578,227.28840417126338,39620300,149.30177307128906,149.3403732939042,147.96983711809787,148.46208200199285,8947000,263.6470642089844,263.8518184078893,261.59973048488587,262.1651995788102,5704400,378.1700134277344,388.3900146484375,375.5299987792969,387.510009765625,57223300,105.2882308959961,105.41280301522906,104.54082742287989,105.15408192956859,13364400
2025-02-06,231.9529266357422,232.5297773409264,229.17807609142312,230.0334043541599,29925300,148.16287231445312,149.44654698401197,148.03741054156816,149.3982856587691,7418100,269.95477294921875,270.0327830459936,264.38799981532753,265.61640594638817,7264400,374.32000732421875,375.3999938964844,363.17999267578125,373.0299987792969,77918200,103.89883422851562,106.40935004774677,103.47721898742789,106.1410447876004,13411400
2025-02-07,226.3932647705078,232.72865096836296,226.02526470364745,231.33626340044523,39707200,147.7864532470703,149.10874282931792,147.47760728360964,148.1821754843593,6204900,268.88232421875,271.5633482373465,267.81966735981655,270.3154546115032,6857900,361.6199951171875,380.54998779296875,360.3399963378906,370.19000244140625,70298300,104.33960723876953,105.14450837309604,103.7934271982007,104.2342034317676,10051600
2025-02-10,226.66209411621094,229.58933825388894,226.21404995469493,228.57377553913867,33115600,148.867431640625,148.99289339360163,146.98534334582476,148.2593714390873,6936200,264.2417907714844,269.2528539667919,262.8281477293246,269.2236076160228,8627400,350.7300109863281,362.70001220703125,350.510009765625,356.2099914550781,77514900,106.33269500732422,106.39018533830516,105.28824102755367,105.4128131587738,12142200
2025-02-11,231.61053466796875,234.2092091135714,227.1400288616486,227.20971719471092,53718400,150.69158935546875,150.94252757511592,148.5778704144134,148.7419471034849,7554500,268.09271240234375,269.29187234750515,262.8964121442548,263.4813689407272,7196400,328.5,349.3699951171875,325.1000061035156,345.79998779296875,118543400,107.00343322753906,107.80833436390589,106.18895524365368,106.93635874205604,12713100
2025-02-12,235.84210205078125,235.93172304376256,229.67896101319025,230.19670873650108,45243300,149.85189819335938,150.23797402314958,148.8963918101136,149.86155929365853,7746000,268.5411682128906,269.51608618824747,266.3963367662514,267.205505594858,6683900,336.510009765625,346.3999938964844,329.1199951171875,329.94000244140625,105382700,103.78404998779297,106.56838696936224,103.61969881206466,106.39436590801415,18244100
2025-02-13,240.48187255859375,241.28835511000761,234.54774465400956,235.8819260401158,53614100,151.77259826660156,152.6219504290928,149.39827959749562,149.85190952725455,10704700,269.38934326171875,270.02303399802724,266.9422896122563,268.5899033779397,8398700,355.94000244140625,358.69000244140625,342.8500061035156,345.0,89441500,104.53813934326172,104.80884451030418,102.98161966858515,103.5906970744787,15460000
2025-02-14,243.53857421875,244.48444869345934,239.94423906079516,240.2031053319298,40896200,150.71090698242188,151.98493521702002,150.62404543750512,151.81119739989842,6411800,269.6525573730469,272.22635509125433,269.516084328549,270.41299219849265,5688600,355.8399963378906,362.0,347.5,360.6199951171875,68277300,104.64448547363281,106.56838703527133,104.50913657871855,104.91518326346134,15733500
2025-02-18,243.40911865234375,244.11602908498713,240.7905267294893,243.0905000064508,48822500,150.78875732421875,151.2362799865368,149.08619383002608,149.9617919746835,9670700,272.9283142089844,272.9478018588014,269.09686374213265,269.81832331528267,7919800,354.1099853515625,359.1000061035156,350.0199890136719,355.010009765625,51631700,106.48137664794922,107.30313993262904,104.7218335747908,105.02153365631874,20060300
2025-02-19,243.807373046875,244.94242536854557,242.10480216065562,243.5982928571997,32204200,153.61013793945312,154.0090277952753,150.55525326507066,150.7984766144488,7974700,272.245849609375,273.2207676026046,270.26676727320427,271.39767571560697,7007200,360.55999755859375,367.3399963378906,353.6700134277344,354.0,67094400,106.63606262207031,108.40526816048438,106.40402962034253,107.0807814781061,10964700
2025-02-20,244.76319885253906,245.70907319749273,243.22987332307676,243.8770617009929,32316900,155.35159301757812,155.61427836184367,152.69559849943272,152.69559849943272,7224000,260.10809326171875,271.7486157904694,259.074682630374,271.6901230945166,13846700,354.3999938964844,362.29998779296875,348.0,361.510009765625,45965400,108.27959442138672,108.68564113023604,106.29768818025332,106.89709573328946,16325800
2025-02-21,244.4844207763672,247.6107939080121,244.155851012499,244.88267886995578,53197400,157.9005889892578,159.07778159453383,154.96244700278118,155.5461889335318,12546900,257.6123046875,262.44791904906305,256.2474255338871,261.5899865090395,12835600,337.79998779296875,354.9800109863281,334.4200134277344,353.44000244140625,74058600,107.01311492919922,108.1345783498188,106.8874285333286,107.62218500778003,14710000
2025-02-24,246.0277099609375,247.7800669312537,243.3593319822528,243.86711335623195,51326400,159.3015594482422,160.40091881814757,157.6573673427363,158.27028004687892,10201900,254.78504943847656,260.3030885181435,252.12351276645532,258.830952916328,10372800,330.5299987792969,342.3999938964844,324.70001220703125,338.1400146484375,76052300,107.57383728027344,108.14424253493563,106.65539726760063,107.24513491816715,13153500
2025-02-25,245.9679718017578,248.91513366913293,243.84722519384715,246.92381259977986,48013300,161.5878448486328,161.91862500823018,159.49613018892595,159.65179667997424,12303700,250.94387817382812,256.40342472680305,246.99547231748238,255.65274860472138,9608400,302.79998779296875,328.8900146484375,297.25,327.0199890136719,134228800,106.08500671386719,108.40527793261127,105.2729058865369,107.60285436784406,14497000
2025-02-26,239.31695556640625,243.91690216055417,238.0922974197643,243.26972892021308,44433600,158.6594696044922,160.6539041962727,158.1535608410977,160.60525655351194,11396400,252.29904174804688,254.36586318209035,250.48567876676748,250.70992062126717,5943600,290.79998779296875,309.0,288.0400085449219,303.7099914550781,100118300,105.82396697998047,106.22035117844231,104.91518945255048,106.09466478577782,10446400
2025-02-27,236.27024841308594,241.40786042901627,236.0312844149354,238.37109275336516,41153600,159.29180908203125,159.50584678654798,157.3460225647323,157.91030243616976,8364600,252.552490234375,257.0273899341107,251.3923354606858,253.65415230957024,8204400,281.95001220703125,297.2300109863281,280.8800048828125,291.1600036621094,101748200,106.49103546142578,107.59316631705299,105.64993249225299,106.35568657571444,15293200
2025-02-28,240.79052734375,241.03944246427386,229.2010399398617,235.92174819400608,56833400,160.54685974121094,161.44191981373382,158.289740114278,159.85609895248652,12037200,258.0120544433594,258.16804490068563,251.42162869611653,254.19039237134785,10467100,292.9800109863281,293.8800048828125,273.6000061035156,279.5,115697000,107.63184356689453,107.87353907079434,105.70794204515981,106.45236832770962,18821700
2025-03-03,236.9970703125,242.97103338088397,235.08540395372597,240.7407483660274,47184000,162.74559020996094,162.79423784404756,160.37172818020133,160.48848547104393,9191500,254.08309936523438,259.64014331856174,251.35334113504783,257.3783266409024,9058300,284.6499938964844,303.94000244140625,277.29998779296875,300.3399963378906,115551400,104.18043518066406,108.43427765165944,102.9719576250382,107.98955142034288,18706900
2025-03-04,234.9061737060547,239.02822274747484,233.6615980851158,236.6784633674393,53798100,160.93600463867188,165.382134055129,160.83872421775018,163.52390432699676,11999700,243.9732208251953,250.7781589340054,239.7810705990394,248.87705700074721,13465600,272.0400085449219,284.3500061035156,261.8399963378906,270.92999267578125,126706600,103.96774291992188,105.34057166567978,102.42089310949315,102.82693980173786,19394900
2025-03-05,234.7169952392578,235.5234777567522,228.23523611666363,234.3983766092207,47227600,160.64413452148438,161.9478228061442,159.09723776066815,160.05066902363262,8744800,245.22113037109375,246.70300993882205,241.61393664302608,244.94815451336333,7861400,279.1000061035156,279.54998779296875,267.7099914550781,272.9200134277344,94042900,101.93749237060547,102.79792772617697,100.22628416838458,102.32419925439774,24822200
2025-03-06,234.3087921142578,236.82781201573715,232.1482106078643,233.42265485870865,45170400,161.3348846435547,161.37379384052454,159.07776524482028,160.52738148858535,8037900,240.3562774658203,243.10555336966488,237.73376053853926,241.886905868188,9983200,263.45001220703125,272.6499938964844,260.0199890136719,272.05999755859375,98451600,104.04508972167969,104.51881087386532,100.89337808722017,101.92783461397111,17150200
2025-03-07,238.03257751464844,240.32258464996474,233.74126773670764,234.0897550099468,46273600,162.17160034179688,163.89362578587057,160.2355371659095,160.65388903997257,9637600,236.203125,240.53176317463996,233.41485900581728,239.07913004138194,20498700,262.6700134277344,266.25,250.72999572753906,259.32000732421875,102369600,105.39857482910156,106.73273876585021,104.70249795562242,104.80884457017373,19625000
2025-03-10,226.4928436279297,235.13518456664028,223.24699590534985,234.5178647329352,72071200,163.15420532226562,165.294567637911,162.5218306080433,162.9401676061837,17559000,226.3954620361328,231.55277177640727,222.96374646708685,230.28539026110542,18887200,222.14999389648438,253.3699951171875,220.0,252.5399932861328,189076900,108.08624267578125,108.83066165386914,105.45659416062661,105.64994763193299,22749100
2025-03-11,219.8816680908203,224.85997074742775,216.5063794973434,222.83878108425105,76137400,161.36407470703125,162.7650433593784,160.57603355137917,162.6677480965093,9890300,223.3927001953125,227.4678649933782,221.00415417455685,225.9372366595305,18143000,230.5800018310547,237.05999755859375,217.02000427246094,225.30999755859375,174896400,105.533935546875,108.37626985055815,105.17622352140803,108.20224878086637,19904700
2025-03-12,216.03842163085938,220.78772670269151,213.97741219492326,219.18471261137486,62547500,158.4356689453125,159.7588043361096,157.83246504608488,159.2918048957064,8010700,222.18380737304688,228.44279405563543,221.55986044493463,228.1308131535452,16054000,248.08999633789062,251.83999633789062,241.10000610351562,247.22000122070312,142215700,105.50492858886719,106.47171069501778,104.81851417861573,105.42759162610635,14051500
2025-03-13,208.77008056640625,215.899013195213,207.51555384047248,215.01287598245443,61368300,158.5718994140625,160.07987229654685,158.2508428130634,158.99996003688625,5286700,219.54177856445312,223.74367260665568,218.6058507740928,223.54869198918365,16467900,240.67999267578125,248.2899932861328,232.60000610351562,248.1300048828125,114813500,105.0602035522461,107.13878643392896,104.054749335619,104.73150119586734,17767800
2025-03-14,212.5635528564453,213.02154815111564,208.67051688888432,210.3332680009786,60107600,158.39675903320312,158.727539199118,156.73311976951868,157.72546026726332,6235800,226.6099395751953,227.29237919177538,221.8718375571281,222.39828672532758,11962100,249.97999572753906,251.5800018310547,240.72999572753906,247.30999755859375,100242300,108.18292236328125,108.45362018088122,104.71217066372151,105.32124812928375,15890100
2025-03-17,213.07135009765625,214.28605714072168,209.0588394397278,212.3843419118567,48073400,158.4259490966797,159.0680622686795,157.34603688747066,158.0076120830635,6669800,228.0625457763672,229.7589083414952,224.67959422222768,225.38152145062264,9586000,238.00999450683594,245.39999389648438,232.8000030517578,245.05999755859375,111900600,109.98112487792969,110.69654150887503,108.01855855360303,108.08623300009837,19908800
2025-03-18,211.76702880859375,214.21634506867483,210.57223927739028,213.23065092190424,42432400,159.7977294921875,160.39119501744185,158.55242721709214,159.00968826991965,7348800,229.0764617919922,230.2463603051488,227.66283380209185,228.44277110288516,10344900,225.30999755859375,230.10000610351562,222.27999877929688,228.16000366210938,111477600,109.8651123046875,110.73521763068317,108.83065579932648,110.30016127970447,15998700
2025-03-19,214.30596923828125,217.8106832228152,212.8224296395377,213.29039128502816,54385400,158.5718994140625,159.9047586115519,157.813043755401,159.52533078222118,5936400,233.11264038085938,236.25187748793,228.99848528714736,229.8271715262197,10120600,235.86000061035156,241.41000366210938,229.1999969482422,231.61000061035156,111993800,111.5763168334961,111.9726936274922,110.04879946667063,110.40650409462492,17315000
2025-03-20,213.17091369628906,216.5462020975973,211.29906714235267,213.0613904363763,48862900,158.60107421875,158.77618789181005,157.54060921069274,158.58161219557422,7485900,233.01513671875,235.69616111397977,230.27561962597693,230.62659068730426,8328500,236.25999450683594,238.0,230.0500030517578,233.35000610351562,99028300,112.050048828125,112.60111433974028,110.41618469019453,110.90924563510153,16230800
2025-03-21,217.32281494140625,217.89033350890864,210.36314278996363,210.64192650603025,94127800,159.19454956054688,159.68099625372687,158.07571325912787,158.58162197668406,17047100,235.56942749023438,236.2226207273677,230.5680936788464,231.8452338048883,19326900,248.7100067138672,249.52000427246094,234.5500030517578,234.99000549316406,132728700,111.66332244873047,112.1370435696074,110.55152165911359,111.66332244873047,41102800
2025-03-24,219.77215576171875,220.51890119737195,217.63149158987616,220.04098837247486,44299500,158.86373901367188,159.93392757223305,158.09515984537686,158.4259400015963,8046400,241.83815002441406,242.4523531078021,238.27970537306442,239.322859868715,9422700,278.3900146484375,278.6400146484375,256.3299865722656,258.0799865722656,169079900,111.95336151123047,113.02649014968856,111.74066828545153,111.83734501281609,14207500
2025-03-25,222.77903747558594,223.12752472855482,219.1249652538438,219.81197343150768,34493600,156.65528869628906,159.739358781659,156.20775123106108,159.0875220297203,7456200,244.83114624023438,245.50384199682819,241.40917476122533,243.0567884546642,9287700,288.1400146484375,288.20001220703125,271.2799987792969,283.6000061035156,150361500,112.71711730957031,113.73224142722952,112.10804726455186,112.5624360148191,12081800
2025-03-26,220.5686798095703,224.0435405886843,219.51328206033222,222.54008343913912,34466100,157.3363037109375,158.08543569928875,156.28557717855708,156.8401334783579,7223500,244.733642578125,248.28234318738575,243.5149951865373,246.26427084247123,12779300,272.05999755859375,284.8999938964844,266.510009765625,282.6600036621094,153629800,114.34130859375,115.22108379036823,113.77091073076934,113.77091073076934,14110800
2025-03-27,222.8786163330078,224.0136687326393,219.60288467242046,220.42928473771144,37094800,158.70809936523438,159.6226215034605,156.9471647500084,157.94924372823283,6752500,241.89662170410156,244.35341894811367,240.98019650885527,243.27125949697103,8022500,273.1300048828125,291.8500061035156,271.82000732421875,272.4800109863281,162572100,113.97393798828125,115.11474112938355,113.3648679376782,114.17696133848227,12740800
2025-03-28,216.9544219970703,222.8387793372666,216.73537546649092,220.7080664246457,39818600,159.27236938476562,160.0604105860502,158.49405177226188,159.15561209352714,5760300,236.7588348388672,243.25177720979866,235.06247221658606,240.7462457637879,11978400,263.54998779296875,276.1000061035156,260.57000732421875,275.5799865722656,123809400,113.81925964355469,114.52500644455961,113.34553110483955,114.17696429920083,10233400
2025-03-31,221.1660614013672,224.6409066608951,215.29165561007284,216.0682695484103,65299300,161.34463500976562,162.11322909532817,159.77827606995103,159.9144805497099,12481400,239.14736938476562,239.69332104124126,231.40651869928774,233.4051034157958,13603000,259.1600036621094,260.55999755859375,243.36000061035156,249.30999755859375,134008900,114.97938537597656,115.92683499640438,113.87725446859893,113.87725446859893,21652300
2025-04-01,222.22146606445312,222.70932997882656,217.95007407622174,218.85612876373423,36412700,149.0959014892578,157.42386594435982,148.97915904115746,156.3731393759347,23303100,237.54852294921875,239.52760529495902,234.8382521050207,236.53459990075916,8054700,268.4599914550781,277.45001220703125,259.25,263.79998779296875,146486900,115.08573913574219,115.3177647685588,114.01261044201776,115.25976020434511,12425400
2025-04-02,222.91842651367188,224.21278818927524,220.06088576879955,220.3595869543347,35905900,151.14869689941406,151.56703387395896,149.29046721695548,149.83528506528043,10356900,239.6543426513672,241.0484682086845,235.40369970489934,235.5401876257281,7758800,282.760009765625,284.989990234375,251.27000427246094,254.60000610351562,212787800,114.72801971435547,114.89237088633742,113.75157519190171,114.45732193086486,12614600
2025-04-03,202.30825805664062,206.58960121618028,200.37667426890133,204.64805110026137,103419000,155.48782348632812,156.29531190911774,153.211241747958,154.4468204683537,13249300,222.95399475097656,229.24221273335493,221.59885935670877,228.39403885290514,17188500,267.2799987792969,276.29998779296875,261.510009765625,265.2900085449219,136174300,108.69530487060547,111.6149833811035,108.50195141331321,110.57086438537907,21204600
2025-04-04,187.56253051757812,199.01262630823254,186.52703508606032,193.0486144227304,125910900,149.086181640625,155.4878216368075,148.78457223350892,154.84570846579808,16601700,206.2684783935547,213.54692494518173,204.94422641328694,211.20251967446586,27170700,239.42999267578125,261.0,236.0,255.3800048828125,181229400,100.87403106689453,107.14845160282862,100.38097755403149,106.2203417612518,30841300
2025-04-07,180.6725616455078,193.30748067285785,173.86223225537526,176.43103817745248,160466300,146.5371856689453,148.57054397010987,143.40446802169475,147.1792988166815,18083000,210.34912109375,217.81394538812455,198.30338839066803,201.84452086077627,22914400,233.2899932861328,252.0,214.25,223.77999877929688,183453800,99.52053833007812,102.28553535374297,95.18935186001399,97.0552413567394,35068500
2025-04-08,171.6717987060547,189.51403482217904,168.47573669018362,185.88983084847527,120859500,145.9340057373047,149.42668937844223,143.98821899414062,149.42668937844223,12018400,212.73275756835938,223.49348363812953,209.18182124244132,219.25590423367711,19485700,221.86000061035156,250.44000244140625,217.8000030517578,245.0,171603500,97.4226303100586,102.0921896874442,95.72109910137408,101.95684078166163,27147800
2025-04-09,197.98709106445312,199.7394480269994,171.14407803694525,171.20381523449285,184395900,146.87771606445312,149.03754057475763,137.6644144868036,138.34543688978812,18773700,229.8695068359375,232.94960465296953,206.97476615322626,208.4461507467326,24022400,272.20001220703125,274.69000244140625,223.8800048828125,224.69000244140625,219433400,102.2855453491211,103.03963417909021,94.87032131051387,96.0691363808891,30063300
2025-04-10,189.59365844726562,193.9347385570105,182.205859833413,188.24952597387417,121880000,144.65951538085938,147.1014723585021,141.19601741107385,146.29396909214825,13830500,222.7774200439453,225.95561590830835,215.9011552975308,225.6122868759835,18896400,252.39999389648438,262.489990234375,239.3300018310547,260.0,181722600,96.61052703857422,100.33263632053807,94.55128400229889,100.26496187453732,33999300
2025-04-11,197.29013061523438,198.67409816298056,185.25259829067514,185.29243322025624,87435900,147.6171112060547,148.2203152078777,144.17307510704813,145.28217298759347,9943900,231.69400024414062,234.02860167946685,220.70766608161722,221.99267276486097,20284500,252.30999755859375,257.739990234375,241.36000061035156,251.83999633789062,128948100,99.71389770507812,100.47765639175616,95.50839736153934,96.96824028802325,22884600
2025-04-14,201.6411590576172,212.01593914767514,200.28706023476008,210.52244846919626,101352900,150.17581176757812,150.47740631813335,147.072279736712,147.4808931450617,10685300,230.24224853515625,235.20571653709092,229.1730460537919,232.57685007270544,13017800,252.35000610351562,261.79998779296875,245.92999267578125,258.3599853515625,100135200,99.95559692382812,101.59912348087778,99.30785471171718,101.54111891739375,18020000
2025-04-15,201.2628173828125,202.62686743682656,198.93297540670014,200.98403365195668,51343900,149.45587158203125,152.0632334778731,147.97708437949197,151.47949153017248,10847700,228.68258666992188,234.0972709216147,228.3785029309102,231.59592921415862,10912900,254.11000061035156,258.75,247.5399932861328,249.91000366210938,79594300,99.67523193359375,101.90850357557473,99.57855519985425,100.19729514694143,13164900
2025-04-16,193.4269561767578,199.8290454554037,191.53519224238798,197.49920369317184,59732400,149.738037109375,151.4114150606824,148.11330680046603,151.15845325828113,7986900,225.22972106933594,229.1239864114683,223.58176271607732,227.574126341125,9322300,241.5500030517578,251.97000122070312,233.88999938964844,247.61000061035156,112378700,100.7290267944336,102.0825157991999,100.2552982668035,100.49699378564918,13607000
2025-04-17,196.1251983642578,197.9671763411939,193.5763099497932,196.34424488667963,52164700,153.20152282714844,155.1181239870104,149.98124809164514,149.98124809164514,10981100,227.534912109375,229.86949873745436,226.15180704795938,226.39703780490407,9557900,241.3699951171875,244.33999633789062,237.67999267578125,243.47000122070312,83404800,103.36833190917969,104.94419132393493,100.99004902277103,101.21241213301136,17916500
2025-04-21,192.32177734375,192.958999427942,188.98630873883343,192.43130060162235,46742500,152.66641235351562,153.9409001804085,151.27518208299085,153.67822968223672,6285400,224.62155151367188,227.3877464470659,222.02209671781299,226.23026455156602,8716200,227.5,232.2100067138672,222.7899932861328,230.25999450683594,97768000,101.8504867553711,102.1211845472586,100.66134897301362,102.10185215182162,16926500
2025-04-22,198.87322998046875,200.7151927551101,195.11958571249494,195.26892870764283,52976400,153.4739227294922,154.41763044672643,152.02430632426632,153.2793470326259,7136300,231.09564208984375,231.48802026386073,226.95614590207006,227.5545095207112,10701400,237.97000122070312,242.7899932861328,229.85000610351562,230.9600067138672,120858500,104.70249938964844,105.3212393140787,102.61424661272504,102.61424661272504,13147000
2025-04-23,203.71214294433594,207.09738254349836,201.9199510184256,205.10606155750318,52929200,151.1681671142578,152.8415447934777,150.14662617069615,152.24807928113609,9099400,236.2847137451172,242.08195672838127,235.42149680051935,235.63730103666882,14126800,250.74000549316406,259.45001220703125,244.42999267578125,254.86000061035156,150381900,103.80339813232422,105.66928790552763,102.93329275539685,105.19555935944585,14235700
2025-04-24,207.46575927734375,207.92376976062596,202.05933042602183,204.00086522918792,47311000,150.7303466796875,151.67405433597241,149.2807452132582,151.5767739164092,8310400,239.97300720214844,240.78717510551016,233.04769307035298,235.16649038746075,9055200,259.510009765625,259.5400085449219,249.1999969482422,250.5,94464200,105.02153015136719,105.2632256609104,103.40700591784936,104.38345784167315,9849600
2025-04-25,208.371826171875,208.8397878176709,205.30519003897632,205.47445049920006,38222300,150.38986206054688,150.70118022596543,148.31759438866158,150.13691512332085,8643600,238.90379333496094,240.93429610814024,237.13812898804628,239.98279962585002,8588600,284.95001220703125,286.8500061035156,259.6300048828125,261.69000244140625,167560700,104.9635238647461,105.14721480928844,103.85172306392285,104.54780730012389,11245800
2025-04-28,209.2281036376953,210.5822025692478,206.55974070372147,209.08871177088434,38743100,151.1389923095703,151.58651495044614,149.6504666278673,151.28492037829616,5815200,238.58010864257812,242.13104534190202,236.24550696236508,239.89454195509384,7394300,285.8800048828125,294.8599853515625,272.4200134277344,288.9800109863281,151731800,105.02153015136719,105.6209376703805,104.10309016548764,105.1375466512941,13890900
2025-04-29,210.29347229003906,211.31900144522857,207.46578477039023,207.7844034400983,36827600,151.68380737304688,152.76371959682837,150.10771003458157,151.23626989541486,5246700,239.953369140625,240.5713553936845,237.07927205884616,237.56973353773236,7216800,292.0299987792969,293.32000732421875,279.4700012207031,285.5,108906600,104.760498046875,105.21488676675467,103.94839733186507,104.16109055189055,9483100
2025-04-30,211.57785034179688,212.65316547487808,205.7731479657814,208.39173986928208,52286500,152.0729522705078,153.9117200490407,150.8179264212635,153.9117200490407,9598200,239.953369140625,240.54192890236706,233.88145363718232,236.6084332300704,12991700,282.1600036621094,284.45001220703125,270.7799987792969,279.8999938964844,128961100,102.12118530273438,103.85172605763076,100.6903519990406,103.85172605763076,20379300
2025-05-01,212.39431762695312,213.62892699621815,207.99348458901505,208.17271138967982,57365700,150.2731170654297,150.88602979627174,149.20292841606295,150.79847295546213,7325800,242.18008422851562,243.7103217475342,237.55012636868136,238.20734299709588,8689600,280.5199890136719,290.8699951171875,279.80999755859375,280.010009765625,99659000,102.2662124633789,103.36834350077051,101.49279118546954,101.60880032037669,18610300
2025-05-02,204.45889282226562,206.0917754590827,201.2827333487594,205.19567188008233,101010600,151.8881072998047,152.47184925651504,150.8373806848308,151.83947450772436,5974500,247.69287109375,248.78169626532693,244.70106780011497,246.4667172954741,7165000,287.2099914550781,294.7799987792969,279.80999755859375,284.8999938964844,114454700,102.68192291259766,105.37924577676985,101.07706850966261,104.14176590560021,16581900
2025-05-05,198.02691650390625,203.21431440062256,197.34987465543003,202.21865389928206,69018500,150.7984619140625,152.53993439396783,150.5357765656926,152.42319194810284,5464100,247.7418975830078,250.29230323726398,245.80947817623058,246.38821912384302,5450700,280.260009765625,284.8500061035156,274.3999938964844,284.57000732421875,94618900,99.8395767211914,101.18341052512184,99.64622326610179,101.1737406395789,19624000
2025-05-06,197.6485595703125,199.77927242381972,196.16503515467957,197.3498735756035,51216500,150.2828369140625,151.67406727843394,149.5239812889191,150.6233555245234,8644200,244.49505615234375,247.83018834347143,244.2498254039462,245.23074839753636,6369900,275.3500061035156,277.7300109863281,271.3500061035156,273.1099853515625,76715800,101.23174285888672,102.45956013578055,100.04260512326975,100.43898190982163,16303400
2025-05-07,195.39837646484375,198.574535944944,192.41139491378883,198.30570335142838,68536700,153.0361328125,153.65878398665114,150.3120283586481,150.54552811589537,7853100,244.6324005126953,247.63402267137778,244.08308599577276,245.08363170456627,8724100,276.2200012207031,277.9200134277344,271.0,276.8800048828125,71592600,101.13507080078125,101.79248288956103,100.61300760887127,101.50244532429048,12332200
2025-05-08,196.63299560546875,199.18188402861682,193.83517686729027,196.86199326420865,50478900,151.44058227539062,152.77344141312827,150.58443137777405,151.5962487740799,7606100,248.63455200195312,250.9985800051324,246.75118165326785,246.7708043040648,8320100,284.82000732421875,289.79998779296875,279.4100036621094,279.6300048828125,97539400,102.54656982421875,103.82272181123383,101.84081569553878,101.84081569553878,19196500
2025-05-09,197.66848754882812,199.66975978270045,196.68277813613466,198.13644922219603,36453900,150.03961181640625,151.8297319959907,149.64072198487162,151.2070808533016,6520400,248.25198364257812,250.635619242527,247.52609526635226,249.64489244477116,5087600,298.260009765625,307.0400085449219,290.0,290.2099914550781,132387800,103.7453842163086,104.17077069826132,102.846276573248,103.58103303044942,10992100
2025-05-12,210.15048217773438,210.62903686932515,206.12274573806786,210.32994399020487,63775800,149.9617919921875,151.14872315874868,147.08202092122536,147.89926268086666,9023800,255.08900451660156,258.57129899597703,253.7647824650602,257.8846409478204,9603900,318.3800048828125,322.2099914550781,311.5,321.989990234375,112826700,105.533935546875,106.77141543092235,104.72183476299273,106.60705687135206,14244600
2025-05-13,212.28399658203125,212.75257189298435,208.36592688565332,209.79158118866218,51909300,144.4163055419922,147.58793283262278,144.06606330752203,147.58793283262278,10549600,257.9925842285156,258.6399970419656,255.42257059461764,256.05034578816554,8589000,334.07000732421875,337.5899963378906,316.79998779296875,320.0,136992600,105.82396697998047,106.83909112768256,105.39858049889204,105.68861807708178,13350800
2025-05-14,211.68582153320312,213.29093762104833,209.94113079478424,211.78550901932945,49325800,142.39266967773438,144.78599382334744,142.1591699321315,144.6400509154053,10216000,260.5723876953125,261.5533106486566,257.28628981453124,257.98273672949557,8643100,347.67999267578125,350.0,337.0,342.5,136997300,104.87651824951172,105.24389276693061,104.34478518065134,105.24389276693061,15494900
2025-05-15,210.80850219726562,212.31393091132972,208.90429308394448,210.31001909194578,45029500,145.55458068847656,145.59348989220405,143.336384946635,143.9882217365891,7945800,262.3870849609375,264.3783574631619,259.7091843166256,261.8770157752101,9214600,342.82000732421875,346.1400146484375,334.7200012207031,340.3399963378906,97882600,105.94002532958984,106.00832307611483,103.39348336874961,103.9008369938073,15004300
2025-05-16,210.61907958984375,211.9251181254035,209.13360964796243,211.71574852428404,54737900,147.22796630859375,147.3933564122557,145.17516055287345,145.61295963258758,8051200,262.45574951171875,263.33857420454694,259.66011303826815,262.3968965278898,8932900,349.9800109863281,351.6199951171875,342.3299865722656,346.239990234375,95895700,105.55950164794922,106.24247907048462,104.83748843681681,106.00831644617186,14042500
2025-05-19,208.14659118652344,208.84446444770495,203.64029993754312,207.27923550566183,46140500,148.35650634765625,148.52189642911543,146.95553760450343,147.7727644229513,12639900,259.82684326171875,263.20122018216097,256.93310894728614,260.4840447921333,12145000,342.0899963378906,343.0,333.3699951171875,336.29998779296875,88869900,103.8813247680664,104.95457824251392,103.14956002041183,104.95457824251392,16802700
2025-05-20,206.232421875,207.83753801206538,204.40797196423648,207.03996203611737,42496600,149.49478149414062,149.86447083723303,147.99651756445562,148.20083168038465,7351500,260.6116027832031,261.5729180532009,257.2960784147582,257.5118826616805,8436300,343.82000732421875,354.989990234375,341.6300048828125,347.8699951171875,131715500,102.39826965332031,104.12523849609568,102.23240477623206,103.80326024488056,12429300
2025-05-21,201.47689819335938,206.4118779017609,200.10109516487896,204.54755595275296,59211800,149.02780151367188,150.2439182443103,148.8526878301439,149.03753994842893,7032200,256.06011962890625,260.5821597835497,255.75603592778836,259.30697200049985,7464000,334.6199951171875,347.3500061035156,332.20001220703125,344.42999267578125,102354800,101.1396484375,102.41779514644696,101.12013054233822,101.98849077963902,16716100
2025-05-22,200.74911499023438,202.13489740214874,199.0941474443519,200.1010930441042,46742400,148.47325134277344,149.16401213735736,147.26685827209232,148.51216054400712,7535300,255.69720458984375,257.29608389039316,253.93152527688756,254.49065855609336,6514100,341.0400085449219,347.2699890136719,331.3900146484375,331.8999938964844,97113400,100.46641540527344,100.95425853538052,99.41267245770727,100.55422359562291,13417400
2025-05-23,194.6775665283203,197.10018674879547,192.87306039619787,193.08241474951325,78432900,148.7943115234375,149.31966740126413,148.0841035336355,148.85268274928774,6727300,255.73641967773438,256.99199988462357,251.11628086099114,251.9108260735714,6671800,339.3399963378906,343.17999267578125,333.2099914550781,337.9200134277344,84654800,100.52495574951172,100.9542600926748,99.58829781852495,100.10541035339202,12061600
2025-05-27,199.60260009765625,200.1309909415137,196.83102019804124,197.6983910952664,56288500,150.37408447265625,151.1492526106123,149.07884863006834,149.65778796891962,6990700,260.22906494140625,260.23885381510826,256.99200115618,257.04106526626447,7506600,362.8900146484375,363.7900085449219,347.32000732421875,347.3500061035156,120146400,101.00303649902344,101.33477369213719,100.39811579306146,100.97376710278596,13043600
2025-05-28,199.8119659423828,202.11495545301858,199.29353925378823,199.98144837254895,45339700,149.5694580078125,150.75675747035248,149.07884111745435,150.40351271039705,8459300,258.4634094238281,261.63180170795323,257.88466840636806,261.160947858906,5535400,356.8999938964844,365.0,355.9100036621094,364.8399963378906,91404300,99.62732696533203,101.89091884442455,99.31510765248808,101.75432336029878,14292400
2025-05-29,199.34336853027344,203.19165828241367,197.90773491315443,202.96236033905296,51396800,150.69789123535156,151.14925040607753,148.71579473504596,148.90223155564834,6810600,259.32659912109375,260.34676738524155,257.5217044601511,259.74838881098617,5081200,358.42999267578125,367.7099914550781,356.0,365.2900085449219,88087800,100.19322967529297,100.3493356142531,99.27608216075384,99.79319471464648,13825300
2025-05-30,200.24066162109375,201.3472946799051,196.18300200128658,198.7651407343476,70819900,152.2973175048828,152.7879344461785,150.34465668844726,151.0118885418378,15529700,258.9636535644531,260.26826789000455,257.71789221988047,258.4241579270174,10977700,346.4599914550781,363.67999267578125,345.2900085449219,355.5199890136719,123474900,99.81271362304688,99.90052181887317,98.7297012111472,99.6761181336087,28645800
2025-06-02,201.08807373046875,201.51677709467234,199.51286535414474,199.67238359256916,35423300,152.48373413085938,152.62110627080844,149.4419181827181,151.58100078655963,6669300,259.611083984375,259.97402070361045,256.90372693326515,258.00235590026796,6011200,342.69000244140625,348.0199890136719,333.3299865722656,343.5,81873800,100.54447174072266,101.32501627982484,99.73465036104437,101.22744914292399,17290500
2025-06-03,202.6533203125,203.1518034040851,200.35033086337637,200.73914706631285,46381600,151.52212524414062,152.7388605754872,151.18850933750107,151.8949988882907,8209800,261.19036865234375,261.49445240173793,257.86505509318295,258.69884566926845,6998400,344.2699890136719,355.3999938964844,343.0400085449219,346.6000061035156,99324500,101.27623748779297,102.11532827288845,99.72489245250419,100.39811835875173,19194300
2025-06-04,202.20468139648438,205.6143037964219,201.48686455307688,202.29440469878628,43604000,150.3446502685547,152.02255175157072,150.2563428162781,152.02255175157072,6983900,259.1794738769531,262.0241445637471,259.14022857540317,260.84705493579474,5915700,332.04998779296875,345.6000061035156,327.3299865722656,345.1000061035156,98912100,99.81271362304688,102.36900702015761,99.81271362304688,101.39332069908734,15648500
2025-06-05,200.0213165283203,204.12881205428334,199.54276184010462,202.8826044104843,55126100,150.77639770507812,151.19832107582351,149.77553498101082,150.79601160201483,5295400,256.9527587890625,259.6895120537283,255.34403090689912,259.6895120537283,8173800,284.70001220703125,324.54998779296875,273.2099914550781,322.489990234375,287499800,99.35413360595703,100.54447203374446,99.25656646877184,100.47617429332529,13924800
2025-06-06,203.30133056640625,205.07592905349443,201.4370087789868,202.3841235560851,46607700,152.12069702148438,153.1019309647165,151.1100272577506,151.1100272577506,5391500,260.6606750488281,261.56310742936586,259.2187170664052,259.28735892431575,7738100,295.1400146484375,305.5,291.1400146484375,298.8299865722656,164747700,101.73480987548828,101.95922100564745,100.18347219115182,100.26152888371986,15487800
2025-06-09,200.8388214111328,205.3750202901374,199.41316716451473,203.76990423179717,72862600,152.31692504882812,153.06267235085258,151.5515638501274,151.9440663702561,5319000,261.6513977050781,262.7892720045682,258.32608422186917,260.9255242470256,8285000,308.5799865722656,309.8299865722656,281.8500061035156,285.9599914550781,140908900,102.41779327392578,103.27639454794776,101.3055114747103,101.79335463029238,17087300
2025-06-10,202.0551300048828,203.73004106569937,199.96151019448254,199.99141796230995,54672600,153.5140380859375,154.48546502072455,152.1108808192415,152.5131753324394,6791600,263.4759216308594,263.7701865542935,260.77838340293533,260.80780989527875,7538100,326.0899963378906,327.8299865722656,310.6700134277344,314.94000244140625,151256500,104.61308288574219,105.03262827889746,103.35444670627638,103.5008011353111,17634800
2025-06-11,198.1769256591797,203.8795731269679,197.80805305990708,202.88260699920767,60989900,152.3463592529297,153.66122396588617,151.8263065201517,153.3668508220171,6016000,263.03448486328125,264.4764428071077,260.71952105435884,263.5543728329388,7434100,326.42999267578125,335.5,322.5,334.3999938964844,122611400,106.65226745605469,106.73032414687151,103.87156297979323,105.13995815193145,22648200
2025-06-12,198.5956573486328,199.07419684911244,196.7612432530472,198.47602627663701,43904600,153.7200927734375,153.7397066695454,152.2580490016518,153.30797636857517,7075500,263.1227722167969,263.17183632733907,260.0819349081481,261.76909370629187,6618000,319.1099853515625,332.55999755859375,316.8599853515625,323.0799865722656,105127500,107.06206512451172,107.51087994664228,105.58877667010975,106.27175412902669,17469400
2025-06-13,195.85400390625,199.76210952406473,195.1062792678608,199.12405177447246,51447300,154.15184020996094,154.71113570567954,153.04304119427528,153.04304119427528,6587500,259.8955383300781,261.92602601343884,257.69825064418626,260.0230331633122,7098300,325.30999755859375,332.989990234375,313.29998779296875,313.9700012207031,128964300,109.3939437866211,109.7939712737495,107.98895322054126,109.61834745298952,28540200
2025-06-16,197.81802368164062,198.08720880439395,195.96366601516638,196.701426450214,43020700,152.30712890625,153.56310711488956,151.55157460228295,153.48460660529443,7024000,265.20233154296875,266.5462212171046,261.75931212188453,261.90644458682067,8566000,329.1300048828125,332.04998779296875,326.4100036621094,331.2900085449219,83925900,109.74520111083984,110.40866810959282,108.42801861697882,109.1012445632726,22986100
2025-06-17,195.0464630126953,197.7881200100286,194.61777485692886,196.60172782081946,38856200,149.5204315185547,152.3660039355984,149.24568721507907,152.06182381192482,6407100,264.37835693359375,265.42795173106725,262.69116817138956,263.0541348281509,6739300,316.3500061035156,327.260009765625,314.739990234375,326.0899963378906,88282700,111.22824096679688,112.13562954612395,110.35988073370811,111.17945367302501,19451700
2025-06-18,195.9835968017578,196.97059871241268,194.4781834746436,195.34553910938874,45394700,147.90138244628906,149.78534974895297,147.8817685483284,149.70686421222803,8325200,268.733642578125,272.42192244365935,264.5745388559813,264.84919608413435,9586400,322.04998779296875,329.32000732421875,315.45001220703125,317.30999755859375,95137700,110.43793487548828,112.43808732770862,110.19401330005441,111.82340763741772,17968900
2025-06-20,200.3902130126953,201.0880863339216,196.26277341287403,197.63859168364695,96813500,146.97901916503906,148.55880634155997,146.2430937406804,148.42143419457733,22605500,269.7538146972656,272.00992553694005,268.5865139770169,270.3129479704052,13969700,322.1600036621094,332.3599853515625,317.7799987792969,327.95001220703125,108688000,111.91121673583984,112.24295395193641,110.4281768205318,110.69160884881502,36273300
2025-06-23,200.888671875,201.686247808318,198.3563846401482,201.01828233775666,55814300,148.48031616210938,148.58823751409696,146.92996485325,146.92996485325,7397900,272.9613952636719,273.23605246885563,266.9189068142398,269.81264124435313,8094600,348.67999267578125,357.5400085449219,327.4800109863281,327.5400085449219,190716800,109.02317810058594,114.10650250500248,108.45728574016194,113.86258094561266,26631100
2025-06-24,199.6923065185547,202.82277936444737,199.59260382672892,201.9753521214132,54064000,149.333984375,149.85403712588132,148.14668480995888,148.65693061226455,9544200,275.8944396972656,277.3167602259335,274.1778242784133,274.8644524847159,9267900,340.4700012207031,356.260009765625,340.44000244140625,356.1700134277344,114736200,105.70584106445312,108.24263118107518,105.28630313772794,106.59371909404986,24828300
2025-06-25,200.948486328125,203.052085424857,200.01133575244882,200.83881944772682,39525700,149.42230224609375,150.19748543838807,147.90138665416632,148.5391976946219,7153700,278.6409912109375,278.85679547317505,275.55108967897763,276.1298306696613,6826900,327.54998779296875,343.0,320.3999938964844,342.70001220703125,119845100,105.7351303100586,106.58397265345178,105.08141481129995,105.4814497798522,17483200
2025-06-26,200.3902130126953,202.02523702778157,198.85489170599743,200.81890119127095,50799100,149.1573486328125,150.34464815120182,148.6863605881969,149.83440236894492,7156900,283.24151611328125,283.88892888521605,279.04316687272353,279.26878993935657,8942100,325.7799987792969,331.04998779296875,323.6099853515625,324.6099853515625,80440900,107.31573486328125,107.754798167935,105.91075164251828,106.29126870688073,18304800
2025-06-27,200.469970703125,202.6034778198992,199.39324535272064,201.27751091280393,73188600,149.5498504638672,150.45258378377332,148.17611412905705,149.15734795144718,10010800,281.6327819824219,283.19247586135157,279.6022941678673,280.3575940845552,17868600,323.6300048828125,329.3399963378906,317.5,324.510009765625,89067000,106.72056579589844,107.42306112938387,105.73512798343852,107.26695519077366,22002100
2025-06-30,204.5475311279297,206.76079706763053,198.65545787730727,201.39711462840114,91912800,149.88348388671875,150.09935655066843,148.67657033641214,149.30455945723625,9039300,284.3793640136719,287.0670832038085,283.40825991352006,284.8600066595423,12689200,317.6600036621094,325.5799865722656,316.6000061035156,319.8999938964844,76695100,105.17898559570312,106.19369279204032,105.10092890555543,105.9985585105668,19199000
2025-07-01,207.18951416015625,209.55231908550664,205.51460310500556,206.04299395149746,78788900,152.9939727783203,154.78963243463514,149.94233505186827,150.12877187004233,10896700,284.869873046875,285.57613885641626,281.12273972582574,285.340726898368,9338300,300.7099914550781,305.8900146484375,293.2099914550781,298.4599914550781,145085700,106.58396911621094,106.97424512421564,104.5447883263273,105.50095672984834,15536900
2025-07-02,211.7954864501953,212.69274987948137,207.5085290616707,208.2761972389462,67941800,152.64073181152344,153.3668502339576,152.1599368184062,153.07247709121725,5544000,286.42950439453125,287.2338684064349,284.17339356010143,286.4687496948515,8158700,315.6499938964844,316.8299865722656,303.82000732421875,312.6300048828125,119483700,108.34996795654297,108.65242833130392,106.18394315225223,107.3254943510879,11892200
2025-07-03,212.90211486816406,213.99876845669687,211.16738836812712,211.50635319299207,34955800,153.08230590820312,153.34724327176144,151.97352170598157,152.51318841025372,3482500,291.75201416015625,292.1462676228288,287.03074848169234,287.95726066275904,6541600,315.3500061035156,318.45001220703125,312.760009765625,317.989990234375,58042300,109.47200012207031,109.73543959222857,107.93042142205663,108.16458405027839,11223600
2025-07-07,209.31304931640625,215.57399579559095,208.16654427869605,212.03476276559877,50229000,152.35618591308594,153.41592028051664,151.98331225442314,153.09211130943166,6270900,287.7798767089844,291.7914744795477,285.9169860687423,291.012803517784,8825700,293.94000244140625,296.1499938964844,288.7699890136719,291.3699951171875,131177900,108.40850067138672,109.32564813552597,107.5401404976829,108.82804605988709,15415900
2025-07-08,209.3728485107422,210.78853856973336,207.81758380403343,209.46258702266434,42848900,152.86642456054688,153.81822265296935,151.31608815535608,151.5810105314348,6438200,278.7217712402344,285.54247428822356,276.28721745930295,285.1186224364487,15440900,297.80999755859375,304.04998779296875,294.3500061035156,297.0,103246700,111.41361999511719,111.67705201847662,108.15482391107088,108.1938522559937,17913400
2025-07-09,210.4994354248047,210.6888614301138,206.59132988433592,208.8943192909964,48749400,153.34722900390625,153.74953848661053,152.15994439804524,152.86641901439813,6147400,279.0963134765625,283.078342988919,278.42607952209454,283.0586107622728,11273800,295.8800048828125,300.1499938964844,293.54998779296875,297.54998779296875,75586800,111.0331039428711,111.49167025110323,110.5159839508808,111.15018153480453,10652100
2025-07-10,211.7655792236328,212.83232507172787,209.39279496736208,209.87133445003573,44443600,154.7307586669922,156.25167403525566,152.89585627174677,153.17060053502075,6732900,284.0540771484375,284.1723501696605,278.9385584232814,278.9385584232814,8410900,309.8699951171875,310.4800109863281,300.0,300.04998779296875,104365300,112.13562774658203,112.46735751844028,110.32085061705125,110.94528925905155,14901700
2025-07-11,210.51937866210938,211.48643705736623,209.2233196075129,209.931172276849,39765800,153.95558166503906,154.2303259391567,152.26785828263644,154.14201848799888,7872000,282.7431640625,283.2557206237078,279.5792402426265,281.4223984494675,7384700,313.510009765625,314.0899963378906,305.6499938964844,307.8900146484375,79236400,112.62347412109375,112.94545239867706,111.72584447803968,112.05757425938297,11683900
2025-07-14,207.987060546875,210.27012140888866,206.9103353456299,209.29308368901172,38840100,153.87710571289062,154.5149017519845,152.60149866226192,153.92615542940482,10185600,284.5567932128906,285.1481583723004,281.1661592607552,282.95018101073435,9079900,316.8999938964844,322.6000061035156,312.6700134277344,317.7300109863281,78043400,111.15018463134766,112.42833878209635,110.46720717972312,112.42833878209635,13220300
2025-07-15,208.4755859375,211.24715053377864,208.28615994072268,208.5852528191871,42296300,152.258056640625,154.24015323506973,151.8950049026972,153.4257273325383,6873200,282.4376220703125,287.7601490973643,281.3830008251136,283.8668247126896,12526100,310.7799987792969,321.20001220703125,310.5,319.67999267578125,77556300,110.16474914550781,111.28678249079218,109.86228131572423,110.89651390663906,10959300
2025-07-16,209.52239990234375,211.75559423754484,208.00700716596054,209.6619745482938,47490500,161.68771362304688,163.0025633969383,156.80117321156885,157.29179013965734,22134800,281.7181396484375,286.5576787356624,278.9484690013939,284.2611002489253,9979800,321.6700134277344,323.5,312.6199951171875,312.79998779296875,97284800,109.50127410888672,110.74039240497638,109.37443012882311,110.13546423362257,11158900
2025-07-17,209.38282775878906,211.15742622671814,208.95412441878605,209.93116216460888,48068100,159.92149353027344,161.60921700124823,159.25426167881125,160.1177373117364,11295700,285.73956298828125,286.13381646736286,279.3722805662569,279.3722805662569,8509500,319.4100036621094,324.3399963378906,317.05999755859375,323.1499938964844,73922900,108.94512939453125,109.50127025491831,108.3889810902489,108.77925707597032,13151400
2025-07-18,210.539306640625,211.1474566075158,209.06380098140497,210.23024956462245,48974600,160.6279754638672,162.0017118134992,160.2943595540406,160.85365505316872,9792600,287.0898742675781,288.30223294760714,284.0935239995615,285.36498911319075,12217000,329.6499938964844,330.8999938964844,321.4200134277344,321.6600036621094,94255000,105.14971160888672,109.01343599324838,104.73016619282146,108.40850779402297,32366600
2025-07-21,211.83535766601562,215.12534891613055,210.98794558852114,211.45652088357517,51377400,161.2755889892578,161.8250775251508,159.72523777873707,160.6966646369734,8254000,286.794189453125,289.95811320350606,286.4097720406625,286.8237577094983,7898100,328.489990234375,338.0,326.8800048828125,334.3999938964844,75768800,105.42290496826172,106.1253928332359,104.82773574513018,104.9838416782704,17010400
2025-07-22,213.74952697753906,214.29786137817433,211.58611235366487,212.49335516085276,46404100,164.7786102294922,164.90617543432282,161.61905068144253,161.903601939401,9288000,287.2475891113281,289.41602825063205,285.02987956960806,287.3165917383993,6717500,332.1099853515625,335.4100036621094,321.54998779296875,329.739990234375,77370400,105.90098571777344,106.7791048253295,104.99359721394806,105.35460380369202,13970900
2025-07-23,213.5002899169922,214.4972560435483,211.76557859278188,214.3477172095632,46989300,165.92666625976562,165.9462801585278,163.4637594729104,165.43604928675916,10617600,292.5011291503906,292.72780910920665,288.3515263055785,288.6373728619252,7083500,332.55999755859375,336.20001220703125,328.6700134277344,330.8999938964844,92553800,107.25718688964844,107.32548462756472,106.2034439813157,106.28150066576148,12002700
2025-07-24,213.11148071289062,215.03563331063384,212.8821827557749,213.25105536667797,46022600,166.3780059814453,166.79994431442555,165.7107741631659,166.3191343471783,6636900,292.29412841796875,295.2905090775473,291.9491754148663,293.1516681080147,7001200,305.29998779296875,310.1499938964844,300.4100036621094,310.0,156966000,108.0962905883789,108.25239653207791,106.47664768961259,106.99376770309911,15647200
2025-07-25,213.23110961914062,214.58698409364732,212.75255494872997,214.0486138925591,40268800,165.14166259765625,166.6920139022101,164.29780087422668,166.5644487084836,6254900,294.33441162109375,294.6103920554469,291.71258245493334,292.4419829511327,5918500,316.05999755859375,323.6300048828125,308.010009765625,308.739990234375,148227000,107.71576690673828,108.2816667362299,107.0327820437291,108.03774516598995,10548900
2025-07-28,213.40061950683594,214.1981955143971,212.41361748607306,213.38067592321022,37858000,163.10069274902344,164.78841617921015,161.95265093414764,164.70991567403397,8014600,293.9992980957031,295.13278810430046,292.5602593912129,293.3882007039174,5840400,325.5899963378906,330.489990234375,315.69000244140625,318.45001220703125,112673800,108.73047637939453,109.38418437012298,108.14505868344554,108.30117205407066,12353000
2025-07-29,210.62904357910156,214.1582970701604,210.18041185237743,213.53020352524888,51411700,164.95523071289062,165.6126556259495,163.24787834524747,163.54225150828125,7663400,292.777099609375,296.9661066035344,291.94915830714154,295.6946113524278,7635700,321.20001220703125,326.25,318.25,325.54998779296875,87358900,110.13546752929688,110.2525525658064,108.70121491250794,109.17929911810425,15928000
2025-07-30,208.41578674316406,211.74565019362484,207.08981987426867,211.2571312800854,45512500,164.1211700439453,165.44584174400563,163.65018198339874,164.5529153379632,6189200,295.3299560546875,296.2958726319795,293.1122462449408,293.15168061940614,8061700,319.0400085449219,324.45001220703125,311.6199951171875,322.17999267578125,83931900,109.17930603027344,109.87204245804665,108.55486735048079,109.67690816207254,12996900
2025-07-31,206.9402618408203,209.2033639475293,206.5315020865265,207.85746883247032,80698400,161.64846801757812,163.93474465900857,161.1480291773554,162.81612370907078,11036200,291.98858642578125,296.66058212054435,291.25921595040046,294.8469919658045,14749700,308.2699890136719,321.3699951171875,306.1000061035156,319.6099853515625,85270900,108.92561340332031,109.76470418191144,107.67673618231827,107.67673618231827,17233700
2025-08-01,201.76600646972656,212.93202387361222,200.88867142379772,210.23023901853355,104434500,164.1898651123047,164.47441634646825,161.69752270023744,162.37457646550328,8927800,285.2171630859375,287.61228223789124,280.1607803787386,286.2323800564947,12007100,302.6300048828125,309.30999755859375,297.82000732421875,306.2099914550781,89121400,106.9742431640625,109.80373486538052,106.21320905654085,109.2768633808127,19652000
2025-08-04,202.7330780029297,207.24933356384108,201.06813110178,203.8895472057539,75109300,167.83021545410156,167.9774095013295,163.51279290598237,163.89547347287277,12679100,290.0370178222656,290.0961543423283,286.0944227268155,286.0944227268155,6649500,309.260009765625,312.1199951171875,303.0,309.0799865722656,78683900,104.75944519042969,107.24744089548165,104.48624676187502,106.56446343383507,19129500
2025-08-05,202.3043670654297,204.71702329589334,201.54667827641916,202.78290655256814,44155100,167.53587341308594,168.34047738669344,166.4663171345052,167.3396146645784,7934400,287.1884765625,291.5450573497094,283.11774234014615,290.46083768957914,7182300,308.7200012207031,312.45001220703125,305.5,308.95001220703125,57961300,104.63259887695312,105.19849872911217,103.49104766903966,104.61308842586648,21314300
2025-08-06,212.60302734375,214.72657006985978,204.96626313259566,205.00615029681612,108483100,167.388671875,168.94883003784128,166.49574551547207,166.72144007168663,8957200,287.16876220703125,289.08092314098127,285.99583781724914,288.1051104485434,6330200,319.9100036621094,320.4700012207031,306.92999267578125,307.8900146484375,78523600,103.92034912109375,106.39859319785086,103.78375363562566,105.67657998163877,15321800
2025-08-07,219.36245727539062,220.1799768073744,215.92292715514498,218.2159523061407,90224800,168.31103515625,168.39934260624966,166.73124811457265,167.95779038381158,9315900,282.8220520019531,289.2484709612734,282.29965937267906,288.7359444448802,8057100,322.2699890136719,322.3999938964844,316.1600036621094,319.7900085449219,66658700,103.37396240234375,105.4326611285925,103.31542360531733,104.53503150267342,13468300
2025-08-08,228.6541748046875,230.29916273925562,218.58481138779996,220.16001960779298,113854000,170.0772705078125,170.69545264445026,167.19244050009084,167.81062263672857,7686800,284.61590576171875,287.0504590616496,280.6240107941869,284.8327496617793,6634100,329.6499938964844,335.1499938964844,320.9800109863281,321.42999267578125,91200300,104.20330047607422,104.89603686018451,103.37396116071662,103.91059160666616,14417700
2025-08-11,226.747802734375,229.12327986736793,224.3324083989562,227.48640043221798,61806100,170.55807495117188,171.3234361561855,169.8025206945773,170.14594355852734,7256800,285.4044494628906,287.13920088726815,284.635644641562,285.246742053437,5510100,339.0299987792969,346.6400146484375,334.1499938964844,335.0,105320200,103.25688171386719,104.91554542700594,102.96417284971534,104.50575897230986,13570700
2025-08-12,229.21310424804688,230.36092560837628,226.63802588155738,227.57622481823222,55626200,169.53758239746094,171.48042121662925,168.58578437082326,170.73468888514046,7916700,288.6472473144531,290.5199739550687,286.1732592848133,287.31661546362176,8570900,340.8399963378906,345.260009765625,332.94000244140625,345.0,80522100,103.5495834350586,104.67162415904068,103.20809472181944,103.75447666300208,14109400
2025-08-13,232.88612365722656,234.55294488479396,229.99163136972763,230.6304284784954,69878500,171.1468048095703,171.26454807935008,169.45908140467287,169.75345455156247,5878700,286.36053466796875,290.32283187703916,283.0389031406188,289.7314666813669,8420400,339.3800048828125,348.9800109863281,338.20001220703125,341.5,67838900,104.98384094238281,104.98384094238281,103.16906388848864,103.42274440244574,17958700
2025-08-14,232.337158203125,234.67270293292236,230.41083714463488,233.6147219132583,51916300,171.44117736816406,172.4224112061355,169.4787096922212,171.03886790121015,8241700,289.9384460449219,289.9778804180479,285.4833244293079,286.4098066006694,6322400,335.5799865722656,340.4700012207031,330.3999938964844,335.760009765625,75000700,104.7691879272461,104.97408114859478,103.85204790462278,104.93506024881967,13683500
2025-08-15,231.1494140625,233.834298979768,228.9036945156081,233.5548328767578,56038700,173.3251495361328,173.94333166305356,171.67668382759828,172.2752370849106,9477600,286.3210754394531,291.2591849519308,285.660707668408,290.6086532135509,7340500,330.55999755859375,339.29998779296875,327.0199890136719,337.6600036621094,74319800,104.86766815185547,105.92136685755888,104.3358939200289,104.5722430318389,19271900
2025-08-18,230.4507598876953,232.67651332576617,229.672244959047,231.25921652669462,37476200,172.9424591064453,174.23769492312,172.79528002384126,173.18776755907857,9284000,287.3461608886719,287.7108460905947,284.2709417940018,285.8381195988006,5386900,335.1600036621094,336.2699890136719,329.5899963378906,329.6199951171875,56956600,105.09416961669922,105.59640209792867,104.06016289296167,104.48361233533863,13040000
2025-08-19,230.1213836669922,232.42698672077375,228.9136940815642,230.84001516813981,39402600,174.46337890625,174.83623758239492,172.6775261392796,172.73639777380563,9274200,286.4886779785156,288.2825659770611,285.37489004447787,286.6562214265169,6031500,329.30999755859375,340.54998779296875,327.8500061035156,335.7900085449219,75956000,105.78350067138672,105.82289219016042,104.53285188126867,104.58208564486281,16113600
2025-08-20,225.5800323486328,230.0315543310328,225.3404986724704,229.54248102593337,42263900,175.48387145996094,177.22065969856766,174.65963855678677,175.15025551902494,9030000,288.04595947265625,289.1203129200321,283.1472843493455,286.63648908496583,7374200,323.8999938964844,331.3699951171875,314.6000061035156,329.2200012207031,77481800,106.87659454345703,107.66440991946308,106.03954540217825,106.23649548959764,18959700
2025-08-21,224.47215270996094,226.08908123987146,223.35428822884654,225.83955683035407,30621200,175.57217407226562,176.70060203772263,174.81663475143702,175.19931537251938,8859600,287.28704833984375,288.5683797096441,285.31575079885044,287.7503044651617,6624000,320.1099853515625,324.8999938964844,318.67999267578125,322.0799865722656,55744400,107.56593322753906,107.90074987365453,106.31527690078036,106.76826810543525,12194900
2025-08-22,227.3267059326172,228.65417758009713,224.98118568943215,225.73973438952316,42477800,175.9254150390625,177.76033256843067,174.13957717042288,176.66134044605786,9524000,291.98858642578125,292.89539654295805,285.9662867879994,288.9922357768791,8552800,340.010009765625,340.25,319.69000244140625,321.6600036621094,94016300,109.5846939086914,109.71271822075039,107.93028771504713,107.93028771504713,13586700
2025-08-25,226.72784423828125,228.86377239669042,225.79960559269966,226.04912998143794,30983100,175.0619354248047,176.8772090706108,174.94417718110606,176.1511056012645,6229100,290.6678161621094,293.08266767966575,289.9187435512912,291.9885819039242,5856300,346.6000061035156,349.5299987792969,335.0299987792969,338.8999938964844,86670000,110.03768157958984,110.21493964871304,108.85596612754429,109.21048226579067,9744900
2025-08-26,228.87376403808594,229.0534295301293,224.26255788237486,226.43840339540802,54575100,174.44911193847656,175.1113623885591,173.7374366614811,174.7060999231484,9145000,294.2851257324219,294.4526691589569,289.2878798394283,289.9384115603751,6714700,351.6700134277344,351.8999938964844,343.7200012207031,344.92999267578125,76651600,109.79148864746094,110.10661326432938,108.67870648764875,109.67332161186246,18143900
2025-08-27,230.05152893066406,230.46073738560713,227.82576024347395,228.17510050695543,31259500,174.74562072753906,175.63522231400546,174.12291620758523,174.92354707776784,5951100,294.9849548339844,296.74927450763425,292.77711127340297,292.98408908730437,6056500,349.6000061035156,355.3900146484375,349.1600036621094,351.94000244140625,65519000,111.03230285644531,111.25880221241029,109.72256302402589,109.72256302402589,15262600
2025-08-28,232.11758422851562,232.9659733126178,228.90370861616245,230.3809040856524,38074700,173.421142578125,174.4491247570279,172.61063267008686,174.3305021472525,6424700,296.749267578125,296.91681101607145,294.41328492266325,295.71431837356056,6410500,345.9800109863281,353.54998779296875,340.260009765625,350.9100036621094,67903200,111.62316131591797,111.9185939536985,110.36266275262726,111.150478111266,14189800
2025-08-29,231.69837951660156,232.9360260407387,230.92984008944924,232.0676707602769,39418400,175.12123107910156,175.3584611850056,173.4211196926361,173.93511071425883,6942300,297.09423828125,298.60227955806266,295.4284896061262,297.70533564994906,6796400,333.8699951171875,348.75,331.70001220703125,347.2300109863281,81145700,112.54883575439453,113.0412184425248,111.84965323882919,111.98751979045258,14597900
2025-09-02,229.28298950195312,230.4108447009183,226.53822101083426,228.81388239599917,44075600,176.00094604492188,177.12776270121626,174.84447750943602,175.41777231103694,9049000,295.3989562988281,296.1480289299188,290.2735705259471,295.95091721841663,7221900,329.3599853515625,333.3299865722656,325.6000061035156,328.2300109863281,58392000,112.9427490234375,113.48436549941368,111.60346744407637,112.44051655288608,15206700
2025-09-03,238.01634216308594,238.395624134605,233.9141603097862,236.75874463665696,66427800,175.94163513183594,176.22827497981044,174.48863278118253,175.6154493916547,7111700,295.211669921875,296.25645520177414,292.1265844883639,296.25645520177414,6316900,334.0899963378906,343.3299865722656,328.510009765625,335.20001220703125,88733300,110.2051010131836,112.68670654900797,109.76195206928233,112.23371536045128,14920100
2025-09-04,239.32383728027344,239.44360411673358,236.28962732845326,237.99636566705198,47549400,176.69285583496094,176.83123630448588,175.49685643742527,175.9416497264455,7854800,299.4598083496094,300.0610396446901,293.99930589050996,295.694622931837,6605800,338.5299987792969,338.8900146484375,331.4800109863281,336.1499938964844,60711000,110.68762969970703,111.40650421639117,109.68316480940825,110.40204683925596,12864400
2025-09-05,239.2340087890625,240.86091270031892,238.03629475202086,239.54341659874092,54870400,176.3666534423828,177.4341662848054,174.51828268460764,175.94163314117105,9733800,290.1553039550781,300.770730899917,290.08630131868694,299.29225767241,9837700,350.8399963378906,355.8699951171875,344.67999267578125,348.0,108989800,107.56593322753906,110.07708061289752,107.35912587180405,109.89982253167047,16826700
2025-09-08,237.42745971679688,239.69313028194867,235.89038089866295,238.84475646782593,48999500,176.0701446533203,177.37487259095406,174.65667304834938,175.30904455833596,8382500,288.7063903808594,292.2054315497858,287.2574854579185,290.65798581164114,8188500,346.3999938964844,358.44000244140625,344.8399963378906,354.6400146484375,75208300,108.17647552490234,108.3734331088634,106.69932745443077,108.05830848768933,15440500
2025-09-09,233.9041748046875,238.3257397896772,232.9160527142261,236.54912730927947,66313900,174.91368103027344,176.03060370864756,174.4095689027739,175.94164806814993,6005700,293.57550048828125,294.7089905900123,288.1149977252914,288.40084429899173,7848200,346.9700012207031,350.7699890136719,343.82000732421875,348.44000244140625,53816000,108.96429443359375,110.79595870253287,108.84611987931373,108.84611987931373,14899500
2025-09-10,226.35855102539062,231.97784546194652,225.52015268533836,231.7482872752143,83440800,173.7572021484375,174.5677271148135,172.31409366624945,174.26131428978755,6891600,296.22686767578125,297.2125163723058,291.1606189374317,292.44198029068025,7787300,347.7900085449219,356.3299865722656,346.07000732421875,350.54998779296875,72121700,110.7861099243164,110.84519344539693,109.1513957182256,109.46652786575879,15837600
2025-09-11,229.59239196777344,230.01159113632517,226.21881717306923,226.44839058875493,50208600,176.43585205078125,176.78181073479666,173.5990451382739,173.7176526494387,5792500,301.1748046875,301.342378196144,296.4732713682419,296.91679522122274,7942500,368.80999755859375,368.989990234375,347.6000061035156,350.1700134277344,103756000,110.43159484863281,111.05199436552122,109.18094605685853,109.70287053326427,11534500
2025-09-12,233.6247100830078,234.06386022938602,228.58431421011397,228.78393068206054,55824200,176.00094604492188,176.73239425710358,174.67644516657117,175.65500242690814,7220200,302.5054626464844,303.13626220753474,299.3415385689925,300.622869917122,6846700,395.94000244140625,396.69000244140625,370.239990234375,370.94000244140625,168156400,110.4512939453125,111.49514289416113,110.17555331457825,111.1406267392382,11105700
2025-09-15,236.24969482421875,237.7368657054393,234.58287368836292,236.54912714503797,42699500,175.34857177734375,176.92019676144542,174.88400556753885,175.7044094043786,4768100,304.4668884277344,305.5018376479389,302.7617353660041,302.7617353660041,7122000,410.0400085449219,425.70001220703125,402.42999267578125,423.1300048828125,163823700,110.63838958740234,110.74671438088893,109.62408244217666,110.47098127498258,12880500
2025-09-16,237.6969451904297,240.76111223381088,235.87043992435724,236.72878926810645,63421100,174.41946411132812,175.5660386777145,173.61881809435098,175.51662893199313,7959300,304.75274658203125,306.43819756185593,302.72231251567524,305.55111968192784,10525600,421.6199951171875,423.25,411.42999267578125,414.5,104285700,112.93289947509766,113.56314874735921,111.06184366106196,111.23910173845827,17208000
2025-09-17,238.5353546142578,239.6432435766681,237.27774187166392,238.5153883976145,46508000,175.15089416503906,176.4457431926535,174.5479474709965,174.6665700727086,6714900,307.2759704589844,308.41932651675705,304.3387266167954,305.9355027165261,8657800,425.8599853515625,428.30999755859375,409.6700134277344,415.75,106133500,113.53360748291016,113.73055756391628,112.31250045171144,112.78518365139172,13302000
2025-09-18,237.42745971679688,240.74113579799257,236.199788714976,239.5134800259323,44249600,172.14605712890625,174.97298534494763,171.8594021766082,174.55784393897036,8200900,308.7347717285156,308.94174954569326,305.16669795269365,307.3154351086428,8050700,416.8500061035156,432.2200012207031,416.55999755859375,428.8699951171875,90454500,112.19432067871094,113.59268572306348,111.67239622646412,113.41542765313403,14628700
2025-09-19,245.032958984375,245.83144010441063,239.7530294205925,240.77107799962133,163741300,174.152587890625,175.111372273971,171.32565957029007,172.66993349357537,25621000,310.26251220703125,311.2678631029987,304.68373667454165,309.09945390156855,23568600,426.07000732421875,429.4700012207031,421.7200012207031,421.82000732421875,93131000,111.10123443603516,112.24356593009016,110.92397635982539,112.16478289329383,38746500
2025-09-22,255.5928192138672,256.15178189089505,247.64797087114997,247.82763635806887,105517400,172.1954803466797,174.59737311930513,172.10650962439226,174.05373018239203,7193900,307.9560852050781,309.198012204534,305.11741210895696,305.35395817376326,7520200,434.2099914550781,444.9800109863281,429.1300048828125,431.1099853515625,97108800,110.31341552734375,111.08153884152429,109.8604243501585,110.7368649449766,15611500
2025-09-23,253.9459686279297,256.8504363399061,253.0975947938589,255.39322235208516,60275200,174.53805541992188,174.92354491124786,172.80829217483426,172.8675959300631,8350400,308.25177001953125,311.77054315707727,306.12276518201463,307.34499004479613,8584400,425.8500061035156,440.9700012207031,423.7200012207031,439.8800048828125,83422700,112.21401977539062,113.00183513892328,110.76642087813288,111.00276248192702,25369100
2025-09-24,251.8300018310547,255.2534845023776,250.56241362070242,254.73446948849343,42303700,174.6468048095703,174.9037928069642,173.70779338109767,174.10316185129446,6676800,308.92205810546875,312.036681822986,307.1971727167786,309.54299157852137,7310500,442.7900085449219,444.2099914550781,429.0299987792969,429.8299865722656,93133600,112.8147201538086,113.99644312425588,112.72609487543596,112.82456991134899,14756100
2025-09-25,256.3813171386719,256.6807646844572,251.2311452680336,252.72829161839874,55202100,175.6747589111328,176.3370093451046,173.87581289751407,175.15088893974706,8475000,308.95159912109375,311.12000822788536,307.3252546914858,309.61196690994507,7083200,423.3900146484375,435.3500061035156,419.0799865722656,435.239990234375,96746400,113.82903289794922,114.13431529140912,112.66701689858705,112.89350874101174,15012600
2025-09-26,254.97401428222656,257.10994249251326,253.2972024297037,253.61660096533106,46076300,177.6318817138672,177.82956594360434,175.26951972500925,176.534716894135,8634400,311.52410888671875,313.2489940185383,309.1979925185918,310.3807528469309,7258100,440.3999938964844,440.4700012207031,421.0199890136719,428.29998779296875,101628200,115.4342041015625,116.55683608287912,114.15400604622617,114.1933975647311,18568900
2025-09-29,253.9459686279297,254.5148915782133,252.52867184357527,254.0757261912774,40127700,179.519775390625,179.76688443728418,177.72082937376246,177.75048125277442,8597100,311.1594543457031,313.4461666504931,309.158588598915,312.50978831201064,6462400,443.2099914550781,450.9800109863281,439.5,444.3500061035156,79491500,112.47991180419922,114.72517584612002,111.93828779708491,114.29187664042857,19189300
2025-09-30,254.14559936523438,255.4331385813304,252.6284867333586,254.37515755125318,37704300,183.2758331298828,183.83924898722276,178.97614483278656,179.59884936490977,11569000,310.9031677246094,312.85476301381095,305.65950932869447,311.71140689202116,11823300,444.7200012207031,445.0,433.1199951171875,441.5199890136719,74358000,111.03230285644531,111.76102717505447,110.23464525787536,111.62316061513285,18076200
2025-10-01,254.9640350341797,258.29769267334166,254.44502000530687,254.55481135314994,48713900,183.8985595703125,184.40265660690224,181.78330668784835,183.8491347434297,13063800,306.25091552734375,310.0752375005356,302.99828667529783,309.46414008660315,9235200,459.4599914550781,462.2900085449219,440.75,443.79998779296875,98122300,110.28387451171875,111.29818166673253,109.59454174030076,110.8451904864916,16614000
2025-10-02,256.6408386230469,257.68882891050583,253.66649683440303,256.09186667190835,42630200,183.82936096191406,184.432307649533,181.96121714000282,182.06006679331983,7728100,303.1362609863281,306.10307334887034,301.74652271909054,305.5511124553201,7600000,436.0,470.75,435.57000732421875,470.5400085449219,137009000,109.59454345703125,111.36711668837108,109.33850234656653,110.26418423682554,13062600
2025-10-03,257.5291442871094,258.7468246365968,253.46689477740222,254.18552630266564,49155600,186.45860290527344,187.58541956236877,184.74861251387858,184.89687190994138,8675100,305.5806579589844,307.18727011434805,303.78677014872494,304.08248279942853,6029900,429.8299865722656,446.7699890136719,416.5799865722656,443.2900085449219,133188200,111.53453826904297,112.01707124147411,110.19525664039946,110.19525664039946,12950100
2025-10-06,256.20166015625,258.57713717661323,254.56478079871025,257.49917477533796,44664100,185.98416137695312,187.72380368143425,185.20328832291253,185.8260079631804,5806100,306.22442626953125,308.7698659390142,302.2131538143922,307.21486689804453,7214500,453.25,453.54998779296875,436.69000244140625,440.75,85324900,112.46021270751953,113.0215287200953,111.45575524249708,111.56408004432434,12036800
2025-10-07,255.99209594726562,256.9103287268919,254.94407514023973,256.32145476920215,31955800,186.70570373535156,187.04176840652755,180.82451166041724,181.64491547464473,8776800,304.74871826171875,307.0465480670538,301.78731007714714,306.39285354178503,8454200,433.0899963378906,452.67999267578125,432.45001220703125,447.82000732421875,102296100,112.51929473876953,112.76548608446156,110.03768176682227,112.33218691183123,11945000
2025-10-08,257.569091796875,258.0282082133661,255.62278908467795,256.03201279963565,36496900,187.49647521972656,188.02034522715945,186.09289755053467,186.68595025285137,5751200,301.1236572265625,305.8282501205831,300.64823485280857,305.2636917190969,6489900,438.69000244140625,441.3299865722656,425.2300109863281,437.57000732421875,71192100,112.28295135498047,113.2578745430427,111.68225135301425,112.63746751188236,12301000
2025-10-09,253.55670166015625,257.50917476461467,252.65841993311406,257.3195337882977,38322000,188.87039184570312,189.87860099777504,187.53599693612736,187.80287893451043,7484800,302.6093444824219,305.09536030036105,300.4898171115272,302.13392206728275,7060300,435.5400085449219,436.3500061035156,426.17999267578125,431.80999755859375,69339900,111.18987274169922,113.75026145917077,111.0224569019183,112.68671294919874,10976200
2025-10-10,244.80340576171875,255.8922708493858,243.53581752909898,254.45500785015722,61999100,188.51455688476562,189.8489518132843,187.6546222006277,189.78963297098187,9598000,298.0137023925781,307.50211054267186,297.9344502139145,302.7380934229591,8597400,413.489990234375,443.1300048828125,411.45001220703125,436.5400085449219,112107900,109.04307556152344,110.90428155817044,109.02337604623959,110.54976541469829,13811600
2025-10-13,247.18885803222656,249.2149949644775,245.09284695690994,248.90558714178317,38142900,188.6924591064453,189.0878426244488,187.09119733496354,187.63484024575644,7979500,305.0260314941406,306.5017785031187,302.53013174675476,302.6786918104351,10788700,435.8999938964844,436.8900146484375,419.70001220703125,423.5299987792969,79552800,110.53006744384766,110.58915847736117,109.62408507038785,109.84073466255515,10296500
2025-10-14,247.29864501953125,248.37659224814226,244.23447809703134,246.13087266264282,35478000,188.64305114746094,192.15198752359413,183.73052212206747,190.68910619899648,13613300,299.19232177734375,304.0653034578676,291.39755808509767,302.91638858642943,16178800,429.239990234375,434.20001220703125,417.8599853515625,426.7900085449219,72669400,110.57930755615234,111.2390985703282,109.02337642256091,109.07261769777679,11167200
2025-10-15,248.86566162109375,251.3409547309234,246.99922390992754,249.01538540478128,33893600,188.9593505859375,191.33160656608345,187.1109796787497,189.26576340131732,9473000,302.767822265625,309.13634876005415,302.520212088773,303.4611428511513,11354800,435.1499938964844,440.510009765625,426.3299865722656,434.8999938964844,71558200,109.90966796875,111.83980727002569,109.27941870764626,111.08154121041032,12182900
2025-10-16,246.97926330566406,248.56623493239263,244.66368465033412,247.77774448085987,39777000,189.8983612060547,190.81761473078961,188.2279015859536,189.12738216329106,10611800,295.6861572265625,305.72920960204,294.2302082762473,302.43105556912377,10549400,428.75,439.3500061035156,421.30999755859375,434.7300109863281,77189900,108.95445251464844,110.48084201963705,108.7082611437254,110.17555961074069,11782200
2025-10-17,251.81002807617188,252.89796599708643,246.79958926324147,247.5481624372989,49147000,190.9856414794922,191.36125205733495,189.46344130364264,190.27396621744242,7764400,294.7155456542969,296.68651306450823,291.3876792596173,296.30025689141456,10153500,439.30999755859375,441.4599914550781,423.6000061035156,425.5,89331600,110.53006744384766,111.18986597812913,109.48621851412935,109.92935994307969,13460100
2025-10-20,261.7411193847656,263.87706298772724,255.14370850365398,255.4032084113237,90483000,191.4798583984375,192.2310644671735,190.10593270864481,191.26240123179355,8034700,299.4696350097656,300.78693806489423,295.3098022126917,295.6465484229892,6894900,447.42999267578125,449.79998779296875,440.6099853515625,443.8699951171875,63719000,110.9830551147461,111.42620404282175,110.27403035351949,110.29372235529097,9523600
2025-10-21,262.27008056640625,264.7853058703715,261.3318664386604,261.3817895915523,46695900,189.66114807128906,191.31183476056947,189.55241948302077,190.77807075185612,6716000,294.25,301.1434582480101,294.16086397135297,298.7763208850087,7372700,442.6000061035156,449.29998779296875,442.04998779296875,445.760009765625,54412200,110.99291229248047,111.63301133371802,110.28387997068897,111.17017037292834,9202300
2025-10-22,257.9583435058594,262.349966966352,254.94406918261987,262.15033525743416,45015300,190.70889282226562,191.21298988100622,189.56230315049532,189.7797603324635,6343100,291.29852294921875,295.21077611588424,287.76267234049385,294.92353982678844,8054100,438.9700012207031,445.5400085449219,429.0,443.45001220703125,84023500,112.96244049072266,113.42528144049153,111.35727555995079,111.72163395713265,12938800
2025-10-23,259.0861511230469,260.12418111371363,257.51916110368444,259.4454820834593,32754900,190.2443084716797,191.75661458631456,189.3250550022384,190.33326410610792,8882500,291.72442626953125,293.53691953831486,289.7138327608809,291.5659521228084,5438800,448.9800109863281,449.3999938964844,413.8999938964844,420.0,126709800,114.21309661865234,115.06983772488677,113.60253935404117,114.85318813056784,15001100
2025-10-24,262.3200378417969,263.62754335723145,258.68694768993146,260.69313376057823,38253700,188.1982421875,190.08615890653152,187.2295789564792,189.97743032369885,6903400,297.5679931640625,299.70734860853685,292.6257039619419,293.2496561856281,7228300,433.7200012207031,451.67999267578125,430.1700134277344,446.8299865722656,94727800,113.632080078125,114.69562852426475,113.42528024356957,114.57745397030573,9919400
2025-10-27,268.2986145019531,268.60802232244004,264.1465248140549,264.37609822840903,44888200,188.0994110107422,188.59362910846755,187.33831091719009,187.79299820332676,7126000,301.2425231933594,301.6188954834183,298.13255521259686,299.27155593587753,5642200,452.4200134277344,460.1600036621094,438.69000244140625,439.9800109863281,105867500,114.1737060546875,114.22293981815812,113.34649918884276,113.93735694263816,10975400
2025-10-28,268.4882507324219,269.3765722048576,267.63986169210665,268.4782600095115,41534800,184.76837158203125,187.31853878729856,184.4619587732793,187.071429737358,8329500,302.44097900390625,305.0260451309229,300.26202744552563,301.9457586189306,6336000,460.54998779296875,467.0,451.6000061035156,454.7799987792969,80185700,113.2775650024414,114.41004673749381,113.23817348408193,113.73055619382959,9535200
2025-10-29,269.1869201660156,270.8936584399069,266.6018207191691,268.76770579477784,51086700,184.44219970703125,184.93641780369282,182.5246310788101,184.54103427695995,10551100,302.5895690917969,305.3033671273222,300.1134671686232,300.6086875532579,7520300,461.510009765625,465.70001220703125,452.6499938964844,462.5,67983500,114.6759262084961,115.26679145069946,113.06091157631114,113.16923636983752,12570600
2025-10-30,270.8836669921875,273.6184749716116,267.969239224885,271.4725408872279,69886500,186.86386108398438,187.19004683019028,184.7486082820175,184.91664062115282,7072500,306.4819641113281,309.62164411662417,302.1834552198523,302.8668617019339,7514600,440.1000061035156,455.05999755859375,439.6099853515625,451.04998779296875,72447900,112.9427490234375,114.74486404159735,112.78518294908257,114.65623875964566,16172900
2025-10-31,269.85565185546875,276.79244258078194,268.647962249571,276.4630533049319,86167100,186.68594360351562,187.30866324699156,184.60034258095476,185.2922599991901,8791700,308.1459045410156,309.8791757592273,304.3129038831637,305.5905808443981,7721300,456.55999755859375,458.0,443.69000244140625,446.75,83135800,112.6177749633789,113.47452359060154,110.90428522209764,112.24356680542397,20213400
2025-11-03,268.53814697265625,270.33474092754267,265.74348587775046,269.90556627002525,50194600,184.1061248779297,186.8440974299442,183.37469172794485,186.81444554993618,7542600,306.3928527832031,309.3344630267029,303.28285431242927,308.02707397940236,7770000,468.3699951171875,474.07000732421875,453.79998779296875,455.989990234375,84595200,112.02691650390625,113.23817376552417,111.90874194853409,112.75564081245807,12290300
2025-11-04,269.5262756347656,270.9734988318123,267.11086611942017,267.8195068636227,49274800,184.69918823242188,185.6480936170402,183.47352191944393,184.66953635312188,7209400,306.2937927246094,309.23540287266394,302.1834697809128,303.7780648320401,7085200,444.260009765625,460.2200012207031,443.6000061035156,454.4599914550781,87756600,112.401123046875,112.60792288093636,110.7959581368766,111.65269923325023,16860700
2025-11-05,269.6260986328125,271.18312844251227,266.4221834255846,268.0989800730272,43683100,183.84913635253906,185.65797643943674,183.25606858943368,184.48173492809292,5049400,308.7005615234375,310.107000668758,302.70840715746203,306.6503419445097,6865200,462.07000732421875,466.3299865722656,440.7099914550781,452.04998779296875,85573000,111.94813537597656,113.4252835340798,111.93828561790328,112.3518852990128,12400900
2025-11-06,269.25677490234375,272.8798740142925,267.38037702601645,267.38037702601645,51204000,184.8079071044922,185.35155000031943,183.22640324069272,184.60032887796228,6767400,310.4239501953125,311.83035912038315,307.2941538281452,308.01715622418413,7206100,445.9100036621094,467.45001220703125,435.0899963378906,461.9599914550781,109622900,112.75564575195312,113.188944960802,111.90874685092898,111.90874685092898,14219700
2025-11-07,267.9592590332031,271.7719991063764,266.26248096015127,269.28671541495146,48227400,184.4125518798828,186.17196713607015,183.5526021168054,185.56902044160103,6959200,311.20635986328125,311.4242580235003,304.6991875199946,308.90856044061366,7302300,429.5199890136719,439.3599853515625,421.8800048828125,437.9200134277344,103471500,115.4342041015625,115.71978697585025,113.14954862042434,113.45482349738259,17181100
2025-11-10,269.1781311035156,273.4741297822401,267.20997142836535,268.7085692371889,41312400,186.2312774658203,186.24115639867696,182.97931375749687,183.84914248376896,5323800,313.86077880859375,316.5052386427636,311.2063746689554,311.9888313123107,5794100,445.2300109863281,449.6700134277344,433.3599853515625,439.6000061035156,76515900,116.4189682006836,116.64546003805616,113.70101356006596,115.650852381483,13048000
2025-11-11,274.99267578125,275.65206242273547,269.5477586519058,269.55775905965567,46208300,191.58859252929688,191.6775481684981,186.86386864875197,187.19993334062747,7465600,312.6029052734375,316.00010979819433,312.2661590448994,314.4649387231156,5030200,439.6199951171875,442.489990234375,432.3599853515625,439.3999938964844,60533200,117.9552001953125,118.96950737055927,117.01967605641752,117.01967605641752,16077100
2025-11-12,273.21435546875,275.4722525277038,271.4460210796085,274.74292397164845,48398000,192.14210510253906,193.28869467126262,190.83737721032932,191.12401706134077,8803000,317.34710693359375,319.16951418656384,313.1872439213492,313.23678409164455,10578300,430.6000061035156,442.3299865722656,426.55999755859375,442.1499938964844,58513500,116.32049560546875,117.46281960045928,115.99552120954574,117.28556152206164,13790900
2025-11-13,272.6948547363281,276.4413491841305,271.83564282199285,273.85374352181776,49602800,192.99217224121094,193.73349940731035,191.2129840261044,191.96420520711595,8631600,306.5216064453125,317.565014483568,306.1452341336872,316.17840351377913,8973300,401.989990234375,424.5,396.3399963378906,423.1300048828125,118948000,116.98028564453125,117.93550930812972,116.47805317449375,116.82271957033755,17291900
2025-11-14,272.15533447265625,275.70200347225597,269.3479639093673,270.7965900477885,47431300,193.664306640625,194.8998519494097,191.31183862869028,192.74506817041248,8824800,300.70770263671875,304.69920788981074,298.3504790333013,304.57044575572996,10327000,404.3500061035156,412.19000244140625,382.7799987792969,386.29998779296875,105506700,118.50015258789062,118.68889697657293,115.88756919075867,117.66571049271275,17064300
2025-11-17,267.2099609375,270.2371271729127,265.48159771217263,268.5687054184609,45018300,197.2720947265625,197.96399703648848,193.6346417392758,194.68239675983705,13257000,297.4986572265625,302.66875869849656,294.8244855709175,301.0939616708072,8344000,408.9200134277344,423.9599914550781,398.739990234375,398.739990234375,102214300,116.90081024169922,118.70875924248826,116.33458466394876,118.18226972374043,16034900
2025-11-18,267.19000244140625,270.4569347049811,265.0719890725528,269.7376065335732,45677300,197.68724060058594,197.9837744779547,196.23423817558447,196.7086833299708,12468600,296.5478515625,300.05402007948175,294.1806837974681,296.6369875977812,8077300,401.25,408.8999938964844,393.7099914550781,405.3800048828125,80688600,118.24187469482422,118.68889969210812,115.70876335906323,116.48359759303432,15808500
2025-11-19,268.3089294433594,271.9555110777923,265.2517925781922,265.2817633125939,40424500,200.168212890625,201.12699722777688,197.07441778716495,197.68724341540397,14690800,300.3709411621094,301.5396841634701,296.409178349521,296.8746866890342,5546600,403.989990234375,411.7799987792969,398.5,406.17999267578125,72047700,116.572998046875,117.39750425129373,115.16240200147725,116.07630865802689,15919200
2025-11-20,266.0010986328125,275.17250947675234,265.67142054546326,270.5768036466949,45823600,200.72174072265625,202.14507614142028,199.23908646439702,199.66410677890858,10612600,295.5277099609375,306.95740445253,295.3098117912242,303.411609711364,7501600,395.2300109863281,428.94000244140625,394.739990234375,414.6300048828125,113548800,116.24517822265625,118.22200739590019,115.96703338472082,117.1988284939755,14401000
2025-11-21,271.2361755371094,273.0744516711978,265.4216397990326,265.70137680880595,59030800,201.54212951660156,204.54698392676534,200.64266406230783,201.60144835610953,13189100,295.1711120605469,298.7961284719156,290.01092472978763,298.40987233529637,11766800,391.0899963378906,402.79998779296875,383.760009765625,402.32000732421875,100460600,116.3047866821289,116.60279576188553,114.88425475654147,116.215378652987,15667600
2025-11-24,275.6620788574219,276.7410558404627,270.64675212306133,270.64675212306133,65585800,203.6672821044922,203.73646479570215,200.65254867686934,201.35434501536758,14803900,295.1513366699219,296.9539460474125,291.69470820468445,295.3890327721484,10940200,417.7799987792969,421.7200012207031,401.0899963378906,402.1700134277344,96806400,115.20213317871094,116.42398477931181,113.98027399923178,116.42398477931181,18034900
2025-11-25,276.7110900878906,280.1179060838009,274.9926967216935,275.012667049666,46914200,205.57713317871094,206.6215838446117,204.09500679162497,204.09500679162497,10275300,300.103515625,301.5891765934406,292.7346348034667,297.18170363006027,8877200,419.3999938964844,420.4800109863281,405.95001220703125,414.4200134277344,71915600,113.75180053710938,115.13259636601772,113.4339196465451,114.41736246752856,14434600
2025-11-26,277.29052734375,279.26868736786383,276.3714044558947,276.70108254872224,33431400,206.46241760253906,206.71109559930028,204.85098904051847,205.39808366901323,6729000,304.6991882324219,305.5806647286523,300.30162915288383,302.0844103036798,7910900,426.5799865722656,426.94000244140625,416.8900146484375,423.95001220703125,63463000,114.01007843017578,114.97365705250216,113.55312510411062,113.65246904450274,11650600
2025-11-28,278.5893249511719,278.73917862681736,275.73198274965245,277.0008150112318,20135600,205.8258056640625,206.3629586449613,203.54792185749713,205.90538444560678,5638300,310.0871887207031,310.7210853336642,305.29345893213815,306.14525372757277,4322400,430.1700134277344,432.92999267578125,426.20001220703125,426.5899963378906,36252900,115.1524658203125,117.95379366366068,114.05975068319684,114.1888871955968,7240800
2025-12-01,282.8353576660156,283.1550658399818,275.88187257202503,277.75011957449965,46587700,204.254150390625,206.601671225268,204.254150390625,205.40801990791223,8473700,305.96697998046875,311.038031953238,305.5906076467962,309.958455126882,7727300,430.1400146484375,433.6600036621094,425.2900085449219,425.32000732421875,57463600,115.8577651977539,116.6326070178609,115.33127565327204,115.33127565327204,12658100
2025-12-02,285.9224548339844,287.1313151163589,282.36578537497866,282.7354345985028,53669500,204.333740234375,204.5227379456605,202.02601625292777,204.15469935722084,8393600,304.9368896484375,307.5120415313108,304.1544330268201,305.7886541478843,7249000,429.239990234375,436.79998779296875,422.1199951171875,430.80999755859375,69336600,114.61603546142578,115.82795872805552,113.93060928943486,115.66902207182511,14607700
2025-12-03,283.8843688964844,288.35019153510143,283.0351573834178,285.9324708384744,43538700,204.2442169189453,205.9252826285737,203.90601848146164,204.8111948667149,8363300,309.1462707519531,309.37405277594195,303.86720471987456,304.26340519365976,8535300,446.739990234375,447.9200134277344,431.1099853515625,432.1000061035156,87483000,117.02001953125,117.19882800902268,115.11272657538204,115.18226278457817,16819100
2025-12-04,280.4375915527344,284.46382276925783,278.32954829392816,283.83440686502166,43989100,201.40928649902344,203.7767059746564,200.64336916828415,203.50812947813563,9049900,313.07830810546875,315.44544563675794,310.00793592177615,310.2654601734084,9627800,454.5299987792969,454.6300048828125,445.3900146484375,449.94000244140625,71906500,116.36438751220703,117.55643899441883,115.8875699508737,116.72200447264626,13686900
2025-12-05,278.5193786621094,280.8771882481053,277.79005013345267,280.27774306596746,47265800,200.8621826171875,202.37414907500914,199.74811005779273,201.90663323067022,7785300,312.0284729003906,315.4355916137351,311.6718985008828,312.62274341566774,6518900,455.0,458.8699951171875,451.6600036621094,453.0299987792969,56427500,115.76836395263672,117.99353029817301,115.63922743960852,115.97697258701088,12516900
2025-12-08,277.6302185058594,279.4085531850005,275.8918244790692,277.86998437615557,38211800,200.5538330078125,202.18516011668032,199.927174755095,201.58834201037314,7785700,312.1968078613281,313.44477282870224,310.3546026483966,312.0482477999388,7417200,439.5799865722656,449.75,435.25,447.45001220703125,69165800,115.21207427978516,116.22531730103631,114.2782958010143,115.06306594695681,14904200
2025-12-09,276.9208679199219,279.7682096639769,276.6611317163261,277.8999627322321,32193300,198.90261840820312,204.45309801733026,198.85287977253054,201.84695743157303,7509400,297.6373596191406,315.7524991840304,297.15202309779255,311.939326475107,18049200,445.1700134277344,452.3900146484375,435.70001220703125,437.5400085449219,62367400,117.467041015625,119.67234312511398,116.11604526528723,116.12598117519698,23790800
2025-12-10,278.5193786621094,279.48847306800184,276.1815698919154,277.490342786908,33038300,205.44781494140625,205.70644978186098,199.1214458560129,199.52928142896002,11599800,307.1455383300781,308.2152311685389,295.60691069504315,297.62741810314117,18874100,451.45001220703125,456.8800048828125,443.6099853515625,446.07000732421875,63257500,118.74849700927734,119.07631381660484,117.58624568752907,117.94386264481753,19845200
2025-12-11,277.77008056640625,279.3286197507982,273.5540244422053,278.83908758708685,33248000,208.8994598388672,210.1229665164575,206.73099498321687,206.800616929999,9009000,314.3460693359375,314.96013772429524,306.2838676543348,306.2838676543348,9721900,446.8900146484375,449.2699890136719,440.3299865722656,448.95001220703125,55979500,118.74849700927734,119.5630672833503,118.28160778287973,118.32134384245383,14781800
2025-12-12,278.0198669433594,278.9589906850317,276.5612402656973,277.64021728323,39532900,210.46116638183594,211.14752008902906,207.8550258037756,209.16803774867068,6922700,315.47515869140625,317.20842990436694,313.5735294870918,316.6240735225281,8982900,458.9599914550781,463.010009765625,441.6700134277344,448.0899963378906,95656700,118.03326416015625,119.12597928223312,117.52663886961135,118.64916172079668,14459500
2025-12-15,273.8537292480469,279.8880911943856,272.5849275039148,279.8880911943856,50409100,213.03746032714844,214.05207078419528,207.9047429304409,209.23766850267896,8467000,316.9608459472656,319.7935222813264,315.3464528736662,316.534963668203,10864100,475.30999755859375,481.7699890136719,467.6600036621094,469.44000244140625,114542200,116.98028564453125,118.24187334305759,116.07630732931369,118.22200910243764,16358700
2025-12-16,274.353271484375,275.2424541197232,271.53593087885605,272.5649667835892,37648600,208.19322204589844,213.5945008532235,207.7058077078452,212.86836535212407,9949800,312.5335388183594,316.46558945571707,311.3945381021762,316.0397072252412,8331300,489.8800048828125,491.5,465.8299865722656,472.2099914550781,107608100,113.9206771850586,116.0663713785457,113.85114097459555,115.99683516808265,17638700
2025-12-17,271.58587646484375,275.90184538512057,271.38608172110213,274.75292651919426,50138700,209.2177734375,210.40148312707717,207.35766688422177,208.28274174394826,8457600,311.9690246582031,316.3170436429019,311.65207637787455,315.3860269605939,8718700,467.260009765625,495.2799987792969,466.20001220703125,488.2200012207031,106490400,116.63260650634766,116.84121514123433,114.40743257646578,114.44716863723637,18502200
2025-12-18,271.935546875,273.374203136776,266.7004552212896,273.35420232069225,51630700,207.2084503173828,209.94390826491855,206.6613556922556,208.69057663307282,7499900,310.0079345703125,314.66301788263524,309.2353920446346,312.979256626897,11444900,483.3699951171875,490.8599853515625,473.1199951171875,478.1600036621094,95168400,115.76836395263672,116.2153813721701,114.86438562480342,116.2153813721701,13705600
2025-12-19,273.4141845703125,274.34330788170604,269.64768928264715,271.8955859651445,144632000,205.27871704101562,208.13355089193627,204.94051859312015,206.46242678675088,24803900,314.17767333984375,315.51477427620307,310.1961127673861,310.79038320864026,24494400,481.20001220703125,490.489990234375,474.7200012207031,488.1199951171875,103305400,115.91736602783203,116.79153657881096,115.1921962227349,115.97696632618475,45412800
2025-12-22,270.7166748046875,273.62395794129594,270.25711338978425,272.6048920133635,36571800,206.22369384765625,206.97966948419256,204.41331076850065,205.03998416945456,8187800,320.00146484375,320.14014104266494,314.47481933577194,314.47481933577194,8354600,488.7300109863281,498.8299865722656,485.3299865722656,489.8800048828125,86916100,117.3676986694336,117.67564365102822,116.56305674309674,116.56305674309674,11768600
2025-12-23,272.1053771972656,272.2452609569047,269.30800689497966,270.5868091030317,29642000,204.69183349609375,205.43786749372595,202.20505350398636,203.9358578426093,7047300,322.8143310546875,324.6466524002949,320.00148308544306,320.51650136966475,6668300,485.55999755859375,491.9700012207031,482.8399963378906,489.3999938964844,58223600,118.62928771972656,119.23524935952017,117.53657261774538,117.68558094503335,12567600
2025-12-24,273.55401611328125,275.17249671786806,271.9455359163183,272.085389177814,17910600,206.68125915527344,206.84041671879498,204.48295412427228,204.91067300087317,2376500,326.02337646484375,326.8355148620812,322.3884458193645,323.1213622604756,4289300,485.3999938964844,490.8999938964844,476.79998779296875,488.4800109863281,41285400,118.43061828613281,119.2551244849581,118.33128192481281,118.53989055724838,6137400
2025-12-26,273.1444091796875,275.1125687682936,272.6049054553,273.9037084592662,21521800,206.5320587158203,206.93987910302855,205.61692549143734,206.4325814439545,2316700,324.7754211425781,327.6972031402456,323.4185221880518,325.9639318748006,4158300,475.19000244140625,489.0899963378906,473.82000732421875,485.2300109863281,58780700,118.32134246826172,118.758431539622,117.74518097944652,118.10279793258158,8066100
2025-12-29,273.50408935546875,274.10350406329195,272.0954038139857,272.4350823114352,23715200,206.46241760253906,208.36232114053888,206.28337673035918,206.90009330533488,4348900,320.6551818847656,324.63674268276935,320.43728371815735,323.8741142125664,8635300,459.6400146484375,469.3999938964844,459.0,469.0,66263000,119.73194122314453,120.49684711566579,118.60942594811912,119.35446002118661,14782500
2025-12-30,272.82470703125,273.82377221524894,272.02546707967076,272.5549704076282,22139600,205.81585693359375,206.59173105435548,205.4279198732129,206.41267500751042,3937400,320.3283386230469,321.83379757815135,319.40720581728044,321.7050354533748,7904300,454.42999267578125,463.1199951171875,453.8299865722656,461.0899963378906,59238500,120.18889617919922,120.99353814268906,119.83127921295453,120.29816845104502,11150500
2025-12-31,271.6058349609375,273.42414083736213,271.49595243002375,272.80472532736104,27293600,205.85565185546875,206.40274650834,205.27871705590465,205.8158700525786,4083800,319.1398010253906,321.77437689354394,318.9615289550125,321.2395304565584,5048500,449.7200012207031,456.54998779296875,449.29998779296875,456.1000061035156,49078000,119.54319763183594,120.45711186085562,119.07631597585063,120.37763974026633,10559900
2026-01-02,270.75665283203125,277.58025431004916,268.7485221479618,272.0054842546519,37838100,206.2535400390625,206.29332184084635,202.60293362874384,205.72634389134794,6325500,322.36865234375,322.61626252061376,317.6739428368343,319.4171281542276,8054000,438.07000732421875,458.3399963378906,435.29998779296875,457.79998779296875,85535400,121.83790588378906,121.86770603383496,118.81803355745646,119.29485111594778,14175100
2026-01-05,267.0101623535156,271.25618925068443,265.89121426121545,270.38700744645297,45647200,203.22959899902344,204.8509843578355,199.8475843916204,204.781347234846,9477000,330.8468322753906,334.026138578159,322.08142570711647,322.3884599175412,10752600,451.6700134277344,457.54998779296875,444.57000732421875,447.989990234375,67940800,124.52996063232422,125.09618621633267,121.57962453395653,124.38095230413707,30112200
2026-01-06,262.1147155761719,267.2998660934885,261.8749496989937,266.7503924619391,52352100,203.70706176757812,205.6169221452363,203.04060655560488,203.51807923906964,8107900,332.90625,334.1598441675407,328.96642165340415,330.92639220894705,7660800,432.9599914550781,448.25,428.7799987792969,446.3800048828125,89093800,120.24850463867188,124.96705385497772,120.19883266800142,124.52002885557945,23328600
2026-01-07,260.08660888671875,263.4334831315393,259.56710600115036,262.95395138764474,48309800,206.39279174804688,207.15870903533664,203.94579362788576,204.17457313070608,7545900,325.3250732421875,330.45880399676645,322.947258062395,329.4539672046419,9815200,431.4100036621094,438.3699951171875,431.2900085449219,435.8999938964844,59828800,117.7054443359375,119.32465652650383,117.48689980134242,119.00677563405961,20353000
2026-01-08,258.7978515625,259.0476178563403,255.46096229095477,256.7797203952787,50419300,204.6619873046875,207.87490270971202,203.88611318431748,205.83574014080108,6557800,328.11083984375,329.7126277455971,323.99190461809644,324.7281574581884,11737100,435.79998779296875,436.8900146484375,424.3699951171875,427.8900146484375,57041100,122.09618377685547,122.81141009874412,117.87432415932456,118.19220505090117,20232700
2026-01-09,259.1275329589844,259.9667440583015,255.98048371428257,258.8377955175017,39997000,203.30918884277344,205.60697117688437,202.9311934187722,204.82115536067752,6154300,327.5138854980469,330.21007865256746,326.49908990111055,327.6631156796267,6738100,445.010009765625,449.04998779296875,430.3900146484375,435.95001220703125,67331500,123.78492736816406,124.0332720571173,122.28492332480052,122.4140674135384,16137700
2026-01-12,260.0067138671875,261.05572011368304,256.5599267903311,258.9177364764393,45263800,208.6110076904297,208.79004856995033,202.77205294406903,204.4630603557572,11794300,322.8377990722656,324.3600076252465,319.59441851466954,320.2411028663189,12805100,448.9599914550781,454.29998779296875,438.0,441.2300109863281,61649600,123.2087631225586,123.67565233999679,121.74849517146582,123.6359162811852,15314900
2026-01-13,260.8059387207031,261.56523797230057,258.148452318208,258.4781303943212,45730800,212.5202178955078,213.25631025751974,207.75555397803453,208.8000046390471,11379600,309.3169860839844,325.1957141371429,308.9886797025588,322.64875130423195,19371200,447.20001220703125,451.80999755859375,443.95001220703125,450.20001220703125,53719200,125.7021484375,126.29817417410949,123.98359985841621,124.17234424691262,21619700
2026-01-14,259.71697998046875,261.57525710051715,256.4700180914029,259.247418118488,40019400,217.39430236816406,217.70266064794117,213.0175606277502,213.59449538718158,11858800,306.30242919921875,310.17263725890126,304.5613395847709,306.6307659579143,25951500,439.20001220703125,443.9100036621094,434.2200012207031,442.80999755859375,57259500,129.33790588378906,130.8478457773565,126.2882335266516,126.5067780569478,27593900
2026-01-15,257.9685974121094,260.7959687899761,256.8096782083212,260.40631875644857,39388600,218.40892028808594,218.5879611619112,214.76827073930042,217.07599467784007,8492100,307.68536376953125,311.3466191836246,306.18304245620016,306.8993776774091,14751400,438.57000732421875,445.3599853515625,437.6499938964844,441.1300048828125,49465800,128.27500915527344,129.337916588086,127.45050293323732,128.27500915527344,17400000
2026-01-16,255.29112243652344,258.6579671912775,254.69167723491495,257.6589020182799,72142800,217.50372314453125,218.94605246635012,216.9864686699265,217.88170337226921,10021500,310.8789978027344,315.5948534301565,308.42157308655703,308.76979706409315,14652500,437.5,447.25,435.260009765625,439.5,60220600,129.02996826171875,129.29818477469024,128.0167176687486,128.0564613080259,16592400
2026-01-20,246.46937561035156,254.55180921698133,243.19244305608962,252.49373739571587,80267500,217.0561065673828,217.5733458657319,213.36571846475653,215.94201883517667,14057100,301.19854736328125,309.56573031914434,300.323023148028,304.65088058894946,12900600,419.25,430.7300109863281,417.44000244140625,429.3599853515625,63187300,129.59620666503906,131.0664030646928,129.20878953412497,130.6392422928985,16477300
2026-01-21,247.41848754882812,251.3248360900433,244.9507953165175,248.46750904444812,54641700,216.85716247558594,217.523617709026,209.38688065367336,209.8842366647272,14762900,300.50213623046875,303.8450138204667,299.61665319654776,301.88504309324475,10270100,431.44000244140625,438.20001220703125,419.6199951171875,421.6600036621094,68124000,132.725341796875,132.84454240214342,131.0366008719565,131.0366008719565,18879900
2026-01-22,248.1178436279297,250.76536025794266,247.9180183962477,248.96703988447874,39708300,217.33462524414062,220.99515803275426,216.946688180368,217.61314338335688,13160000,302.0840148925781,306.6307531542374,301.35772089620315,303.3077326815458,10535800,449.3599853515625,449.5,432.6300048828125,435.1600036621094,71546700,132.75514221191406,133.29156009444506,130.9770008295119,132.1690523578367,16600100
2026-01-23,247.80812072753906,249.17685039145397,244.45126111041233,247.08880782235642,41689000,218.97589111328125,220.0402402000813,216.68805056082226,218.63769268831862,6950600,296.2041015625,300.8304191049288,295.000271015744,300.4623078902987,11107900,449.05999755859375,452.42999267578125,444.0400085449219,447.42999267578125,56771400,134.0763397216797,135.07964686690326,133.58957864608686,134.1955403288625,17758200
2026-01-26,255.17123413085938,256.32015295784896,249.5664780183616,251.24490015634893,55969200,220.3187713623047,220.85590917617478,218.83664498443017,219.04554118755243,6856700,299.5072021484375,300.243424572115,295.9354850066467,296.2936374196168,11752700,435.20001220703125,445.0400085449219,434.2799987792969,445.0,49397400,133.9471893310547,136.03329080527234,133.28162737596318,136.02334731663586,16056100
2026-01-27,258.0285339355469,261.70511669708895,257.96859246831417,258.92771692213245,49648300,223.25315856933594,224.30755083656834,219.53293031085727,220.8260589167103,8154100,298.7809143066406,300.4324657566407,296.6319086980451,299.7957098597862,11527400,430.8999938964844,437.5199890136719,430.69000244140625,437.4100036621094,37733100,135.92401123046875,136.02334000719668,133.81805320765937,134.35447104370763,14517000
2026-01-28,256.2002868652344,258.61800761819165,254.27208306792676,257.409147241713,41288000,226.5158233642578,227.36133465606514,224.88449625169972,225.20279620683007,9026500,299.2385559082031,300.38272473319716,296.53240414079806,298.74110176244625,9556700,431.4599914550781,438.260009765625,430.1000061035156,431.9100036621094,54857400,136.66905212402344,137.09619771667622,135.7650738112262,136.77832439433692,15637300
2026-01-29,258.0385437011719,259.4072580677027,254.17216647920577,257.75880668092503,67253000,226.0880889892578,228.78376524947475,225.87920796420136,227.60005551381826,9645300,304.8598327636719,305.2677184721844,300.6812055104527,300.86028172816947,11580000,416.55999755859375,440.2300109863281,414.6199951171875,437.79998779296875,81686100,139.57965087890625,141.3975359167848,138.18892661057401,139.39092163787078,35760600
2026-01-30,259.2374267578125,261.6551472598355,251.94423313215475,254.93144331105526,92443400,226.0482940673828,227.29168402374904,224.13844891577625,227.0529476880107,11045500,304.33251953125,306.36211063628633,301.0194578342246,303.6957636347891,11953200,430.4100036621094,439.8800048828125,422.70001220703125,425.3500061035156,82626100,140.4637451171875,141.2683946138898,136.9173909644709,137.82136923864124,29657700
2026-02-02,269.7575988769531,270.2371306501278,258.9676766447768,259.7869174093499,73913400,229.52980041503906,229.96747613576758,226.0483083177362,227.11265747297156,8187500,306.5710754394531,307.72514241386267,299.83552643648,302.9097896135357,9839400,421.80999755859375,427.1499938964844,414.5,421.2900085449219,58739500,137.48361206054688,139.39091258721533,137.14586692556136,138.9041515460256,27735600
2026-02-03,269.22808837890625,271.6258386480508,267.3598109321867,268.9483513556569,64394700,231.86737060546875,233.95625667459254,229.26121487432323,230.27582535252645,9346600,313.24688720703125,314.6397527673971,307.5261644294422,308.15296152215484,12688000,421.9599914550781,428.55999755859375,413.69000244140625,424.2699890136719,56886500,142.7783203125,144.04984387155233,137.39420942637852,137.7220262255062,37577800
2026-02-04,276.23150634765625,278.68922850453845,272.03545112075,272.03545112075,90545700,233.23011779785156,234.58292668984654,231.70820969161971,233.75731392991355,8641400,315.654541015625,317.68416242077944,312.809117891095,312.809117891095,9848800,406.010009765625,423.8999938964844,399.17999267578125,420.4599914550781,74606900,146.61276245117188,146.86110713253416,143.16573706124296,143.16573706124296,29426200
2026-02-05,275.6520690917969,279.2387093202658,272.97458180817284,277.86999494352693,52977400,236.53256225585938,238.31310525407034,233.74738076944124,233.75732242542819,10267500,308.5807800292969,314.4009999973286,303.98430827226673,313.3961328396234,9388000,397.2099914550781,402.1000061035156,387.5299987792969,397.0199890136719,72819800,145.11277770996094,145.75846787035985,142.84787524629766,145.60946711265478,18431700
2026-02-06,277.8599853515625,280.6473855638201,276.67109542368036,276.8609202349588,50453400,238.72093200683594,239.6659053461298,236.72155122592875,237.6963798882826,8274000,320.7584533691406,322.59903993155126,313.10760555212,313.10760555212,17797400,411.1099853515625,414.54998779296875,397.75,400.8699951171875,62677100,148.0631103515625,148.57967156189628,145.12270249015177,145.64919203150373,17216000
2026-02-09,274.6199951171875,278.20001220703125,271.70001220703125,277.9100036621094,44623400,237.37806701660156,239.466968252147,235.78652177255736,238.97955391635966,9378500,320.4599914550781,324.73808529326595,318.4801031561584,319.70385137937853,11477500,417.32000732421875,421.25,407.2900085449219,409.9100036621094,54484300,150.20880126953125,150.54654639275728,147.64588238117187,148.27170066061862,21297300
2026-02-10,273.67999267578125,275.3699951171875,272.94000244140625,274.8900146484375,34376900,237.08961486816406,239.22823962936926,236.62209900682328,238.71098513165373,6723300,316.659423828125,324.4694603347238,313.51550984428656,320.9076714905845,9902200,425.2099914550781,427.25,417.0,418.0799865722656,64450200,150.58628845214844,150.77503284913647,148.82801889209236,150.34788724143306,15800300
2026-02-11,275.5,280.17999267578125,274.45001220703125,274.70001220703125,51931300,239.58633422851562,239.9842129594366,236.14462401145659,238.07436773043472,6803900,309.2374267578125,323.6237932822943,307.15807190859783,321.5941717066872,8703500,428.2699890136719,436.3500061035156,420.0299987792969,427.9599914550781,57362000,154.52999877929688,155.89092284145423,152.55318473124476,152.95053017548196,23091500
2026-02-12,261.7300109863281,275.7200012207031,260.17999267578125,275.5899963378906,81077200,243.25682067871094,245.0473052999273,238.41256295657277,239.2083355857912,10254300,301.09906005859375,312.0231336727285,298.492374829366,310.68996020493864,13443400,417.07000732421875,436.2300109863281,414.0,430.29998779296875,61933400,149.92999267578125,155.25,149.8800048828125,153.88999938964844,30652500
2026-02-13,255.77999877929688,262.2300109863281,255.4499969482422,262.010009765625,56290700,242.16262817382812,243.6546961418469,241.32707375448166,243.29659922239838,13268500,301.0094909667969,302.740652037527,295.0101951931391,297.0000117729552,9114500,417.44000244140625,424.05999755859375,410.8800048828125,414.30999755859375,51434100,148.4499969482422,151.66000366210938,147.97999572753906,150.5500030517578,20166000
2026-02-17,263.8800048828125,266.2900085449219,255.5399932861328,258.04998779296875,58469100,242.04327392578125,243.19714349398103,240.5909877205504,242.83904656516387,12703000,305.5661926269531,306.6705262718474,300.95976231603305,301.21844819128046,8896800,410.6300048828125,413.7200012207031,400.510009765625,412.3599853515625,59678800,146.19000244140625,149.1300048828125,145.14999389648438,148.1999969482422,19766600
2026-02-18,264.3500061035156,266.82000732421875,262.45001220703125,263.6000061035156,34203300,243.6945037841797,243.7740825673282,241.53598051736643,241.9537577453205,8129700,307.2077941894531,310.6899733588093,305.6557396172298,306.8894162356143,7209600,411.32000732421875,416.8999938964844,409.5799865722656,411.1099853515625,45921400,150.67999267578125,150.97999572753906,147.61000061035156,148.14999389648438,19849700
2026-02-19,260.5799865722656,264.4800109863281,260.04998779296875,262.6000061035156,30845300,245.60433959960938,245.6540782344269,242.97830056910783,243.3264406566298,7553900,306.48150634765625,307.6057576457843,303.5664321569553,305.6060125002564,6737700,411.7099914550781,415.25,404.1099853515625,407.25,51019600,150.97000122070312,153.3800048828125,150.83999633789062,152.1999969482422,20305000
2026-02-20,264.5799865722656,264.75,258.1600036621094,258.9700012207031,42070500,241.2077178955078,245.57450296026227,239.00939770123207,245.16666739827662,13565800,309.20758056640625,309.4165028225248,304.12358301143166,306.829734990155,7792700,411.82000732421875,414.70001220703125,405.5,408.29998779296875,57912200,147.27999877929688,150.80999755859375,146.4600067138672,150.49000549316406,25908600
2026-02-23,266.17999267578125,269.42999267578125,263.3800048828125,263.489990234375,37308200,244.5399932861328,245.5048651358389,241.31713613528814,242.3416882762172,9622700,296.1543884277344,309.4165036660153,293.5974666249826,307.22769310292153,12955400,399.8299865722656,407.70001220703125,394.0400085449219,407.2900085449219,69680000,150.75999450683594,151.27000427246094,148.1300048828125,148.14999389648438,16073100
2026-02-24,272.1400146484375,274.8900146484375,267.7099914550781,267.8599853515625,47014600,246.27999877929688,247.25,244.5399932861328,245.35000610351562,7246300,295.7862243652344,298.22376183621185,289.89638425356503,295.3086878147805,13554100,409.3800048828125,410.82000732421875,397.6400146484375,399.5,58579500,149.25999450683594,150.72000122070312,148.02999877929688,150.4199981689453,14185500
2026-02-25,274.2300109863281,274.94000244140625,271.04998779296875,271.7799987792969,33714300,245.1699981689453,247.25,243.72000122070312,244.86000061035156,7698200,301.75567626953125,302.113859047087,295.4977249020647,297.1194302945208,8095500,417.3999938964844,420.3399963378906,412.1499938964844,412.1499938964844,54809700,149.05999755859375,150.17999267578125,147.3300018310547,149.91000366210938,15225700
2026-02-26,272.95001220703125,276.1099853515625,270.79998779296875,274.95001220703125,32345100,243.47000122070312,245.47000122070312,242.02000427246094,245.11000061035156,7172600,304.5712890625,307.4366298839601,302.0939770599508,303.02916294815697,7007800,408.5799865722656,416.80999755859375,403.6600036621094,414.4200134277344,53602500,148.5399932861328,150.9600067138672,146.77000427246094,147.80999755859375,15632100
2026-02-27,264.17999267578125,272.80999755859375,262.8900146484375,272.80999755859375,72366500,248.42999267578125,248.94000244140625,242.5,244.02999877929688,16428600,298.7709655761719,301.4074969953331,292.9507760142178,298.4725052158334,18620800,402.510009765625,407.1199951171875,398.1099853515625,402.94000244140625,56890100,152.5,153.64999389648438,149.25,151.0,30275100
2026-03-02,264.7200012207031,266.5299987792969,260.20001220703125,262.4100036621094,41827900,248.55999755859375,251.7100067138672,246.8699951171875,249.19000244140625,9042400,296.044921875,298.45261340621465,291.7170645432447,293.3089239524434,8508900,403.32000732421875,404.5400085449219,388.25,390.6000061035156,55088300,154.22000122070312,159.61000061035156,153.02999877929688,159.35000610351562,31493100
2026-03-03,263.75,265.55999755859375,260.1300048828125,263.4800109863281,38568900,246.75,247.8800048828125,244.36000061035156,246.4600067138672,6178700,298.7311706542969,300.8503301542204,288.0259478174434,290.80175042735664,10278200,392.42999267578125,396.3399963378906,385.3900146484375,395.0899963378906,62617300,151.8300018310547,156.0500030517578,150.3000030517578,155.42999267578125,25198900
2026-03-04,262.5199890136719,266.1499938964844,261.4200134277344,264.6499938964844,39803100,245.3000030517578,246.57000732421875,243.17999267578125,245.75,5768000,297.8656311035156,299.4674190034017,294.31380094003714,298.4625518350298,8055700,405.94000244140625,408.3299865722656,394.5799865722656,397.8500061035156,68305500,149.82000732421875,151.16000366210938,147.86000061035156,150.72000122070312,16764800
2026-03-05,260.2900085449219,261.55999755859375,257.25,260.7900085449219,49658600,239.6300048828125,243.0,235.92999267578125,242.6300048828125,9375400,292.0553283691406,299.7061758621692,290.9410358965662,296.46279534996694,12732500,405.54998779296875,408.6199951171875,399.4200134277344,401.57000732421875,51925900,150.75999450683594,152.3300018310547,149.47000122070312,151.0,22969300
2026-03-06,257.4599914550781,258.7699890136719,254.3699951171875,258.6300048828125,41120000,240.39999389648438,240.7899932861328,235.42999267578125,238.1199951171875,7179800,288.0060729980469,288.51345559776433,282.2654325280704,284.88204628210366,13496500,396.7300109863281,402.3500061035156,394.2099914550781,398.0899963378906,64054600,151.2100067138672,153.8000030517578,149.9600067138672,153.14999389648438,21136400
2026-03-09,259.8800048828125,261.1499938964844,253.67999267578125,255.69000244140625,38218500,242.58999633789062,244.08999633789062,240.0399932861328,240.8699951171875,7844000,288.44384765625,289.61783224456605,279.02206418875625,284.04633930656934,12241100,398.67999267578125,401.5899963378906,381.3999938964844,390.04998779296875,67018900,150.44000244140625,153.88999938964844,149.47000122070312,152.02000427246094,25532700
2026-03-10,260.8299865722656,262.4800109863281,256.95001220703125,257.6499938964844,30590800,243.7100067138672,245.0,240.82000732421875,242.3000030517578,7214100,287.2598876953125,291.25940817695187,285.7177615952499,287.81703392074905,8344900,399.239990234375,406.5899963378906,398.19000244140625,402.2200012207031,59258700,148.1300048828125,150.39999389648438,147.6999969482422,149.25,19617600
2026-03-11,260.80999755859375,262.1300048828125,259.54998779296875,261.0899963378906,26218900,242.99000549316406,243.69000244140625,241.36000061035156,242.8699951171875,6933200,286.0560302734375,289.00098077209634,283.40957048917664,287.339470512306,10205000,407.82000732421875,416.3800048828125,402.1499938964844,402.2799987792969,62559900,151.5800018310547,151.80999755859375,147.66000366210938,147.99000549316406,15297400
2026-03-12,255.75999450683594,258.95001220703125,254.17999267578125,258.6600036621094,40794000,242.0399932861328,244.39999389648438,240.3000030517578,241.4600067138672,7710200,281.44964599609375,282.4345955757058,277.6789347371047,281.38992356011664,13760500,395.010009765625,406.5,394.6499938964844,405.17999267578125,60973800,153.52999877929688,155.0,151.6300048828125,152.27000427246094,26054000
2026-03-13,250.1199951171875,256.3299865722656,249.52000427246094,255.47999572753906,36930000,241.52000427246094,245.58999633789062,241.5,244.2100067138672,6415300,281.996826171875,285.72773249785536,281.50933079451545,283.2205743771862,9091200,391.20001220703125,400.20001220703125,389.95001220703125,399.1700134277344,58504100,156.1199951171875,156.88999938964844,152.97999572753906,154.3000030517578,22414100
2026-03-16,252.82000732421875,253.88999938964844,249.8800048828125,252.11000061035156,32074200,243.19000244140625,245.05999755859375,241.6699981689453,243.9199981689453,7571500,284.7029724121094,287.7971227560318,283.16084627757465,284.88204862524725,8149000,395.55999755859375,403.7300109863281,394.4200134277344,396.2200012207031,58068300,157.22999572753906,157.77999877929688,154.75999450683594,156.0,22835600
2026-03-17,254.22999572753906,255.1300048828125,252.17999267578125,252.9600067138672,32361600,238.11000061035156,244.13999938964844,237.22000122070312,243.5800018310547,7281800,285.42926025390625,290.2744588762506,284.4940440114858,287.5285022187445,8961200,399.2699890136719,400.1199951171875,393.0,395.69000244140625,46890500,158.80999755859375,160.4499969482422,156.8000030517578,158.25,21592200
2026-03-18,249.94000244140625,254.94000244140625,249.0,252.6300048828125,35757900,237.27999877929688,239.11000061035156,235.4199981689453,237.8699951171875,6811500,286.27490234375,287.93641255144826,283.6682474755719,285.36953215418885,10057000,392.7799987792969,403.07000732421875,392.30999755859375,399.0,50853100,157.58999633789062,160.17999267578125,157.52999877929688,159.66000366210938,18947100
2026-03-19,248.9600067138672,251.8300018310547,247.3000030517578,249.39999389648438,34864100,237.60000610351562,239.25999450683594,236.30999755859375,238.33999633789062,7511500,286.5037536621094,288.0359209952396,283.1708046765218,285.4193072233837,9846700,380.29998779296875,387.2699890136719,378.7300109863281,387.2699890136719,67078300,158.16000366210938,159.55999755859375,154.83999633789062,158.25999450683594,27082700
2026-03-20,247.99000549316406,249.1999969482422,246.0,247.97999572753906,88331100,235.3699951171875,238.2899932861328,234.5,236.8300018310547,17156600,285.1009216308594,289.2297850267638,283.81748141518966,286.61317132501995,22436500,367.9599914550781,379.8900146484375,364.4599914550781,379.8500061035156,78628600,159.6699981689453,162.44000244140625,159.10000610351562,159.35000610351562,53942100
2026-03-23,251.49000549316406,254.60000610351562,250.27999877929688,253.97000122070312,40546100,235.4199981689453,238.30999755859375,234.25,237.39999389648438,7313700,288.4338684082031,294.24412922690453,286.5037438804951,292.8114588483544,11470800,380.8500061035156,385.3299865722656,372.7300109863281,373.0899963378906,74606000,161.1300048828125,161.4199981689453,155.02000427246094,156.1199951171875,25021300
2026-03-24,251.63999938964844,254.8300018310547,249.5500030517578,250.35000610351562,45152300,235.27000427246094,236.0,232.24000549316406,234.13999938964844,9046200,290.91119384765625,293.9755285514211,283.9169894005904,284.71293429347423,11092300,383.0299987792969,387.4800109863281,376.30999755859375,376.55999755859375,60004900,165.3800048828125,167.47999572753906,161.25,161.7100067138672,26131800
2026-03-25,252.6199951171875,255.0,251.60000610351562,254.10000610351562,28476700,239.92999267578125,241.4600067138672,235.72999572753906,236.8000030517578,6456400,293.91583251953125,296.1245302289603,290.950994762599,292.6522795072885,12188200,385.95001220703125,396.2300109863281,385.010009765625,389.989990234375,55157300,163.25999450683594,165.0,162.92999267578125,163.8699951171875,17192300
2026-03-26,252.88999938964844,257.0,250.77000427246094,252.1199951171875,41796700,239.24000549316406,241.64999389648438,238.92999267578125,240.0,5171400,290.1749572753906,293.48798854194115,289.24969984697105,291.0902559049482,8669200,372.1099853515625,384.44000244140625,371.8699951171875,381.6000061035156,55522900,165.42999267578125,165.67999267578125,162.05999755859375,164.08999633789062,18625200
2026-03-27,248.8000030517578,255.49000549316406,248.07000732421875,253.89999389648438,47900000,240.4499969482422,242.67999267578125,239.1300048828125,241.19000244140625,7617600,281.3998718261719,288.63284454259417,280.31542537678433,287.66781259849654,9873300,361.8299865722656,369.8599853515625,359.4700012207031,369.69000244140625,62065700,170.99000549316406,171.22999572753906,164.8000030517578,165.5800018310547,30338300
2026-03-30,246.6300048828125,250.8699951171875,245.50999450683594,250.07000732421875,39446200,242.49000549316406,244.2100067138672,240.50999450683594,243.49000549316406,7241300,282.32513427734375,285.787426299191,280.89246381052374,283.2901966006573,11734400,355.2799987792969,367.2900085449219,352.1400146484375,365.8599853515625,67954400,171.47000122070312,176.41000366210938,171.0500030517578,172.50999450683594,29813500
2026-03-31,253.7899932861328,255.47999572753906,247.10000610351562,247.91000366210938,49598100,244.44000244140625,245.3300018310547,242.64999389648438,243.00999450683594,7554200,292.6622314453125,293.56760164880984,283.4991344325332,287.0012007453536,12956900,371.75,373.3299865722656,361.0,361.510009765625,75534900,169.66000366210938,174.3800048828125,165.97000122070312,172.6699981689453,32006700
2026-04-01,255.6300048828125,256.17999267578125,253.3300018310547,254.0800018310547,40059400,244.1199951171875,247.1999969482422,243.74000549316406,245.60000610351562,6314600,293.87603759765625,297.19902789200404,291.41861272257177,293.8859963972044,11267200,381.260009765625,383.1400146484375,374.0799865722656,378.6300048828125,58683800,160.77999877929688,168.0,159.52999877929688,165.77000427246094,37927600
2026-04-02,255.9199981689453,256.1300048828125,250.64999389648438,254.1999969482422,31289400,243.0399932861328,247.2100067138672,241.8699951171875,245.11000061035156,6878700,293.1000061035156,294.1148016905453,287.2499401451481,290.4237002119346,6669300,360.5899963378906,370.2799987792969,359.0299987792969,364.20001220703125,83031200,160.69000244140625,166.89999389648438,159.58999633789062,164.49000549316406,25377700
2026-04-06,258.8599853515625,262.1600036621094,256.4599914550781,256.510009765625,29329900,240.97000122070312,243.52000427246094,240.5,242.64999389648438,4442400,295.45001220703125,296.8299865722656,293.20001220703125,294.05999755859375,7142600,352.82000732421875,367.7200012207031,346.6400146484375,362.5899963378906,77697600,163.3699951171875,163.75,159.52999877929688,160.57000732421875,16344300
2026-04-07,253.5,256.20001220703125,245.6999969482422,256.1600036621094,62148000,238.41000366210938,240.77999877929688,236.00999450683594,240.77999877929688,6241100,297.3999938964844,298.17999267578125,292.70001220703125,293.1400146484375,7849100,346.6499938964844,348.0199890136719,337.239990234375,346.44000244140625,74515400,163.91000366210938,166.24000549316406,161.77000427246094,164.22000122070312,25227500
2026-04-08,258.8999938964844,259.75,256.5299987792969,258.45001220703125,41032800,241.3000030517578,241.3300018310547,233.89999389648438,236.63999938964844,8771100,307.9700012207031,311.260009765625,305.3299865722656,307.9700012207031,10590200,343.25,364.5,339.6700134277344,363.7900085449219,78838600,156.22000122070312,156.35000610351562,150.97999572753906,153.52000427246094,31311200
2026-04-09,260.489990234375,261.1199951171875,256.07000732421875,259.0,28121600,241.30999755859375,244.1999969482422,240.5399932861328,241.3000030517578,6216500,310.3299865722656,311.260009765625,306.1099853515625,306.95001220703125,6586600,345.6199951171875,348.8800048828125,337.25,343.1499938964844,62164000,155.0399932861328,159.22999572753906,154.30999755859375,156.86000061035156,25868400
2026-04-10,260.4800109863281,262.19000244140625,259.0199890136719,259.9800109863281,31291500,238.4600067138672,242.25999450683594,237.91000366210938,242.0,7354500,309.8699951171875,310.3500061035156,306.7200012207031,310.0,6069700,348.95001220703125,350.3599853515625,342.739990234375,346.2900085449219,51336000,152.50999450683594,155.1199951171875,151.9199981689453,154.0399932861328,21065000
2026-04-13,259.20001220703125,260.17999267578125,256.6600036621094,259.7300109863281,36234700,237.9600067138672,238.38999938964844,235.17999267578125,237.7100067138672,7663600,313.67999267578125,313.739990234375,305.4599914550781,307.4700012207031,8318200,352.4200134277344,356.3500061035156,348.57000732421875,350.07000732421875,53617500,152.63999938964844,154.6199951171875,151.27999877929688,154.27000427246094,18685600
2026-04-14,258.8299865722656,261.92999267578125,257.19000244140625,259.25,48370700,240.10000610351562,242.19000244140625,233.25,235.00999450683594,10318700,311.1199951171875,314.32000732421875,308.8699951171875,309.82000732421875,11455500,364.20001220703125,367.6300048828125,354.7699890136719,357.6700134277344,59979600,149.24000549316406,150.11000061035156,146.72000122070312,150.07000732421875,18528200
2026-04-15,266.42999267578125,266.55999755859375,257.80999755859375,258.1600036621094,49913500,238.6699981689453,240.4199981689453,236.75,239.94000244140625,6463500,305.92999267578125,314.239990234375,304.260009765625,313.95001220703125,9885800,391.95001220703125,394.6499938964844,362.5,366.8299865722656,113810400,149.00999450683594,150.22999572753906,146.89999389648438,148.60000610351562,15626500
2026-04-16,263.3999938964844,267.1600036621094,261.2699890136719,266.79998779296875,43323100,234.5399932861328,238.13999938964844,232.1199951171875,237.4199981689453,8668900,309.95001220703125,309.95001220703125,305.20001220703125,305.3500061035156,8208600,388.8999938964844,394.05999755859375,381.79998779296875,393.80999755859375,63515100,151.97999572753906,152.77999877929688,149.35000610351562,149.52999877929688,15191000
2026-04-17,270.2300109863281,272.29998779296875,266.7200012207031,266.9599914550781,61314800,234.17999267578125,235.5399932861328,232.0399932861328,234.36000061035156,8910500,310.2900085449219,314.8999938964844,310.0899963378906,312.4700012207031,11079100,400.6199951171875,409.2799987792969,391.6499938964844,395.9200134277344,90388400,146.44000244140625,146.8000030517578,141.97000122070312,144.86000061035156,28886500
