Price,Close,Close,Close,Close,Close,High,High,High,High,High,Low,Low,Low,Low,Low,Open,Open,Open,Open,Open,Volume,Volume,Volume,Volume,Volume
Ticker,AAPL,GOOGL,JPM,MSFT,XOM,AAPL,GOOGL,JPM,MSFT,XOM,AAPL,GOOGL,JPM,MSFT,XOM,AAPL,GOOGL,JPM,MSFT,XOM,AAPL,GOOGL,JPM,MSFT,XOM
Date,,,,,,,,,,,,,,,,,,,,,,,,,
2023-04-17,162.87046813964844,105.10133361816406,130.5922088623047,282.1188049316406,103.56336212158203,163.02818690758198,105.28977855307458,130.80701004727862,284.8540468047271,105.19762740242732,161.68760746192598,103.66321515910445,128.56557044137327,279.5398949610126,103.31054942981703,162.73246797792896,103.80207449899135,130.70427656738232,283.2226679530425,104.27665900970713,41516200,37571200,16050500,23836200,13260400
2023-04-18,164.09278869628906,103.64337921142578,132.0584716796875,281.6987609863281,105.58588409423828,165.01936778477705,105.66665757008278,132.4133717236845,285.01035006411087,105.8296658084975,163.28449117964493,103.21690375984336,129.84504914380517,280.3702379257405,103.2022115806008,163.72807715584273,105.61706440974724,131.0031342737207,284.82474319365,103.28346985581067,49923000,26596400,13760100,20161800,17436100
2023-04-19,165.23619079589844,103.32601165771484,131.89039611816406,281.7769470214844,105.25180053710938,165.75862101045766,104.11945689106093,132.15189696503316,282.36304264200237,105.54976130737599,163.17602528319068,102.22510999070306,131.12456203038505,277.9573982326938,104.52947264954715,163.4323220199929,102.73093151613256,131.8997303445782,279.3738357310493,104.80937832250787,47720200,20905700,9158100,17150300,10682600
2023-04-20,164.27020263671875,104.42691040039062,131.50746154785156,279.4911193847656,104.4120864868164,165.47278202514906,105.37904011363008,132.0864970243593,282.3435812467073,104.44820356631863,163.19577163848064,103.01855233915232,130.6015429309586,278.4849485884654,102.2360858336788,163.71820194187683,103.05822535639409,130.6669252593258,278.6510289270091,103.95160233394876,52456400,27820800,10586200,23244400,17038700
2023-04-21,162.66351318359375,104.54593658447266,131.25527954101562,279.14923095703125,104.74617767333984,164.07308551692935,105.13109660328743,131.7876295784063,279.64741233312054,105.53170186471816,162.141082804298,103.92109597885471,129.61155830847594,276.5116808961058,104.06899784566643,162.69308357933554,104.60544233096776,130.50814259486725,278.41658147472793,105.17956890541834,58337300,25800100,11842500,21676400,14315300
2023-04-24,162.96902465820312,105.10133361816406,131.43272399902344,275.2514953613281,106.72352600097656,163.23517316391397,105.75591946719655,131.77828978527313,278.35795159650013,107.34653357625089,161.5495860155954,103.84173994826861,130.78830629708887,272.27206627525993,104.62878358011805,162.64373538253156,104.62526499144161,131.18057170318022,275.564099605755,104.66490066013976,41949600,23542800,7567500,26611000,15831300
2023-04-25,161.4313201904297,102.99871826171875,128.57489013671875,269.04840087890625,105.2066421508789,163.93504162144998,105.81544212100182,130.71361027176334,275.08542457289633,106.30818897157894,161.3918829793584,102.98879811509617,128.53753898948895,268.9995397003019,104.40305607124597,162.83104036567903,104.96249111597527,130.37739294379983,273.04377855903545,106.13664145378188,48714100,46664100,10629300,45772200,12179800
2023-04-26,161.4214630126953,102.85986328125,126.29607391357422,288.536865234375,104.24052429199219,162.91976126426218,105.47822196102051,128.7056288366443,292.63971378431694,105.7212899977907,160.47518046288778,101.788714484929,125.14733741851701,285.95795485763057,103.54528950725417,160.73146218660858,104.05994371224027,128.5281788392935,289.8361135268747,104.76421157269918,45498800,53347600,14416100,64599200,15566100
2023-04-27,166.00503540039062,106.70805358886719,127.9958724975586,297.7779541015625,105.4865493774414,166.15288731865132,107.48166608530138,128.7990576564003,298.1394194472939,105.6490727942204,162.83101720070817,102.6912570160058,126.69770262752995,288.4195939418956,103.72587788089749,162.83101720070817,103.59379357823073,127.01523730060727,289.1229384286453,104.3940335324493,64902300,50089200,9041100,46462600,16279200
2023-04-28,167.25692749023438,106.4601058959961,129.10726928710938,300.15179443359375,106.84993743896484,167.424513091262,106.47002604243367,129.18198584913924,301.7831436206851,108.27653116911513,165.4826438930684,104.22854965938166,126.70704782810371,296.2931626094283,105.48655376834239,166.08393356927388,106.16256960456029,127.53824998593628,296.9769805922049,105.86577279373556,55275900,36139800,9887300,36469600,24381900
2023-05-01,167.168212890625,106.32125854492188,131.87167358398438,298.49114990234375,103.53627014160156,168.01593249804148,107.10478367534759,133.8983116604561,301.460830664017,105.9109182655112,166.2317821133474,105.94437619998563,131.52612205157675,298.0906312953761,103.33762964119236,166.86264216717663,105.96420892683281,132.86164281251018,299.8685344351108,104.72810625542793,52472900,26681700,20415800,21294100,17355000
2023-05-02,166.13319396972656,104.45665740966797,129.7423095703125,298.34466552734375,99.40998077392578,167.91735928630777,106.32124371426752,133.00174938505765,302.02743982366337,102.87714449645155,165.14747425578494,102.85985449785488,129.2846760746085,296.8793664443899,98.67862888616297,167.6610625345139,106.2617379751714,132.05846547051718,300.640306719622,102.87714449645155,48425700,30997200,14113400,26404400,24324100
2023-05-03,165.0587921142578,104.54593658447266,126.99655151367188,297.3579406738281,97.45068359375,168.47924132633688,106.60888065380296,129.5088404117128,301.4705373047011,99.14814506861268,164.7729399649435,104.09962078519486,126.7910845535605,297.05511466369126,97.29719116600457,167.07952089132834,104.66494807746287,129.29403922640566,299.52658392125915,98.48902728423344,65136000,21795400,12930900,22360800,16212300
2023-05-04,163.42247009277344,103.83183288574219,125.25940704345703,298.34466552734375,95.74418640136719,164.65461977543495,104.73436945840507,126.75370933311314,300.640306719622,98.1910616866473,161.96360907995128,103.117733691147,123.10201862267408,296.3811552164781,95.62681106040665,162.535328337613,104.62527054996112,126.04392358342402,299.155451236147,97.42359269716702,81235400,23419500,17089200,22519900,17177200
2023-05-05,171.09136962890625,104.70460510253906,127.70633697509766,303.46343994140625,98.12786102294922,171.81094077356033,105.0120615016026,128.77102280482822,304.75291031393346,98.80504077599075,168.32148473339686,103.25657414647502,126.93116885115082,297.2310296191115,97.08951735722647,168.5383442631647,103.96075311756313,127.42615349343724,298.6474973511191,98.01048567899501,113453200,26639300,11261400,28197100,14968200
2023-05-08,171.02236938476562,106.8865737915039,128.01455688476562,301.5096740722656,98.51610565185547,171.3673772990156,107.07501872614742,128.85509320709122,303.02383420465094,100.19551189891699,169.65221959190652,104.29797570257264,127.46352406161003,299.0088995873121,98.45290248722965,170.01693107088172,104.31780842718317,128.40680811856598,302.9554464323352,99.77114484130287,55962800,26511400,7484900,21318600,11187800
2023-05-09,169.3170928955078,106.47002410888672,127.39815521240234,299.8978271484375,98.5431900024414,171.06180609803263,109.2470748463162,127.90247415260858,302.86750779057024,99.52736142128222,169.14952233576255,106.31133960304034,126.27743537249054,299.2237873018419,97.70348689370236,170.57881302608763,107.50149988087897,126.94985587585687,300.8746930349145,97.82086222918892,45326900,36360100,7343600,21340800,11370800
2023-05-10,171.08152770996094,110.8339614868164,127.46350860595703,305.0849914550781,97.27912902832031,171.54481722364216,112.01420922516127,128.93912835459855,305.75903132119197,99.32873031747927,169.4452292165715,107.04527514179809,125.95987193335027,300.55234911259487,96.3491365822751,170.54924563088602,107.08494816131481,128.83639488315123,301.4803538446717,99.0849417433219,53724500,63153400,8133400,30078000,14884800
2023-05-11,171.268798828125,115.61444854736328,127.06195831298828,302.9359130859375,95.51847839355469,172.09679977091955,116.95338077292648,127.77174433415396,303.9225573251691,96.44847097597479,169.71135988855104,113.4721584998331,125.98792367815392,299.17500268454444,94.74197826114707,171.3673768150292,114.45404112299883,126.08132295100151,302.9261646974244,96.15051018103539,49514700,78900000,7057300,31680200,17165900
2023-05-12,170.3409423828125,116.54674530029297,125.24075317382812,301.82220458984375,95.50943756103516,171.8116866019269,117.06247940985591,127.93982613249807,303.46333185493665,96.6200154602089,168.79121464447562,115.15821991274791,124.33483462102346,299.5070375888062,94.60653116414335,171.3773676163626,115.72354718741605,127.78105881148507,303.3656393200101,95.98797684920716,45533100,41102300,9988600,19774700,12613300
2023-05-15,169.847412109375,115.55493927001953,126.29607391357422,302.3009033203125,95.69159698486328,170.97268634600138,117.50879187706043,126.70700774939242,302.73072668738115,96.47483513135155,169.2551561693846,115.05903790038903,125.10998627468017,300.47416891606105,95.24533565204263,170.92332917405315,115.15821666094425,125.3995039542641,301.94924591720934,96.09232541750528,37266700,36266800,7639500,16336500,13715600
2023-05-16,169.847412109375,118.53034210205078,125.44624328613281,304.5281677246094,93.36920166015625,170.903583292935,119.76017532413435,126.95921447814978,306.452594750173,95.45480021931573,169.58089543020992,115.47558798788296,125.11002588227049,302.66235026842685,92.91383097776523,169.76844364659667,115.5350937281414,126.51092935657569,302.66235026842685,95.29086649571876,42110300,45035600,6477200,26730300,14795200
2023-05-17,170.4593963623047,119.84944915771484,129.30337524414062,307.4064636230469,95.4638900756836,170.69628668546216,120.67264731450432,129.4341256523218,307.8274270875237,95.83729729419335,168.21871333171157,117.91543668511788,126.51091704425899,304.2149092490743,93.66972884185704,169.492059065459,118.62953592633984,126.92183671945286,305.7323794637119,94.16152991217525,57951600,33323600,12711500,24315000,14064700
2023-05-18,172.7889404296875,121.8231430053711,130.2840118408203,311.83154296875,96.3291015625,172.97648867280256,122.29920412469264,130.4988130314299,312.3406428632518,96.45661173348323,170.3508433925847,119.83953735220288,128.65895882093156,307.1323477805687,94.83548642794531,170.76541658498283,119.95854884860573,129.13527508145933,307.92533659511486,95.218003044086,65496700,35234200,10999600,27276000,12005600
2023-05-19,172.89749145507812,121.75370788574219,129.98513793945312,311.6552734375,96.7753677368164,174.11159953538055,124.93739380984856,131.20860543284945,312.05666755980644,97.49485416233486,172.68033195301507,121.1487076020142,129.00451705077612,309.7266396617467,96.37463936098223,174.11159953538055,122.53723296740392,130.55483917276476,310.08886536616376,97.057695302479,55809500,41353400,13492200,27546700,13359600
2023-05-22,171.9499053955078,124.02493286132812,128.91111755371094,314.4356384277344,95.60051727294922,172.45332751081392,125.39361788753433,132.28262532133834,315.8160338813464,97.48575152348491,171.2095929310653,121.73386343823515,128.56556597457688,311.33222095812204,95.5185469411495,171.73274586766902,121.93222852186562,131.68490716381527,311.90982815472574,96.39285777271917,43570900,35253000,11402500,24115700,12882000
2023-05-23,169.34397888183594,121.55533599853516,127.56621551513672,308.6399841308594,96.90288543701172,171.1404774028389,123.60836727655007,129.84501986130496,315.94332604860966,98.56043449146406,169.0675968111729,121.20820656831121,127.44481362014079,308.63018455651456,96.31090214290616,170.89370662105455,123.14222636559451,128.45345117431629,313.3098099504378,96.529478131294,50747300,34046300,9514900,30797200,14394400
2023-05-24,169.62037658691406,119.90896606445312,126.39884185791016,307.25958251953125,97.98664093017578,170.19288666082696,120.91068906155631,127.34212594313692,309.8539301457172,98.82452810262713,168.317434571077,118.87749019255021,126.15602372991617,306.0456005180939,97.20340990223836,168.88006417332414,120.12716390212464,126.45487571431444,308.1211084957931,97.79538611479997,45143500,34182600,8578000,23384900,16340300
2023-05-25,170.7555389404297,122.46780395507812,126.70702362060547,319.0761413574219,96.22891235351562,171.65377326209193,124.2927173391139,127.2673906034073,320.0355435840167,96.93017997522696,169.47232768730396,120.96025957388359,125.68903737754901,313.28044007035,95.36370409998207,170.18302884098296,123.49927213144791,125.91318702081462,316.452394965502,96.48391876141065,56058300,42317000,8472500,43301700,14316500
2023-05-26,173.1640167236328,123.58855438232422,127.89312744140625,325.8998107910156,95.60051727294922,173.49963649375093,124.23322775152575,128.50952828093497,326.39908122008313,97.40378119168517,170.873991291327,121.44625658316629,126.66967423765121,317.07899806419516,95.47301404428727,171.08128541223243,122.16035584955227,127.1179592797064,317.2160427328644,96.96662925010276,54835000,35635900,8579900,36630600,12370300
2023-05-30,175.00990295410156,122.65625,128.37876892089844,324.2550048828125,94.75352478027344,176.6780764350482,124.62994301273424,128.62158699949254,328.68987947656177,94.82638575119425,174.28933623535073,120.99994114625623,127.03389963789574,323.579491610932,93.45116445578357,174.67429818774622,124.61010271936992,127.7623681244016,328.19060914102903,94.07046881180122,55964400,35076700,7399900,29503100,11938000
2023-05-31,174.96051025390625,121.86280822753906,126.74443054199219,321.4942321777344,93.05953979492188,177.03339115324283,123.04304837018027,127.7997682792983,328.8856796035957,93.84277781394363,174.47683402760893,121.49583848112029,125.52096270375112,320.45646337468304,92.65881142749562,175.03947872320146,121.74378917189807,127.6970347738194,325.3123310459061,93.15972188677844,99625300,37325800,14219900,45950600,24926100
2023-06-01,177.7638397216797,122.70584106445312,128.49085998535156,325.5962829589844,94.13421630859375,177.7934510177162,123.40009998321423,129.09791241763068,326.52634626965755,96.15606299861865,174.64465267112755,121.6148595206051,126.50157262146813,317.90134604784606,92.22166107017172,175.40471108002404,121.8132170497212,127.50089054158505,319.08592941453026,92.66792233784253,68901800,30772700,12248100,26773900,13551900
2023-06-02,178.61270141601562,123.64805603027344,131.18992614746094,328.3570556640625,96.32000732421875,179.43198227661338,125.11592753657705,132.13319591046866,330.41296452982044,96.65697717744852,176.94452840385708,122.74551939681675,130.13457442941316,325.56689576601605,95.1997924040635,178.69166987914852,122.97362980848881,130.340041387807,327.2312100565703,95.77356390275001,61996900,26980100,12922500,25873800,14112000
2023-06-05,177.2603759765625,124.97705078125,129.9010772705078,328.8857727050781,95.8919448852539,182.561007136821,126.38540869142366,130.8536954120118,331.45075190474944,97.62235461093765,175.74025964458482,122.82483333614967,129.00450722615906,327.6326519557442,95.70979247031637,180.27098229225282,122.99344553305492,130.8536954120118,328.1808904162806,97.62235461093765,121946500,32305500,8511900,21307100,10628000
2023-06-06,176.89520263671875,126.26641845703125,130.1345672607422,326.6731262207031,96.67518615722656,177.79343698174293,127.23838101293813,130.8443673509023,328.3276407045584,96.78447066146872,175.13818052764557,124.33240592558523,129.07922985155474,325.1948546661747,94.69887929026449,177.64538051324874,124.97707929168565,129.51816641951615,328.2884722895139,94.85370363687713,64848400,26638300,9329500,20396200,12209800
2023-06-07,175.52313232421875,121.49583435058594,131.3953857421875,316.5894775390625,98.8427505493164,178.8693435880805,127.98221754198133,131.93707003389363,327.4661687531418,99.17061796778881,175.0295907510138,121.11895203748432,129.65826516903496,315.7279515267093,97.20342040535897,176.13511905525095,125.92919376166726,130.33069985868914,324.6858083621168,97.25806265896951,61944600,52539000,9281400,40717100,16027100
2023-06-08,178.2375946044922,121.13878631591797,131.43272399902344,318.4299621582031,98.5331039428711,178.5040961851235,122.21985523958173,131.58215708222744,319.7809886890354,99.39830540265712,175.16776569867469,120.24616233464845,130.265304756598,316.5600661501271,96.44750552206388,175.60206959137867,121.22805249747213,131.37669015550273,317.137673313342,99.06132861861592,50214900,29389200,7368100,23277700,13517100
2023-06-09,178.62258911132812,121.2280502319336,131.69422912597656,319.9278869628906,97.80449676513672,179.87617397731293,122.74550718830598,132.43204609200288,323.06067362544843,98.91560213921146,178.2968498358667,120.9106736630639,130.94709218668604,317.59785876983193,97.59503018055773,179.1556074319137,121.2478829569892,131.07784257613426,318.16566645574613,98.778989569736,48900000,23778300,7249100,22529000,12251600
2023-06-12,181.41600036621094,122.6264877319336,131.68492126464844,324.8816223144531,96.92108154296875,181.51471470308874,123.0331304793446,131.98378750077507,325.1263726657708,97.50395538340138,178.6324337942364,120.66272258318774,130.52683597574745,318.33210052305157,96.13784351706161,178.92856174317663,121.78345693305364,131.75030359782357,321.6802685980965,96.36552882811824,54274900,28306400,7596600,24260300,14112000
2023-06-13,180.9422149658203,122.81493377685547,132.63751220703125,327.2703857421875,96.9393081665039,181.7713612206094,124.1340332227792,133.43134876280965,329.90390189326365,98.6697111129635,180.08345742062403,122.17026048948374,130.8817090589414,323.4522862648796,96.79358622030676,180.4388079672042,123.95550842884325,131.19924368125277,327.44659882342825,97.79540028099517,54929100,22278300,7701600,22951300,13533800
2023-06-14,181.57395935058594,122.65625,132.14254760742188,330.2563781738281,95.7735366821289,182.00827838693002,123.03313990537379,134.1224864357795,331.92069275389673,98.46022012731446,179.66889592317074,120.45444658155986,131.40473053409755,325.821502362411,95.07226214936179,181.00144926283193,122.09092270879414,133.55278517375058,327.31937353377026,97.85912767065693,57462900,30592300,9068700,26003800,16627700
2023-06-15,183.6073760986328,124.06460571289062,133.63681030273438,340.7904357910156,96.43839263916016,184.11079826742196,124.43157546435972,133.9263279908492,342.4938888787712,97.47663713232299,181.4061843544464,121.39666138886585,130.77897031580065,330.11932517633295,96.02856184653436,181.58386719687115,122.13059332494937,131.30197184926266,330.3934444074288,96.08320409930994,65433200,35246300,9343100,38899100,16224100
2023-06-16,182.53143310546875,122.51739501953125,133.79559326171875,335.1415100097656,95.74623107910156,184.57470266619666,125.07624798326509,134.45869373040634,344.08959644957883,97.23984626632881,181.88983501651188,122.26944432692575,133.0858074190779,334.76951460321436,95.59140672456813,184.31805138125782,124.89772318191494,133.59947478908592,343.9427522263679,96.86644594372437,101256200,45535600,13813500,46552000,43128900
2023-06-20,182.62025451660156,122.09091186523438,133.11383056640625,330.9514465332031,93.55133819580078,183.69618663444365,123.5488630569753,133.55278140759413,334.8968213999289,95.4183535071158,182.02801364300083,121.13878217339122,131.72226149001006,328.8074308489354,93.0048948595233,182.02801364300083,121.9223072208865,133.1885471192388,332.18499798901604,95.33639013345598,49799100,26097500,8428600,26375400,17514100
2023-06-21,181.5838165283203,119.56182098388672,132.91769409179688,326.5556640625,94.59869384765625,183.01508403325016,121.65452532950529,134.5053814350717,330.63811253956635,95.29085217804042,180.2315024183292,119.11550521954592,132.3293102245923,325.09696171811146,93.19615152281862,182.51166200493424,121.39665450345422,133.45936408773872,329.306655264913,93.3509758639516,49515700,30306300,9926500,25117800,13285700
2023-06-22,184.58457946777344,122.14051818847656,130.35870361328125,332.5765686035156,94.07958221435547,184.63393664574576,122.22977680974192,133.17919248489687,332.9779627764546,94.6169162640838,181.29759022920584,117.8559303300752,129.7703197565961,326.34033425250004,93.48759895988508,181.36669329070625,119.01633780765464,132.90834324104497,327.1039541755478,93.66063508775432,51245300,26952200,10075200,23556800,12455300
2023-06-23,184.26869201660156,121.33715057373047,129.67698669433594,327.98504638671875,93.2599105834961,185.13733008755815,121.78346637257002,129.9851729562011,330.8633129640672,93.64242026218173,182.62026481317798,120.06764420404919,128.52823544265038,326.4480368570244,92.54953348067859,183.15329819733586,120.3850207964695,129.3874546365206,327.3389018615229,93.43294670571787,53117000,34913600,9919500,23146900,17933600
2023-06-26,182.8769073486328,117.36993408203125,129.9945068359375,321.6998596191406,94.98120880126953,185.6209974197008,120.99993578775403,130.76032666699746,329.0521396707675,95.54587089555955,182.83741558637178,117.30050819204033,128.5936033455019,321.59215393137123,93.07775591537894,184.4167547195407,119.77010249354858,129.6956405842955,326.7123419071995,93.07775591537894,48088700,33969900,8429700,21520600,14283400
2023-06-27,185.63087463378906,117.36002349853516,130.00384521484375,327.54449462890625,95.21798706054688,185.95661391553264,118.10387557545451,130.60156348649275,329.0913036434743,95.27262930436409,183.27174625542975,115.14829999374557,129.38744423918854,322.38513830210024,94.05223258802086,183.48890577659213,116.1202700370029,129.81706092696487,324.8913794122553,94.76261649966125,50730800,39535900,8154000,24354100,13227500
2023-06-28,186.8054962158203,119.19486236572266,129.43409729003906,328.79766845703125,95.99212646484375,187.44709427325768,119.4031400484243,130.0131469000075,330.88294648753094,96.37463611156801,185.17681495512898,115.89215718247867,128.84572770751336,326.8004969786541,93.98849160163279,185.50253915791174,116.1301877388727,129.96644728216324,327.6326542510409,94.99941491683558,51216800,27091400,7558600,20259500,13084100
2023-06-29,187.14109802246094,118.12371063232422,133.95436096191406,328.014404296875,97.17610168457031,187.61490879718235,119.07584040154654,134.07577713627336,329.05214338180554,97.20342976241083,186.49949997485513,117.33027294139967,130.61088443658164,325.6354380857654,95.746238007414,186.63769101872532,118.26256241740738,130.81635138516293,327.6815474089493,96.22893677158972,46347300,24090900,15423200,16997000,11364400
2023-06-30,191.46453857421875,118.71878814697266,135.83157348632812,333.38909912109375,97.67700958251953,191.96794560784363,120.08748080780242,136.35457505574118,335.5331142814067,98.25077413038963,188.78953634841974,118.708875567441,134.1691695332407,330.11923848147313,97.27628116587086,189.1547673916645,119.1849366580173,135.04707113220857,330.6576772264797,97.74076119894954,85213200,29532200,14212800,26832800,13544700
2023-07-03,189.97406005859375,118.91716003417969,136.92428588867188,330.8927307128906,97.86825561523438,191.37571654835668,119.20478376097655,137.73680522331213,333.7416288636086,98.77899688127796,189.28308969373236,117.84601116890617,136.35458465672096,329.5025652160325,97.51306707734975,191.27700219289193,118.26256653867198,136.53203468399295,332.06754454627674,97.89557674147098,31458200,14467900,8021600,12508700,7397000
2023-07-05,188.85862731933594,120.75198364257812,136.0121307373047,331.0492858886719,97.36735534667969,190.48730854754436,121.60493460466255,136.7550004176732,334.47579046215725,98.28719905331818,188.15779163185775,118.25264406620929,135.74883406462274,327.7011181507027,96.62965017157958,189.09553270560195,118.26255664547801,136.29423841477606,328.05354428027886,98.02308324351749,46920300,27584800,8934900,18172400,12491200
2023-07-06,189.3324432373047,119.12542724609375,134.66744995117188,334.1038513183594,93.7334976196289,189.53973735512338,119.31387218735846,134.8367059634684,335.7877351950813,96.28357616661907,186.7561552507634,117.42944547527459,133.00302742062036,328.45502307798586,93.28723630584739,187.38788795320247,118.81797081927608,134.4887812613519,330.2172139336629,95.70980467192351,45094300,24745200,9709500,28161200,17961400
2023-07-07,188.21702575683594,118.5006103515625,135.73004150390625,330.13885498046875,93.95205688476562,190.1813268348204,120.05774055629345,137.1405657343438,334.61289857162126,94.7170760871591,187.78272178125238,118.42126430584051,134.46997663504473,329.92347347630437,92.49486554008669,188.93760736945495,119.11552328876944,135.3256981118395,332.19476390626494,92.82273289779913,46815000,21709500,8981500,21214800,21929200
2023-07-10,186.17376708984375,115.49542236328125,136.4917449951172,324.8619689941406,95.34551239013672,187.5359467558433,117.34017600620315,137.28164960047815,328.1905971184104,95.40015464663567,184.62403920180722,115.18796594507899,135.88052346636812,320.71101328852956,93.57867198035146,186.8153651594175,117.33026342725442,135.88052346636812,327.5738215556575,93.77903618538751,59922200,35315200,9100100,32791400,14877600
2023-07-11,185.65061950683594,116.17977142333984,138.62632751464844,325.4886169433594,96.5112533569336,186.85486227702734,116.74509867791642,139.0024759399404,325.8704119772488,96.6842964214779,184.18974051380027,114.40444362500358,137.01833783588555,320.13347775646093,95.45479014999596,186.71667122446578,115.33674061449469,137.61074828925305,324.10822129809816,95.8646278899581,46638100,23078800,11260900,26698200,12576500
2023-07-12,187.31878662109375,117.9551010131836,139.312744140625,330.1192932128906,96.98482513427734,189.22385000348103,119.34362637246984,140.93014609710974,334.4758316380157,98.04128822547509,186.03557542450565,117.4393669141167,138.231348176639,328.62142222429776,96.65695775758864,187.22993768452707,117.82616938013048,138.6545024952165,329.53188638120173,97.44930507598694,60750200,30404400,11323200,29995300,13238200
2023-07-13,188.0788116455078,123.51911163330078,139.98985290527344,335.4645690917969,95.2088851928711,188.72042471252908,123.80673533006852,140.4600277474069,336.5218772871451,96.74804003322294,187.32863389417258,119.46263457450904,138.93666585044562,331.9009902308977,94.09777982516648,188.0393349477294,119.93870320943425,139.82999518077975,332.4296592669453,96.51124537738329,41342300,44297900,11234900,20567200,26826800
2023-07-14,188.22689819335938,124.39190673828125,140.83615112304688,337.99041748046875,91.93021392822266,188.71055932283986,125.74075916657561,143.7700370233772,344.0504382444472,94.76261946132618,187.18059240914323,122.47772701039696,139.5572752064884,337.07995339278386,91.55680672139255,187.77283329330808,123.77699383825481,142.5099721147579,340.29107663490123,94.76261946132618,41616200,33283100,27028400,28352700,28181900
2023-07-17,191.4842529296875,123.62822723388672,144.2307891845703,338.4701232910156,92.3309326171875,191.8099921548826,126.05814119884347,144.57871385563266,339.70364458763055,92.59504837686292,189.3324039740118,123.18191140958396,141.38153177647354,335.0142499676755,91.27447652688919,189.42123783678522,124.90765382325283,141.38153177647354,338.4211553009667,91.72984708872887,50520200,25716200,17262400,20363900,18051300
2023-07-18,191.22764587402344,122.7455062866211,144.4940948486328,351.9411926269531,91.91200256347656,191.81990188608006,123.65796296956178,145.18994423405886,359.0781209733801,93.07775021724716,189.93456914478574,121.95206108684837,143.70420478207672,334.98491162000175,91.38377098648547,190.8525644573039,123.57861693621366,144.2307981597808,338.56803033946636,91.91200256347656,48288200,26193600,13491700,64738600,24617800
2023-07-19,192.57992553710938,121.0296859741211,145.04891967773438,347.623779296875,92.54953002929688,195.6694855056854,124.1538660880998,145.9516615690135,354.84881389642584,93.25990710562282,190.1615598085878,120.80157558357863,143.14001121819382,345.0392313202001,91.80272246849212,190.60575926840173,123.57861868845079,143.6383953372702,354.15373131724334,92.03040778518142,80507300,37224000,12510000,39732900,15556500
2023-07-20,190.63539123535156,118.22289276123047,146.83555603027344,339.5862121582031,94.17975616455078,193.9322456468904,123.07280793107658,147.24931207038827,350.4531337158096,94.40744147745407,190.01352397351403,117.25093023799634,145.1993572243928,338.11771005249284,93.22347507099524,192.57006595398724,120.42469622569655,145.3121945631174,346.1455335144098,93.38740877422177,59581200,37906800,9935900,33778400,15740200
2023-07-21,189.46075439453125,119.03617858886719,145.7071533203125,336.5513916015625,94.61688995361328,192.45161532627134,119.9982285952709,146.82617153003497,342.944271278565,95.06315113588457,188.75991868585442,117.75675952969813,145.46266761385175,332.69412265154926,94.04312557640735,191.59285775033445,119.63126637165477,146.50645614114134,341.8184253392334,94.86279393556082,71951700,72937900,10636400,69405400,17121500
2023-07-24,190.26028442382812,120.5337905883789,148.57521057128906,337.8631286621094,96.10140991210938,192.3923877240068,121.99174188501857,149.3180803107643,339.63514852458513,96.68429068201429,189.76674282999198,119.98830359973758,145.50026390451757,335.1219369374352,94.68065584075148,190.9117629424984,120.6627297925078,145.72595293417018,338.5876099496475,95.04495371629055,45377800,29686100,14381400,26678100,15090900
2023-07-25,191.11903381347656,121.20822143554688,147.46560668945312,343.60992431640625,96.24713134765625,191.92844922240585,122.14051850552042,148.31191544958145,344.5008191812914,96.62053163057422,190.4280786239598,120.02797366116377,146.656905593702,337.82402242034016,95.2088869241618,190.83278632842445,120.36519055392536,147.91697040494864,339.8211637778006,95.68246929604888,37283200,52509600,9944700,41637700,14116100
2023-07-26,191.98768615722656,128.21034240722656,148.3494873046875,330.67730712890625,95.70980834960938,193.11296042478057,129.90631659089652,148.8102635864984,337.43244099686376,96.28357986635233,190.8229351880455,127.26813284588675,146.9577744811679,326.11515681266013,95.29997750771182,191.1684052777898,129.00378761340536,147.36213210573467,334.2702555757294,95.72802706832789,47471900,61682100,8728600,58383700,15159600
2023-07-27,190.72422790527344,128.33924865722656,146.71331787109375,323.7752990722656,96.0103530883789,194.6528150463848,132.14778209152604,149.3086770578347,334.16248813756204,97.44021675435197,190.06288393124004,127.73424847403028,146.27135250380405,322.1403538163887,95.39104868187054,193.48806403406496,130.59064476632827,148.3589293263149,333.330360964953,96.53858474801359,47460200,44952100,10778400,39635300,17677900
2023-07-28,193.30052185058594,131.4932098388672,147.5502471923828,331.2646789550781,94.86280822753906,194.09019149232068,132.64370465595107,148.19909065944483,332.8702554950669,95.77354944194292,191.63234868611636,129.49969176817697,147.10828176840127,326.1738899082172,93.18704077986588,192.15550162315532,129.7079618698937,147.89817192456593,326.66339057868936,95.7280096018611,48291400,36591200,9103800,28484900,17566400
2023-07-31,193.91249084472656,131.63206481933594,148.5376434326172,328.8661804199219,97.66788482666016,193.95198260711592,132.43542264148525,149.87293827136608,330.60880180685933,98.23254687488503,192.7378594315981,130.6997677943249,147.77594813044996,326.3599092198598,95.8008695264463,193.52752900074864,131.64197739889866,147.80415747327862,329.8451818704879,95.8008695264463,38824100,28055500,8892700,25446000,24197000
2023-08-01,193.08334350585938,130.47164916992188,147.80413818359375,329.27734375,97.10324096679688,194.1888718595327,131.54279790983335,148.57523171653716,331.431158888361,97.74075710439013,192.75760424557473,129.60877052366334,146.83557927662042,326.69279546072005,96.11052932579621,193.7052107356477,129.70795684787504,148.0392255755503,328.151498059074,97.40378031828811,35175100,23166800,6853900,18311900,14177400
2023-08-02,190.0924835205078,127.32762908935547,146.1302947998047,320.6229248046875,95.8919448852539,192.65889079076135,129.02360314650636,146.40300416806969,326.62420753627333,96.8846494901479,189.37191700535638,126.51434365192316,144.75739267551066,319.50684898513873,95.23621008828708,192.52069974591456,128.3888500556574,146.28075415135822,326.62420753627333,96.77536498958953,50389300,26273300,8299400,27761300,13484100
2023-08-03,188.70068359375,127.39704132080078,147.02362060546875,319.800537109375,97.55860137939453,189.8851803589987,128.3293381889567,147.55961225180343,322.9529221835479,98.2507596994269,188.22688789998924,126.37548585046993,145.14292198230237,319.10545461953365,95.90105264726812,189.09552588996192,126.92098030882784,145.75414329539473,319.15439272906985,96.43838662848303,61235200,20089500,6084000,18253700,16280400
2023-08-04,179.6392822265625,127.05985260009766,146.71331787109375,320.8971252441406,97.8318099975586,184.95966022717982,130.43197594152576,148.38713866051694,328.1025921516829,99.48935856742193,179.57017917093492,126.86149507419762,146.4123991748143,320.36845604431744,97.74984663152739,183.12368481919472,128.2202600170075,147.0706408871841,324.9110375542309,98.32361103895585,115956800,26147200,6209400,23741500,14279600
2023-08-07,176.5398406982422,130.45179748535156,147.4091796875,323.1781005859375,97.63145446777344,180.7645556934903,130.53114351104958,148.29311049668297,324.15710187316535,98.74255985042763,175.0592158617292,127.96237835561729,147.25873467525594,320.64249083722723,97.00304776078028,179.77747246914834,128.1012301171621,147.25873467525594,321.4746479067205,98.26897748078032,97576100,22746300,7251800,17741500,12410800
2023-08-08,177.4775390625,130.32289123535156,146.58169555664062,319.2033386230469,98.11416625976562,177.9414693105031,130.431990156543,146.67572190447902,321.846653890872,98.13237802901578,175.2862134413724,128.4781372893849,143.48793743626442,316.21739682662104,95.48211743100244,177.36895932229305,129.54928620643435,145.11475252328108,320.09423332625096,96.57501119294393,67823000,23535200,8623400,22327600,14065600
2023-08-09,175.88833618164062,128.59716796875,144.61631774902344,315.463623046875,99.78080749511719,178.59293417746048,130.95764858574898,146.2431324276784,320.24112464866727,100.56404551318377,174.7235703168388,127.94257442101689,144.31541342343934,314.3083787208824,98.6423809512302,178.53371160261662,130.580773773727,146.05506543061432,319.614579306117,99.00667883495487,60378500,24912900,6277800,22373300,19919600
2023-08-10,175.67120361328125,128.62689208984375,144.40005493164062,316.1488952636719,100.29082489013672,178.41529378720278,130.96754702179814,146.16791643636807,321.3669891320305,101.66603911909615,175.30598763799586,128.38885399832523,143.95808955545877,314.43564292025485,99.67152058727935,177.16169386807627,130.2435353022777,145.1711483449259,319.1740058162668,100.35457649711891,54686900,20857800,5995100,20113700,15837200
2023-08-11,175.7305145263672,128.49794006347656,145.23696899414062,314.269287109375,101.84819793701172,176.55090180538758,128.86490217591898,145.30280034265354,315.6398832603388,102.06677389635567,174.50488805624465,127.11933508026378,143.52554046452417,312.5070664494884,100.22707958743548,175.26597277471524,127.60532379343039,143.90167450330318,313.53503597027776,100.51851651602891,52036700,19591100,5180700,24355500,14047000
2023-08-14,177.3811798095703,130.25344848632812,145.53787231445312,317.2356262207031,101.93016052246094,177.60851131506328,130.29311393491162,145.67891897693212,317.25519549333154,101.98480972317476,175.25607590732963,127.9028809647762,143.79822028471983,313.3587591141242,100.89191603815559,175.90843422608452,128.3293488553076,144.44706362930785,314.64127845171237,101.71158456481886,43675600,24695600,5044300,18836100,12973400
2023-08-15,175.39443969726562,128.71617126464844,141.83290100097656,315.1013488769531,99.31327056884766,177.40092323969566,130.34272731563817,144.12735582105773,318.26353387975075,101.79242661892994,174.99907927707545,128.22026984503316,141.26868562441484,314.1615159801267,99.13880900049315,176.8078826094104,130.02535827661376,143.73241079690175,316.2174247167932,101.69142329044715,43622600,19770700,10300300,16966300,14909600
2023-08-16,174.524658203125,127.64502716064453,141.2311248779297,314.33612060546875,97.64212799072266,176.47182426987777,129.21207752133685,141.95519817037734,318.2800574602853,100.38757193571612,174.4554618287455,126.8218365240768,140.75153734395886,313.74747018564494,97.58703781301824,175.0781688700227,127.64502716064453,141.61667170170293,314.72854423868324,99.42345179370842,46964900,25216100,6978200,20698900,13695100
2023-08-17,171.98443603515625,128.85498046875,139.76416015625,310.8828125,99.53363800048828,175.45377181529804,130.90801893158562,142.23726975017826,315.77836341676965,101.14050021496224,171.47045533667884,128.23014004376432,139.54786942574637,310.22547958022847,98.633792078023,175.08806261090004,128.73596901016427,141.87994667324236,314.47354784052,98.633792078023,66062900,33446300,9953900,21257200,16709500
2023-08-18,172.46873474121094,126.4151840209961,140.08387756347656,310.4903869628906,101.03948974609375,173.07166917955516,128.19051194159474,140.58226169114948,312.3544220351469,101.18639920967433,169.96804315644715,125.34403518060337,138.6451438592742,305.65366819423417,98.81743069354596,170.30410101859755,127.45657242122108,138.84260923513173,308.538028861624,98.83579174948248,61172200,30504800,8517500,24755000,16224000
2023-08-21,173.80308532714844,127.31771087646484,140.56344604492188,315.78814697265625,99.81828308105469,174.08973444525807,127.6747604625636,141.14647252018165,316.6612873829202,101.90261691393091,171.7274205434044,125.52255036686307,139.19054374369367,311.03975175794454,99.29490536627918,173.0420157807921,126.13747078000077,140.72330374582677,311.91289216820854,101.33332604657227,46311900,25248700,8327000,24040000,11092400
2023-08-22,175.177001953125,128.02191162109375,137.64834594726562,316.357177734375,99.25817108154297,175.62178623446252,129.21207199508038,140.71387974078053,319.9086615433213,100.74566888027147,174.20835828322907,127.2681469154346,137.14996192697072,315.3761035356602,99.12043863632239,175.00897300604348,127.4565767415667,140.35654238713786,319.33965168167043,100.24065224958375,42038900,22054900,9673300,16084600,10518800
2023-08-23,179.0219268798828,131.284912109375,138.57928466796875,320.8112487792969,98.3858871459961,179.44695366375947,132.31639534159987,138.7861626811415,322.96962389693414,98.52361960504123,176.264252478764,128.80540548113294,136.78322824246797,317.33823788637403,97.07285077977836,176.45205395893973,129.11286188164175,137.62013862354203,317.69144015108157,98.28488380972058,52722800,27819700,7858000,21166400,11435600
2023-08-24,174.33685302734375,128.71617126464844,138.44764709472656,313.914306640625,97.65131378173828,179.00217866700072,133.14953116670597,140.49761638052095,326.6780913060097,98.95516605023563,173.9711287799832,128.5079011432878,138.2219724072368,313.9044863180203,97.39421694066709,178.57715186115848,132.85198728819475,138.7015454667466,326.55054687218063,97.71558799200608,54945800,28500700,6534000,23281400,10818500
2023-08-25,176.54103088378906,128.81533813476562,138.27838134765625,316.8673400878906,99.39591217041016,177.07476903438783,129.68811421046675,139.75472243593128,319.20227141780845,100.02029323839264,173.78335612196395,126.20689221900474,137.14996494383848,312.76642738205277,97.89923721577975,175.3252830926219,128.47811371877063,138.49465769081132,315.38590853898717,98.64298267713984,51449600,26762900,6695500,21684100,13579300
2023-08-28,178.1027069091797,129.93605041503906,138.75796508789062,317.5736999511719,100.23147583007812,178.49806733287568,131.4535071500769,139.74533489819532,319.97731354583135,101.03949543870255,176.48170504077262,129.07318701417225,138.35362170430923,315.63116244372804,99.57036569331123,178.003859262239,130.23359421545373,138.76737776566313,319.49659681490056,99.57954271911511,43820700,20543300,5094100,14808500,10382100
2023-08-29,181.98715209960938,133.46688842773438,139.88636779785156,322.194580078125,100.82830047607422,182.75811538578077,135.45049370622965,139.97101014649476,322.7537995550599,101.02112309022291,177.42067493043544,131.1559864622425,138.40061406417527,315.7881667802801,99.55199340716413,177.61835511729424,131.1559864622425,138.89901243341095,315.7881667802801,100.69057504122723,53003900,43075600,6337000,19284600,9665000
2023-08-30,185.47625732421875,134.76617431640625,139.32215881347656,322.5673522949219,101.810791015625,185.67395259086382,135.16288939766932,140.25309545797032,323.5680370692741,102.049526800357,182.5999782117213,132.97101360306888,138.41001882441265,320.2716425608164,100.98441030873438,182.79765839633507,133.67518514236738,139.75471146583337,322.44962819676334,101.40678469380573,60813900,28315800,6277300,15222100,11922100
2023-08-31,185.6937255859375,135.0537567138672,137.60133361816406,321.556884765625,102.09542846679688,186.9292456956689,136.8687572675909,139.50084348167059,324.6472624633452,102.30661213289137,185.30824391498263,134.67686688730078,137.2534089211085,320.5954212849975,101.57205080881285,185.66407430986655,134.89506466755432,139.41620112815974,322.9696339885842,102.03115426337297,60794500,30053800,10933900,26411000,17479800
2023-09-01,187.2653045654297,134.54795837402344,138.06211853027344,322.4398193359375,104.23484802246094,187.7199674857303,136.3332062668677,139.24695371806996,325.7067829359754,104.51031290469285,186.09896582677092,133.74460060567057,137.00891734808206,320.5953952258838,103.02281515029382,187.29495583927402,136.3332062668677,137.3756530739663,325.0396597293619,103.02281515029382,45766500,21543700,7903500,14942000,14843500
2023-09-05,187.5025634765625,134.6570587158203,136.5387420654297,327.2372741699219,104.24403381347656,187.77931882570883,135.30172442643027,139.36920319243367,328.51268854222997,106.3559125986128,185.43677709113604,133.4768110647792,136.36007336787995,322.4398370951833,104.21648872586086,186.09901418245303,134.3297620041587,138.38183336553914,322.77339871686183,104.76741149426415,45280000,19403100,7854700,18553900,18304000
2023-09-06,180.79122924804688,133.35780334472656,136.31307983398438,326.5799865722656,105.14389038085938,186.66242448951687,135.41082715108524,136.85846995723358,328.13007064456224,105.2173416201708,179.36790736138312,132.57427070368973,135.5137769609057,323.9310742393436,103.96858648751116,186.21762508840757,134.9050132008134,136.06857976294606,327.0705236753987,104.19813824809835,81755800,18684500,8629200,17535800,13325500
2023-09-07,175.50314331054688,134.1512451171875,135.14703369140625,323.6662292480469,104.62967681884766,176.14562276256126,134.46862928644677,136.60457831204684,326.7762180447548,106.37427138604474,171.5297067502884,131.86018300504648,134.83671662905607,322.8028790647299,104.40012508646285,173.15070839406067,132.49493620985484,135.5325804369257,325.02011658642925,105.27242587274286,112488800,18844300,8373700,18381000,13248500
2023-09-08,176.115966796875,135.26205444335938,135.25047302246094,327.943603515625,106.15391540527344,178.15211655476327,135.53975798327252,135.5231680695546,329.797847793835,106.55792874059533,175.7304851357375,133.74459755250976,134.1408531289122,323.22463985119003,104.96942749474096,176.2840107997074,133.80410329196144,134.81790593039398,323.84272127726,105.16225013059085,65551300,23558300,7107900,19530100,14283200
2023-09-11,177.2823028564453,135.7976531982422,135.84288024902344,331.5442199707031,104.822509765625,178.21141635408188,136.35306040880863,136.39768294977497,332.01514636855427,107.13638821914195,175.2856982178241,134.6769110623918,135.1188071954874,329.0817141298704,104.28076401721424,177.98408488615974,135.4207632480529,136.11557526086284,330.8574560496714,106.67728473980132,58953100,20763400,6854200,16583300,14383600
2023-09-12,174.25778198242188,134.23057556152344,137.61074829101562,325.490966796875,107.88014221191406,178.04341790139725,135.74803250189984,138.5323011715463,330.41597829482106,108.0454197578637,172.79493020499618,134.08181120803886,135.45735415699824,325.2064768442106,105.84172148032319,177.4108321261293,135.14303224154853,135.88050858043627,329.46433515175244,105.90599569233895,90370200,18405500,8363200,17565500,20145800
2023-09-13,172.19198608398438,135.58934020996094,137.6765594482422,329.6998291015625,106.916015625,175.24618840249718,135.77776999179343,138.8896038639501,330.47488618702863,108.31168705606007,171.96463950783718,133.0503128396787,137.1217567444918,324.90239131079244,106.42018304932577,174.46533118918654,133.98260970579463,138.55107750514435,325.039726144919,107.80667745507985,84267900,20749500,8325900,16544400,13472800
2023-09-14,173.70425415039062,136.9679718017578,140.34713745117188,332.289794921875,108.82588958740234,174.060084556446,137.563044397484,140.95835877601152,334.4088885367708,108.9544450111906,171.56927171405846,135.1232180009584,138.7203371284726,330.2001023910707,107.73322803079112,171.98440467411754,136.47207040513118,139.02124145269468,332.7312602833099,107.93523468984829,60895800,24751000,10034900,20267000,15210700
2023-09-15,172.9827117919922,136.27371215820312,139.93338012695312,323.9703063964844,107.15474700927734,174.45545734300367,137.38454169510266,140.79849978022395,331.0144115945299,108.81670633298138,171.80650919609533,135.3612553079111,139.46320546657168,323.4110869464427,106.97110842357093,174.43568479625586,136.84895965520028,140.03681912618072,330.54351516502703,108.25659953960489,109259500,38919600,19863400,37679800,34568400
2023-09-18,175.90841674804688,137.07705688476562,140.2248992919922,322.8322448730469,108.01787567138672,177.30208708635865,138.0192664165555,140.2437102977801,324.14688059021836,108.56879849454968,174.1292647291417,135.4901665221767,138.93662519308836,320.1833327948617,107.15475881170103,174.43567131089117,135.4901665221767,139.32217189447775,321.59608191122635,107.9168723365144,67257600,21861300,6512400,16834200,14045300
2023-09-19,176.9956817626953,136.908447265625,140.04624938964844,322.4300537109375,107.73324584960938,177.54919237650395,137.2754245802509,140.78913355766784,323.156069031889,109.11973359270816,175.07815207769175,135.5000891528616,138.4288613898162,318.36842179106634,107.0721355852993,175.46363376102514,136.29353439301667,140.58225551203677,319.99700867642883,108.91773390560414,51826900,20353700,7943400,16505900,12562900
2023-09-20,173.4571533203125,132.64369201660156,139.45384216308594,314.6991271972656,106.87930297851562,177.61837681135137,136.94811189062173,141.28752092938885,323.3522079151342,108.36679392940796,173.36818440563272,132.5246654075392,139.30338279031352,314.4440682913458,106.80584473257025,177.18347129792434,136.94811189062173,140.72330545579,323.2737351610063,107.00785140623807,58436200,29927500,7332000,21436500,11879900
2023-09-21,171.91519165039062,129.37075805664062,138.36300659179688,313.4826354980469,105.3734359741211,174.25774788080986,131.14607838789655,139.97101033791805,319.19249448338184,107.76995677481625,171.84601037143327,129.00379586795694,137.88343357559577,309.0383706041025,105.22651949336944,172.52801984046553,130.36256084439935,138.7767626129552,313.2177562445035,107.41185660968831,63149100,31503900,8052400,35560400,14400600
2023-09-22,172.76522827148438,129.18231201171875,137.03709411621094,311.01031494140625,105.53871154785156,175.02870938713053,130.94771974828387,138.71091465691347,315.36628640951005,107.136389716789,172.03381007438438,128.5376462586181,136.52931182743455,310.16657563325697,105.41934015812191,172.64662317617766,129.68812598105728,138.50403667111058,315.23874198409163,106.24572783355963,56725400,26397300,7071700,21447900,13197300
2023-09-25,174.04029846191406,130.0352783203125,137.7141571044922,311.5302734375,106.72319030761719,174.91998813589507,130.09478407268804,137.77998844520116,311.65781785899316,107.10883552157757,172.13264765845275,127.90290814706238,135.12819643580607,309.0383368775715,105.4376992557199,172.18207147695253,128.76577182393018,136.67978144617302,310.59824108043864,105.67642800415481,46172700,20094600,7044700,17836000,11316000
2023-09-26,169.96807861328125,127.51608276367188,136.2848663330078,306.2325134277344,106.88848114013672,173.17053786753587,129.2914029707038,137.1405879484126,309.9017213341856,107.18230710241697,169.6715506981001,126.17714304040305,135.62662445523367,304.1526109858872,105.93354501138498,172.79494991820698,128.7062429989617,135.97456357881177,309.1659156883459,106.05290940046763,64588900,25718700,7468400,26297600,11805400
2023-09-27,168.4557647705078,129.4699249267578,137.0841064453125,306.8702087402344,110.36846923828125,171.03553164114703,129.82697452376246,137.37561240412643,308.35161042949267,110.6439341170664,167.0917606780329,127.51608742320651,135.88985893310328,303.82887271896175,107.79749405952565,170.62039864934732,127.51608742320651,136.5293038560479,306.3894620209308,108.24741348986937,66921800,22746500,6717800,19410100,23976200
2023-09-28,168.71273803710938,131.22543334960938,138.7861785888672,307.70416259765625,109.69818878173828,170.03721192481018,132.20732362438937,139.9898247951475,309.5093357448646,110.82757944166681,165.678293523344,128.7260859170761,137.30042466423484,303.59345882167213,108.52288497076476,167.3783703364052,128.77567908657804,137.55432304561114,305.1042917103064,110.16647630201668,56294400,22513100,8868100,19683600,16808100
2023-09-29,169.2267303466797,129.7873077392578,136.36949157714844,309.774169921875,107.96277618408203,171.06518493104676,132.9511609153293,139.88638960320975,313.42376704064515,109.43190592099606,168.36679806748614,129.29140636705122,136.21903221009904,309.0187535875625,107.18230166809924,170.02734498983367,132.18746856469267,139.73594458475532,311.73631826659,109.35844768280957,51861100,30859800,11917800,24147300,18813600
2023-10-02,171.7373046875,133.0701904296875,135.1940155029297,315.7096862792969,106.17227935791016,172.28093658205415,133.31814114938217,136.93365300386665,315.7980093102941,108.15560996134322,168.9499639274405,130.09478179335153,134.1220179333575,309.2149794399593,105.18062106155752,169.23661305458424,130.1344623833808,136.19078341077514,310.29416711870357,107.91687416529356,52164500,22288000,9170600,20570000,14395000
2023-10-03,170.40292358398438,131.34445190429688,134.19729614257812,307.4588317871094,106.35591125488281,171.61868620307462,133.15945304283952,135.02479402374803,315.3074247202829,106.9160180472025,168.84123947337378,130.7592918203912,133.85876971663714,305.320067458415,105.6213429027171,170.26454593815689,132.84208398165953,134.65805825802832,314.75799567015525,105.99781110967686,49594600,22989400,9431100,21033500,13297100
2023-10-04,171.64833068847656,134.1314239501953,134.7991180419922,312.9234313964844,102.38008117675781,172.19196251916273,134.45872070934675,134.9119554000495,313.9830083427308,104.75823395990354,168.9894891655102,131.44363154646038,133.4638090115332,308.0573115463436,101.46187417068825,169.10809426237566,131.70149484137792,134.64865866551852,308.086742575961,104.72151184438064,53020300,26752300,8128700,20720100,19622200
2023-10-05,172.8838653564453,133.9628143310547,135.36744689941406,313.3158264160156,100.07537078857422,173.41760341955526,134.37936969993646,135.55691605946282,313.92411753909374,101.82914937779897,170.67968657288918,132.35608346969923,133.40656829222362,308.94024408682094,99.80908993969578,171.77682905786853,133.9628143310547,134.552778656394,313.05094717371253,100.81912316142882,48527900,19832600,8576200,16965600,20128800
2023-10-06,175.43399047851562,136.4522247314453,137.45150756835938,321.06634521484375,98.40423583984375,175.92819856079907,137.02747214489506,138.1903911218125,322.9598111936179,99.41426207032143,171.17390414032383,132.91148163496393,134.64752846347048,310.3137506624104,96.51273178974755,171.78673241813826,132.91148163496393,135.37694433963748,310.55901920701876,97.08202261309748,57266700,27597600,10270600,25673600,25367500
2023-10-09,176.91661071777344,137.28533935546875,137.138916015625,323.577880859375,101.84751892089844,176.9759132731787,137.8010810398745,137.73569774934012,324.04877728616253,102.90345837365265,173.76356081110382,134.49837595767463,135.93585596091424,317.063534182084,100.56202771777869,174.76185568517045,135.8174754746164,136.08742554116313,318.6038277713841,101.40678348320014,42390800,19278100,6964900,19891200,22369900
2023-10-10,176.3235626220703,136.92828369140625,137.97250366210938,322.1749572753906,101.41596984863281,177.63815795783916,138.57467986983306,139.03347614529983,324.8336598616772,102.33417693465162,175.8886570875863,136.20427192955205,137.62201169643586,321.4685826836827,101.11296683432333,176.03692856454262,137.36467931785276,137.75463145002604,324.69629510828605,101.93934760744897,43698000,27786600,11288800,20557100,13892000
2023-10-11,177.71722412109375,139.3978729248047,138.44615173339844,326.1286926269531,97.77986145019531,177.76664794425923,139.95328001705715,139.46922462849858,326.5211163115986,98.40424249029297,175.54271164011269,137.44402038931838,137.3757259962922,322.9107705088474,96.25564147326962,176.13575227199846,137.44402038931838,138.78717603176514,324.94157131039,98.21141986097268,47551100,25884300,8698200,20063200,57939000
2023-10-12,178.61668395996094,137.83082580566406,138.12405395507812,324.8924865722656,97.7614974975586,180.227791982292,140.0623819353228,139.21344377245325,327.3157406777027,99.0194365666393,176.96601576479657,137.12663921258442,137.47990508592446,322.49866349078104,97.4125743645239,177.98409824545533,139.89377728823808,138.5882302551215,324.31365647453015,98.78988482347997,56743100,24765500,10484400,19313100,31183000
2023-10-13,176.7782440185547,136.23402404785156,140.19863891601562,321.5274658203125,100.88340759277344,179.82255265296823,138.8523826583463,145.03928168920007,327.5119946274533,101.18641058464667,176.0764618780152,135.50008457709373,140.04706935081757,320.1833689854534,99.01944146166922,179.31846581874476,138.23746980650327,140.67228296640758,326.08945496838265,99.19390303681107,51427100,23420500,29427000,21072400,30276500
2023-10-16,176.6497344970703,137.95977783203125,140.05653381347656,326.344482421875,100.95685577392578,177.0055649122618,138.4854321140924,141.63850300767174,329.7782415554048,101.62714995915545,174.46532818230494,136.85887610034075,138.9860937692048,324.3430830008452,100.20392632214961,174.70255348644375,137.03739334313434,141.57218591083802,324.7845483540111,101.46187242069905,52517000,28501900,12663500,22158000,18452000
2023-10-17,175.09791564941406,138.57467651367188,139.75340270996094,325.77545166015625,102.2790756225586,176.35320838797153,138.75319373814438,141.4395742566608,327.148949363288,102.65554384943881,172.77514673671925,136.0554891433646,139.0524043601375,321.21346324546664,100.7089425169511,174.60370757241088,137.49361518669917,139.7913023258802,323.3521975217721,100.75485566840203,57549400,23515800,11482700,18338500,19775400
2023-10-18,173.80308532714844,136.82913208007812,138.21881103515625,323.8624267578125,103.71147918701172,175.52293478970745,139.56650258267163,139.7060458454633,329.23872476588883,104.11549251394479,173.08154578913502,136.25388459322733,137.70726736334078,322.08668464832255,102.56372042219148,173.54610256783715,138.30690868674475,138.8629600091824,326.1973884107362,102.6739077855451,54764400,23375000,9620300,23153600,23380300
2023-10-19,173.42752075195312,136.62081909179688,137.6314697265625,325.0495300292969,103.7757568359375,175.77994115612455,138.51516584160242,139.2702884043397,330.5043005032586,104.64805772932019,173.1606441431901,136.25385694319345,137.24309262471562,324.64728599110776,102.22399169813448,174.00078890109597,137.36467110137107,137.8114567626337,325.86380848903855,103.50029892647227,59302900,26066000,11143600,25052100,20972500
2023-10-20,170.87741088867188,134.4884796142578,135.41482543945312,320.4875183105469,101.99443054199219,173.38798159754705,136.73986130635555,137.48938860591738,325.6381577998448,104.05121216572618,170.6401855525277,133.97273786758853,134.62857461422652,319.29060660305254,101.7281496836172,173.2792552037354,136.2042943979111,136.94944192742966,325.441930986154,103.68392798157576,64244000,26335700,13332900,25027700,22445300
2023-10-23,170.99600219726562,135.38107299804688,133.567626953125,323.0872802734375,100.49774169921875,171.99429712738208,136.53156779993722,136.10635221522327,326.43274603443126,101.88423607001275,167.96155723103598,132.85197300320976,133.31185510958022,318.2505928874264,99.79072547352851,168.93021596381925,133.9330343496389,135.40536824661368,319.31013957941224,101.58122611384722,55980100,26317900,10133400,24374700,18185000
2023-10-24,171.43087768554688,137.67214965820312,133.72865295410156,324.2744140625,99.52446746826172,171.65820914819068,138.2176442463873,134.25913195204492,325.55961871050516,100.83750390754103,169.46392436745393,136.2935443173615,132.96135194247145,321.39987419726737,99.2765546324769,171.04539603931104,136.70018711343607,133.7476027624477,325.02983032476106,100.72731653310097,43816600,44814300,8881400,31153600,16786100
2023-10-25,169.1179962158203,124.58033752441406,132.99925231933594,334.2225646972656,99.70809173583984,171.05528327402416,127.25820178277296,133.7381359302068,339.64790388750646,100.54366344300907,168.6731969171006,124.04476315937147,132.1561664323438,331.2302703891526,99.28571736932558,169.88895954662036,127.10943743152842,133.16030402699906,338.4902135639039,99.64381752800861,57157000,84366200,8242600,55053800,22047300
2023-10-26,164.95677185058594,121.27764892578125,133.3402862548828,321.6844177246094,98.79906463623047,169.39476582537458,123.31084775543283,134.20232201457276,335.1643669777935,99.47853580546867,163.75090293239452,120.27592594806735,132.08039117252162,320.75238530520863,97.78903841052767,168.3964558542296,122.25953160944253,132.39299802343572,334.0949997460641,98.66133219514306,70625300,57061100,9109400,37828500,18768300
2023-10-27,166.27137756347656,121.16854858398438,128.53750610351562,323.568115234375,96.91674041748047,167.00281099505466,122.2992031923221,131.76776152871298,330.3473422977212,100.87420988701118,164.89747962237493,119.22461596672207,128.06386212167908,322.18479686683145,96.37499470749106,164.97655472973753,121.87272767746805,131.62565966148168,324.1763765151363,99.98354807939924,58499100,44566500,17434700,29856500,23092000
2023-10-30,168.3173828125,123.43976593017578,130.1763153076172,330.9261169433594,97.21975708007812,169.18719386762373,124.37206291068779,130.76362924255815,333.02562998161824,97.71558971317629,166.91383366211736,121.74378418278033,128.86905324136248,325.54981985866505,96.60456005591257,167.06210513671374,122.20001252709248,129.2479771142823,327.09993377177346,97.09120865727827,51131000,28940100,9855500,22828100,19379900
2023-10-31,168.79183959960938,123.0628890991211,131.72987365722656,331.7109680175781,97.19219207763672,168.92032345051314,124.34231557609246,131.9003930222097,332.5841383863149,97.47684096011533,165.95507483465602,121.68428385885795,130.2236891298068,328.355711175483,95.98934336557738,167.3882903979478,124.03485157297696,130.45104346496146,332.4369832511366,96.9442793145615,44846000,26292300,9672500,20265300,22185200
2023-11-01,171.9547576904297,125.4134521484375,131.6162109375,339.5203552246094,96.9993896484375,172.2117404582064,125.45312516564948,133.12239554755078,340.84481138122624,98.4042452771019,168.14934950515965,122.7058349336953,131.17098437410596,333.22184569359115,96.83411210357323,169.01916053768616,123.0529643757322,131.90986793580896,333.3592104526516,97.81659334099866,56934900,30082400,9432000,28158800,28984900
2023-11-02,175.51307678222656,126.4449234008789,133.96546936035156,341.72772216796875,100.18557739257812,175.72063574409248,127.92270729693898,134.02230432854245,342.2280495770279,100.25903564197637,173.4275179386151,125.88951631336191,131.89090629457627,338.24489130724083,96.87084919614809,173.4868204991482,127.36730020942197,132.7055745657376,340.66814542171755,97.21976537274337,77334800,27124600,10186200,24348100,25212700
2023-11-03,174.60369873046875,128.04173278808594,135.4622039794922,346.1229248046875,98.96434783935547,174.77174274032964,128.46820067879287,136.19161989432564,347.68285894520625,99.88255482544021,171.34193765305042,126.81189200957998,134.3728284006059,340.7564483684525,97.82577313811213,172.22162738228718,126.9705840713952,134.6949028990368,343.0129367253001,99.53363869265881,79829200,26393100,9538700,23637700,30555600
2023-11-06,177.15383911132812,129.18231201171875,136.48526000976562,349.7823486328125,97.21057891845703,177.3515193436343,129.27157062977093,136.58946227041432,350.7732430573265,99.41427014378424,174.1688329148246,127.61526180428386,135.2632503662973,346.66254017187435,97.1187526129321,174.33686186638658,127.9921517032279,135.62322444025978,346.76065357014403,99.32245084362286,63841300,19052700,7625100,23828300,19097300
2023-11-07,179.71383666992188,129.8964080810547,136.4189453125,353.7066345214844,95.68634796142578,180.32664987384885,130.8287050924927,136.65576732228422,355.60010029773895,96.28318389585746,176.89684453064555,128.8153467097953,135.2916846876805,350.86152569633424,94.84159922626633,177.10440348202485,129.63854481279463,135.94530129293153,352.5980160280282,95.9250837362711,70530000,29757300,6297900,25833900,20272500
2023-11-08,180.7714080810547,130.75927734375,137.09153747558594,356.326171875,94.51104736328125,181.32491864766183,131.1262546701782,137.20520742421806,356.9834748418886,96.31991628510745,179.48646421884135,129.70796879855988,136.049514764893,353.72630121668095,94.47431824241492,180.23767005812115,129.89641375169958,136.51369114592342,354.83491988562287,95.24561576988069,49340300,26425800,7618200,26767800,19184100
2023-11-09,180.2969970703125,129.17239379882812,136.68421936035156,353.8636779785156,94.53858947753906,181.98718027395728,131.46345569784398,137.97253199743704,357.8860884409739,95.46598048547983,179.70394133589065,129.0037891497348,136.12532274504625,353.53990670562916,94.4467701809445,180.8406289798602,130.8782957156304,137.77360955343374,355.4431931692312,95.19051559033282,53763500,23747800,7992500,24847300,18380500
2023-11-10,184.48348999023438,131.50311279296875,138.7113800048828,362.6736755371094,95.26396942138672,184.65175539538808,131.71139801314916,138.75874729751894,363.0955302142946,95.86998936052109,181.6430032262288,128.34918755672095,136.4852617956672,354.23643229337705,94.49267895924802,182.07848170612579,129.0335338225466,137.2999300838166,354.6484666487655,95.429246949754,66133400,26913300,7983300,28042100,17825500
2023-11-13,182.89996337890625,131.0072021484375,138.0956573486328,359.740234375,96.26481628417969,184.11731278262945,131.5031034497492,138.5408839096916,361.49636535118015,96.54028117993457,182.3160331472403,130.17409159432344,137.50834335509538,358.9749977946541,95.31906421697832,183.9094803756521,130.69974576301732,138.01987256648778,361.2510968326077,95.53943893572755,43627500,18324800,6676300,19986500,15308400
2023-11-14,185.5128173828125,132.52467346191406,140.61546325683594,363.2622985839844,96.63546752929688,186.17592689168708,134.58762491778677,141.38276438904606,364.9105258370756,97.12656619050787,184.38453902262373,132.22714475544407,138.79667164043798,360.3975789598127,96.24629580563035,185.7701387274506,133.0900082716238,138.94822676761797,363.98831378189556,96.64473554255258,60108400,32395200,9927700,27683900,18260500
2023-11-15,186.07693481445312,133.5164794921875,141.84693908691406,363.4097900390625,96.05170440673828,187.55162053928348,133.92312224608222,142.24479839305468,366.8111878331865,97.43234138649343,185.84930383072194,132.4750987262402,140.63441135739868,360.89311508068755,95.9034444808847,185.91859136162876,133.76443017621472,140.63441135739868,364.99251089097083,96.32968116358018,53790500,23861500,8365300,26860100,20137600
2023-11-16,187.75946044921875,135.80755615234375,143.466796875,369.7997131347656,94.93978118896484,188.99660829200764,136.09518745195533,143.5425816665274,369.97665770103697,95.69032766235576,186.7103463929358,133.21896525810197,142.1784843279759,363.91113117269197,93.72593302692815,187.62090049490251,134.08182888951592,142.1784843279759,364.6779209606421,95.34748893718842,54412900,28013200,8126200,27182300,22469100
2023-11-17,187.7397003173828,134.2008514404297,144.76455688476562,363.58673095703125,97.25628662109375,188.42260848281387,134.94470363462352,144.80244204422056,368.03017560302834,97.691791326045,186.63122045575878,132.55445495185654,143.55201496519445,360.7849886688486,95.2084940690107,188.29394024819484,134.88519788048188,144.1772285047075,367.2830363259732,95.49573884486259,50922700,37240600,7812400,40157000,22984900
2023-11-20,189.48159790039062,135.1331329345703,145.20977783203125,371.0481872558594,96.83004760742188,189.93687504104278,135.53977571897755,145.64553669201902,372.45396350296016,98.10875765284364,187.92774775679948,132.524686700092,143.91199783783145,364.7172440162698,96.7651856573517,187.93763950480513,132.59412016100978,144.06356739386794,364.93351959280636,97.64545598965022,46505100,27815500,7019000,52465100,17458800
2023-11-21,188.67990112304688,135.84722900390625,144.90664672851562,366.7522277832031,96.7929916381836,189.55085808280586,136.05549911438757,145.53186027850327,369.848877892723,97.01537447778367,187.78916067013205,134.84551363674532,144.52773730974798,364.83523819118903,95.64400538592304,189.44198846283598,135.17279523893023,145.12451892158361,369.30820390562985,96.56134078501847,38134500,22635300,7083500,28423100,14989000
2023-11-22,189.343017578125,137.35475158691406,145.24769592285156,371.4512634277344,96.37602996826172,190.94635649331246,138.2771207680308,145.7687073039535,373.35841268345206,96.47795691665158,188.8679569924961,136.34310866753836,144.84035449600086,368.62003030581224,94.45796104676154,189.52117473642568,136.34310866753836,145.32348071050913,371.5987172360064,95.050986708617,39617700,17813900,5174500,23345300,18072000
2023-11-24,188.0167999267578,135.56951904296875,145.4466094970703,371.03839111328125,96.89491271972656,188.93723076179566,136.99771741092056,146.29917746551416,371.56925486439644,97.72885715457554,187.30420149232032,134.87526015124462,145.20031979301464,368.7871927998492,96.28335818045237,188.90754041885276,136.8985310833705,145.4939767932843,370.9400785666633,96.38527804581258,24048300,12514300,3496900,10176600,9480800
2023-11-27,187.83863830566406,135.2918243408203,145.1150665283203,372.1983642578125,96.32968139648438,188.70959528304604,137.28534253189412,145.43714101363966,374.1940157538783,96.73738912414508,186.95778958150402,134.88518155844346,144.66037228701836,369.8292031236525,95.60693192975668,187.96730652329646,134.914934431914,145.34240642173663,370.39936783626126,96.45940529720872,40552600,23436500,6259100,22179200,18013500
2023-11-28,188.44236755371094,136.07534790039062,145.4466094970703,376.2191467285156,96.27409362792969,189.11538388382388,136.1249410695989,145.75921630671945,376.51405435302496,97.20996503120047,187.45264920500045,134.30994003929231,144.66984076614435,371.75602133936184,96.25555760125424,187.82874701011957,134.96453355193609,145.1434848193456,371.9428061684763,96.58913538718397,38415400,18730000,6582700,20453100,20629500
2023-11-29,187.4229736328125,133.8834686279297,146.1855010986328,372.4342956542969,94.82859802246094,190.11500896160672,137.15640583938017,147.4264461508105,377.79198354961045,96.90419493550004,187.02709230289176,133.73468912413915,145.88236197975067,371.04816997841607,94.17997840552597,188.93724161752115,136.44232172928395,146.04339921623102,377.2611498870986,96.61694304563717,43014200,23967200,9126100,28963400,26802100
2023-11-30,187.9969940185547,131.44361877441406,147.8527069091797,372.49334716796875,95.19923400878906,188.36320007044645,134.43886735166274,147.90007419819418,373.6533572420955,96.81152906003042,186.2550951920731,130.2038653225059,146.2423202639577,369.11159949363696,94.3374925398232,187.88812439803064,133.94296597089948,146.74438172768336,372.0804464632099,95.54207982140494,48794400,38988300,9869800,30554400,29254700
2023-12-01,189.2737274169922,130.77908325195312,148.5726776123047,368.1678466796875,95.43087768554688,189.59042941044567,131.02703388642644,149.53891562221276,371.75602952719976,96.5706029243376,187.2843840288066,129.59883581046725,147.60645405686742,365.0220252786822,94.71739621174444,188.37308016671426,130.77908325195312,147.60645405686742,370.37974391455106,94.97684402039987,45704800,31442300,8916000,33040500,17845300
2023-12-04,187.48231506347656,128.21034240722656,149.66204833984375,362.88873291015625,94.91197967529297,188.09595062883508,128.96410702955671,149.71888331169214,363.26227251698964,95.77372105769926,185.52267721747734,126.85156995087304,147.66326992118485,356.7543851446723,94.13362919952804,188.0266631045601,128.81534267439568,147.79588967365407,362.84940189862635,94.63399584764355,43389500,36669900,9607500,32063300,21523900
2023-12-05,191.43130493164062,129.91624450683594,149.6431121826172,366.21148681640625,93.06803894042969,192.40122460244103,131.05681158807658,150.1451737523716,366.76200100247496,94.82857957808791,188.22461231756913,127.19869958988002,148.69582402014166,359.4283420231669,92.92904702971397,188.25431775925796,127.89295847123121,148.97053122729264,360.24430304947185,94.7637176290102,66628400,27384800,9135600,23065000,22250300
2023-12-06,190.34262084960938,128.9542236328125,148.07058715820312,362.5544738769531,91.83565521240234,192.7575206909756,130.75929712999184,150.82719874806344,367.84337003830143,93.32748711668508,190.1347733725338,128.81537182533717,147.77693018657288,361.79752438947224,91.12216670022072,192.45071045016567,130.36258200398004,150.4672246773074,367.21422384108524,92.6603315980714,41089700,23576200,9366000,21182100,31154800
2023-12-07,192.27259826660156,135.80755615234375,148.5253143310547,364.6681213378906,91.1963119506836,192.9950884718347,137.42419963070353,149.01790825495266,365.15965403682253,93.43869065461712,191.59958189996593,133.59584004786453,147.91905044566917,360.11652374565716,90.89053110848626,191.63917909312914,133.93304938270325,148.43059418130548,361.99418225567007,92.53062321160036,47477700,56767100,8130900,23118900,29990700
2023-12-08,193.69775390625,133.8834686279297,150.1641082763672,367.8925476074219,92.24336242675781,193.97487379172213,135.28189910781614,150.41039796992956,368.11863343182006,92.46574524193292,191.67872033849463,132.9313312582846,148.70527656015864,361.99415565369594,91.5020769502778,192.20326977184553,133.09993592227912,148.97051606229314,362.9477302195792,91.75225673367203,53406400,32260100,7369400,20154400,22074900
2023-12-11,191.1938018798828,132.19740295410156,150.7135467529297,365.01214599609375,92.3082275390625,191.50062728331056,132.24699612624593,150.90300148739232,365.3070835963392,92.53061036185846,189.45190285406377,130.28323060576173,149.81361146891027,359.90022426700926,91.34455921438335,191.12452944175106,131.29487380940387,150.16411790485932,362.23992455873395,92.4750164235151,60943700,31138000,8093900,27708800,22252300
2023-12-12,192.70806884765625,131.4337158203125,152.05870056152344,368.0400390625,90.85345458984375,192.71796059458774,131.9097769432704,152.18183819415106,368.07937007976545,91.4372121122675,189.7488055095461,130.18403456369643,150.50514854635935,364.1864093914376,90.32529100210168,191.09482308550778,130.72952914922644,150.83669073201253,364.56981930802976,91.4372121122675,52696900,29032800,10223000,24838300,26084000
2023-12-13,195.92465209960938,131.48330688476562,152.57022094726562,368.0301513671875,91.65958404541016,195.96423418895137,132.40567624159368,153.48909157190943,371.24479409698984,91.76151095984808,192.8466274130704,130.49150406647652,151.34822564322266,364.49111028889564,90.49206913908316,193.08415015292962,132.28666474618618,152.05869172694915,369.6522031111794,90.84417579932796,70404200,30104800,12379100,30955500,19915400
2023-12-14,196.0730743408203,130.85842895507812,155.3457794189453,359.7331237792969,94.12437438964844,197.5675433947849,132.6238362575692,156.1509656245066,367.430542857679,94.6432700276898,194.1431268600313,128.62687325020627,153.18596372542805,357.9636180145618,92.4008915125278,195.98400332676113,132.28662702758902,153.29963367104395,366.98815141610726,92.52134740866659,66831600,38722400,13643000,43277500,26165700
2023-12-15,195.5386505126953,131.5130615234375,156.52040100097656,364.45184326171875,93.49427795410156,196.36010340669733,132.41559059857232,156.5677682945357,366.09354566450713,93.58693687375545,194.97450383643803,130.10468818490273,153.83010639865176,360.0771902707865,92.94757831012551,195.4990533238864,130.54108385219968,154.48373746814988,360.6375447439286,93.20702611292536,128538400,50847100,20309300,78502300,55527000
2023-12-18,193.87591552734375,134.6868133544922,157.4676971435547,366.33929443359375,94.18922424316406,194.60831249977454,136.02573795572846,158.32026510801109,366.68337330414107,95.5420641752638,192.39133809002112,131.34442787355178,156.89933295505307,362.4365238179664,94.06876129307925,194.0738561652729,131.54280052592037,157.17404014465845,363.1935033333252,94.63398985593611,55751900,32258000,8469600,21802900,21610400
2023-12-19,194.91513061523438,135.52984619140625,159.57064819335938,366.93896484375,95.43087768554688,194.92502236186388,136.34313174933595,159.58959799912404,366.93896484375,95.61620259845974,193.87592334681435,134.96452646649996,156.82351899061453,363.5768683048988,94.31895648576,194.1431515248431,135.71829114427823,157.24979566628645,365.1989200557806,94.51354234225158,40714100,25476800,10345700,20603700,18904700
2023-12-20,192.82681274414062,137.20599365234375,157.7708282470703,364.34368896484375,93.83711242675781,195.64750075817219,140.5384516154751,160.4800726590447,369.662076309118,96.31114859328379,192.82681274414062,136.93821779664987,157.6760936599054,364.2552166800982,93.70738853121527,194.87552171417178,137.83083424971508,159.13492535722085,368.6495201604417,95.90344088190892,52242800,49107200,10734700,26316700,20988900
2023-12-21,192.67835998535156,139.26893615722656,158.6707763671875,367.2142639160156,94.26335906982422,195.05369307239374,139.5367271291243,159.22967294621378,368.0695260278655,94.52280686891027,191.51049958819766,138.03909533601887,156.94670487388746,363.77353495979867,93.41087864071275,194.08377332368417,138.34656689160218,158.04556267481686,366.25084900799567,94.02244022663474,46482500,27488300,7601700,17708000,19250900
2023-12-22,191.60946655273438,140.33016967773438,158.57603454589844,368.23663330078125,94.43016815185547,193.40085423729087,140.82607102846447,159.36228546485532,368.8264785553031,95.38456864670475,190.98593919883143,139.5565647812921,158.41499729085479,366.3983057581292,94.34677015892387,193.17320815773428,139.61607052198642,158.67076914508667,367.35188041938636,94.80080390445508,37149600,26532200,6576300,17107500,12927800
2023-12-26,191.06512451171875,140.35992431640625,159.5138397216797,368.3152770996094,94.64325714111328,191.89648427525853,141.5104039629761,159.87381381865765,370.5566649551992,95.46793348332274,190.84738527337694,140.03262760475596,158.36761478125823,367.1749176642006,94.62472818631592,191.6193643540786,140.42934263685476,158.63286874261556,368.649515727109,95.1992176875187,28919300,16780300,4683600,12673100,16835100
2023-12-27,191.16409301757812,139.2193603515625,160.47059631347656,367.7352600097656,94.198486328125,191.5105004803971,140.91534987341666,160.53691341777682,368.70848509896524,95.02316262477838,189.12527563548673,138.74329922394273,158.74653950976872,366.49658807749455,93.90196651237218,190.5108903848591,140.4293610317835,158.99282920902155,367.36169037934906,94.55059300519922,48087700,19628600,6428600,14905400,14558800
2023-12-28,191.5896759033203,139.0804901123047,161.32318115234375,368.9248046875,92.83638763427734,192.65857351066379,139.9830342126131,161.66420547787502,370.0848147302982,94.15216263417582,191.18388776405135,138.60442904782565,160.09170361823246,367.82377617224904,92.78078662862404,192.14391575114956,139.6259846308267,160.42326026550225,369.01327697882084,93.94830877543225,34049900,16045700,6320100,14327000,16329300
2023-12-29,190.5504608154297,138.54495239257812,161.1337127685547,369.67193603515625,92.64180755615234,192.40122918172025,139.20945853329908,161.69260928256372,370.77296452657316,93.20702910501225,189.758683164504,137.64240810278974,160.68848620194564,367.1552909116957,92.30822977915206,191.9063700376295,138.48544663873915,161.03897817607512,369.6326050173838,93.00318230299888,42672100,18733000,6435100,18730800,17746400
2024-01-02,183.73130798339844,137.0373992919922,163.00930786132812,364.5894775390625,94.84711456298828,186.5025222946912,138.30690574155653,163.09456030550237,369.5342955375811,95.53279902706416,181.99930092657837,135.36125003790988,160.0064068737469,360.55890320609336,93.44794159746053,185.22577720716953,137.41428922141964,160.1769117620954,367.528833625427,93.51280354582687,82488700,23711200,9977400,25258600,23483000
2024-01-03,182.3555908203125,137.78123474121094,162.29885864257812,364.32403564453125,95.64401245117188,183.96883642924203,138.48542134501582,162.97142504410533,366.93899315410624,96.01465525750015,181.5440145919006,135.9563213328076,161.38945578093865,362.26943260145976,94.19851328285746,182.32590048043423,136.1249259824603,162.80092013818626,362.760965291212,94.76373490246426,58414500,24212100,9852300,23083500,23490800
2024-01-04,180.03968811035156,135.27197265625,163.3759002685547,361.7091064453125,94.81006622314453,181.2075486405221,138.01927043379123,165.2249734767481,366.7817278006742,96.89492401867153,179.0202793079467,135.2323072061994,162.54666787031996,360.95215684412767,94.55988639822759,180.27721087477667,137.28533097133266,162.64198661978116,364.3928859416935,96.44089030041754,71983600,27137700,11972500,20901500,19395200
2024-01-05,179.31715393066406,134.6173858642578,164.1956024169922,361.5223083496094,95.09730529785156,180.88091065327836,136.03567169625202,165.25357661087241,365.7593179114421,95.81079388148719,178.31754388665928,134.0421384410589,163.4330960040298,360.29347657411785,94.63400359346278,180.1188384374096,135.6290289280703,163.4330960040298,362.72164936252017,95.59767198692222,62379700,22513900,10066000,21004600,15827400
2024-01-08,183.65213012695312,137.70187377929688,163.95730590820312,368.34478759765625,93.51280975341797,183.6917273170526,137.87047841067306,164.2813663790476,368.8461605661577,93.62400470203684,179.63387614033877,135.14302117297993,161.54588994783876,362.76098316710153,91.64107406958065,180.21780632812883,135.17277404124002,163.95730590820312,363.04605054064757,93.3367599215497,59144500,21404000,11229900,23134000,23370100
2024-01-09,183.2364501953125,139.79457092285156,162.6610565185547,369.4261169433594,92.35455322265625,183.24634194188326,140.3301527920711,163.73808278220446,369.6227120026067,93.85565317879808,180.85122540618832,137.01752066617868,162.1273064155779,364.90401056986224,91.9097875782292,182.0289926299427,137.36465762340268,163.57605253977218,365.7101313148608,93.85565317879808,42841800,24759600,9923600,20830000,19496600
2024-01-10,184.27565002441406,141.11367797851562,163.0041961669922,376.2878723144531,91.44648742675781,184.48348240733844,141.82777708783627,163.0613816047552,377.6641876554582,92.47501771703188,182.02898528742006,139.75491320864225,161.03121130256366,369.9471194966955,90.95538877939539,182.45457200324566,139.84417181388054,162.0320000942187,369.99626075854405,92.47501771703188,46792900,21320200,9670200,25514200,18206100
2024-01-11,183.68182373046875,140.9153289794922,162.31793212890625,378.116455078125,91.42796325683594,185.12681915669637,144.02958884214235,162.37511756325273,384.063988833949,92.19704583838055,181.73207738578324,139.48713067468557,160.73573390852152,373.9384270676175,91.32603630894818,184.62205313633504,142.31377441409103,162.3465248460795,379.4632498955057,91.77080908786057,49128400,24008700,11919500,27850800,15833400
2024-01-12,184.0084228515625,141.4806365966797,161.1265411376953,381.8914489746094,92.61399841308594,184.8199990991005,142.02613106020752,168.0462559111224,382.0978843256019,93.2626249745852,183.28593272766105,140.65745374610032,160.9835629898582,378.13613163335935,91.89124895922234,184.14698280822722,141.50047688636437,165.65390615743877,378.9619030381072,92.79005530497352,40477800,18785500,19436500,21661200,18041700
2024-01-16,181.74197387695312,141.3219451904297,160.1162109375,383.660888671875,90.51988220214844,182.36548612847807,143.166698465584,160.21151515002774,387.3572238467636,92.66960165998618,179.0697224204938,140.29046210448035,156.59916117294043,381.05577159415725,90.37162227499017,180.28708678689063,140.83595651207804,157.14243736078933,386.9934944812975,92.49354476384137,65603000,22670500,17206400,27202300,20235700
2024-01-17,180.80174255371094,140.31033325195312,159.25839233398438,382.87451171875,89.86199951171875,181.04917214343425,140.67729541881693,161.14559906926118,383.5036580222972,90.77006687139374,178.44622312883942,137.76139297479475,158.68652340442242,378.29342300551,89.49135674332327,179.40625114511818,140.19132176728564,159.4966746905354,381.40975376136174,89.50988570050278,47317400,20968600,11107500,22234100,18384000
2024-01-18,186.69058227539062,142.30386352539062,159.5729217529297,387.1999206542969,89.69520568847656,187.1953332109462,143.02789047593322,159.67776656824674,387.3178836888765,89.96391443463283,183.9193677995691,140.826087018,157.4951066503195,383.5134258198234,88.78713130929957,184.17668914088887,140.88559276545064,159.28698002537405,385.08633628268643,89.88052352777518,78005800,25746400,9382300,23392100,20940300
2024-01-19,189.59043884277344,145.18008422851562,162.32748413085938,391.918701171875,89.8342056274414,189.97642838325277,145.24950254806373,162.57530711076893,391.918701171875,89.89906758903646,186.8786203129096,143.19647882633325,159.2488798931695,386.83623978929575,89.3338459633788,187.38337121910467,143.5535284040744,159.69685192528067,389.05797722162475,89.62109078338207,68903000,34271900,13115700,29331100,20088400
2024-01-22,191.89646911621094,144.7932891845703,162.1368408203125,389.7952575683594,89.71372985839844,193.3216657993532,147.17360973542569,163.91918812242486,393.83564181909105,89.97317764734389,190.28322355100102,144.64450969157375,161.7555948824447,386.9246935015416,88.74079358043096,190.32282073770045,145.89419084442545,162.47044192364703,393.2457965997971,89.60253491909808,60133900,32200400,12837500,27016900,19955900
2024-01-23,193.1732177734375,145.8346710205078,161.0693359375,392.144775390625,90.72373962402344,193.73736447446063,145.9735228014156,161.79370901610295,392.61665757487873,91.27043222065166,191.83710707958323,144.30730143052193,160.54511188027425,387.2589392356876,89.6303473613443,193.01487431695855,144.6941039011729,161.71745692199738,389.04812543344485,89.70447025840693,42355600,21636100,8360800,20525900,15863400
2024-01-24,192.5001983642578,147.4810791015625,162.50857543945312,395.7427978515625,92.28970336914062,194.36087349468033,148.62166144639897,162.99466623586284,398.7608157750505,92.33603636999382,192.3418398208385,146.88600647851376,160.94544368265935,393.66854429552797,90.5662203648676,193.41073733606618,147.32238701526538,161.42200842001844,394.7400819620146,91.10365206930186,53631300,25233500,9967100,24867000,17330600
2024-01-25,192.17359924316406,150.62509155273438,164.83419799804688,398.013671875,94.63399505615234,194.2520137003454,151.79542676635216,164.8818573759675,400.11744616888006,94.68032805018053,191.124500268323,148.3141891335314,162.8993465119901,395.71330250742477,92.30822579992207,193.21280647175473,148.83985855855067,164.2337218321671,397.4729979213706,92.94757728709253,54822100,29149100,8873500,21021200,22089500
2024-01-26,190.44158935546875,150.94248962402344,164.20513916015625,397.089599609375,95.44013977050781,192.7575265029299,151.28961156765428,164.9485789616812,399.291686504724,95.51426973106855,189.96652881027472,149.77215430262993,163.72857443899406,395.6150015101639,93.76299006199845,192.27257421163478,149.86142806752846,164.51967362135542,397.52215078520555,94.48573950391028,44594000,26115500,7443000,17803300,20817200
2024-01-29,189.75868225097656,152.2516326904297,164.634033203125,402.7815246582031,95.56060028076172,190.22385105233468,152.51942366682596,164.73887801633018,403.037131241998,95.62546223203702,187.63079398239137,150.18868118167268,163.27106517505794,397.4827881758261,94.3838171449321,190.03580216218106,150.81352174869434,164.16700911633845,399.18350198201716,95.42161543475929,47145600,27784300,6971200,24510200,18317500
2024-01-30,186.10662841796875,150.2184600830078,168.00811767578125,401.6706848144531,97.15435791015625,189.82797900977772,152.3607426484438,168.47514175793654,406.05514806143475,97.18215487899832,185.54249682198056,149.95066908718712,164.72935032471554,399.56694047651416,94.60619874810463,188.97682064057707,151.5474722147389,164.72935032471554,405.27854800251134,94.89345058812495,55859400,36331800,10822100,33477600,19610900
2024-01-31,182.50405883789062,138.95155334472656,166.18763732910156,390.8471984863281,95.26409149169922,185.17631048108575,142.81957751562527,169.94296936922615,408.28680220423286,97.18216021067897,182.45458500160478,138.72342784548118,166.16857066951718,390.48346902335106,95.22702650806885,185.11691469411622,142.44268767661725,167.94139187726532,400.0683583888751,97.05243630268404,55467800,71910000,11521800,47871100,22415300
2024-02-01,184.93875122070312,140.0028839111328,165.58717346191406,396.9421691894531,94.87490844726562,185.02782223798647,141.88730313768718,166.64514772156565,401.09070661971754,96.37600829278264,181.93001441121828,139.63590659199247,163.3949728422143,394.9956887835189,94.16142703842587,182.0982647000541,140.9550061040643,165.50139530281825,395.02517954720986,95.96830059091882,64885400,40466500,9354800,30657700,19240700
2024-02-02,183.9391632080078,141.21290588378906,166.54029846191406,404.256103515625,94.48574829101562,185.40394215196616,141.4509289011904,167.57922057647215,405.66187965844676,96.36675203128793,177.40701599262258,135.38109981806912,165.1391970596281,396.7258199103346,94.15217050689196,178.01074479617154,138.11847045416638,165.1773303806104,396.9715862290421,96.13510118505887,102551700,62499600,8607600,28256700,21973400
2024-02-05,185.7503204345703,142.50222778320312,166.32107543945312,398.78045654296875,94.09656524658203,187.30418539055444,144.27756337900828,166.88341827855515,404.197156266753,94.86564059078457,183.9292424150712,141.60961126191953,164.81512928623064,397.1485644483077,93.12362898169111,186.21548923655902,141.64929185123162,165.71107322302376,402.9584843152066,94.00389926369951,69668800,38505400,7820200,25352300,17190900
2024-02-06,187.35369873046875,142.9187774658203,166.89295959472656,398.6231994628906,94.74519348144531,187.36359047791993,144.1684434401665,167.626858743029,401.0612125775962,95.4772109835691,184.8497123520045,142.01623336193828,165.61575517744677,396.08690380386986,94.11510291439082,184.93878338477884,143.46425685279377,166.42592096467948,399.0066093885159,94.5784045940067,43490800,29128200,6764800,18382600,13347900
2024-02-07,187.46255493164062,144.34695434570312,167.2074737548828,407.0382080078125,94.71739196777344,189.0856924097343,144.42630037557493,167.6268529930128,407.28397435246177,95.18996163774874,186.67077723703076,142.75015143708904,165.80638700000247,400.5008292402968,93.75372367207305,188.67990426473503,143.57334947158776,167.45529669210487,400.54016025565755,94.74518893610923,53439000,25208900,7225500,22340500,13826800
2024-02-08,186.38375854492188,144.7139434814453,166.60702514648438,407.09722900390625,96.33895111083984,187.59120098390878,145.13049882211826,167.09311591388456,408.52268594139866,96.75591978918683,185.42373058041275,143.91058567202538,165.43468003475408,405.5439987554575,94.61546832000661,187.44274927884152,144.63459744507298,166.79764812133146,407.03824747553335,94.82858313092262,40962000,22563800,6060300,21225300,19636900
2024-02-09,187.1468048095703,147.77862548828125,166.8071746826172,413.42816162109375,94.3004150390625,188.2765227675386,148.2150211661504,166.89296738361762,413.69360849220726,97.1450868965951,186.30446474496694,144.9817341712347,165.52998474933108,408.060632682177,94.23555309062712,186.9485964735415,145.47763559904774,166.7976486241064,408.21792675374667,96.45940243178933,45155200,26829500,6296700,22032800,20410500
2024-02-12,185.46212768554688,146.32066345214844,167.5506134033203,408.2277526855469,95.59767150878906,186.96842336096995,148.11582406905052,168.52280947847834,413.61493194410616,95.81079340228808,185.1053738445565,146.161971374684,165.55857641715193,407.7263797250581,94.51354722260307,186.72067805809255,147.20336732419403,166.58795793021326,413.43798737008973,94.66180716058899,41781900,21564100,8539300,21202900,18173100
2024-02-13,183.3711700439453,143.95025634765625,166.09230041503906,399.43914794921875,94.7746810913086,184.53063145226378,145.46771340579025,167.96996622980632,403.12564326770877,96.41130727942084,181.85496988989732,142.51214532877424,164.52916900282452,396.55877347389134,94.08262401531299,184.09459726813964,143.7320585231407,167.10262965214707,398.0825128718903,96.10269176378529,56529500,27837700,8397600,27824900,18917400
2024-02-14,182.48919677734375,144.7436981201172,167.77938842773438,403.29986572265625,94.30707550048828,183.85675578337245,145.31894554055629,167.84611447513728,403.6445808998677,95.971764164432,180.79462725534452,142.90885694916992,166.24484931709256,398.454256564083,93.91428691989302,183.64865818230027,144.88254990203635,166.86439223193935,401.9013482236895,95.27035292688727,54630500,22704200,7056700,20401200,17651300
2024-02-15,182.20179748535156,141.5996856689453,171.43939208984375,400.4141845703125,97.00984191894531,182.82612045767794,142.34353774622787,171.76346716084313,402.94534207042653,97.206236186067,179.71444020641266,139.30862369230854,167.89374931915643,398.17851011795324,94.08261479987985,181.89459574378543,141.9666478509511,167.89374931915643,401.9703171422234,94.08261479987985,65434500,37590700,8723400,21825500,23196300
2024-02-16,180.66578674316406,139.36813354492188,170.6387481689453,397.95196533203125,97.00984191894531,183.18288755084293,142.01624520205476,171.54421815228707,402.11803273676423,97.8515295965745,180.03155935687485,138.9912436385364,169.80953027964074,397.3413424619827,96.81344051670038,181.76577652013776,141.8178876690081,171.19156494301498,401.7930043986709,97.27170094177424,49752500,31468900,8152600,22296500,20151400
2024-02-20,179.92254638671875,139.96319580078125,171.30593872070312,396.701171875,96.09332275390625,180.78469520216953,140.91533307623592,172.00173363675566,398.3754555316585,97.37456962593588,178.3766181157698,138.34656764889544,170.04781550672885,391.99343067715284,95.99980269893187,180.15046783149373,138.51517229621072,170.79125525671367,397.1443513475326,97.11270348283568,53665600,25144700,9668000,24307900,17650000
2024-02-21,180.67568969726562,141.38148498535156,172.4210968017578,396.1003112792969,98.05728912353516,181.24054108716462,141.5203367649503,172.5068894979879,396.208664058664,98.17887163728753,179.03065736673128,139.5268035526364,170.15265879624997,391.21529910793583,96.31778869174248,180.29911202321813,140.29049590728383,171.5156268111509,394.12071651994717,96.34584399949333,41371400,23223300,7024000,18518900,20991300
2024-02-22,182.7071990966797,142.90884399414062,174.48939514160156,405.4272155761719,97.9731216430664,183.29188949706392,143.8113880616519,174.82298168422557,406.5893706886108,98.58101279679414,180.8144364958238,141.6294252005615,172.74516670530045,402.393788153555,96.74798518813465,181.82522643308513,143.74195461013204,173.297983467374,403.98929433440406,97.41199409159617,52292200,27191900,9296500,27009900,20470700
2024-02-23,180.8739013671875,142.77993774414062,175.36630249023438,404.13702392578125,97.11271667480469,183.3711632214272,143.49402183711422,176.51958104443122,409.5735691126935,97.34652041156235,180.58650833781007,142.2542683371376,174.60379597912453,402.7877385663373,96.21491118187011,183.34143499372246,142.4923064572686,175.19473161702368,409.38646893086735,97.15012612890077,45119700,19493800,7105800,16295900,15975900
2024-02-26,179.52615356445312,136.4423370361328,174.7657928466797,401.37933349609375,97.49613952636719,181.11171437415507,141.2724124869367,175.81424091701768,405.92948936303003,98.14143999927728,179.0207434868858,136.26380463829744,173.9270343904093,401.20203166596815,96.37388465924934,180.59641504961763,140.97486857968562,175.1375127000542,405.24005905629645,97.0004768411381,40867400,53641800,7145400,16193500,13360800
2024-02-27,180.98289489746094,137.74156188964844,174.85157775878906,401.3202819824219,97.29039764404297,182.2612539462515,138.10852404072233,174.93735591051686,402.14758039730725,98.33784082251076,177.94057546451762,135.9662266066363,173.69829938040482,397.74515057992284,97.12205868920213,179.4666949255866,136.8886109742461,174.718140230457,401.82255205730473,97.89828871069729,54318900,33099200,5717100,14835800,16360000
2024-02-28,179.78379821777344,135.26205444335938,175.73800659179688,401.556640625,97.56163024902344,181.46846314665845,136.87868252205917,176.51956515120406,403.1127430930959,98.59971948828829,178.50543918901624,134.30000463233606,174.38456456464726,399.1929265964819,97.26236172910808,180.86396404098633,136.76958362182845,174.83252201060458,402.00967855020446,97.70191392854221,48953900,37328600,6131600,13183100,14810500
2024-02-29,179.11985778808594,137.32501220703125,177.33924865722656,407.38714599609375,97.7486572265625,180.92345088953732,137.72172724425474,177.69190187097396,407.93867824413843,98.26302827044451,177.9108594746495,135.2818858775754,175.23284088916765,399.7838456551883,97.46809704045508,179.63517226295397,136.15467711991738,176.95800272580232,402.4627294555139,97.89829503391849,136682600,42133000,9643000,31947300,17566100
2024-03-01,178.03970336914062,136.01583862304688,176.6053466796875,409.2190246582031,98.98313903808594,178.90185225837237,137.7316532704347,177.70145425651842,409.58342668223145,99.49751007386823,175.78026722267666,135.79764079115824,176.4242643035929,404.66886847100426,98.55294105139677,177.93069482167198,137.29525760665743,176.9961332386516,405.0529573414313,98.87091781945944,73563100,31151100,6311800,17823400,18460100
2024-03-04,173.52084350585938,132.2569122314453,177.93020629882812,408.6478271484375,97.59903717041016,175.30459787050253,134.54797432652032,178.7975576256145,411.04108655942895,98.99250551114768,172.22264521258595,130.8287137478375,175.6331752799481,406.0871243373175,97.29041451051133,174.56136184484268,134.54797432652032,176.0525545827284,407.19018891902937,98.81481951448933,81510100,55999400,7063600,17596000,18138000
2024-03-05,168.58572387695312,131.58248901367188,179.71255493164062,396.5632629394531,98.79609680175781,170.48840604509627,132.14782393122584,180.42740199617094,407.9879154671031,99.38527959230241,168.0902332564625,129.5988832123646,177.62519917623598,394.58366790374333,97.56161347743357,169.21995126633416,130.79897138098846,177.62519917623598,407.7022908884421,97.75800774094843,95132400,40194800,6617800,26919200,19952700
2024-03-06,167.59474182128906,130.32289123535156,180.64663696289062,396.0117492675781,99.85289001464844,169.69563232435493,132.48502936431544,181.16133504867997,399.03534841652714,100.60106477581851,167.15870765798908,129.77741176310514,178.8356966903188,392.3676988449284,99.27306135310879,169.5172478388351,132.02879338468463,180.3797618604822,396.87845143918287,99.71261349016196,68587700,35318600,7572900,22344100,20472800
2024-03-07,167.47581481933594,133.27847290039062,179.06442260742188,402.9551696777344,100.41403198242188,169.1902079797121,133.8338800794751,181.57115767973485,403.5854793634372,100.98451367405143,166.97041987504164,130.53117474630065,177.88255141389413,396.159450830879,99.69391247358676,167.62445594378354,131.70149485455573,181.00881480258207,399.98080286179095,99.69391247358676,71765100,37738200,7618300,18718500,15195400
2024-03-08,169.1902313232422,134.30001831054688,179.39801025390625,400.07928466796875,101.35859680175781,172.13344696276567,136.95804250148979,181.53302526732264,404.21580644025056,101.37730509699738,167.41638146834518,132.90157275617153,179.11206853567012,398.2178408535662,99.85290011555438,167.47583792632756,133.10985799917378,179.60769987770607,401.79297194630584,100.28310528457597,76267000,39370400,6172200,18002200,16281500
2024-03-11,171.19200134277344,136.54147338867188,179.46473693847656,398.4049987792969,101.95711517333984,172.8073055285168,137.9597590931876,179.6077150814977,399.5474670630361,102.05064236218725,170.49831753088682,135.01410391751668,177.49176654847534,395.19429952187465,100.38595401134812,171.3802901891083,135.01410391751668,178.50208143397947,397.65650787745375,101.23700291102489,60139500,32437800,5762600,16120800,17577300
2024-03-12,171.66769409179688,137.3646697998047,180.94210815429688,409.0023193359375,101.30247497558594,172.46048219171502,138.23746099222168,181.2471165876404,409.28794389731524,102.20028039937992,169.4677142970823,135.90671866415707,179.1025751253526,400.64067006988586,101.0312618056185,171.58841376968752,135.90671866415707,180.09382344651382,401.4581099515854,101.99453198525819,59825400,27563400,5708400,22457000,14957200
2024-03-13,169.58663940429688,138.64410400390625,182.409912109375,408.8250732421875,102.43408966064453,171.62805851944387,139.9334506450809,182.74349867848787,411.85850065118984,103.2009656142413,169.2199660307435,137.85067388660744,180.94208466575625,405.2302551257752,102.04130110431724,171.21184817645832,137.86058646627538,181.437716033799,411.7797232101297,102.06935641046582,52488700,23347200,7795500,17115900,17122200
2024-03-14,171.4397430419922,141.927001953125,179.1597442626953,418.7921142578125,104.24840545654297,172.73792596009017,142.4129756916645,182.64820154761136,421.3528170705886,104.32322436055054,170.49831395125625,139.30864288569182,178.33052629337638,411.6713965625505,102.58372408555337,171.35055836544484,140.032654769893,182.07631805894928,413.88738417925487,102.71465360000491,72913500,42753400,10310900,34157300,22121000
2024-03-15,171.06320190429688,140.02268981933594,181.38052368164062,410.1251220703125,104.06135559082031,171.06320190429688,142.0062951045536,181.99052590228584,416.2116937258995,105.02463290176952,168.75421346183686,138.8821228338187,177.73956247395188,406.54999083820695,103.66856705730116,169.62628191974133,141.33187657175912,177.73956247395188,412.95173236718284,103.66856705730116,121752700,49475400,17214200,45079900,38264400
2024-03-18,172.1532745361328,146.4694366455078,183.62989807128906,411.0115051269531,105.0246353149414,176.1072954101753,150.90279656609297,183.66801684486174,414.3699607798189,105.54835337166719,171.95508129819135,145.96362264352206,180.98972578570599,407.52500983634934,103.90237316251323,173.98659600973463,147.3918211593764,181.69504671739367,407.9879061886506,104.54767372178135,75604200,69273700,9013800,20106000,16770500
2024-03-19,174.49195861816406,145.82476806640625,184.70692443847656,415.0397033691406,105.76344299316406,175.0171774056643,147.5703355892813,184.84036196147107,415.2957826626085,106.13753035676315,171.4694631572472,144.88255840993227,183.36302315103146,409.26827120822617,104.80017284810442,172.76764601394297,146.9455101008083,183.67755757171838,411.5138040831413,104.94981064759327,55215200,24070400,8478700,19837900,14878800
2024-03-20,177.05860900878906,147.520751953125,187.1278839111328,418.80194091796875,105.66993713378906,177.05860900878906,147.63976344475103,187.34709958577037,419.5208864985866,106.05337869515591,173.51089450186836,145.53714637957398,184.5353709588645,414.3010169757645,104.8656516912808,174.1352174960067,146.7868124427757,185.08818771788046,415.62075700500156,105.41743223212902,53423100,21311500,9367000,17860100,16119700
2024-03-21,169.82443237304688,146.39007568359375,189.7299346923828,422.8793029785156,106.13754272460938,175.88924720546055,149.13735809948852,190.08258791393138,424.30739566871944,106.53033842647721,169.2992135808601,145.69580172878864,187.12789552103195,420.70271948004165,105.27714668265854,175.4532130863986,148.24474177717806,187.30899243272455,423.33234084355416,105.60447048827855,106181300,24755600,11203800,21296200,14878000
2024-03-22,170.72625732421875,149.5341033935547,187.40428161621094,422.25885009765625,106.13754272460938,171.48931715990707,150.3374611918101,191.08336136082147,423.3619145681295,106.32458999576639,168.5262776263353,147.75876801352786,187.32802952563463,419.62922855755534,105.51095042026195,170.210942813777,147.89761979182254,189.68226010163048,423.2043596919927,106.12819571239439,71160100,29211800,8108800,17648500,14701900
2024-03-25,169.3091583251953,148.83984375,185.68869018554688,416.4677429199219,107.2223892211914,170.38932429506946,149.14730017654827,187.70932000646243,420.9489800236463,108.27917948470929,167.92177545566648,146.60828759558476,185.25024423049462,415.2366387798196,106.45551329210689,169.0316847755244,148.71090455162476,187.38525947737247,418.8117700116772,106.45551329210689,54288300,19229300,8620000,18060500,14011700
2024-03-26,168.179443359375,149.43492126464844,186.5559844970703,415.27606201171875,106.41809844970703,169.8740129173693,151.011884033954,187.44240226445925,419.5504521799467,107.53100640248026,168.05061095138228,148.7505749332153,184.96426039081948,414.9806090267337,106.06271937597919,168.46682128354186,148.98861304571224,185.46941773109555,419.1761916947957,107.2317379364139,57388400,22149100,5961500,16725600,13152300
2024-03-27,171.74696350097656,149.63328552246094,190.16839599609375,415.05938720703125,107.52165985107422,172.0343565405087,150.39697792574609,190.2446480989538,418.0337541903471,107.60582576851161,168.57582642397568,147.6794327705728,187.17557004094428,412.67598630724365,106.06272686783774,168.87312383270142,149.94074197303146,187.28994092343356,418.0238957387452,106.12819162644134,60273300,22879200,8725800,16705000,12415700
2024-03-28,169.93344116210938,149.69277954101562,190.91183471679688,414.360107421875,108.70938873291016,170.67667701496117,150.1886809085542,191.3121473467988,415.4927172172239,108.90578302512486,168.97218824939392,148.93901491049212,189.23431755076805,412.78428811448583,107.60583475632936,170.2010103030642,149.61344863987313,190.13980217725017,414.5964697982947,108.04538694443451,65672700,24485400,8628300,21871200,18482100
2024-04-01,168.4965362548828,154.21542358398438,189.61557006835938,418.1518859863281,109.41078186035156,169.70553455748254,154.4633742852125,191.52182891767458,421.4217055688743,109.6445855697673,167.9514935576168,149.3754210532241,189.26291683518835,415.83740435240986,107.90508540090441,169.6460781034487,149.45476709366227,190.61635887297004,417.5412631842415,108.86836267720052,46240500,31730800,7309000,16316000,13817000
2024-04-02,167.3172607421875,153.29302978515625,189.539306640625,415.0692138671875,111.55242919921875,167.81275133793278,153.43188156405296,190.41618391366802,415.9950065592136,111.85169767395021,166.71276161053132,150.90278153856184,188.79586689731462,411.5236280313696,109.72876304618694,167.55510167176752,152.24172129726563,189.09133467432258,413.7593022671653,110.28053639782924,49329500,24586000,7014700,17912000,19919600
2024-04-03,168.11997985839844,153.65008544921875,189.0055694580078,414.09417724609375,111.57115173339844,169.140689438472,153.80877752671594,190.2065073077986,416.86169679254687,111.99199562700767,167.05963767767048,151.47803493131784,188.43368598081162,412.75472038791173,111.0380794717688,167.26773529316293,152.34091364414047,189.71087593046866,413.38506009911544,111.73949071786697,47691700,24705000,9353400,16502300,16504300
2024-04-04,167.2974395751953,149.29605102539062,187.56752014160156,411.56304931640625,111.96391296386719,170.36947196785653,153.501299690698,191.43103611802593,422.1899488258563,112.11354361621261,167.2974395751953,149.216704997701,187.47166000683382,411.2577378896696,110.95387930382648,168.75416790697062,152.24170609339924,190.92293205560827,418.5655553413228,111.33732078287103,53704400,34724700,9243800,19370900,18467400
2024-04-05,168.05059814453125,151.2499237060547,189.29315185546875,419.0874938964844,113.50703430175781,168.85329051832247,152.1623804461379,189.93547176986357,420.0625487154208,114.2365007777687,167.42627513328318,148.37370170217739,187.0498229672658,411.9963527979718,111.88910939499458,168.06050251317026,148.80016963270904,188.05644940533662,413.66080783212794,112.20708616935414,42104800,23459200,6532300,16554800,21720600
2024-04-08,166.93080139160156,153.5806427001953,190.28062438964844,418.1716003417969,112.74017333984375,167.67403738632925,153.99719798709924,190.7599689797472,420.8209388461148,113.85307436002967,166.72270378093583,151.35899936966726,189.4561511095411,416.9010924581036,112.42219652327324,167.50557237539863,151.52760400005405,189.4561511095411,418.7428494922185,113.23583615805356,37425500,20702000,8001000,14272400,17513900
2024-04-09,168.1397705078125,155.31631469726562,189.00555419921875,419.8360595703125,113.32933807373047,168.54607640984824,157.26023958727896,190.66409690966574,421.27398079875763,113.7688902036363,166.83168324813985,153.91786920573918,186.85809993213326,415.24649970194963,112.54375387376354,167.17851757917794,154.81048561572567,189.88756106284035,419.9936445079337,113.16099911196063,42373800,31079500,7351500,12496900,14132300
2024-04-10,166.26683044433594,154.86007690429688,187.39498901367188,416.86175537109375,114.28326416015625,167.5650134431552,155.3262253958283,188.92889766624094,417.62010476496505,114.53577619260003,165.60287483124418,153.41203826670193,186.1582716882843,413.35557288951713,112.90850417566614,167.27763553824258,154.9295103592396,187.47168590914404,415.80792292497927,113.36675750382952,49709300,22838600,7681400,16216600,17409200
2024-04-11,173.4613494873047,158.10328674316406,187.35659790039062,421.46112060546875,113.89981842041016,173.87757491447604,158.37106260079813,188.44951748332386,422.87935502001585,114.74151321969667,166.64340884278624,155.1774715327962,185.2570811252899,415.97531318643956,112.54375259513657,166.8217782077108,155.62377976256258,187.90305769185724,419.38303118441615,114.74151321969667,91070300,27166400,10137700,17966400,17555900
2024-04-12,174.95774841308594,156.43704223632812,175.23876953125,415.5223083496094,112.57181549072266,176.7514221146486,158.90663651169768,181.1251198648831,418.75272476078317,115.73283915516485,172.63885584160187,155.85188225072014,174.99909726257042,413.4245018587201,111.91716080634683,172.68839280877705,156.66516776322655,180.54033357260192,417.63980168862076,114.98466441162765,101670900,25353700,31532300,19253800,21556200
2024-04-15,171.13253784179688,153.59059143066406,175.3346710205078,407.38714599609375,111.926513671875,175.03700600653332,157.93469279815042,179.71588778155154,420.36790078356154,113.80629752053504,170.94424900321735,153.3228004211546,174.67317311755488,407.18029886088704,111.71141111665474,173.7784557074799,157.5578028687453,176.8781612512524,420.15122525352587,113.24516290174238,73531800,27136500,14766600,20273500,15029500
2024-04-16,167.8524169921875,153.1343231201172,173.33099365234375,408.3128967285156,111.00065612792969,172.1929047923956,154.3740764327273,175.59350053236452,412.07515806913636,112.43153374932602,166.75242714722782,152.17227333883514,172.2284924010812,407.47576998606934,110.28053667636368,170.20103782824683,152.92605303847483,175.34423200208582,408.3030683339737,111.81428850512658,73711200,20779500,16451800,16765600,18082200
2024-04-17,166.48484802246094,154.1956024169922,172.6407470703125,405.6143493652344,110.94454193115234,169.11094225529814,155.7924057363185,174.88407621184723,412.5479364642673,111.61789780631214,166.48484802246094,153.31289841647714,171.79709592165912,404.127165910336,109.5323725578226,168.08032842085646,154.344366802698,173.8774496601014,410.9425718180864,110.86973016123065,50901200,21763100,9017100,15855500,14538600
2024-04-18,165.5334930419922,154.7311553955078,173.76239013671875,398.1587219238281,110.84166717529297,167.11906901091456,155.65353990489737,175.78522461530977,405.6635571829759,111.96392934008031,165.0479219314042,153.35255005525875,172.53526932423483,397.84358214140667,110.32730325966513,166.51456987389489,154.0666493097183,173.61859263073782,404.42259472836287,111.2905734682326,43122900,19883000,9557700,21029900,13821400
2024-04-19,163.5119171142578,152.82688903808594,178.1244354248047,393.0866394042969,112.11355590820312,164.89928490796945,155.07828562000708,178.20113230723476,399.35051316442866,113.09553437453711,162.60021611822233,151.0515686940003,173.91579091483374,391.7570408652649,111.2438057947746,164.71101115974596,154.91959354072858,174.86488374948237,397.9224202787546,111.44020719613997,68149400,32615600,13402300,30565800,21572400
2024-04-22,164.3443145751953,154.99893188476562,181.58531188964844,394.8988037109375,112.74950408935547,165.75150603037284,156.34778422424392,182.27556923453258,396.7602475945419,113.69407311967441,163.28397258003716,152.7971285786509,178.29700056215378,389.76757007965125,110.75749895582976,164.0272084619306,153.04507926507185,178.30659681566635,394.0321015888098,111.53372902168714,48116400,26446200,11529700,20286900,16340700
2024-04-23,165.394775390625,156.96270751953125,184.2025146484375,401.4089050292969,113.18904876708984,165.54343166054898,157.66689417461689,184.28879315265974,402.0293863346637,113.2171040701307,163.4326366212621,154.99894218995382,182.6494430587006,396.9670716039761,111.71140763587361,163.8587664496344,155.67337597138751,183.23424396804157,398.1292267170022,112.22577864203205,49537800,21151600,9144400,15734500,13929800
2024-04-24,167.49566650390625,157.82557678222656,185.10369873046875,402.8763732910156,113.207763671875,167.77314006308927,158.2619724145378,185.24749624840408,406.23482905911584,113.40415793975558,164.71101142134987,155.8816367293061,182.313909855042,400.63084049682084,111.65530355178585,165.03802194946388,156.19902087415394,182.65903852652195,403.36881495690267,112.50635251439158,48251800,22779100,6964900,15065300,12101200
2024-04-25,168.3577880859375,154.72122192382812,185.38169860839844,393.00787353515625,113.46961975097656,169.07129572836638,155.20721069723666,185.9281583935314,393.84503042188726,113.87176242290235,166.63347542987228,149.63326920623868,183.28216722919768,382.16429787123263,111.66465480048967,168.00103426472305,150.08950510920468,184.30797154370308,388.0735981687377,113.18905244121511,50558300,57109700,9802300,40586500,16041000
2024-04-26,167.77313232421875,170.5404815673828,185.49676513671875,400.17779541015625,110.31794738769531,169.79472746518425,173.27786687075127,186.8197461895444,406.7568087350332,111.38409178974115,167.65420428921547,168.2593321924788,185.08452120379513,399.6262631587446,108.69067547959222,168.34790327634968,172.94064243070838,185.57346202257514,405.9393688090581,111.29057172791882,44838400,64665300,6413700,29694700,27289500
2024-04-29,171.93524169921875,164.78802490234375,185.29542541503906,396.1692810058594,111.88910675048828,174.44242297655094,168.1601634153097,186.2349366235766,400.1777629830485,112.27254827298813,171.53885525962073,163.8557430067843,184.48053384037513,393.1555407133354,110.13090535921924,171.80640930182136,167.67417460775002,185.4871603065969,399.12393070882416,110.13090535921924,68169400,45610000,5387800,19582100,17309900
2024-04-30,168.79383850097656,161.44566345214844,183.81906127929688,383.44464111328125,110.60785675048828,173.41181476528868,166.72206177178046,186.93480098954225,396.0807119739039,112.4128216895466,168.46681287321124,161.26714620693434,183.72318651376133,383.2870862186978,110.3366507239253,171.76678225756265,164.25246727701446,184.8448510540374,395.4208268707794,111.39344093177239,65934800,33562900,8153700,28781400,21083300
2024-05-01,167.77313232421875,162.5167999267578,183.93409729003906,388.9698181152344,108.51297760009766,171.1523820898212,165.7500714576766,186.42669488243652,395.6473257764034,110.79490411094878,167.58484346320657,161.7531075684998,182.90829289804591,384.4098035661703,108.16695267304512,168.05060587060277,162.95319556004813,184.3271633446403,386.6750231640028,110.61721100670684,50383100,33493200,7445300,23562500,27777700
2024-05-02,171.469482421875,165.2541961669922,183.74237060546875,391.82598876953125,108.70938873291016,171.8559644998941,165.36329509253676,185.50635517485986,393.88439136644655,109.663312020952,169.34878317714927,162.5465784577461,181.69077635818138,388.6842084752251,108.3914190603123,170.95416794412498,163.4391950240479,185.09412585167607,391.6487169798458,108.72809702843011,94214900,24294500,6501700,17709400,25513600
2024-05-03,181.72613525390625,165.8690948486328,182.639892578125,400.51263427734375,108.48493194580078,185.31348231884328,166.5831940285256,184.57644905267983,400.99521746175435,108.55039670553555,181.01262758822543,161.71343896761203,180.67459122339295,395.7851765465019,106.7360774569955,184.9666328542693,166.18646385430256,184.06834489589846,396.1988407447482,108.48493194580078,163224100,34662400,8922800,17446700,28023300
2024-05-06,180.07122802734375,166.7220458984375,184.0682830810547,407.28863525390625,109.18633270263672,182.53876191493006,166.76171134902742,184.26001795024422,407.67272409935384,110.67332087518403,178.7928536161005,164.66900697168114,181.97834813855297,400.2270089943109,108.85900893526369,180.70545548743195,166.08729275303767,183.80943296201076,402.5808944329267,109.1115138029163,78569700,21871300,7911100,16996600,31401300
2024-05-07,180.7549591064453,169.84622192382812,183.82864379882812,403.152099609375,108.6439208984375,183.2324120279765,170.35203588113026,184.95988996978727,408.40154408083737,109.96257742548623,179.68471275097576,167.00966543700736,183.73276903282613,402.9058788007464,108.41947130441021,181.79549235772294,167.1187643454893,183.78070641582713,408.39168563049185,109.68201008160915,77305800,28039700,7688800,20018200,30122000
2024-05-08,181.0919189453125,167.99154663085938,187.56752014160156,404.3340148925781,108.62521362304688,181.4189445721307,168.75522381569002,188.52620925988919,405.9984701419799,109.37338127272452,179.81354466582562,167.35679350646177,183.10962159293808,400.56189486819255,107.93315658493609,181.20092748758523,167.6146567610361,183.10962159293808,401.9998461853561,108.21371677789388,45057100,19569100,9227600,11792300,18957200
2024-05-09,182.90542602539062,168.56680297851562,189.3411102294922,406.0871276855469,110.766845703125,182.99461071341904,169.2908147525702,189.42738874358233,406.48107503136987,110.85101161217173,180.46760537105857,166.80138015076668,187.04026208314102,402.91580195884967,108.66261235548279,180.9135439323752,168.00146814371737,187.10736271795474,404.3635817483474,108.6719593664061,48983000,15346700,7977300,14689700,17564000
2024-05-10,181.64517211914062,167.2675323486328,190.55865478515625,408.4704895019531,110.31794738769531,183.66950932429603,168.45770778843482,191.1051000177961,409.1008292398404,110.97260209069826,180.7322345449188,164.8277059911993,190.07931018916793,405.5749302005713,109.96256829872117,183.4809650708303,166.65261946945532,190.33814573852757,406.69771158758806,110.86037373543746,50759500,29799900,7529800,13402300,13648100
2024-05-13,184.85035705566406,167.75350952148438,190.52027893066406,407.4659118652344,110.27117919921875,185.6640710757596,167.89236129533526,191.5940206597629,412.02592626132173,111.32796934217691,183.2030934113359,162.65564420480408,189.85878111742107,404.6097563640546,109.53235865967146,184.01680743143146,162.91350746089623,190.58739418867287,411.6910695528216,110.74813360433507,72044800,31327600,7049200,15440200,15060600
2024-05-14,185.99154663085938,168.94369506835938,193.18544006347656,410.26300048828125,110.94058990478516,186.8548800445926,169.84623930052865,193.2525553237889,411.1789347782618,111.00658639970992,184.8602962551219,167.41632532705881,189.97384027592776,405.3287253515243,109.81864949106418,186.0709344816443,168.37837530926814,190.7791356290652,405.79162172220066,110.1109186552912,52393600,25127100,8596200,15109300,15079100
2024-05-15,188.2639617919922,171.09588623046875,193.7606658935547,417.4360046386719,111.79854583740234,189.1868170758504,171.23473800953292,194.31670735941614,418.15627711467357,112.04367155287824,185.93199122253947,169.11228073886124,191.51733677946362,411.7035137509103,109.44151800574726,186.46785537715886,169.23130735927975,193.66479112658575,412.32511422725236,110.88401788782767,70400000,26948400,8370000,22239500,18244300
2024-05-16,188.38304138183594,172.752197265625,194.1057891845703,415.3739013671875,111.129150390625,189.6333810173086,173.68449428030138,196.03274906827554,419.7448271840896,112.47737059313218,188.2044300863017,171.27442084056955,193.6456224984565,414.74245474989345,110.81802099164379,189.00821119957226,171.86949341563104,193.86611690223924,416.1730933998144,111.76083212086341,52845200,27867900,8497900,17530100,15745200
2024-05-17,188.41281127929688,174.6167755126953,196.32994079589844,414.6042785644531,112.79792022705078,189.34559954047234,174.82506073205244,196.5792093322775,417.27814812423264,112.9770566391038,187.72810435814964,172.26620802954864,194.43174041156257,412.45336756995647,111.21399728011507,188.0555735439889,172.75218165186905,195.39042954302607,416.90321260748334,111.53455679678478,41282900,24479300,9260500,15352200,15104500
2024-05-20,189.57383728027344,175.46975708007812,187.50042724609375,419.6658630371094,111.88339233398438,190.44708847543168,177.30459839219796,197.37492849755048,421.07677928196154,113.03362303534111,187.55941793463836,174.63664632446375,187.32785559089572,414.3872272445279,111.77025960472169,187.8769693298537,174.7457452424878,195.94647638612952,414.6042935983872,112.88277699863156,44361300,22554400,17373300,16272100,11551300
2024-05-21,190.87376403808594,176.39215087890625,191.2776641845703,423.3164978027344,111.11029815673828,191.25083732912466,176.68967964035244,191.64195611591128,427.1940633042462,112.61879463371498,189.4547310855792,174.3688644988053,188.47829360909478,419.1823911367933,111.04430166065426,189.62342455766938,175.44992602195614,188.86176341948598,421.1359581260157,111.62884719245461,42309400,16989400,14420800,21453300,14495000
2024-05-22,189.4348907470703,174.93417358398438,190.11766052246094,424.7767639160156,108.87582397460938,191.34016861791716,175.69785080388766,192.63901790049846,426.6415653807663,110.74258583844231,188.80973611420333,173.77376618454468,189.52327787576553,421.43200286988593,108.3855581970833,190.79438668312676,175.19203685040134,190.7791584374926,424.35250743086516,110.74258583844231,34648500,17880000,9425300,18073700,17879300
2024-05-23,185.4457550048828,172.12738037109375,188.78504943847656,421.3037109375,107.01850128173828,189.5341303535584,176.78885054238378,190.1080450328782,427.8156712738496,110.78974608017636,185.1976736824305,171.53229263275466,187.97017250806806,419.7448017896618,106.87707816318114,189.5142796080912,175.61853049301604,189.63828212351265,427.194070817087,108.98897323624445,51005900,21024900,8069400,17211700,15979800
2024-05-24,188.52195739746094,173.55557250976562,192.41848754882812,424.42156982421875,106.93363952636719,189.11735863774422,174.32917746118142,192.46641029905086,425.30955759417924,108.49870949711469,186.59684388111853,172.22654529374813,189.3986082346554,418.7482761527639,106.57537387679912,187.37087155015982,173.5456447964723,189.580761496491,421.49118910602255,108.27242964078702,36327000,16579400,7356200,11855300,12212900
2024-05-28,188.5319061279297,174.95401000976562,191.2584991455078,424.57940673828125,108.29129791259766,191.51880009814326,175.8168887472588,192.13090984541736,425.0727365852693,108.5270007189209,187.64873713728954,172.94065151179802,190.45320371256201,420.9090314722718,106.60366495615376,190.04022981736387,173.01999755281523,191.6036278494041,423.8986091406006,107.02792713030409,52280100,20572200,6910200,15718000,13978300
2024-05-29,188.82960510253906,174.45809936523438,189.9259033203125,423.44476318359375,107.13162231445312,190.77456966628964,175.39039638067896,190.76955443221763,425.19114003957617,107.99901399004243,188.05559245514976,173.28777937305267,188.75630141642043,420.0111765352336,106.35851750298369,188.15483105781396,173.99195085751208,189.82044693132437,420.0111765352336,107.98015373998733,53068000,23388700,6120000,15517100,13902000
2024-05-30,189.82191467285156,170.69918823242188,191.0955047607422,409.1382141113281,107.47103881835938,190.70508365256933,173.78369568525272,191.59402720097117,418.639722265152,107.60303180126509,189.16699143181853,170.381804057889,190.2039162690166,408.7139275324575,106.49994450423395,189.29598343446253,173.7638553909168,190.35731003961553,418.639722265152,106.79221365308543,49889100,22931500,6829100,28394500,14683700
2024-05-31,190.77456665039062,171.08595275878906,194.2591552734375,409.59210205078125,110.55402374267578,191.09211806054816,171.64135980722156,194.9014751431396,411.1904861655314,110.77086625214058,188.45252874493116,168.05103914863497,190.15596755492365,399.11377942255837,107.4710276366694,189.9707854632458,170.45119968433661,191.06671917230923,411.1904861655314,107.59359767452783,75158300,37638900,14417900,47995300,29037400
2024-06-03,192.54087829589844,171.75048828125,193.4826202392578,408.0035400390625,107.90472412109375,193.49351725389894,173.09934068848278,194.05782485993137,410.8747236026411,109.70549671808556,191.04247253185534,169.75697011042396,190.96126349809424,403.4649291544174,107.25418937386452,191.41954585254337,171.12564767729586,193.95236848520958,409.9867358256656,109.6489303556511,50080500,27459100,6444300,17484700,19589300
2024-06-04,192.8584442138672,172.36541748046875,190.93251037597656,410.51953125,106.22652435302734,193.82100104656786,172.4249383661468,193.63600582884024,410.88459054146256,106.62250328660997,191.548567440495,170.48099804419732,190.08885935002272,404.21476096620233,104.57660493668855,193.1462119125533,171.8596034550387,191.89119940422094,406.9280752908703,106.53765374073275,47471400,26879600,6848300,14348900,19412200
2024-06-05,194.3667755126953,173.9721221923828,189.1110076904297,418.3536376953125,106.65079498291016,195.38886948576234,175.2019479039631,191.56526408846938,418.42268099839066,106.71679147265822,193.37445009094603,172.50424324144495,188.78505690537415,410.746468843911,105.10458534331768,193.9003813531384,173.7638369582265,191.50773045425237,412.23633479956106,106.43394526340778,54156800,22068500,8351600,16988000,14863500
2024-06-06,192.98744201660156,175.28128051757812,188.7754669189453,418.8568115234375,107.45218658447266,194.99194358986873,175.6978358202856,189.8396123640848,419.63628120393724,107.51818307643147,192.679823561343,174.30931814459407,187.26073644389058,414.96936946485204,105.69855729176345,194.1881624282746,174.45808249066545,189.11099931395754,418.35363549566944,106.30195584483778,41181800,23251000,7640300,14861300,13154100
2024-06-07,195.3789520263672,173.02992248535156,191.6898956298828,418.1957702636719,106.30195617675781,195.4285713258788,176.4119585188029,192.61982529027472,420.59334639709124,108.32900156907658,192.65005711175448,172.8712304058679,188.87134714402987,417.3571033955117,106.22652955911848,193.15613762673084,175.59868809544102,189.27399483794662,420.51442686018504,107.28248062683475,53103900,19661400,6964500,13621700,13289200
2024-06-10,191.63787841796875,173.7746124267578,191.36395263671875,422.162109375,106.61308288574219,195.78580650726497,175.81014466476933,192.54313626193007,422.36929949498546,107.68788698417038,190.67532155851157,171.54049500356726,190.24228802320997,418.2352227759558,106.25481005754746,195.3888672580803,173.7349014501534,191.0092423122621,419.0344147777948,106.59422263526984,97010200,23726700,6070800,13982900,15239700
2024-06-11,205.5601806640625,175.3732452392578,186.330810546875,426.90789794921875,105.75513458251953,205.57011360777915,175.59169348463175,189.76291921555642,427.0460447557695,106.22654020037128,192.14395345618084,172.54337230776866,185.60221211085312,419.5770238420523,104.94431634436825,192.16378906024917,174.97607487552963,189.73415971337363,419.8039664054727,106.0568338902215,172373300,21540600,9235300,14551100,12462400
2024-06-12,211.43475341796875,176.53497314453125,183.61773681640625,435.1761779785156,104.58604431152344,218.51002232587345,179.1364888587314,188.5933359833063,437.48495834500466,106.82050939392275,205.3120931521647,174.86683954251944,183.406824027288,427.47036718999846,104.21834852738004,205.7784872423207,176.99173266950717,187.9030786059077,429.51276024474697,106.82050939392275,198134300,27864700,12751300,22366200,13606800
2024-06-13,212.5957794189453,173.92356872558594,185.65975952148438,435.689208984375,103.74694061279297,215.08651049080893,175.49241749987627,186.54175185638388,437.4750908737884,104.5200454740583,209.97604121171418,173.64554642645388,182.99460463625155,433.508699318619,103.44524133017914,213.09194207290335,174.86685975128964,184.3751194659853,434.9689666213265,104.50118522278841,97862700,20913300,8587800,15960600,14466900
2024-06-14,210.85923767089844,175.5420379638672,185.7747802734375,436.6660461425781,102.8701171875,213.51866257545944,175.8101362841722,186.81016629946183,437.2284494695541,103.90720793359034,209.678367977573,172.92067425165644,183.5122733191848,430.8940801420427,102.37985139933372,212.2088008716011,172.99018739624864,183.54103282309364,432.4332670607897,103.72807152717448,70122700,18063600,6874000,13582000,13313400
2024-06-17,215.00714111328125,175.98887634277344,186.9252166748047,442.3886413574219,102.16300964355469,217.26964179829142,177.10096546528717,187.50043604788635,444.92436422206765,103.20010039739871,211.08745883873982,173.57602172386774,184.68188745097152,434.84070005199675,101.99330336070183,211.7324642876032,174.2214424940307,185.4871828705368,436.68574902549324,102.92668431985368,93728300,19618500,8725400,20790000,21147900
2024-06-18,212.6453857421875,173.85403442382812,188.8617401123047,440.3857116699219,103.12467193603516,216.95208913019513,176.13780173263285,189.7820880234745,444.1350368072149,104.3880425064248,211.36529274424583,172.8710325397334,186.11030725978767,438.95507309068336,102.57784698382355,215.9200623200828,175.88956648496008,186.56089227703083,443.7107502283828,102.79468950114601,79943300,21869900,9023000,17112500,17762900
2024-06-20,208.07077026367188,175.05551147460938,190.4627685546875,439.7542724609375,105.34971618652344,212.59578653831548,176.03851342488448,191.21054490916163,440.57318682315986,106.17939460445288,207.24715355520107,173.7547611134038,188.00852671144565,435.38334678666155,103.32267076964344,212.28815296354617,174.13206841253606,188.276958498773,440.3462442358131,103.62437724385651,86172500,20160100,8731100,19877400,17433200
2024-06-21,205.89761352539062,178.36199951171875,188.190673828125,443.77984619140625,104.42576599121094,210.26383945834172,179.57338876304848,189.0247286665629,444.569161991758,106.2548147484882,205.52052500822026,175.3633134017814,186.19659873864725,440.5534794666223,104.42576599121094,208.77535128006048,175.75055979188994,188.58373987114496,441.4118686798834,105.50057013708961,241805100,57759000,20972100,34187100,52212500
2024-06-24,206.5426025390625,177.9549102783203,190.66409301757812,441.6980285644531,107.5276107788086,211.06760381745957,179.61312014493922,190.99962542574337,446.71024735686916,107.98015608687746,205.00449518251241,177.40878962737892,188.957627588703,440.45482751735335,105.25543253399788,206.12582769938734,178.88827736336933,189.6382886582382,443.79958875342635,105.25543253399788,80727000,18298000,9785900,15913700,16266700
2024-06-25,207.46546936035156,182.73094177246094,189.8875732421875,444.9342346191406,107.82930755615234,209.75773850908567,182.98910099326696,191.8049516055998,445.3979659147229,107.99901384102503,207.0089930344414,178.15348288701358,189.57120405681215,440.7902515475345,106.97134600677441,207.54484206411715,178.35206806848578,189.9067364933477,442.27024120018433,107.58417465731897,55549700,23130200,6862500,16413400,14188900
2024-06-26,211.61337280273438,182.58200073242188,189.27398681640625,446.1280822753906,107.86702728271484,213.21101716086312,183.20754327614856,189.7629276320688,447.5488747436615,108.25357611438228,209.02340313251779,181.19187420519867,188.1715001746751,442.21104180989477,106.66965309233119,209.87680350658064,181.3408244497642,189.29316469485687,443.0102338094888,107.8481670315633,66213200,19839000,7758600,16507000,15771800
2024-06-27,212.4568328857422,184.1011962890625,190.94210815429688,446.8088684082031,108.32899475097656,214.08424561963437,184.7366779293804,191.6036059802996,450.0845859651154,108.41384429567186,210.72026377340742,182.72100889129027,188.76587978010525,445.74325902922413,107.58417313309214,213.04230112389732,182.8798679380617,189.28358009107907,446.14779313508967,108.41384429567186,49772700,18848900,7913500,14806300,16812700
2024-06-28,209.00355529785156,180.86422729492188,193.90444946289062,440.98760986328125,108.53642272949219,214.41174043740799,183.82320287786322,194.2304148700683,449.3051447547128,109.8752128429621,208.68601906723538,180.6755812003218,191.06673795740363,440.4548051400977,108.12158351959741,214.1140398112984,183.01892295771628,191.74739901722398,447.02596302446955,109.23410096997847,82542700,29156600,15307600,28362300,24565900
2024-07-01,215.08651733398438,181.6982879638672,196.9626922607422,450.63714599609375,108.38555908203125,215.84067914098924,182.58200489120532,198.53494195599288,451.2685926172397,110.06376162548868,210.29358412725625,180.02021516731907,194.28795584220356,439.71481466960876,107.98015003668432,210.46227761796723,181.7379989393426,194.46051287571873,442.67479410049566,109.09266738021236,60402900,16006100,10205800,17662800,11972900
2024-07-02,218.5795135498047,183.93240356445312,200.2030487060547,453.153076171875,107.65017700195312,218.6886699462021,184.2600759255339,200.2318082090956,453.45893827703065,109.30952663396077,213.44919320249295,180.27837266146466,196.31077325787848,447.0653724350894,106.99963500904165,214.4911227279333,180.7649192250836,196.8092810628776,447.15419830732895,109.27181332492898,58046200,17372500,7802900,13979800,13326700
2024-07-03,219.84970092773438,184.50830078125,200.06883239746094,454.6231994628906,108.19701385498047,219.84970092773438,184.77638393795382,201.68901933140828,454.869864398923,109.04554536205927,217.34903661716913,182.7011409192061,199.07178753267723,451.7717684597979,107.73503119424512,218.31159349071294,183.545146815405,200.893305615925,452.07763057164084,107.73503119424512,37369800,10242100,5560900,9932800,7732900
2024-07-05,224.60292053222656,189.25457763671875,197.41783142089844,461.3226318359375,106.8864974975586,224.71207692855523,189.51273686548802,199.90495668701004,462.1021014719612,108.07443431011123,219.94891212590596,184.48845737897847,197.15756164535284,452.8472281684966,106.24538565883014,219.94891212590596,184.54803142014995,199.53864617381842,453.478674753155,108.0555812529771,60412400,20967500,8093100,16000300,12631000
2024-07-08,226.07154846191406,187.69561767578125,197.7841339111328,460.0202331542969,105.7645492553711,226.1013170084402,188.8275696991207,199.45185194834565,461.4607780718062,107.05620304906594,221.53661474646515,186.4544415470724,196.62733535762965,458.26398000009,105.0480108068699,225.3471401186269,188.55947141301834,197.65880904209365,460.326095268591,105.96253872277053,59085900,21035900,8707000,12962300,13350500
2024-07-09,226.92495727539062,187.64599609375,200.15557861328125,453.4096374511719,104.59546661376953,227.63943274976205,190.00920064999954,202.20889121555817,461.09569535136285,106.10396294781643,224.63268810415036,187.38783687416534,198.05404829847083,451.89017298008986,104.29376734696015,226.180713251394,188.96660951335545,198.22757616752443,460.77011087707854,104.75574277577621,48076100,15121400,9058900,17207200,11727000
2024-07-10,231.1919403076172,189.83045959472656,200.31947326660156,460.0301208496094,105.51942443847656,231.29117889263895,190.3964432565855,200.48335172261358,460.2373109717691,105.55713774845255,227.49057123987387,187.69564243220248,198.17938920186893,452.73869064735504,104.10520768322975,227.54019053238477,187.8147905079295,198.71922757684789,455.0672233776237,104.57661326831202,62627700,15952500,8328500,18196100,10004100
2024-07-11,225.823486328125,184.2600860595703,199.9820556640625,448.6341857910156,106.77336120605469,230.60648662367137,189.51273777959946,200.60866530004373,458.5797024992354,106.83935769788498,224.03729767642758,183.77353946919203,197.98658073254825,445.526183591136,104.58603965715047,229.61416127735984,188.50987272919218,198.7867035323604,456.8037270511313,105.05744522538912,64710600,25625800,10658100,23111200,13082700
2024-07-12,228.77066040039062,183.7635955810547,197.5624237060547,447.49951171875,106.7922134399414,230.8545495178413,185.78918852634615,199.98206161154934,450.2720231711714,107.62189183721057,226.92493479803437,183.18768799095292,194.82466361458398,444.6382045032453,106.18881489269732,227.16309831312876,183.77351953652854,196.6562601537881,448.2691051092715,107.47103860386052,53046500,22898400,15443400,16324300,11684900
2024-07-15,232.60104370117188,185.21328735351562,202.4884796142578,447.904052734375,108.62126922607422,235.40932611038664,186.91122316515236,203.99231931553012,451.1600479833261,109.51694411378791,231.3010999839828,183.61465170436622,199.27835346292989,445.40780476541227,107.08448967648444,234.66508213718535,183.61465170436622,199.731435258761,447.2528536845848,107.73502446370519,62631300,16474000,10719700,14429400,13032500
2024-07-16,233.017822265625,182.62173461914062,205.92994689941406,443.5233154296875,109.40380859375,234.45669084850812,187.3481290420976,206.04563705444227,448.23954820722287,109.69607775349957,230.54692694431867,182.07561395603815,200.58938632777566,440.7014827721708,107.20705685007017,233.19643354245886,186.0374546017312,202.44026700381434,448.1606286695201,107.810455421018,43234300,18290700,11557000,17175700,13614100
2024-07-17,227.1234130859375,179.7421875,209.06295776367188,437.60333251953125,110.91229248046875,229.68361410453295,182.2543270659603,209.72812101590785,438.9156068819966,111.42141131584305,224.90059902579642,178.63008325599765,205.59256190040833,433.3212327097638,109.88463187813963,227.6890306172661,181.67841945681636,206.1034814139679,436.68574615539535,110.06376108817828,57345900,20734100,11572500,21778000,13602800
2024-07-18,222.45950317382812,176.43568420410156,202.42098999023438,434.4953918457031,112.00596618652344,228.67146993188885,181.21172786784336,208.84124221450833,438.7182947848892,113.06191005859658,220.5641731481692,175.22429500298105,201.7076384383101,428.6050313568636,110.72374246208193,228.51269423226466,180.64574423979403,207.86760619146685,438.4124326412694,111.20457096393888,66034600,25315700,12415100,20794800,13033600
2024-07-19,222.5885009765625,176.4059295654297,202.22817993164062,431.27886962890625,109.43209075927734,225.0593965950336,179.0173545052584,204.70567019101722,435.2551377032439,112.08138780996985,221.56640705838353,175.87967196437603,201.3991382728385,426.23705228293636,109.24353140501559,223.09459660515446,177.61731898889505,203.59705993394337,427.3223841326024,111.80797171113552,49151500,18881900,8095900,20940400,16157700
2024-07-22,222.24118041992188,180.38760375976562,202.710205078125,437.03106689453125,108.6778335571289,226.03185518490554,181.41033185766577,204.53216706260875,438.6689256733767,109.30952246798886,221.37784711424985,178.9577661837674,202.16073195111863,433.05482935357276,108.02729878208861,225.2677604657143,179.31522557776697,202.8837329720962,435.89641421757136,108.5929840098498,48201800,24100300,7663200,15808800,12065900
2024-07-23,223.2831268310547,180.5067596435547,202.75840759277344,438.91558837890625,106.9242172241211,225.19832267550643,182.31391975552617,203.86700327176683,442.4083722657051,108.58355968850248,220.97100689389265,180.25852436340998,201.81369037966206,437.1889338456379,106.69793736645956,222.64803919770813,180.76493403159583,203.42357088396682,437.97824958808866,108.24414709508848,39960300,36352700,5557300,13107100,11251700
2024-07-24,216.86277770996094,171.41140747070312,201.08102416992188,423.17840576171875,108.43270111083984,223.0747441599071,174.9462749610045,204.39719093826727,435.5906035987281,108.61183031943749,215.46361045876344,170.60712769523397,200.57975409339878,421.88588376058476,106.6036453680695,222.280880842846,172.37456144038464,202.0064718741431,434.5743451525585,107.26361022727659,61777600,49585200,7119000,26805800,14925200
2024-07-25,215.8208465576172,166.0991973876953,201.15814208984375,412.8184509277344,110.71430969238281,219.15506035064124,172.19585555378663,202.62342813048153,424.066366533815,111.27999492363689,212.97286249707204,166.00983631882548,200.56046601291564,411.94033937034624,108.00843919866479,217.24978234747041,171.3022145629285,201.1388579458968,423.0797067418699,108.5835545551452,51391200,44852000,6403800,29943800,17021700
2024-07-26,216.28724670410156,165.8211669921875,204.59963989257812,419.5967712402344,110.62003326416016,217.80550332568987,166.90346917641645,205.48651931773958,423.19810333197387,111.27999818780226,214.35220009781358,162.90191767605657,201.10994520654938,411.7034934246348,109.80921510478373,217.02155779536062,165.9701020997129,201.7076360111633,412.6211098546519,110.09205413216827,41601300,41336900,8027800,23583800,11252500
2024-07-29,216.56507873535156,168.33326721191406,203.25967407226562,421.0373229980469,109.46037292480469,217.61694112977094,169.22690794899225,205.92031228740183,426.38500194360023,110.67660016978985,214.09418328948692,166.8041449137618,202.97047074878532,419.0344049240428,108.7815477468522,215.29490356378676,167.63821162184485,204.9948645941633,425.8225986635412,110.61060367710436,36311800,20293800,6533600,15125800,8861800
2024-07-30,217.12078857421875,169.0879364013672,207.44345092773438,417.2781982421875,111.4119873046875,218.63904514115285,170.02130347692145,208.02184290665085,423.32639784774454,111.8173963703013,214.46134877521007,167.25100442280618,205.2937320559166,411.79234175836467,109.58293863991558,217.50779485320817,169.0383014663059,205.5540018271571,422.0141534919779,109.70550149488611,41643800,18959700,8850700,32687600,12483900
2024-07-31,220.3756103515625,170.3291015625,205.13949584960938,412.7691345214844,111.80797576904297,222.10226187087767,173.01997848256258,208.60025726077208,416.1533704185598,112.91107033005211,218.93674165630796,168.80990296351985,205.01417096363343,406.7110288792971,111.77969258418504,219.7405227481965,172.01711347343624,207.04821445631424,414.89044707540063,112.79793039754183,50036300,25729100,9071600,42891400,15137700
2024-08-01,216.6841583251953,169.5546112060547,200.47373962402344,411.545654296875,110.26175689697266,222.7571844619209,172.82139580223534,206.13242319165994,421.7575892383458,112.65649798952617,215.35444602521784,167.6878923021726,198.9506156316293,407.57929274476925,109.70550179243092,222.64802807062824,169.0482167160951,205.52509759653918,415.1765852410534,111.58169389509132,62501000,24531400,10918600,30296400,15051500
2024-08-02,218.17263793945312,165.48355102539062,191.97122192382812,403.0406188964844,110.19576263427734,223.86859053089324,167.32048278839775,197.3021480368774,409.46378330120876,112.07196196794222,216.03914463167754,163.50759297707282,189.8022189578119,398.9459870855653,108.81925924328239,217.46808032420208,165.26510279286998,196.540593467653,406.98725777167675,109.33780824365772,105568600,29130100,18041700,29437900,20403800
2024-08-05,207.66392517089844,158.12583923339844,187.8838653564453,389.8785705566406,108.20642852783203,211.8614570593827,163.26926585242992,189.10815124254898,395.6900105848848,109.39437254705994,194.49576385779395,153.83632724823977,184.02785978968814,380.43623009500715,106.77335879766535,197.56204548052773,154.40231083700758,187.06447299920575,383.97836487999916,108.93239711466829,119548600,53630700,13927000,40709200,18025900
2024-08-06,205.6395721435547,157.17263793945312,193.12802124023438,394.2790832519531,107.63133239746094,208.3783997216886,159.43655755600886,195.30667364113896,400.25826896287094,109.01725884957077,199.52685967053256,155.3059189992834,187.01625639153167,393.18390539634436,107.13163640835172,203.72439154098564,158.2053051541738,188.3658523579827,394.66389500260414,107.90474132152838,69660500,49004600,10605800,24946500,13647800
2024-08-07,208.20970153808594,157.81805419921875,193.18585205078125,393.1148376464844,109.06439971923828,212.00037630720823,161.82952940748444,198.3432648205562,404.6094177317887,110.42205014672695,204.80601788828693,157.35137068982363,192.99305473526,392.16765271577526,108.66842074224697,205.31209833985366,160.11174561926643,196.1838966420379,403.18865539095805,108.8475499786505,63516400,25138600,9204400,20650900,13660700
2024-08-08,211.6729278564453,160.88624572753906,196.71408081054688,397.3180236816406,111.14801025390625,212.55609685346144,162.53453159498838,197.53348770722891,400.4457182788044,111.35542986592748,207.22731432081122,159.0791007984094,194.52579398688883,394.6047093244423,109.11154183049844,211.4744658055274,159.37697100848436,195.1813224461326,397.07135874007713,109.4415243073147,47161100,25578800,7761200,20203000,13851000
2024-08-09,214.5804443359375,162.51466369628906,198.39149475097656,400.60357666015625,112.05310821533203,215.11629337558463,162.63381177677473,199.03737393584737,402.6064947272633,112.48680049848836,210.3432107490655,157.93720474099763,195.5958818132959,396.89375651412195,110.64832155977363,210.47221789303094,158.88049573069213,196.1453696820707,398.64013341356633,111.14801033834335,42201600,28602300,5540200,19276700,12151900
2024-08-12,216.11038208007812,161.14439392089844,198.76744079589844,401.383056640625,112.19452667236328,218.07745621052726,163.73597062856854,199.68323913689548,403.30705522680034,113.297613989778,214.19298467780987,160.69757348531624,196.32851855610414,398.84733381774834,111.27056858187176,214.65991863613397,163.1898651801224,198.97952226974954,401.6297215819056,112.71307568127355,38028100,15895300,6936000,16762900,13228900
2024-08-13,219.8260040283203,163.001220703125,200.45443725585938,408.4870300292969,111.11971282958984,220.441953079239,163.56718927271257,200.59903157036632,409.41449264240543,111.73254146119021,217.58074300671984,161.81961832579947,198.00586566059425,404.10625814496586,110.78030027033665,217.58074300671984,162.25651485029758,200.2519905060568,404.1259805010332,111.51569175102604,44155300,18551700,6387800,19414300,11585100
2024-08-14,220.27304077148438,159.2379608154297,202.67166137695312,411.2989807128906,112.14737701416016,221.5744891931242,162.0678490367502,203.17293151843467,412.14752377963794,113.04305187138408,218.2662191901357,156.59674898008666,199.66396698059305,406.9478375879701,110.902866654917,219.13055181670978,161.25363005478357,200.26165785619665,409.26646397851016,111.34598902101715,41960600,40591100,6999800,18267000,12194500
2024-08-15,223.2534637451172,160.16139221191406,203.9344940185547,416.1620788574219,112.84117889404297,223.87935717471936,160.49898852805327,206.19025370793764,416.2411406304339,113.69653448576678,221.30624816369337,158.4833194361169,203.50069634128775,412.8310473922666,112.26143337014851,223.13425172393934,159.36703635252704,205.33229307174528,414.9462891736181,112.38498296093368,46414000,31524300,7001000,20752100,11579400
2024-08-16,224.5747833251953,161.80967712402344,206.2673797607422,413.6316833496094,112.30895233154297,225.34969177239586,163.89484419906685,206.38305522115786,416.46849580465874,112.6035817503446,222.19043681447837,159.9925932186499,203.97305173253818,412.4751975268654,111.82425274920314,222.45867901826594,160.33018953302678,204.06945775588053,415.7370612802868,112.13787975807344,44340200,24208600,7931200,22775600,10056000
2024-08-19,224.41583251953125,165.4934539794922,207.694091796875,416.6563415527344,112.65109252929688,224.51518597934856,165.51331703931265,207.7712136714554,416.8737991572246,114.52338470918187,221.58442566604344,163.10046283215073,206.1227795694666,411.6449527797598,112.30894739738955,224.2469437652095,164.1132667679394,206.29629275515234,414.11604821044875,112.52754294038132,40687800,22416200,6090800,15234000,12417500
2024-08-20,225.0317840576172,165.9998779296875,206.79754638671875,419.88848876953125,108.89701080322266,225.68748051768907,167.44957853320707,208.22426407748097,420.9362307322599,112.76514480264333,223.97870407222223,165.642433695725,205.98777418053737,416.76505094858624,108.83048298508966,224.29662301984854,165.72185564699794,207.26026285490002,416.82435482083605,112.76514480264333,30299000,18341500,5640000,16387600,15632000
2024-08-21,224.92250061035156,164.6792755126953,206.8746795654297,419.23614501953125,108.20320892333984,226.4921913011218,165.67221654044488,207.26027419175705,421.46999458583696,109.83790065743278,223.58131984717622,163.50759722139043,205.17802790680824,416.8441115746798,108.11767626913144,225.04172779494317,163.98420467240848,206.71078640427385,419.17681098270833,109.30567813972364,34765500,22902000,5202300,16067300,11752400
2024-08-22,223.064697265625,162.6437530517578,208.83160400390625,410.7454833984375,109.03956604003906,226.84983046212884,166.4069931043409,208.9954824579449,421.8555493177983,109.3056772968416,222.43880384726458,162.15720646482643,206.62403281413785,409.8163490739685,108.00362464635731,226.30341677619586,166.07932072756,206.85539841898242,419.45362155809136,108.13668027475856,43695300,22493300,5247100,19361900,10609500
2024-08-23,225.35963439941406,164.45089721679688,210.4511260986328,411.9711608886719,110.55069732666016,226.73063334528243,165.00694179876172,211.29945196841106,414.4126044200127,110.93085936013382,222.866020162344,162.67353934579646,208.70628606060572,407.32548933843145,109.3246785754761,224.187342377279,163.55725630307884,209.76669339782856,412.15896655760116,109.3246785754761,38677300,13955700,7214000,18493800,10381400
2024-08-26,225.6973876953125,164.98707580566406,211.28018188476562,408.70928955078125,112.9172134399414,225.7967411465175,166.36726315289178,211.77181729592928,412.4554786638681,113.0407702903953,222.4288653159012,163.29907918080005,210.2005050400954,406.58415351672016,111.12095496954592,225.2801304868265,165.20552403193696,211.12593813281453,411.55599630876077,111.91929609582662,30602200,14190400,5105200,13152800,13671000
2024-08-27,226.54185485839844,163.5175323486328,212.2538299560547,409.05523681640625,111.84326171875,227.356510742363,165.26511837355505,212.48519559702632,409.5692137906275,113.48745969395455,223.42234738221904,163.29909924659626,211.29947794472272,405.5067475085558,111.57715042819409,224.52510403050715,164.6693476557718,211.60795075652365,408.0865565785304,113.05977461899924,35934600,11821900,5185200,13492900,9991600
2024-08-28,225.0119171142578,161.70045471191406,213.3238525390625,405.85272216796875,110.74079132080078,228.35991942602843,164.4310425767687,214.210746726538,410.2018441208808,111.74822194819397,224.20719049274723,160.38976526426643,211.29945852719868,402.6007521142328,110.4936921253359,226.43257756563742,163.87498286647468,211.3572962547529,410.08323636580656,111.19698727956225,38052200,16407400,6506400,14882700,10742900
2024-08-29,228.29039001464844,160.6379852294922,214.21075439453125,408.34356689453125,112.27092742919922,231.3999685703833,164.7984102225247,214.95302487070535,417.17031240351145,112.89819590439207,227.38634017099784,159.11878679232862,211.0584657445463,405.85271359636084,110.57921390663144,228.59837969678284,163.15012461387778,214.15290195541283,410.14253158113485,111.38705373751078,51906300,19699800,6416100,17045200,10753900
2024-08-30,227.5055389404297,162.22669982910156,216.70751953125,412.3171081542969,112.09036254882812,228.89639643358683,162.50472208741948,217.36303342834742,412.663037378181,112.16638916304112,225.99545426270925,160.54862717284777,213.94082548692816,407.3650233246306,110.52219852124325,228.68777538921813,161.47205499845862,214.49031335022525,410.7949049431994,110.99739930226967,52990800,22123800,8574100,24308300,13284700
2024-09-03,221.3162078857422,156.2491912841797,212.36947631835938,404.7061462402344,109.74286651611328,227.50554667965343,160.707501683565,216.03268397578447,415.0254436454868,110.33211082776874,219.72664341730942,155.37539838425428,211.34763735649423,402.3240065159735,108.38379202966762,227.05848641015993,160.57841450941874,214.29747880021557,413.0782191501631,110.09451044378166,50190600,38945300,8956100,20313600,15725100
2024-09-04,219.40872192382812,155.34561157226562,211.4344024658203,404.1723327636719,108.40280151367188,220.33264539565292,157.8776140734706,214.0757712679163,406.48527429622453,110.38914457940805,216.06070449558098,154.85908019413716,209.39072445966104,399.6947093805116,108.3267748982903,220.2134333758585,155.55413584223268,213.08283641697943,401.21691249953295,109.57179864340026,43840200,19353800,7389500,15135800,12620600
2024-09-05,220.92874145507812,156.13003540039062,209.79562377929688,403.6682434082031,107.55694580078125,224.00850159902006,158.3244263445636,212.85150637044612,408.3237783354607,109.56229372831594,220.07435325324454,154.8789201470245,208.25321569674185,401.4343636867301,107.4619070923318,220.1836359939166,155.19666851330035,212.22489665150468,402.9071267784607,109.36271026527548,36615400,18688700,8067900,14195500,17200800
2024-09-06,219.37890625,149.85464477539062,204.8117218017578,397.0555725097656,107.05323028564453,223.77005891628232,156.71587030378532,210.86564876332926,405.9020748639309,108.51684954650545,218.3357556594125,149.4872614761098,203.49103002390277,396.1659541424797,106.18836864344713,222.48846914066658,156.18961281792176,209.76668787436864,404.33046200098624,107.95610886005774,48423000,37912100,7777000,19609500,13467700
2024-09-09,219.4683380126953,147.856201171875,209.005126953125,401.02911376953125,109.30567932128906,219.82598924771256,152.51926120186218,210.29688521091413,403.9252302108811,110.38913645890199,215.2957503769675,146.37475041538113,206.4697987366713,397.5003824546475,107.0722372306304,219.37892899374344,151.63437166613713,207.4434494984693,402.5315288470681,107.27182067692878,67180000,39260500,8935100,15295100,21645300
2024-09-10,218.67355346679688,147.80648803710938,198.1601104736328,409.4111022949219,105.32350158691406,220.03460793809228,150.4015036061094,210.7692495990519,411.5164502597468,109.67634251318675,215.31560663834654,147.48831800096144,193.3883068457007,402.9862541865475,104.70573911686417,217.49131703149231,149.58620426686707,210.73069601813924,403.48047327180706,109.39121914209032,51591000,31118800,28406900,19594300,20913400
2024-09-11,221.20692443847656,150.29212951660156,199.77000427246094,418.14886474609375,104.2780532836914,221.63411098197892,150.63017379029483,200.22308610329478,419.0878628478116,105.447043063021,216.4680492147489,146.67302891819028,194.5644026413618,404.8444661227044,102.42476601621118,220.01475867053273,149.0592434246133,197.86128563565708,410.6960329818373,105.28547654896535,44587100,29607700,13658700,19266900,19571900
2024-09-12,221.3162078857422,153.8018798828125,199.16268920898438,422.0630798339844,105.71316528320312,222.09111639532034,153.931138367879,201.26420513801557,422.42879711427406,105.80820398592535,218.38546260882887,151.7735836501272,197.51424039176328,414.89690341994134,104.31607387512297,221.04796566036197,152.91699025153633,200.17487888132874,418.415740735589,104.44912950913172,37455600,29621500,9054400,17395700,15919500
2024-09-13,221.04794311523438,156.55596923828125,196.9647674560547,425.6115417480469,105.63713836669922,222.57788625371046,157.47068534964538,200.36769112363794,426.8371952929349,106.89166817769235,220.461797151476,154.318887339598,195.7115627301204,420.54084966063596,105.42804885636892,222.12089674811224,154.53761027887018,199.41332446960854,420.9065669174341,105.94126658600094,36766600,29591200,10226700,15874600,10035400
2024-09-16,214.90830993652344,157.1525115966797,200.3773193359375,426.3528747558594,107.11975860595703,215.80243050187988,157.3414231577179,200.71472568909704,428.51755654874484,107.48090858721604,212.52396316355507,155.7009025392383,198.18903217312973,423.26895279469,106.15035220837316,215.12686027714844,156.4068176480649,198.42039779039567,425.62144023461013,106.49249734892946,59357400,18379800,8634900,13834700,11729000
2024-09-17,215.37522888183594,158.4052734375,201.71728515625,430.1188659667969,108.51685333251953,215.4845116318028,159.6282071595107,202.3727990223658,436.741413807479,108.69743195409768,213.10018001697546,157.47066800869246,200.18452651974977,427.2721591954558,106.55902838652386,214.34202255786693,158.1069928496196,200.25199896620595,435.1401487897844,106.74910580324607,45519300,20715600,7573300,18874200,12202600
2024-09-18,219.24977111816406,158.89247131347656,200.05917358398438,425.82904052734375,108.89701080322266,221.25659276615585,159.57851220454893,203.7320159075651,430.9886889198146,109.89492807521766,216.12031904206836,157.68942685128602,199.25905079994973,425.43367129700556,108.1651975527713,216.13026348358338,158.9421872798641,201.48589128215278,429.9705988234429,108.45032091676322,59894900,23677300,8259900,18898000,12569900
2024-09-19,227.3763885498047,161.20909118652344,202.9029998779297,433.617919921875,110.24657440185547,228.32020097310811,162.8496118323656,204.28152945633747,436.39542861722236,111.74821051756615,223.16406850984052,160.41368126049775,199.87603622956823,431.8486072464737,109.47675150436558,223.52171975466862,162.77008449382728,202.22820187533188,436.12856118496126,110.39864212288401,66781300,26587700,11635200,21706600,12660600
2024-09-20,226.71075439453125,162.65078735351562,203.49099731445312,430.23748779296875,109.55278015136719,231.56884144729943,162.7899829734501,203.80911945610794,434.161588684006,109.78088173715226,226.1345376792504,161.12957266023724,201.95823903060824,429.1996397408119,108.58337379023922,228.46920754640476,162.56130770595448,202.37275246066474,432.16495436382024,109.73335876069999,318679900,40896400,20885000,55167100,36206200
2024-09-23,224.99203491210938,160.92076110839844,203.8284454345703,428.4978332519531,111.53913116455078,227.95258288382507,164.53986181971814,204.17548650492685,431.41370770372646,111.94780413822464,224.336338501163,160.74178667068307,202.4306464351734,425.4139110417271,109.4102336335698,225.8563523524968,163.40640761812853,203.40428249196864,429.2589197702658,109.60981709731908,54146000,24150900,7223500,15128900,16066300
2024-09-24,225.88616943359375,161.3582305908203,203.9730224609375,424.2080078125,111.24451446533203,227.85325878901892,162.28289902982328,205.28406475898234,428.33967197864655,112.29946086204575,224.25687274556688,159.7674258440889,202.79693975050793,421.1734954974966,111.03542494512008,227.15781488965328,162.09398745781283,203.54885955429185,427.9937125983331,111.99532537738179,43556100,23332100,7323200,17015800,11984900
2024-09-25,224.8927001953125,160.56283569335938,202.62342834472656,427.1139831542969,109.07758331298828,225.80669443859438,161.87524922923666,204.59963388085862,428.1123153119531,111.24450494993518,222.55804543582803,160.37392412147798,201.10030458012938,423.61493391499886,108.38379423816235,223.462095237407,160.5429462723237,204.05978081621666,424.8603454388432,110.71227514828703,42308700,18869200,8976500,13396400,13816000
2024-09-26,226.03518676757812,161.7957000732422,202.22817993164062,426.3232421875,107.20529174804688,227.00878694842402,163.13795527115403,204.079060556282,430.2671006249204,107.85156505596231,223.93895622483703,161.34828673099906,201.48589485458146,424.1684543301705,105.62762178275791,225.81662129607273,162.7004790534292,203.52958749575163,430.0595370663028,105.62762178275791,36636700,20319300,7807500,14492000,16887900
2024-09-27,226.3034210205078,163.00869750976562,202.9222869873047,423.0712585449219,110.07550811767578,228.02214184296878,164.7486500925775,204.79245198574228,426.85699330507344,110.33211334780798,225.8166284941723,161.69628402203105,201.79440715731258,422.52762966372916,107.63297640453946,226.9690618971705,161.87524329123835,203.06688130801132,426.5307918445686,108.11768322922077,34026000,21101300,7032500,14896100,15964000
2024-09-30,231.4794464111328,164.89779663085938,203.26931762695312,425.32489013671875,111.40607452392578,231.4794464111328,165.19606207708327,203.3657236421353,425.44352804368714,111.567641052515,228.15130238402674,162.32265529939457,197.87090438559173,420.45189768334603,109.25816491983805,228.53875664504176,162.38232355982177,198.88310870703359,423.2590581868764,109.73336571050419,54541900,20413900,8663800,16807300,13247600
2024-10-01,224.73373413085938,166.03123474121094,199.5868377685547,415.8260498046875,113.98165130615234,228.15127156053518,168.18877389639653,201.563043524854,423.52599147760804,114.61841856600526,222.2798524228829,163.6350680810018,198.76744542730427,413.9677812470877,110.18004533546569,228.0221302637843,166.72721266688677,201.37988091048814,423.49633953955015,110.2845900797386,63285000,28338100,8540100,19092900,23235900
2024-10-02,225.30001831054688,164.9077606201172,199.82781982421875,412.30718994140625,115.49279022216797,225.8861642954019,166.5582338236158,201.4280654870263,417.93140514988795,116.7283151060753,221.56456176324298,163.7842433523693,198.2854265944641,411.89203266645677,114.23826049817988,224.41582711263038,165.4645431053493,199.62538779175662,417.6941594936009,115.8824583282115,32880600,17760200,5810900,16582300,17129700
2024-10-03,224.19725036621094,164.9077606201172,197.8419952392578,411.7240295410156,116.5002212524414,225.3298099915582,165.6832812490026,199.0566463684385,414.699207817815,117.06095467449765,221.86259582618194,162.97889617400253,196.98403461617457,409.50004373541833,114.93205727821751,223.6707104185886,163.46608843417303,198.74815887229946,412.80142348929195,115.85394792219712,34044200,15073100,7251300,13686400,16524300
2024-10-04,225.31991577148438,166.10084533691406,204.86412048339844,411.2495422363281,118.63862609863281,226.5120815901165,167.26412612073125,205.30057644632367,414.89688113885154,118.98077123345851,222.66734189828435,164.5299148711692,200.68381627913752,410.172148356534,116.35766095012426,226.41272812222596,167.09510397311843,203.00189752185364,413.40432999591644,117.0894669462308,37245100,19047400,10211700,19169700,19752300
2024-10-07,220.2432403564453,162.04425048828125,204.5828399658203,404.80499267578125,119.15184783935547,224.21713611955545,167.51267238697537,206.9106297822478,412.287446994849,120.0737312745052,219.885589131397,161.81557527499385,203.3801626203171,404.27122759664127,118.66714100675922,223.0348997045567,166.75704136805373,204.67983675803367,411.1902950616205,119.03779704021854,39505400,22463100,6718900,20919800,15714400
2024-10-08,224.29661560058594,163.4362335205078,204.40826416015625,409.9151611328125,115.98700714111328,224.5052366387564,163.78421492779364,204.97081299762056,410.8541894054543,117.86879816755228,221.79305702807565,161.93489332497202,202.10958521366825,403.45079759655545,115.24569508518347,222.83620769655573,162.99875730912473,204.2433814525666,406.1492143378804,117.73574252935917,31855700,23072700,6021800,19229300,14818500
2024-10-09,228.04200744628906,160.9307098388672,206.9979248046875,412.63336181640625,116.03453063964844,228.25064364916537,163.89359644421285,207.7932570879516,415.51961434814075,116.50023265550226,223.36275355639287,158.8228863013817,203.07949994464997,409.5098937927917,114.80851892718626,223.7601370790405,162.5115774919813,203.3898630505735,411.0518548194861,114.9035576392623,33591100,31181800,7024000,14974300,11144900
2024-10-10,227.54527282714844,161.1494598388672,206.43539428710938,411.0321350097656,117.0324478149414,228.00227752622936,162.13378146188393,208.3461158889662,412.5246863355552,117.56467036957402,225.68748134269669,159.47909725173434,205.10662391004624,408.37323385448985,116.22460793709162,226.29350107451606,159.94640007740227,208.3461158889662,410.4292021904471,117.05145990674313,28183500,14144100,7927100,13848400,10243300
2024-10-11,226.06500244140625,162.3027801513672,215.60101318359375,411.506591796875,117.47914123535156,227.91286461183438,162.9589793006072,217.87061094482132,412.30722431233596,117.87830816330627,225.85636623992795,160.3142629412503,208.6855737425154,408.4720793339732,116.8423739096635,227.80358186995707,161.19915249290503,209.18022188553982,411.32868016338136,116.99443439369871,31759200,15344300,18320700,14144900,8294800
2024-10-14,229.79054260253906,164.01290893554688,214.81539916992188,414.29400634765625,117.92582702636719,230.21772915238438,165.27560646204375,216.96859791284456,419.1373475498946,118.09689959680247,227.1081657950345,162.46185274166893,212.2936451428216,412.6927111070291,116.5382416221648,227.2075041009655,162.70048027253844,216.4836435076752,412.9398206598447,117.12748594733975,39882100,19016100,9048900,16653100,9808100
2024-10-15,232.3238983154297,164.51004028320312,215.69801330566406,413.89862060546875,114.38082885742188,235.9401430278398,166.71728049354707,218.66593180883564,417.59540014974584,115.90146993727976,230.85354589755886,163.68480379630955,215.14517299607007,410.4588748220689,113.83910024612912,232.08545910083197,164.83813228183462,216.92980160195145,417.29885057772566,114.82751876078389,64751400,20247200,9235800,18900200,15771300
2024-10-16,230.2673797607422,164.21176147460938,216.91036987304688,411.308837890625,114.67545318603516,230.60515724916505,164.84808640066018,216.94915970720527,411.54605337068887,115.41676522636052,228.34003796565733,162.7999160190336,214.38860146343805,405.7340629559766,114.61842416301823,230.0885617348273,163.58537367338423,215.63979190961075,410.36983983888206,114.89404147947043,34082200,16406000,6382500,15508900,8426800
2024-10-17,230.63497924804688,161.9945526123047,217.6669158935547,411.90191650390625,114.38082885742188,232.3238971476739,165.4148047545223,219.0538930763408,417.6150873802946,115.54982599283711,229.0156269629083,161.82553046438127,216.59031660888084,410.78497665094557,113.77257242547873,231.9066247344228,164.77847983302945,217.521435503585,417.4766915704916,114.77049698622316,32993800,21453400,6470200,14820000,11204900
2024-10-18,233.4663848876953,162.48171997070312,218.5883331298828,413.3252868652344,114.05769348144531,234.63867690560429,163.76432191357625,219.12178590933368,414.79805000770625,114.6564438551261,232.4828401919167,162.14367572652748,216.3866508941279,411.447260474788,113.24034755807814,234.63867690560429,162.25304476684084,218.22947162354006,412.31709084461266,114.4663664431289,46431500,19757700,7000500,17145300,12898600
2024-10-21,234.93670654296875,163.12802124023438,216.28964233398438,413.9381103515625,114.12422180175781,235.3043021987925,163.5555451703661,218.90839289110613,414.1160219717621,115.45478544454487,232.91995571367772,161.68633408506915,216.19264554312963,408.9662678666254,113.78207665787005,232.91995571367772,162.01444125458505,218.44284085419463,411.30886136013186,114.97958466147725,36254500,20946500,5870000,14206100,10177800
2024-10-22,234.32078552246094,164.19187927246094,217.37594604492188,422.5672302246094,114.71346282958984,234.67843677993508,164.8182671012252,218.50104375579213,425.6017126142665,115.17916480430054,231.0820656392084,162.0442768634266,214.4468322523353,413.20671913798,113.99116288083341,232.36364046895116,162.0442768634266,216.30905529120685,413.65149823512496,114.29529108320146,38846600,16568100,9586800,25482200,9201400
2024-10-23,229.25404357910156,161.84542846679688,216.6873016357422,419.69085693359375,114.30477905273438,233.60546433739609,164.86798338254357,218.0354741082416,426.0959170295647,114.76097493857694,226.27362172475395,161.00030251118483,215.83377726191281,417.64478266305224,113.47793443293943,232.55238437433343,163.81405642655295,216.92977880561352,425.8784594235447,114.01966296869693,52287000,18280500,6180500,19654400,8320300
2024-10-24,229.06527709960938,161.78575134277344,218.21005249023438,419.8193359375,113.65852355957031,229.31364556669442,162.3922496608961,218.28764696123304,421.0548835944768,114.4663707182009,226.9193699057847,160.08556255879625,214.9899633417666,417.5162582126422,113.22133969485812,228.47911599629046,161.89512038935888,215.1548460427767,420.4123746810587,114.04819169500283,31109500,22412500,6002200,13581600,9905600
2024-10-25,229.89981079101562,164.3211212158203,215.6204071044922,423.19976806640625,113.56348419189453,231.69799621804017,164.63927607521566,218.83080262847554,427.5192377532194,114.45686400864444,228.07182235817814,162.48173675810202,214.23344472630617,421.63804913504384,113.40191766150024,228.2407111108546,162.73030140529735,218.22946395257756,421.8258547879259,114.23826845206078,38802300,19828900,6369700,16899100,10714600
2024-10-28,231.87680053710938,165.7628173828125,218.7144317626953,421.6578369140625,113.00273895263672,233.19812263375962,167.78116139958385,218.85021840107262,426.94598717649535,113.10728369693165,231.03235682367705,163.00871644109216,216.24116139259178,421.3711813975522,110.97837913218783,231.79733596578163,167.78116139958385,216.6291337876938,426.669225694439,110.99739122259851,36087100,32138600,6843000,14882400,11844500
2024-10-29,232.14505004882812,168.70579528808594,216.19265747070312,426.9559020996094,111.46308898925781,232.80074647701065,169.40178845873763,219.92681213014208,428.1617979371543,113.25934728010643,230.80386934668286,166.13066910445878,216.1053692338975,420.8769829019358,111.26350554038443,231.57877779482254,166.76699401414237,218.43315914614644,423.0515590564399,112.69861386436521,35417200,42169000,6580000,17644100,14731000
2024-10-30,228.59835815429688,173.4583740234375,217.6572265625,427.5291748046875,110.90235900878906,231.94636045913163,180.97496713171114,219.5000472712289,433.43015208412135,112.40398794458676,228.05194445904854,173.06066145323211,214.91238301870854,427.10415361686785,110.70277555373346,231.09197226998216,179.64264898550226,215.84348713272396,432.38241000195467,111.8242496709424,47070900,68890800,7110900,29749100,12303700
2024-10-31,224.4357147216797,170.12759399414062,215.24212646484375,401.65185546875,110.98788452148438,228.33013097812315,175.80481742033143,218.89868622999063,411.3484314804884,112.78414275231734,223.89923027313517,170.01822493850247,215.14514447933752,401.60241546152275,110.89284582295645,227.84332326136388,172.13600066532192,217.93847133580033,410.55766284750285,111.33953568212438,64370100,44769000,7829900,53971000,20512000
2024-11-01,221.45529174804688,170.30653381347656,216.23146057128906,405.6253662109375,109.24864196777344,223.87937072005496,171.33063403813247,219.34485939228048,410.69605883957496,114.00064913907264,218.83252100898451,167.91038233009985,215.99867714182966,402.78855349489004,109.14409722992586,219.52794977327943,169.09355238654865,216.83279926451777,404.2811047814158,113.98164430082194,65276700,31796500,6923500,24230400,20939300
2024-11-04,220.56114196777344,168.26834106445312,213.16656494140625,403.7374572753906,112.72712707519531,221.33605042122997,169.7497767581588,217.02679800371024,405.6748178590432,112.81265973319627,218.2761640538016,167.04539198951443,212.57491995349548,400.88088657331804,110.18005066166778,219.54780947276666,168.95436679599575,215.95019859290983,405.06196083886334,110.3131062969948,44944500,21492700,8229600,19672300,14965400
2024-11-05,221.99176025390625,168.7654571533203,214.82508850097656,406.7027282714844,113.05976867675781,222.48849724939907,169.55091475770118,215.28094678500298,410.1029577159873,113.29736906669325,219.69683776020295,167.87061532690117,213.37991917505954,403.36180269923256,112.15689009539855,220.3525342324639,168.45722424913848,213.40901525279463,403.64845819160416,113.17381947428267,28111300,18242100,5600700,17626000,10436700
2024-11-06,221.26651000976562,175.49658203125,239.62567138671875,415.32196044921875,114.99858093261719,224.59465366535846,175.92412112315387,240.5373880480682,415.58885807174516,115.86344977382431,219.7464961432124,172.50386907265272,227.70549846665955,405.7736437068039,113.38290129098387,221.15722727351368,172.80214969030013,227.92857335200011,407.65170044035887,115.1411426071114,54561100,33695500,23987800,26681800,20807700
2024-11-07,225.99546813964844,179.71224975585938,229.26702880859375,420.51123046875,115.14115142822266,226.39286684724487,180.0403569286527,237.21058362240817,421.91482589939426,115.47379052686777,223.10447023283905,176.1726914135067,228.1419311373641,415.0254108601489,113.67753214319558,223.16407624917585,176.39142952870222,237.14268290793603,416.40921822256973,115.28371311363871,42137700,25352900,16451100,19901800,12184400
2024-11-08,225.7269287109375,177.32603454589844,229.84896850585938,417.6546325683594,115.10313415527344,227.4176895436531,179.86138194143007,232.13795371871322,421.568838898406,115.3977563202045,225.17991383614745,177.05758046511664,228.68508098059854,416.90340997880253,113.72505478596335,225.9357792784742,179.6128172813832,232.13795371871322,420.4024892096892,114.97958456213846,38328800,22006200,9502100,16891400,12836000
2024-11-11,223.01173400878906,179.31455993652344,232.08946228027344,413.177001953125,114.494873046875,224.4737485807484,179.5134086393181,234.81491834649185,419.8983686763573,115.58783625244514,220.29657059338746,177.44534875364968,231.8081952497588,411.1902318053884,114.11471098611301,223.77755477883602,177.5547178158643,232.7781040164942,417.6348370791872,114.99858469571464,42005600,17450400,9017100,24503300,11969700
2024-11-12,223.01173400878906,180.57725524902344,232.35133361816406,418.1390075683594,114.38082885742188,224.36434561359883,181.44227061052396,234.194169089919,419.5327090402253,115.2932135053366,222.14646565326132,178.36006265722634,231.57540367214264,412.37642617579047,113.89612202068984,223.3300027044557,178.787601775427,233.31154859132423,413.4142742125201,115.12214093066581,40398300,25134900,6861000,19401200,11972800
2024-11-13,223.89691162109375,177.8529815673828,233.90321350097656,420.283935546875,115.44527435302734,225.4185978724207,179.9210412566759,236.74503922660472,424.3661599826618,115.99650897753111,221.54973296285615,177.51492211643085,233.0787850879371,413.3747320030266,112.90770402258894,222.79294167641658,179.423911961303,233.34066461202306,416.76509796101305,114.58991153069186,48566200,23184000,11472600,21502200,15127900
2024-11-14,226.98007202148438,174.57192993164062,234.5918426513672,421.9543762207031,115.52193450927734,227.62653447284012,177.79333331489727,236.9390202307555,423.21957584577814,116.78677294147488,223.77756520755418,173.3191695348543,233.79652511106855,415.14402288993426,115.30155003754354,223.7974607959322,177.2564251654299,235.1252954647814,420.086213638624,116.57597262825108,44923900,31007500,10172200,30246900,13041800
2024-11-15,223.77755737304688,171.4996795654297,237.9282989501953,410.20184326171875,114.32417297363281,225.6871240415238,173.1402002652983,239.00489819067897,417.91164897279026,116.1735208341901,223.05152776948486,170.236966835199,234.1941593644623,408.85758182070697,114.15169466967411,225.1699449930133,172.73255057874763,234.1941593644623,414.9661225121513,115.3686269560969,47923700,32504600,11518800,28247600,19051700
2024-11-18,226.7811737060547,174.2935333251953,237.65673828125,410.9530334472656,115.28237915039062,228.49183017609323,174.43272892051993,240.46946771808433,413.5624943414024,115.57942957301114,223.94665165924164,171.90730361382492,235.37744681373624,407.33534638732004,114.28583869412319,224.0262188410909,172.4243223269658,240.30458500761375,410.07330906060787,114.7841125775423,44633700,20135300,9051400,24727000,14239700
2024-11-19,227.0397491455078,177.09732055664062,235.7751007080078,412.9595642089844,113.67257690429688,228.90953992555222,177.8430144374994,237.77311024831232,413.10782389174204,114.74577593735343,225.4285554930197,172.56350418840825,234.28144783212835,406.79168992363145,113.26054585067939,225.74680903538962,172.72258919074153,234.96038095752812,408.3336509537854,114.74577593735343,36211800,23434900,6792700,18133500,11584400
2024-11-20,227.75584411621094,174.96961975097656,233.5346221923828,410.6861267089844,115.29196166992188,228.68078414631773,176.65985629395433,237.24937439416908,412.4653333453386,115.43569480004092,224.6627401240164,172.7822539205829,231.4590181077945,405.8328921341125,113.68216669584396,226.82094870348703,176.32181201959514,237.04568704958282,412.0501760807684,114.19001741977003,35169600,18997100,9015300,19191700,11360900
2024-11-21,227.27845764160156,166.66757202148438,237.3948516845703,408.913330078125,116.83468627929688,228.90954693288327,173.13025284582125,238.10289570204407,415.7571129679985,117.42877982647896,224.48372676835862,162.7601278802168,234.8245995104416,406.35806834126146,115.24405225485982,227.63650237265796,172.90156244724747,235.9108925350345,415.4797975064388,116.0202082606529,42108300,59734400,8783500,20780200,14675400
2024-11-22,228.62110900878906,163.81402587890625,241.07081604003906,413.0037536621094,116.70053100585938,229.46649702017746,165.50427747493626,241.6527523940075,413.3999142872652,118.06118901634912,226.82094518602503,162.9589629574629,235.71691574566026,407.1206761919346,116.55679787842554,226.82094518602503,164.89777917982897,236.2794645809059,407.4277029433142,116.72927616923202,38168300,38604600,7997300,24814600,13323400
2024-11-25,231.60482788085938,166.6874542236328,242.75845336914062,414.776611328125,114.95658111572266,231.98276822235073,167.6618386099698,246.65749066946253,417.0446437711569,116.78676042414465,228.49184328283926,164.65917328191838,241.56546975622135,410.87436717729366,114.61162455204423,230.20249985100446,165.13641317917185,242.07952020730173,414.37053686089325,116.35556837483172,90152800,33135300,10295400,27691100,26580300
2024-11-26,233.7829132080078,168.1490020751953,242.44808959960938,423.8883972167969,113.04017639160156,234.29015208323423,168.84499520108912,243.44709442063177,424.92835279721186,114.6787166657229,232.06231657216094,166.61785057482837,240.8671336131068,414.8360050762814,112.9251884158387,232.06231657216094,166.66756653684672,242.95244628971668,415.56890369905886,114.53498352366216,45986200,20486700,6212100,23458900,14827300
2024-11-27,233.65362548828125,168.25839233398438,242.2734832763672,418.93634033203125,112.74312591552734,234.4095061449918,168.5069570042289,243.63136431157088,423.13572759358533,113.76841153994036,232.53971526898803,167.0553478258637,241.2841870760072,417.97563494679554,112.52273413731335,233.19613315216662,168.0297170852908,241.8467358877818,421.03601885024915,113.15514968638817,33498400,19266500,5472300,18332400,11079100
2024-11-29,236.0406036376953,167.97999572753906,242.20559692382812,419.40185546875,113.03058624267578,236.51799158021294,168.4572356311654,244.19391267915222,420.8082605091315,113.5480211403306,232.69885768829369,166.20027942100947,241.9437174361471,413.796093210805,112.06279093536375,233.5342903816718,167.53258236969043,242.34138354713832,416.06415596091114,112.53231966191792,28481400,14257200,5494800,16271900,9426500
2024-12-02,238.2882843017578,170.5054168701172,238.8400421142578,426.8498229980469,112.92518615722656,239.4817615684827,171.09202581712017,242.71967731611377,428.8504539576372,113.26055860827967,235.8714939748314,167.60218350894124,237.65675219372102,417.2724796995242,111.93822981102554,235.98089694287458,167.80103219947992,242.04074411571574,417.52999772728793,113.11683277966486,48137100,23789100,8899700,20207200,12687300
2024-12-03,241.3316650390625,170.35626220703125,237.45306396484375,427.0676574707031,112.75270080566406,241.44106801091166,171.68856506902026,241.54606521705796,428.32547569363487,113.75882540651519,237.60203896586935,169.86908521024029,237.2687789369744,423.6407942127541,112.3598380477176,238.5070985351772,170.50541009739786,240.76044150846369,425.72067515411175,113.75882540651519,38861000,22248700,6657700,18302000,11756600
2024-12-04,241.68971252441406,173.36886596679688,236.07577514648438,433.22802734375,109.5043716430664,242.78374225546824,173.90577410275552,237.96710897912115,435.4564646159383,112.63772627161798,239.9392801306149,170.0778724521122,234.9409837266818,428.48392353237045,109.10192470508196,241.55047375645148,170.1673520843779,237.3366594350314,428.8800841135143,112.58981278875603,44383900,31615100,7346300,26009400,19520600
2024-12-05,241.71954345703125,171.64881896972656,238.0931854248047,438.37823486328125,109.98346710205078,243.21139387343032,175.04918185581036,239.74202726798555,440.39869339406243,110.78836821447494,240.81449907142343,171.3406012044101,237.2590633441886,431.99006528414975,109.29355395156449,242.66439419479377,174.35320380974355,238.00589719302252,433.72329450893346,109.91639261856298,40033900,21356200,6572500,21697800,15751200
2024-12-06,241.52064514160156,173.70693969726562,239.91665649414062,439.31915283203125,108.82404327392578,243.3009285590703,174.07481055205204,240.28522659727315,441.8249059308298,109.97389376415201,240.76477968960373,170.87329640646647,237.47248202006247,437.53638459654593,108.75696878383877,241.5902721155965,171.0423185605895,238.306604232665,438.0613042504407,109.75350928696803,36870600,21462400,5519700,18821000,16171100
2024-12-09,245.40939331054688,174.56297302246094,236.4734344482422,441.7456359863281,108.18203735351562,245.89673657618508,175.44887679032834,240.41126134683526,444.03349609525384,110.13678892359597,240.43655859300793,172.85088694703188,236.42493605399883,436.2785468030062,108.03830422281237,240.51612576959502,173.15947313956298,239.6935383907093,438.35842787251636,109.84932266218948,44649200,25389600,7076500,19144400,17412600
2024-12-10,246.42385864257812,184.31787109375,235.5520477294922,439.08135986328125,107.96163940429688,246.86147053083658,185.502397306232,240.49858844470623,445.3110884832869,109.12107392067527,244.00705305092782,180.21683563214248,234.93130670009893,437.36795856004716,107.0800869752345,245.54863486606115,182.00855531536865,236.55105259242768,440.1312292230723,108.84319183335924,36914800,54813000,9108300,18469500,20990900
2024-12-11,245.15081787109375,194.50079345703125,236.20187377929688,444.68719482421875,107.24298858642578,249.43739908317045,194.7098337526011,236.919611573279,446.0341772846715,107.69334899003645,244.92205654138039,183.99935507018319,234.89249106315413,439.7945337941877,106.46683990564958,246.61283253090062,184.45722971599074,236.6577320701239,439.7945337941877,107.31964723184267,45205800,67894100,7884400,19200200,32392200
2024-12-12,246.6128387451172,191.0766143798828,234.26205444335938,445.2516784667969,107.14715576171875,247.3885997871069,194.2817820941682,236.75472698403252,451.78843398650577,107.68375159252346,244.34521203481492,190.8277648699629,233.78679383764873,444.8059789125675,106.1506154255315,245.54864477609476,194.10261773753882,235.68782146085866,444.8059789125675,106.92676401088401,32777500,34817500,6113800,20834800,14543300
2024-12-13,246.78189086914062,188.9464569091797,232.71990966796875,442.983642578125,106.20811462402344,247.93557694468342,191.84305356516361,235.4162548301433,447.10377945438483,107.22382335938572,244.90216002667665,188.76727736993067,231.94397970195718,441.30983602760955,105.64277358511345,246.47357755688842,190.1309677786731,234.7858200575525,444.142443353527,107.22382335938572,33155300,25143500,10392700,20177800,13106100
2024-12-16,249.67608642578125,195.75498962402344,232.3707275390625,447.26226806640625,103.9371566772461,250.01425073054844,198.08421748080238,233.42792446749883,447.8466102847365,105.78650434801851,246.3045049916291,191.733572884141,230.3727179900156,441.0127411892908,103.64011358280044,246.6426692963963,191.98242240358925,233.36973231358596,442.9836607244317,105.59485774630329,51694800,44934900,9032000,23598800,20256100
2024-12-17,252.10281372070312,194.5207061767578,231.1874542236328,450.104736328125,103.49639129638672,252.45091820627584,200.4930951236226,231.8275975615697,450.92679906279125,103.64970128324182,248.42291922357487,194.08272855714978,229.50951620113162,445.26161469090005,102.32737249051073,248.72129232893911,196.34228662818003,231.46872125413844,446.6878170659997,102.75856459602251,51356400,43504000,8083600,22733500,17554000
2024-12-18,246.70233154296875,187.53297424316406,223.43788146972656,433.1983337402344,101.97282409667969,252.89847930582897,196.09340298706192,231.87609971646904,448.3120705924071,104.28211637009703,246.39401822090946,186.87602311656974,222.6231616444076,432.83185420697276,101.86742029022501,250.79000225751088,194.32159578937086,231.80819899787568,446.9948298056794,103.07476833016102,56774100,34166100,11322400,24444500,17114500
2024-12-19,248.43287658691406,187.64248657226562,225.949951171875,432.841796875,101.10086059570312,250.6308762664829,192.1416901461699,229.24763503500648,438.93285336164837,103.17059288050409,245.7475488049507,187.513095150107,225.28071175973975,432.1386095010433,100.81339432615562,246.15532490458142,190.748138909751,225.28071175973975,437.38780577162396,102.90229492789757,60882300,32265200,11790800,22963700,20565600
2024-12-20,253.1073760986328,190.5291748046875,230.45033264160156,432.4159240722656,101.44581604003906,253.61459983498276,192.00235990101223,232.01188637341022,439.48748337745457,101.7045298312298,244.35518295150268,184.36765746162297,224.62117138701748,424.5223020050907,100.45885242479969,246.69240643268387,184.92507802841766,224.94124306119815,428.9593493416428,101.04336180514004,147495300,63462900,32348400,64263700,40141200
2024-12-23,253.8831329345703,193.7343292236328,231.21653747558594,431.078857421875,101.85784149169922,254.2610580907384,194.20216752678672,231.43961233565523,433.4558513948008,102.14530043151163,252.07301363460223,189.27493498031782,227.81216322118433,428.6820357713906,100.53550551262268,253.38584941381717,191.73356940291157,228.96635695747324,432.5545685943141,100.90920725177811,40858800,25675000,8611500,19152500,12285100
2024-12-24,256.79718017578125,195.20755004882812,235.01858520507812,435.1197204589844,101.95366668701172,256.80710520536127,195.20755004882812,235.19317647466937,435.3871522905164,102.7106543643523,253.90297174117552,192.88827031993162,231.8760903487652,430.02899474815183,101.28291450313701,254.10189725758943,193.94339002737556,232.2252432886818,430.484577930417,102.06864734496621,23234700,10403300,3729100,7164500,7807000
2024-12-26,257.6127014160156,194.69989013671875,235.82362365722656,433.9114074707031,102.03990173339844,258.6868506395932,195.84459196860374,235.94000797666132,436.7143034093448,102.55733662363897,256.2302692406472,193.48550314170072,233.54433207073802,432.44561022869516,101.51288999541752,256.7872242633273,194.25194880473947,234.16507310711287,434.8721127935591,102.06864689776111,27237100,12046600,4451800,8194200,9652400
2024-12-27,254.2013702392578,191.8729248046875,233.91290283203125,426.4040832519531,102.03032684326172,257.29448932345014,194.42115659969988,236.06610154566872,431.04913980352325,103.47722042146302,251.68511699924173,189.77263428806026,232.81690115537214,422.2641488688207,101.34999049096143,256.42919055718573,194.05284898883724,235.41626442753616,430.4350863105853,101.85784854320562,42355300,18891400,5730200,18117700,11943900
2024-12-30,250.82980346679688,190.3599395751953,232.1185760498047,420.7586669921875,101.34041595458984,252.122743648892,191.66390866604786,233.59282673786723,423.45260132830686,102.10698050854695,249.38768429964367,188.24968525874627,229.97507113678503,417.8567536350218,101.10086316074616,250.8596392638085,188.9265638700057,231.5851232615298,421.97689027997586,101.85785086656071,35557500,14264700,5723800,13158700,11080800
2024-12-31,249.05946350097656,188.4288787841797,232.49684143066406,417.4606018066406,103.07476043701172,251.90392569582917,191.07664159206533,234.17477948529643,422.64049156656444,103.39097183216127,248.07483671879714,187.64250571524292,231.83729576086603,416.6286554798762,101.35956181217719,251.0684930674946,190.20068633205602,232.8266068657463,422.016524265212,101.73326352987394,39480700,17466900,4871000,13246500,12387800
2025-01-02,242.52516174316406,188.55825805664062,232.77809143066406,414.5685729980469,102.82563018798828,247.74663833648884,191.11643850843902,235.9593908295792,421.98681399014663,104.44500927670694,240.50619200781614,186.63714698089748,232.24463867787563,410.87433837182135,102.41359912502433,247.57754859678104,189.7726449747486,233.67040567185904,421.4519805555425,103.75509611913283,55740700,20370800,9220900,16896500,12685400
2025-01-03,242.03782653808594,190.9073944091797,235.95941162109375,419.2928771972656,103.35264587402344,242.85336358935695,192.32087307336826,237.51127162055965,419.96635323692743,103.95631621210673,240.5758118291158,189.10572628313417,233.0302829019279,415.51939233739597,102.96935998658331,242.03782653808594,190.489329030918,236.55105658093132,417.0446121521978,103.48679483804194,40244100,18596200,9491100,16662900,14237900
2025-01-06,243.6688995361328,195.96401977539062,234.80899047851562,423.7497863769531,103.2376708984375,245.98624232017474,197.30781329054136,239.52758971131513,430.15778356293015,105.19242259071078,241.8786760145675,192.9579284385956,234.5457584708976,421.4025036603563,103.02686326830442,242.9826459215422,193.08731986382298,237.58749766624487,423.8983428352595,103.71677649035043,45045600,29563600,9917800,20573600,15623700
2025-01-07,240.89407348632812,194.59039306640625,237.07080078125,418.3222961425781,104.20545196533203,244.215923537777,200.0750314967655,239.1083757665875,426.52294519780327,105.46070610479634,240.0387452815234,193.70448930563006,234.85773282590426,416.7673346717813,103.75509160094006,241.6598791297847,196.20293323603758,236.0666364630763,424.88876369017254,104.3875144046999,40856000,26487200,8753400,18139100,12625900
2025-01-08,241.38140869140625,193.05746459960938,237.0318145751953,420.4913024902344,102.46151733398438,242.38593107741448,195.38669258245946,238.1237179586147,422.87821031177674,103.20892085233585,238.74581220273618,191.49469743094454,234.467775512986,417.5002550030301,101.57996484108627,240.6056476428208,191.683825506133,236.6613409803632,419.4018380991605,102.82563493481513,37628900,24864800,8675300,15054600,17858100
2025-01-10,235.5631866455078,191.15625,233.8535614013672,414.93505859375,102.08781433105469,238.85520080045117,195.61564455345277,237.69474046339533,420.63983782074297,105.4990436032309,231.73409784256125,189.4342154897214,232.75191424539267,411.042698272716,101.35957182769468,238.70600665338932,193.40585949210492,236.99279835682842,420.56061778951556,104.15754656353744,61710900,26665200,10256800,20201100,19304500
2025-01-13,233.12649536132812,190.13099670410156,238.084716796875,413.1919250488281,104.72289276123047,233.39503269669683,190.30021256834414,238.4064266263034,414.48936844362913,105.04868102853638,228.47192915300568,186.4977995025927,233.00538778135987,408.3388895039501,102.65315326103794,232.2612269401141,189.19533519391976,233.65858101637204,411.2606004893305,102.65315326103794,49630700,21823700,10005300,17604800,17073400
2025-01-14,232.01258850097656,188.78720092773438,241.26292419433594,411.6864929199219,105.13492584228516,234.8371551382162,191.09651654383717,241.50665365952793,415.7174656234234,105.17325516456734,231.20699165927476,187.44340746260227,236.1153590795663,406.783918522941,103.32390740023322,233.47460320476435,190.3599316953501,236.57357166421252,413.80596878606093,104.24378920329367,39435300,17174900,12407400,16935900,11191200
2025-01-15,236.57763671875,194.65011596679688,246.0205535888672,422.2245178222656,106.8501205444336,237.66172623332486,195.45638605757955,247.3074375627741,424.04688082339095,107.06092815363203,233.15632396556444,190.97709427450172,237.5680017698704,414.2615595275802,104.89536904628049,233.36518970349533,192.20142977574318,244.11945166267157,415.11333355996726,105.4511332322454,39832000,21776000,18448500,19637800,14521100
2025-01-16,227.0198516845703,192.0222625732422,247.89239501953125,420.5110778808594,106.66806030273438,236.7168796666606,194.5804279448186,250.59292194672196,425.3740271428382,107.0226010446746,226.79110553013876,191.92271668187493,246.0010517880716,420.3229265289763,105.93024096586161,236.06047699847062,193.2465980564925,247.6291630037952,424.5916197701724,106.54349549043836,71759100,17815400,15292300,15300000,10366600
2025-01-17,228.73052978515625,195.0980224609375,252.65975952148438,424.91845703125,107.62627410888672,231.02797728143995,196.32235783888785,254.08313151072235,430.31623990051855,108.15329315598468,227.2386791848797,192.85837679493184,245.8158308046432,424.06671321451194,106.18895741015127,230.85890270118193,195.6255822249555,247.76566685921358,429.9299628963343,106.39018087070575,68488300,27735100,17678100,26197500,19298500
2025-01-21,221.43038940429688,197.1385955810547,256.43267822265625,424.3935241699219,106.8117904663086,223.20071739531107,201.3590737795005,257.6220793628749,426.7705180269004,107.49211945717147,218.1881065481907,196.9594160260543,252.9912189012906,421.52132200002626,106.48599489697446,222.783001089375,198.15390588987137,253.54692929719334,426.0772445238866,107.36755464833304,98070400,29971300,13712100,26085700,20416300
2025-01-22,222.61392211914062,197.4571075439453,256.2474365234375,441.9239196777344,104.9528579711914,222.90233985709415,199.5573980500264,256.7739005596,442.98364251820686,106.90760944325032,218.59586314481808,196.62097682201127,253.7224025429303,431.82165779523024,104.82829316313263,218.59586314481808,198.14393463288008,256.3059292216627,433.366705345479,106.55306871337025,64126500,26200600,9021900,27803800,15718000
2025-01-23,222.44483947753906,197.0689239501953,259.2794494628906,442.4289855957031,105.54695892333984,225.7965251191765,199.3782549776066,260.1665986454837,442.46861072225846,106.49558590848726,221.09222786837518,194.30171827365388,257.1931106983808,437.26892363486763,105.0295240285583,223.5189735650416,197.22819130144518,258.05104328370686,437.7641319289048,105.70026890480983,60234800,26951400,10749700,18389300,13726800
2025-01-24,221.5696258544922,199.28868103027344,258.197265625,439.8044128417969,104.11921691894531,224.4041477572621,199.9754930323733,260.4005897068569,442.3695883246394,106.08354519862783,220.2070739772995,197.08884431729592,256.4131788721569,437.169900939795,103.87966415479596,223.55875977197638,197.18839021308668,257.07611593589155,440.89387719602587,105.63318483233583,54697900,23877500,7666300,15549500,14235900
2025-01-27,228.6111602783203,190.9272918701172,259.1819152832031,430.39544677734375,105.56612396240234,230.88871192185238,195.97396712425268,259.2989006643702,431.0293279263355,105.83442192315249,222.76310174211312,189.8522601854155,255.68196378667437,419.4414413066827,103.86050923142973,222.80289291870474,191.5245367578076,257.54406044260105,419.9465634582157,104.4546027949273,94863400,41728900,7522300,35647800,15926700
2025-01-28,236.9655303955078,194.40126037597656,260.4395751953125,442.9143371582031,103.52513122558594,238.88505261672515,194.58042475121238,260.62478221944906,444.08302154903276,106.23687047443741,229.5560092044273,189.80251062684363,258.18748753394436,427.24593852989443,103.28557844340267,229.59580038333414,191.8629920734772,259.18192280699503,430.43508134605355,105.7960942324887,75707600,24157900,7375400,23491700,15862000
2025-01-29,238.05955505371094,194.51075744628906,259.8935852050781,438.0909729003906,104.12879943847656,238.55683854812662,195.88439657430914,263.89075430733,442.5973866839753,104.23420324528993,232.73861559310797,192.5398581602494,258.94791370834145,436.17947606614763,102.97894903214792,232.84801856891494,194.66006109436606,260.5077882058216,442.409205107017,103.20891765129953,45486100,18218300,7684900,23581400,12345500
2025-01-30,236.29916381835938,199.94561767578125,261.5022888183594,411.01300048828125,104.99120330810547,239.48177510143526,200.47317747002577,262.9354195943158,418.8075747745586,105.25950128058935,235.9212386876704,196.76034669489817,259.93265522938856,409.20055129765046,104.1575569131122,237.37329797187644,197.08882990069444,261.8922501021822,414.75677425796516,104.67499185029028,55658300,24354700,8753500,54586300,14346300
2025-01-31,234.71780395507812,203.0811309814453,260.5955810546875,411.08233642578125,102.3656997680664,245.8470107317681,204.5344037474068,264.02731160822725,416.6583870568431,105.9302464456706,232.1717149504871,200.87134591508243,260.26411249024557,410.933779971825,101.66620240604519,245.8470107317681,201.0704225036096,262.4771954897471,414.964783031506,105.9302464456706,100959800,32001100,7193800,34161900,20376500
2025-02-03,226.77120971679688,200.303955078125,260.11785888671875,406.9820556640625,102.61482238769531,230.5704628324937,202.8123625387659,261.4437627852604,411.4290171061556,102.81605315042418,224.47376244068877,199.17916555521708,255.13604238526239,404.7437041840203,100.91879197060571,228.7404632470789,199.76644678798675,255.262756728444,407.6555317858933,102.18363032029454,73063300,27838300,8381400,25679100,14623200
2025-02-04,231.5352020263672,205.43028259277344,261.21954345703125,408.4180908203125,105.3648910522461,231.86341095944582,206.09719755510824,263.07188179280973,409.9532546940812,105.67151831000011,225.4186058340825,201.8767037764101,260.13736895555724,405.81329031153365,102.07822670636534,226.0153521080233,202.4540365472158,263.07188179280973,408.7350313881363,102.25070499576263,45067300,43856400,5626000,20532100,14835700
2025-02-05,231.2069854736328,190.44952392578125,263.64703369140625,409.32928466796875,105.28824615478516,231.4058958330951,191.86298743209488,263.85178786661055,409.8640878693508,105.41281829207159,227.0298072213747,187.16470709545553,261.59970020428995,406.46696618877354,104.54084257335226,227.2883891710869,190.19072588273337,262.1651692327603,408.39829064688985,105.15409716891625,39620300,70373900,5704400,16316700,13364400
2025-02-06,231.9529266357422,190.71827697753906,269.9548034667969,411.8350524902344,103.89883422851562,232.5297773409264,191.21597601434,270.0328135723906,414.19224891795665,106.40935004774677,229.17807609142312,187.85152566522362,264.38802970359865,410.0324869601977,103.47721898742789,230.0334043541599,188.62793494754752,265.6164359735269,410.0324869601977,106.1410447876004,29925300,29297400,7264400,16309800,13411400
2025-02-07,226.39328002929688,184.48709106445312,268.88238525390625,405.8232116699219,104.33961486816406,232.72866665415378,190.3002126652559,271.5634098810839,414.63791357819275,105.14451606134558,226.0252799376335,182.39676404459453,267.81972815375417,404.1890302854019,103.79343478765813,231.33627899238985,190.1708212328695,270.315515971974,412.48872643025265,104.23421105345493,39707200,49315000,6857900,22886800,10051600
2025-02-10,226.662109375,185.6118927001953,264.2417907714844,408.26953125,106.33269500732422,229.58935370973873,187.33392723255807,269.2528539667919,411.4784713555885,106.39018533830516,226.21406518332185,185.00469922620795,262.8281477293246,406.982001762604,105.28824102755367,228.57379092662126,186.4878479252447,269.2236076160228,409.7452423090315,105.4128131587738,33115600,23105600,8627400,20817900,12142200
2025-02-11,231.6105194091797,184.46717834472656,268.0926818847656,407.49700927734375,107.0034408569336,234.20919368357846,186.07971836409422,269.29184169342403,408.53693461973535,107.80834205069024,227.140013897382,183.43195584227703,262.89638221818285,405.37750324031913,106.18896281497555,227.2097022258532,184.17850439769825,263.4813389480683,405.71427148321067,106.93636636666814,53718400,21239500,7196400,18140600,12713100
2025-02-12,235.84210205078125,182.76504516601562,268.5411682128906,405.1199951171875,103.78404998779297,235.93172304376256,184.25814231125668,269.51608618824747,406.8135989590122,106.56838696936224,229.67896101319025,180.9932377687485,266.3963367662514,400.49473651773883,103.61969881206466,230.19670873650108,182.37684051579572,267.205505594858,403.3075158999609,106.39436590801415,45243300,22072600,6683900,19121700,18244100
2025-02-13,240.4818878173828,185.28341674804688,269.38934326171875,406.6056213378906,104.53813934326172,241.28837041996871,185.42277188580212,270.02303399802724,407.0612044905901,104.80884451030418,234.54775953627293,182.2972222059454,266.9422896122563,402.465657162982,102.98161966858515,235.88194100703416,183.47179995722882,268.5899033779397,403.0995382668374,103.5906970744787,53614100,21402500,8398700,23891700,15460000
2025-02-14,243.53855895996094,184.3776092529297,269.6525573730469,404.5158386230469,104.64449310302734,244.484433375407,185.54222335537645,272.22635509125433,404.99124946496545,106.5683948049332,239.94422402720738,183.47180841007437,269.516084328549,401.99028842093395,104.5091441982451,240.2030902821229,184.20839337704305,270.41299219849265,403.88198772560423,104.91519091259184,40896200,20448400,5688600,22758500,15733500
2025-02-18,243.40911865234375,182.92431640625,272.92828369140625,405.7142639160156,106.48137664794922,244.11602908498713,185.10424071494356,272.94777133904427,406.6650553734785,107.30313993262904,240.7905267294893,180.90365944170068,269.0968336529695,402.6043413346739,104.7218335747908,243.0905000064508,184.74589678490392,269.8182931454493,404.08996621044764,105.02153365631874,48822500,29916700,7919800,21423100,20060300
2025-02-19,243.80738830566406,184.41741943359375,272.2458190917969,410.7950744628906,106.63606262207031,244.94244069837237,184.60654751219354,273.22073697574245,411.50817561028913,108.40526816048438,242.10481731288857,182.74514264416922,270.2667369774727,403.74331324145845,106.40402962034253,243.59830810290342,183.22294469175932,271.3976452931055,403.9711199361536,107.0807814781061,32204200,19549400,7007200,24114200,10964700
2025-02-20,244.7632293701172,183.71067810058594,260.10809326171875,412.968505859375,108.27959442138672,245.7091038330044,184.4572267048234,271.7486157904694,416.1243389128722,108.68564113023604,243.2299036494767,181.87914917011352,259.074682630374,409.40578409861945,106.29768818025332,243.87709210808563,183.9495791218272,271.6901230945166,412.134891295379,106.89709573328946,32316900,20441500,13846700,23508700,16325800
2025-02-21,244.4844207763672,178.83323669433594,257.6123352050781,405.108642578125,107.01311492919922,247.6107939080121,184.48709094071828,262.4479501394835,414.8738801834256,108.1345783498188,244.155851012499,178.255903940123,256.24745588977726,404.79109677447474,106.8874285333286,244.88267886995578,184.29796286054517,261.5900174978265,414.16928284227896,107.62218500778003,53197400,35199200,12835600,27524800,14710000
2025-02-24,246.02769470214844,178.42510986328125,254.7850799560547,400.93060302734375,107.57383728027344,247.7800515637824,182.27729565940143,260.3031196966599,406.2597995139474,108.14424253493563,243.35931688895815,178.06676593885823,252.12354296524057,396.286166676689,106.65539726760063,243.8670982314444,181.15250613186586,258.8309839185153,405.40634791593595,107.24513491816715,51326400,29854200,10372800,26443700,13153500
2025-02-25,245.96795654296875,174.6127471923828,250.94387817382812,394.876953125,106.08499908447266,248.91511822751468,177.91747644578498,256.40342472680305,398.8664306026397,108.40527013634808,243.84721006662005,173.8861107726199,246.99547231748238,393.6860882830661,105.27289831554684,246.92379728169456,177.2206855678133,255.65274860472138,398.05265327493277,107.60284662928936,48013300,41913400,9608400,29387400,14497000
2025-02-26,239.31695556640625,171.93511962890625,252.29901123046875,396.69305419921875,105.82395935058594,243.91690216055417,175.26970953461128,254.36583241451373,400.53364695077397,106.22034352047041,238.0922974197643,170.79041782229913,250.48564846853006,391.25467770642615,104.9151818886744,243.26972892021308,174.26436286262216,250.70989029590592,394.9861207223364,106.0946571368673,44433600,35431300,5943600,19619000,10446400
2025-02-27,236.27024841308594,167.72459411621094,252.55247497558594,389.54779052734375,106.49105072021484,241.40786042901627,173.75670468511518,257.0273744049559,402.6574203650982,107.59318173376316,236.0312844149354,167.16717356296937,251.39232027199134,389.19054012926085,105.64994763052286,238.37109275336516,173.1893356179125,253.65413698422063,398.22137954122604,106.35570181510977,41153600,39991000,8204400,21127400,15293200
2025-02-28,240.79052734375,169.4963836669922,258.0120544433594,393.973876953125,107.63184356689453,241.03944246427386,169.82486685567105,258.16804490068563,394.6090291195634,107.87353907079434,229.2010399398617,166.00254187779413,251.42162869611653,383.6330593862238,105.70794204515981,235.92174819400608,167.90374066525882,254.19039237134785,389.67678725566606,106.45236832770962,56833400,48130600,10467100,32845700,18821700
2025-03-03,236.9970703125,166.241455078125,254.08311462402344,385.5384521484375,104.18043518066406,242.97103338088397,172.57218851048452,259.64015891107533,395.7899873220531,108.43427765165944,235.08540395372597,165.16642315316903,251.35335622990308,383.2261675615013,102.9719576250382,240.7407483660274,171.13881261054323,257.3783420975841,395.7899873220531,107.98955142034288,47184000,40770500,9058300,23007700,18706900
2025-03-04,234.9061737060547,170.13343811035156,243.9732208251953,385.6575622558594,103.96774291992188,239.02822274747484,172.49252670098738,250.7781589340054,389.5974018138781,105.34057166567978,233.6615980851158,165.03700479811678,239.7810705990394,378.10539295987144,102.42089310949315,236.6784633674393,165.4749823837437,248.87705700074721,380.487153157592,102.82693980173786,53798100,45388000,13465600,29342900,19394900
2025-03-05,234.71701049804688,172.22378540039062,245.22109985351562,397.9732666015625,101.9375,235.5234930679701,172.98028249678805,246.70297923682514,398.61835249883035,102.79793541996979,228.235250954078,168.2820021982634,241.61390657436039,385.85603973587394,100.22629166970569,234.39839184729655,169.73529012314535,244.94812402975685,386.3820118850688,102.3242069127349,47227600,30954900,7861400,23433100,24822200
2025-03-06,234.30877685546875,171.55686950683594,240.35626220703125,393.8746643066406,104.04508972167969,236.82779659290307,174.0055403400316,243.10553793634068,399.09468114787944,104.51881087386532,232.14819548977783,169.71537693678601,237.7337454462382,389.6966277473878,100.89337808722017,233.42263965762712,169.7452376648565,241.88689051222846,391.28447789138556,101.92783461397111,45170400,28302000,9983200,23304600,17150200
2025-03-07,238.0325469970703,173.05992126464844,236.20310974121094,390.3218688964844,105.39856719970703,240.32255383879036,174.1648138078256,240.53174763621962,391.80053909690844,106.73273103988073,233.7412377693079,169.48644558654738,233.414843927151,382.61091150423107,104.7024903766142,234.08972499786833,170.4718800246714,239.07911459680213,389.3394000020522,104.8088369834675,46273600,27385800,20498700,22034100,19625000
2025-03-10,226.4928436279297,165.2968292236328,226.3954620361328,377.2717590332031,108.08623504638672,235.13518456664028,167.87789100205225,231.55277177640727,383.4643412864511,108.83065397192892,223.24699590534985,163.12436954047675,222.96374646708685,374.3540930979484,105.45658671684892,234.5178647329352,167.6785699397653,230.28539026110542,382.90859827837613,105.64994017450721,72071200,43604000,18887200,32840100,22749100
2025-03-11,219.88165283203125,163.47314453125,223.3927001953125,377.5595397949219,105.533935546875,224.8599551431671,166.17378667553444,227.4678649933782,383.0673615053873,108.37626985055815,216.50636447278404,160.81237268027317,221.00415417455685,374.04642649696916,105.17622352140803,222.8387656202518,164.34014854098334,225.9372366595305,376.1205440687611,108.20224878086637,76137400,39587400,18143000,30380200,19904700
2025-03-12,216.03842163085938,166.53256225585938,222.1837921142578,380.3581237792969,105.50492095947266,220.78772670269151,167.06072965689114,228.44277836700155,382.2933209136247,106.47170299571218,213.97741219492326,162.96493090148982,221.55984522899598,376.0709676751301,104.818506598858,219.18471261137486,166.0043948548276,228.13079748633706,380.0405779726452,105.4275840023043,62547500,28372400,16054000,24253600,14051500
2025-03-13,208.77008056640625,162.19760131835938,219.54177856445312,375.892333984375,105.0602035522461,215.899013195213,165.55596711984276,223.74367260665568,382.39258939479765,107.13878643392896,207.51555384047248,161.5498533800482,218.6058507740928,374.58238552740926,104.054749335619,215.01287598245443,165.4662665449778,223.54869198918365,380.2489960755926,104.73150119586734,61368300,31756200,16467900,20473000,17767800
2025-03-14,212.5635528564453,164.9181671142578,226.60992431640625,385.60791015625,108.18290710449219,213.02154815111564,165.91471168879448,227.2923638870342,387.2652356448431,108.45360488391124,208.67051688888432,161.88866309227078,221.8718226173793,376.62667971124,104.71215589446875,210.3332680009786,162.70583694230132,222.39827175013033,376.8946174814204,105.32123327412293,60107600,31995900,11962100,19952800,15890100
2025-03-17,213.07135009765625,163.72230529785156,228.06256103515625,385.74688720703125,109.98114013671875,214.28605714072168,165.72536967150563,229.75892371378134,389.7264008785539,110.69655686692106,209.0588394397278,163.10445251309577,224.67960925467645,382.6406623483486,108.0185735401055,212.3843419118567,164.4597537744784,225.38153653003468,383.7620820869245,108.08624799599,48073400,31184300,9586000,22474300,19908800
2025-03-18,211.76702880859375,160.11480712890625,229.07647705078125,380.6062316894531,109.8651123046875,214.21634506867483,163.68243835584954,230.24637564186483,384.4269877309022,110.73521763068317,210.57223927739028,156.17845929337233,227.6628489667191,378.2046343736099,108.83065579932648,213.23065092190424,163.11440067725707,228.44278631946406,384.1292790671939,110.30016127970447,42432400,42074800,10344900,19486900,15998700
2025-03-19,214.3059539794922,163.32366943359375,233.1126251220703,384.8735656738281,111.5763168334961,217.81066771448715,165.29682318848322,236.25186202365677,386.719419886704,111.9726936274922,212.82241448637808,160.44365657902026,228.99847029765743,381.0825806498319,110.04879946667063,213.29037609854922,161.20102488744715,229.82715648248669,382.60095534567967,110.40650409462492,54385400,34275600,10120600,19185500,17315000
2025-03-20,213.17091369628906,162.23745727539062,233.01513671875,383.9009704589844,112.05004119873047,216.5462020975973,164.32023175461748,235.69616111397977,388.81337483302246,112.60110667282414,211.29906714235267,160.4038189359583,230.27561962597693,380.36802006472885,110.41617717204844,213.0613904363763,161.0117117252994,230.62659068730426,382.80932167745146,110.90923808338333,48862900,28138500,8328500,18470500,16230800
2025-03-21,217.32281494140625,163.42333984375,235.56944274902344,388.2874450683594,111.66332244873047,217.89033350890864,163.67247597151626,236.22263602846675,388.76377892625936,112.1370435696074,210.36314278996363,160.33404577702316,230.56810861367876,379.8916973941909,110.55152165911359,210.64192650603025,160.65294731947398,231.8452488224462,380.3085198055768,111.66332244873047,94127800,36625800,19326900,39675900,41102800
2025-03-24,219.77215576171875,167.1005859375,241.83815002441406,390.0935974121094,111.95335388183594,220.51890119737195,167.7383890591239,242.4523531078021,392.3959786933822,113.02648244716248,217.63149158987616,164.56936942432435,238.27970537306442,386.84845184017416,111.7406606705516,220.04098837247486,166.492708348571,239.322859868715,392.3959786933822,111.83733739132785,44299500,30879100,9422700,21004500,14207500
2025-03-25,222.77902221679688,169.97064208984375,244.83114624023438,392.1578063964844,112.71711730957031,223.12750944589686,170.04040750974747,245.50384199682819,393.34867131877104,113.73224142722952,219.12495024533285,167.73839194994267,241.40917476122533,389.65696280253144,112.10804726455186,219.81195837594151,168.39609981984145,243.0567884546642,390.9272368910712,112.5624360148191,34493600,24174400,9287700,15775000,12081800
2025-03-26,220.56866455078125,164.4896240234375,244.73365783691406,387.0072326660156,114.34131622314453,224.04352508950674,169.02390429945322,248.28235866743117,392.30665877239477,115.22109147846552,219.51326687455483,164.27038302856647,243.51501036934545,385.61787512073846,113.77091832210422,222.5400680439697,168.41601157841293,246.26428619669275,391.99901639757354,113.77091832210422,34466100,28901600,12779300,16108400,14110800
2025-03-27,222.8786163330078,161.6793975830078,241.89662170410156,387.6125793457031,113.97393798828125,224.0136687326393,164.84840203770966,244.35341894811367,389.259971232933,115.11474112938355,219.60288467242046,161.44022141043914,240.98019650885527,384.4567464670721,113.3648679376782,220.42928473771144,164.06113851285755,243.27125949697103,387.1660163642304,114.17696133848227,37094800,24508300,8022500,13766800,12740800
2025-03-28,216.9544219970703,153.7967071533203,236.7588348388672,375.92205810546875,113.81925964355469,222.8387793372666,161.26083057547865,243.25177720979866,386.1735929782764,114.52500644455961,216.73537546649092,153.09912907789933,235.06247221658606,374.06627026028934,113.34553110483955,220.7080664246457,159.935424629148,240.7462457637879,385.1315521729189,114.17696429920083,39818600,48669300,11978400,21632000,10233400
2025-03-31,221.16607666015625,154.10565185546875,239.1473846435547,372.5379943847656,114.9793930053711,224.64092215942225,155.00253588696825,239.69333633486474,374.20522334023684,115.92684268866641,215.29167046357225,150.13940872047658,231.40653346417213,364.449889664545,113.87726202486216,216.06828445549021,152.58093987828155,233.4051183081998,369.7096411618319,113.87726202486216,65299300,54603500,13603000,35184700,21652300
2025-04-01,222.22146606445312,156.52725219726562,237.5485076904297,379.2863464355469,115.08573913574219,222.70932997882656,157.55369181763876,239.52758990904476,379.9413357760227,115.3177647685588,217.95007407622174,153.0891615011919,234.8382370203243,370.3944277527412,114.01261044201776,218.85612876373423,153.0891615011919,236.53458470709884,371.80362246362756,115.25976020434511,36412700,30672900,8054700,19689500,12425400
2025-04-02,222.9184112548828,156.49734497070312,239.65435791015625,379.23675537109375,114.72801971435547,224.212772841887,157.86262130532444,241.04848355623753,382.1543912389325,114.89237088633742,220.06087070560943,154.1654344397735,235.40371469305003,373.75867347343586,113.75157519190171,220.35957187069846,154.61387643325034,235.54020262256896,375.0984230803946,114.45732193086486,35905900,25041700,7758800,16092600,12614600
2025-04-03,202.30824279785156,150.19918823242188,222.95399475097656,370.2752990722656,108.69530487060547,206.58958563447752,152.25206746912303,229.24221273335493,374.61212363444304,111.6149833811035,200.37665915579902,149.87032672274708,221.59885935670877,366.54388609690864,108.50195141331321,204.64803566499702,150.58783997911712,228.39403885290514,371.9425583652147,110.57086438537907,103419000,46883400,17188500,30198000,21204600
2025-04-04,187.56253051757812,145.0968780517578,206.26849365234375,357.1061706542969,100.87403869628906,199.01262630823254,150.54797741159612,213.54694074239666,371.74410993496775,107.14845970677571,186.52703508606032,144.87763705619835,204.944241574114,356.7489202327306,100.38098514613496,193.0486144227304,147.4985386204676,211.2025352982525,361.36358655898334,106.22034979500326,125910900,62259500,27170700,49209900,30841300
2025-04-07,180.6725616455078,146.24290466308594,210.34913635253906,355.14117431640625,99.52053833007812,193.30748067285785,152.3218321659185,217.81396118841425,368.1813588125757,102.28553535374297,173.86223225537526,140.04439668677543,198.303402775656,342.17049555544185,95.18935186001399,176.43103817745248,141.06087632952463,201.84453550263905,348.2142236601539,97.0552413567394,160466300,76794100,22914400,50425000,35068500
2025-04-08,171.67176818847656,144.19998168945312,212.73277282714844,351.8662414550781,97.42262268066406,189.51400113284038,151.7139355045659,223.49349966875857,370.8112022714622,102.09218169236553,168.4757067407598,142.5357542501846,209.1818362465306,347.5889889390993,95.72109160523044,185.88979780340043,150.69745588802078,219.2559199603552,365.46216834014683,101.95683279718244,120859500,52200200,19485700,35868900,27147800
2025-04-09,197.98709106445312,158.16159057617188,229.86949157714844,387.52325439453125,102.28553771972656,199.7394480269994,158.99868434001036,232.9495891897229,390.24245792204835,103.03962649344882,171.14407803694525,143.41272834835817,206.9747524141952,350.41733953240174,94.87031423421479,171.20381523449285,143.9209605893895,208.4461369100307,350.85399906862426,96.06912921517139,184395900,70406200,24022400,50199700,30063300
2025-04-10,189.59365844726562,152.2919464111328,222.7774200439453,378.45269775390625,96.61053466796875,193.9347385570105,157.17500865516934,225.95561590830835,380.983312003396,100.33264424386992,182.205859833413,149.41191804525613,215.9011552975308,365.00562576710445,94.55129146907367,188.24952597387417,155.99907817143998,225.6122868759835,379.1572950457799,100.26496979252488,121880000,48022000,18896400,38024400,33999300
2025-04-11,197.29013061523438,156.59701538085938,231.69400024414062,385.4988098144531,99.71389770507812,198.67409816298056,157.12518279409443,234.02860167946685,387.08662977771354,100.47765639175616,185.25259829067514,152.29195068350106,220.70766608161722,376.01144319106686,95.50839736153934,185.29243322025624,152.37166086891528,221.99267276486097,377.74814777589194,96.96824028802325,87435900,33636200,20284500,23839200,22884600
2025-04-14,201.6411590576172,158.5203399658203,230.2422332763672,384.8636169433594,99.95559692382812,212.01593914767514,161.16117679260088,235.20570094935914,391.6516465120973,101.59912348087778,200.28706023476008,157.0155480479404,229.17303086586182,381.2909618319917,99.30785471171718,210.52244846919626,159.44711904636745,232.5768346591959,390.23251818413166,101.54111891739375,101352900,30333000,13017800,19251200,18020000
2025-04-15,201.26280212402344,155.76988220214844,228.6825714111328,382.7994384765625,99.67523193359375,202.62685207462172,159.09833747842598,234.0972553015322,388.9126416904877,101.90850357557473,198.93296032454862,154.6736922783896,228.37848769241106,381.24135923720473,99.57855519985425,200.98401841430368,158.58014524074957,231.5959137609775,385.5583162962043,100.19729514694143,51343900,27551500,10912900,17199900,13164900
2025-04-16,193.42697143554688,152.8001708984375,225.22972106933594,368.7867126464844,100.7290267944336,199.82906121923162,155.35132240030543,229.1239864114683,378.71073856569086,102.0825157991999,191.5352073519423,150.98645259897873,223.58176271607732,365.2041538267982,100.2552982668035,197.49921927320653,152.57096991980188,227.574126341125,377.7779079921512,100.49699378564918,59732400,28187400,9322300,21967800,13607000
2025-04-17,196.1251983642578,150.63768005371094,227.534912109375,364.9858093261719,103.36833190917969,197.9671763411939,154.14550597318726,229.86949873745436,371.4761304955969,104.94419132393493,193.5763099497932,147.98686786207978,226.15180704795938,364.10258680355696,100.99004902277103,196.34424488667963,153.75685420118594,226.39703780490407,370.9104537724408,101.21241213301136,52164700,33046600,9557900,21120200,17916500
2025-04-21,192.32179260253906,147.15972900390625,224.62156677246094,356.3916015625,101.8504867553711,192.9590147372882,148.43530478654532,227.38776189376563,361.71089501866106,102.1211845472586,188.98632373298676,145.59516199807078,222.02211180001825,352.9678309109542,100.66134897301362,192.43131586910098,148.36555457655837,226.23027991963676,360.0635031391147,102.10185215182162,46742500,26049100,8716200,20807300,16926500
2025-04-22,198.8732452392578,150.94659423828125,231.09564208984375,364.03314208984375,104.70249938964844,200.715208155226,151.66410748339032,231.48802026386073,364.9759064223077,105.3212393140787,195.1196006832811,148.02671099242252,226.95614590207006,357.1259979397675,102.61424661272504,195.26894368988752,148.37550764431742,227.5545095207112,360.61927460023594,102.61424661272504,52976400,26971800,10701400,19485000,13147000
2025-04-23,203.71214294433594,154.8131866455078,236.2847442626953,371.54559326171875,103.80339050292969,207.09738254349836,156.98564625118482,242.08198799470784,377.50000836988784,105.66928013899299,201.9199510184256,153.2784996745797,235.42152720660783,370.1859763720142,102.93328518995376,205.10606155750318,155.0722827287534,235.6373314706297,373.20288850682186,105.19555162772954,52929200,31128800,14126800,20545500,14235700
2025-04-24,207.46575927734375,158.7296142578125,239.97299194335938,384.3575134277344,105.02153778076172,207.92376976062596,159.03854063446718,240.78715979495186,385.49880064204365,105.26323330786315,202.05933042602183,155.2516683139833,233.04767825191306,372.33953252384407,103.40701342995517,204.00086522918792,155.6104249592094,235.1664754342962,372.84566753938213,104.38346542471429,47311000,45894000,9055200,22232300,9849600
2025-04-25,208.371826171875,161.40036010742188,238.90380859375,388.8729553222656,104.96353149414062,208.8397878176709,165.52605388757996,240.93431149661754,389.1805976978566,105.14722245203477,205.30519003897632,160.4835257508864,237.13814413406232,381.67803664886475,103.85173061250485,205.47445049920006,164.49961422965615,239.98281495355522,384.05979677325973,104.54781489930159,38222300,56034000,8588600,18973200,11245800
2025-04-28,209.2281036376953,160.05502319335938,238.58009338378906,388.1882019042969,105.02153778076172,210.5822025692478,162.5862396977989,242.13102985600685,389.7561846754867,105.6209453433196,206.55974070372147,158.0519740918863,236.24549185288936,383.7025530868883,104.10309772816119,209.08871177088434,161.86872639451175,239.89452661223797,388.9821118643913,105.13755428911678,38743100,29745800,7394300,16579400,13890900
2025-04-29,210.29344177246094,159.6065673828125,239.95338439941406,391.0462951660156,104.76050567626953,211.3189707788267,160.18456500527563,240.5713706917717,392.0982394081848,105.21489442924099,207.4657546631633,156.97569056687874,237.07928713486953,387.41409832984397,103.94840490211672,207.78437328663372,159.76601814888411,237.5697486449445,388.3270916828822,104.16109813763202,36827600,26809000,7216800,14974000,9483100
2025-04-30,211.57786560058594,158.25128173828125,239.95338439941406,392.25701904296875,102.12118530273438,212.65318081121782,158.71965890557001,240.541944198583,393.6463764759126,103.85172605763076,205.77316280594096,154.86302105563792,233.88146850985436,381.51921680100196,100.6903519990406,208.39175489829196,157.43410788690483,236.60844827615284,387.33468087236696,103.85172605763076,52286500,34981100,12991700,36461100,20379300
2025-05-01,212.39431762695312,160.74264526367188,242.18006896972656,422.16802978515625,102.26620483398438,213.62892699621815,161.39039316416392,243.71030639233103,433.669971462135,103.36833578915339,207.99348458901505,158.3609043039561,237.55011140160724,421.67182852064957,101.49278361377478,208.17271138967982,159.8955762805081,238.2073279886132,427.8346397458207,101.60879274002727,57365700,30203200,8689600,58938100,18610300
2025-05-02,204.45889282226562,163.46319580078125,247.69285583496094,431.97296142578125,102.68192291259766,206.0917754590827,164.39995007912242,248.78168093946223,436.10135948336034,105.37924577676985,201.2827333487594,161.3106559960053,244.70105272563194,426.72314369115975,101.07706850966261,205.19567188008233,162.84534306658284,246.4667021122206,428.4598480759583,104.14176590560021,101010600,25715000,7165000,30757400,16581900
2025-05-05,198.02691650390625,163.642578125,247.74192810058594,432.856201171875,99.83958435058594,203.21431440062256,164.81849332954616,250.29233406900863,436.1608880903925,101.18341825720749,197.34987465543003,162.15772135408076,245.8095084557676,428.8270192574835,99.64623088072092,202.21865389928206,162.436752596043,246.38824947467103,429.581254830481,101.17374837092562,69018500,21341800,5450700,20136100,19624000
2025-05-06,197.6485595703125,162.66595458984375,244.49505615234375,430.0179443359375,101.23175048828125,199.77927242381972,164.23053675483612,247.83018834347143,434.4043769104007,102.45956785771031,196.16503515467957,160.63301049910467,244.2498254039462,427.8942186382879,100.04261266304417,197.3498735756035,161.6096198520829,245.23074839753636,428.91639204817295,100.43898947946923,51216500,21277200,6369900,15104200,16303400
2025-05-07,195.39837646484375,150.85690307617188,244.63238525390625,430.0576477050781,101.13507843017578,198.574535944944,164.4298335624806,247.63400722536448,434.79139692835327,101.7924905685492,192.41139491378883,147.32912722252786,244.08307077124687,427.83464541633373,100.61301519888258,198.30570335142838,163.5130144970414,245.08361641763196,430.54391525930873,101.50245298139889,68536700,127490100,8724100,23295300,12332200
2025-05-08,196.63299560546875,153.7468719482422,248.63455200195312,434.84100341796875,102.54656982421875,199.18188402861682,155.39116415932176,250.9985800051324,440.2992170006134,103.82272181123383,193.83517686729027,152.3716357822811,246.75118165326785,432.35006352791333,101.84081569553878,196.86199326420865,154.464385147347,246.7708043040648,434.602806230982,101.84081569553878,50478900,57498700,8320100,23491300,19196500
2025-05-09,197.66847229003906,152.22218322753906,248.2519989013672,435.3967590332031,103.74537658691406,199.6697443694255,154.5142387821615,250.63563464782604,437.3914674607305,104.17076303758404,196.6827629534363,151.67408067225014,247.52611048052464,432.5684058555715,102.8462690099735,198.1364339272832,153.6372746936992,249.64490778917525,436.6570993033328,103.5810254131412,36453900,32435300,5087600,15324200,10992100
2025-05-12,210.15048217773438,157.91246032714844,255.08901977539062,445.84674072265625,105.533935546875,210.62903686932515,158.5502482480448,258.57131446306823,445.95589045656413,106.77141543092235,206.12274573806786,155.7100901217978,253.76479764463758,436.4387544599253,104.72183476299273,210.32994399020487,156.94581087118723,257.88465637383746,442.5519572732001,106.60705687135206,63775800,44138800,9603900,22821900,14244600
2025-05-13,212.2840118408203,158.97874450683594,257.9925537109375,445.72772216796875,105.82395935058594,212.7525871854542,160.01515931291138,258.639966447806,447.24609694771215,106.8390834251025,208.36594186281494,155.62039437316713,255.4225403810428,441.9764112331301,105.39857290016582,209.7915962682986,158.24129609505388,256.0503155003321,444.37803887168343,105.68861045744525,51909300,42382100,8589000,23618800,13350800
2025-05-14,211.68582153320312,164.79855346679688,260.5723876953125,449.4988098144531,104.87651824951172,213.29093762104833,166.4229258122212,261.5533106486566,450.45150777480933,105.24389276693061,209.94113079478424,159.0584628171564,257.28628981453124,444.73528972695,104.34478518065134,211.78550901932945,159.40725946266062,257.98273672949557,444.73528972695,105.24389276693061,49325800,48755900,8643100,19902800,15494900
2025-05-15,210.8084716796875,163.39344787597656,262.3870544433594,450.5129089355469,105.94002532958984,212.31390017581901,165.6356730691148,264.3783267139839,453.5552331837817,106.00832307611483,208.90426284202815,161.80893051621783,259.70915411050737,447.8284909088357,103.39348336874961,210.3099886465303,165.26694125278715,261.87698531695685,448.1665235651595,103.9008369938073,45029500,33146700,9214600,21992300,15004300
2025-05-16,210.6190643310547,165.61572265625,262.45574951171875,451.6463317871094,105.55950164794922,211.92510277199543,168.76480673115492,263.33857420454694,451.73580834700897,106.24247907048462,209.1335944967917,165.04768502743337,259.66011303826815,446.1383501578063,104.83748843681681,211.71573318604425,167.15039440077075,262.3968965278898,449.43915228561843,106.00831644617186,54737900,42846900,8932900,23849800,14042500
2025-05-19,208.14659118652344,165.9645233154297,259.8268737792969,456.2197570800781,103.8813247680664,208.84446444770495,166.06418385324469,263.2012510960716,456.9355998797858,104.95457824251392,203.64029993754312,163.6525478575402,256.933139124985,448.1963586877965,103.14956002041183,207.27923550566183,163.94153908750272,260.4840753869021,448.27591363294266,104.95457824251392,46140500,30426100,12145000,21336500,16802700
2025-05-20,206.232421875,163.41336059570312,260.61163330078125,455.5238342285156,102.39826965332031,207.83753801206538,167.91774593119885,261.5729486833489,455.69283539558984,104.12523849609568,204.40797196423648,162.337090725838,257.29610854408895,451.69606398891386,102.23240477623206,207.03996203611737,165.8548915457752,257.51191281628184,452.9587181303489,103.80326024488056,42496600,46607700,8436300,15441800,12429300
2025-05-21,201.4768829345703,167.9775390625,256.0601806640625,449.9561767578125,101.1396484375,206.41186226922272,172.54171471286378,260.5822218965912,455.1360777634671,102.41779514644696,200.10108001028593,162.9948165454298,255.75609689046243,449.20055644956204,101.12013054233822,204.5475404614086,163.1243721968136,259.3070338095843,451.94462570262056,101.98849077963902,59211800,73416000,7464000,19216900,16716100
2025-05-22,200.7490997314453,170.27955627441406,255.69723510742188,452.2329406738281,100.46641540527344,202.1348820380274,176.15917803179707,257.2961145987982,457.5918252828005,100.95425853538052,199.09413231135568,170.12012070875053,253.931555583731,451.27849365115543,99.41267245770727,200.1010778345708,171.25618084668935,254.49068892966963,452.32244757902833,100.55422359562291,46742400,74864400,6514100,18025600,13417400
2025-05-23,194.67758178710938,167.88784790039062,255.73643493652344,447.5799560546875,100.52495574951172,197.10020219746903,169.3727046333075,256.9920152183282,451.06969358680703,100.9542600926748,192.8730755135501,167.30985028367255,251.11629584411466,446.3173019248347,99.58829781852495,193.0824298832746,168.47580548761593,251.9108411041023,447.3811293692874,100.10541035339202,78432900,35211400,6671800,16883500,12061600
2025-05-27,199.60260009765625,172.30255126953125,260.22906494140625,458.0292663574219,101.00303649902344,200.1309909415137,172.5716225630013,260.23885381510826,458.2877744248074,101.33477369213719,196.83102019804124,169.4125780788469,256.99200115618,453.48565331857327,100.39811579306146,197.6983910952664,169.57202886061165,257.04106526626447,453.8435898996704,100.97376710278596,56288500,37995700,7506600,20974300,13043600
2025-05-28,199.81195068359375,171.76441955566406,258.4634094238281,454.7184753417969,99.62732696533203,202.11494001836002,174.66436785084326,261.63180170795323,459.84867709346275,101.89091884442455,199.2935240345892,171.31597754856884,257.88466840636806,454.2909661144885,99.31510765248808,199.98143310081724,172.56165823831284,261.160947858906,458.55619745791415,101.75432336029878,45339700,34784000,5535400,17086300,14292400
2025-05-29,199.3433837890625,171.26614379882812,259.3266296386719,456.0308837890625,100.19322967529297,203.19167383577107,173.81729536660228,260.3467980228732,459.05333474747385,100.3493356142531,197.90775006205254,170.04039828273065,257.5217347653291,452.68035209769624,99.27608216075384,202.9623758748587,173.39874848808273,259.74841937820054,458.884303233251,99.79319471464648,51396800,29317300,5081200,13974800,13825300
2025-05-30,200.24066162109375,171.14657592773438,258.96368408203125,457.7011413574219,99.81271362304688,201.3472946799051,171.61495310854446,260.26829856132497,459.0135248792732,99.90052181887317,196.18300200128658,166.86143108525064,257.7179225906518,452.90900269221845,98.7297012111472,198.7651407343476,170.7579241400477,258.4241883810186,457.0648535034259,99.6761181336087,70819900,52639900,10977700,34770500,28645800
2025-06-02,201.08807373046875,168.44590759277344,259.6110534667969,459.3018493652344,100.54447174072266,201.51677709467234,169.2830012834345,259.9739901433687,459.44102500437896,101.32501627982484,199.51286535414474,166.81157529888503,256.90369673393997,454.25120274050374,99.73465036104437,199.67238359256916,167.2600172613062,258.00232557179766,454.4997588416313,101.22744914292399,35423300,38612300,6011200,16626500,17290500
2025-06-03,202.6533203125,165.6057586669922,261.19036865234375,460.29608154296875,101.27623748779297,203.1518034040851,167.89781407143477,261.49445240173793,461.4593374660713,102.11532827288845,200.35033086337637,164.70887469424017,257.86505509318295,458.19825223653834,99.72489245250419,200.73914706631285,166.91124474262,258.69884566926845,458.8047449110186,100.39811835875173,46381600,45084900,6998400,15743800,19194300
2025-06-04,202.20468139648438,167.46929931640625,259.1794738769531,461.1908874511719,99.81271362304688,205.6143037964219,167.6387100496484,262.0241445637471,463.00038321907994,102.36900702015761,201.48686455307688,165.78513674832732,259.14022857540317,460.3457906064832,99.81271362304688,202.29440469878628,166.16382850855194,260.84705493579474,461.3201414833542,101.39332069908734,43604000,26900800,5915700,14162700,15648500
2025-06-05,200.02133178710938,167.62875366210938,256.9527893066406,464.9788818359375,99.35413360595703,204.12882762641604,170.339340657981,259.68954289634314,466.93750520910584,100.54447203374446,199.54277706238673,167.0108857444217,255.34406123341302,461.3499686746429,99.25656646877184,202.88261988754903,169.7513830642687,259.68954289634314,462.2745901279283,100.47617429332529,55126100,36379100,8173800,20131700,13924800
2025-06-06,203.30133056640625,173.079833984375,260.6606750488281,467.6632995605469,101.73480987548828,205.07592905349443,173.89700773798458,261.56310742936586,470.6061954238558,101.95922100564745,201.4370087789868,170.23969140570108,259.2187170664052,466.0725343793748,100.18347219115182,202.3841235560851,170.23969140570108,259.28735892431575,467.37496597576217,100.26152888371986,46607700,35731800,7738100,15285600,15487800
2025-06-09,200.83883666992188,175.69395446777344,261.6513671875,470.0196228027344,102.41779327392578,205.37503589356555,176.07310468622353,262.7892413542747,470.69568816704816,103.27639454794776,199.4131823149893,173.97782168090652,258.32605409213727,465.9134708467471,101.3055114747103,203.76991971327615,174.14743750903665,260.9254938141093,466.98725027602023,101.79335463029238,72862600,28935900,8285000,16469900,17087300
2025-06-10,202.05511474609375,178.1983184814453,263.4759216308594,468.2001953125,104.61308288574219,203.73002568042446,180.70266778284787,263.7701865542935,470.06931180763127,105.03262827889746,199.96149509379936,174.51661519040564,260.77838340293533,464.26304461137784,103.35444670627638,199.9914028593682,175.8037071645682,260.80780989527875,468.4686249933991,103.5008011353111,54672600,61766100,7538100,15375900,17634800
2025-06-11,198.17694091796875,176.9511260986328,263.03448486328125,469.890380859375,106.65226745605469,203.8795888248368,179.96432281914957,264.4764428071077,472.72392676786,106.73032414687151,197.8080682902945,176.3524694759701,260.71952105435884,466.94748481913814,103.87156297979323,202.88262262031438,179.3656814209572,263.5543728329388,467.3053910772251,105.13995815193145,60989900,31646800,7434100,16399200,22648200
2025-06-12,198.5956573486328,175.30484008789062,263.1227722167969,476.104248046875,107.06206512451172,199.07419684911244,176.32255032681226,263.17183632733907,477.6453141185156,107.51087994664228,196.7612432530472,174.3569797237004,260.0819349081481,470.7851412769109,105.58877667010975,198.47602627663701,175.78375628436552,261.76909370629187,472.2764779222473,106.27175412902669,43904600,20941900,6618000,18950600,17469400
2025-06-13,195.85398864746094,174.2771453857422,259.8955383300781,472.2168273925781,109.3939437866211,199.76209396079906,176.7316192634362,261.92602601343884,476.4124557062983,109.7939712737495,195.1062640673262,172.00227458420645,257.69825064418626,470.0295518485209,107.98895322054126,199.12403626091725,172.05216517338764,260.0230331633122,473.6584649544854,109.61834745298952,51447300,27663100,7098300,16814500,28540200
2025-06-16,197.8180389404297,176.3724365234375,265.20233154296875,476.3727111816406,109.74520111083984,198.08722408394675,176.5420523549515,266.5462212171046,477.91374692205306,110.40866810959282,195.96368113091867,174.25719419482596,261.75931212188453,472.25660744971805,108.42801861697882,196.7014416228738,174.33701609632743,261.90644458682067,472.4653860858625,109.1012445632726,43020700,27389200,8566000,15626100,22986100
2025-06-17,195.0464630126953,175.55426025390625,264.37835693359375,475.279052734375,111.22824096679688,197.7881200100286,176.96109261622635,265.42795173106725,475.97499162724574,112.13562954612395,194.61777485692886,174.18734645157147,262.69116817138956,471.3419021646973,110.35988073370811,196.60172782081946,175.30482253964252,263.0541348281509,472.65428568792316,111.17945367302501,38856200,24973000,6739300,15414100,19451700
2025-06-18,195.9835968017578,172.93020629882812,268.7336730957031,477.4663391113281,110.43793487548828,196.97059871241268,176.16290971424257,272.4219533800811,478.2219594008936,112.43808732770862,194.4781834746436,172.81046582918458,264.5745689012487,471.71972301658775,110.19401330005441,195.34553910938874,175.6141436330853,264.849226160592,475.2392860574369,111.82340763741772,45394700,28707500,9586400,17526500,17968900
2025-06-20,200.39019775390625,166.26522827148438,269.7538146972656,474.6427307128906,111.91121673583984,201.08807102199273,173.94790803011588,272.00992553694005,480.6677282539423,112.24295395193641,196.2627584683704,165.08788938336605,268.5865139770169,474.11579298541653,110.4281768205318,197.63857663438114,173.55878574385125,270.3129479704052,479.4448516392065,110.69160884881502,96813500,75659900,13969700,37576200,36273300
2025-06-23,200.888671875,164.8184814453125,272.96142578125,483.1930847167969,109.02317810058594,201.686247808318,166.9636398925432,273.2360830171409,484.932977511559,114.10650250500248,198.3563846401482,161.63565348702906,266.9189366562568,469.7810065395394,108.45728574016194,201.01828233775666,165.8960542954959,269.81267140989485,475.44806772339973,113.86258094561266,55814300,57671000,8094600,24864000,26631100
2025-06-24,199.6923065185547,166.39492797851562,275.8944091796875,487.279296875,105.70584106445312,202.82277936444737,167.84166379185558,277.31672955102783,489.0092679302753,108.24263118107518,199.59260382672892,165.756367987998,274.1777939507156,483.9884166007436,105.28630313772794,201.9753521214132,166.54458452923419,274.864422081068,486.1260232932434,106.59371909404986,54064000,40524300,9267900,22305600,24828300
2025-06-25,200.94850158691406,170.29612731933594,278.6409912109375,489.4268493652344,105.7351303100586,203.05210084338043,171.97235685648238,278.85679547317505,491.70363180611855,106.58397265345178,200.01135094007643,167.17317715297744,275.55108967897763,486.5635084927723,105.08141481129995,200.83883469818846,167.25299905707695,276.1298306696613,489.1981971647186,105.4814497798522,39525700,35479000,6826900,17495100,17483200
2025-06-26,200.39019775390625,173.14968872070312,283.24151611328125,494.57696533203125,107.31573486328125,202.025221644493,173.29936049404486,283.88892888521605,495.1635541172166,107.754798167935,198.85487656411598,169.55779452756443,279.04316687272353,489.9637493151316,105.91075164251828,200.81888589983927,172.04218458564608,279.26878993935657,490.13278082199906,106.29126870688073,50799100,31796700,8942100,21578900,18304800
2025-06-27,200.46995544433594,178.1284637451172,281.6327819824219,493.0756530761719,106.72056579589844,202.60346239871808,178.27812028762878,283.19247586135157,496.41623250794254,107.42306112938387,199.39323017588663,171.34375470263782,279.6022941678673,490.18245642116284,105.73512798343852,201.2774955925489,173.14968136313868,280.3575940845552,494.6763398018984,107.26695519077366,73188600,108140200,17868600,34539200,22002100
2025-06-30,204.54754638671875,175.83364868164062,284.37939453125,494.5372009277344,105.17898559570312,206.7608124915243,180.82240351749414,287.0671140098136,497.86785899517616,106.19369279204032,198.6554726965608,174.1873656755976,283.4082903268862,492.4691970236715,105.10092890555543,201.39712965217615,180.3734186271616,284.86003722869964,494.1693427257206,105.9985585105668,91912800,63378900,12689200,28369000,19199000
2025-07-01,207.18951416015625,175.4445343017578,284.8698425292969,489.2081298828125,106.58396911621094,209.55231908550664,175.6939720547657,285.57610826317716,495.17347659984546,106.97424512421564,205.51460310500556,173.13973189988045,281.122709609671,488.14433277768,104.5447883263273,206.04299395149746,175.344768335238,285.3406963303482,493.602615314542,105.50095672984834,78788900,35904500,9338300,19945400,15536900
2025-07-02,211.79550170898438,178.23822021484375,286.4295349121094,488.2536926269531,108.34996795654297,212.6927652029137,178.4577266308603,287.23389900971387,490.6497772469701,108.65242833130392,207.50854401160626,174.67625741761273,284.17342383730266,485.87751191483574,106.18394315225223,208.27621224418834,175.14518633422566,286.46878021661104,487.1600396387865,107.3254943510879,67941800,29128900,8158700,16319600,11892200
2025-07-03,212.90213012695312,179.126220703125,291.75201416015625,495.95892333984375,109.47200012207031,213.9987837940836,179.265905222364,292.1462676228288,497.2414813819725,109.73543959222857,211.16740350258758,176.65180269468908,287.03074848169234,490.59011735274714,107.93042142205663,211.5063683517463,178.09853847776557,287.95726066275904,490.95797554637323,108.16458405027839,34955800,21689700,6541600,13984800,11223600
2025-07-07,209.3130340576172,176.3923797607422,287.77984619140625,494.84539794921875,108.40850067138672,215.57398008038285,178.89674433224096,291.7914435365602,495.8694479262707,109.32564813552597,208.16652910348648,175.28487562232132,285.91695574871414,492.36978876052433,107.5401404976829,212.03474730839852,178.65727862884938,291.0127726573706,494.50736527479916,108.82804605988709,50229000,34175600,8825700,13981600,15415900
2025-07-08,209.3728485107422,173.9678497314453,278.72174072265625,493.7517395019531,111.41361999511719,210.78853856973336,177.54977185383785,285.54244302383853,495.3226311177228,111.67705201847662,207.81758380403343,172.42133277200756,276.28718720828704,491.25622643335066,108.15482391107088,209.46258702266434,177.4500058972594,285.1185912184717,494.36815380384166,108.1938522559937,42848900,40442500,15440900,11846600,17913400
2025-07-09,210.49942016601562,176.2227783203125,279.0963134765625,500.6019592285156,111.0331039428711,210.68884615759353,179.03644347316074,283.078342988919,503.8530622357068,111.49167025110323,206.5913149088396,172.3814460707259,278.42607952209454,496.85371365827956,110.5159839508808,208.89430414855983,174.85586430994886,283.0586107622728,497.41047691930333,111.15018153480453,48749400,43025600,11273800,18659500,10652100
2025-07-10,211.7655792236328,177.2205047607422,284.0540771484375,498.58367919921875,112.13562774658203,212.83232507172787,178.02868052999747,284.1723501696605,501.52657502305914,112.46735751844028,209.39279496736208,173.98780168372105,278.9385584232814,494.87521114411277,110.32085061705125,209.87133445003573,175.2349902719471,278.9385584232814,500.14458849842043,110.94528925905155,44443600,29252400,8410900,16492100,14901700
2025-07-11,210.51937866210938,179.7847442626953,282.7431640625,500.4130554199219,112.62347412109375,211.48643705736623,181.0219456842772,283.2557206237078,502.1131707269345,112.94545239867706,209.2233196075129,176.08308157759498,279.5792402426265,494.9249170598048,111.72584447803968,209.931172276849,176.39238193299045,281.4223984494675,495.59106078877636,112.05757425938297,39765800,34282900,7384700,16459500,11683900
2025-07-14,207.98707580566406,181.1516571044922,284.5567932128906,500.1147766113281,111.15018463134766,210.27013683517245,183.2569121837853,285.1481583723004,501.05930198422453,112.42833878209635,206.91035052542594,179.27588047712075,281.1661592607552,498.1362796464767,110.46720717972312,209.29309904361602,180.60289104600895,282.95018101073435,498.6234399223271,112.42833878209635,38840100,32536600,9079900,12058800,13220300
2025-07-15,208.4755859375,181.59068298339844,282.4376525878906,502.89862060546875,110.16474914550781,211.24715053377864,183.8056914333515,287.7601801900451,505.36427783294863,111.28678249079218,208.28615994072268,181.19158867102598,281.3830312287391,499.88612172349406,109.86228131572423,208.5852528191871,182.39885886185957,283.866855384694,500.11477392946824,110.89651390663906,42296300,33448300,12526100,14927200,10959300
2025-07-16,209.52239990234375,182.55848693847656,281.7181396484375,502.69976806640625,109.50127410888672,211.75559423754484,183.91542879782378,286.5576787356624,503.793421043838,110.74039240497638,208.00700716596054,181.62059863833602,278.9484690013939,498.99133023831314,109.37443012882311,209.6619745482938,182.82788394956327,284.2611002489253,502.2623068754336,110.13546423362257,47490500,33104200,9979800,15154400,11158900
2025-07-17,209.38284301757812,183.16712951660156,285.73956298828125,508.7446594238281,108.94512939453125,211.1574416148312,183.64604573142148,286.13381646736286,510.40499725185873,109.50127025491831,208.95413964633332,180.07409534184728,279.3722805662569,502.6997578215743,108.3889810902489,209.93117746335784,181.73036564766983,279.3722805662569,502.75940886082554,108.77925707597032,48068100,31992600,8509500,17503100,13151400
2025-07-18,210.53929138183594,184.64378356933594,287.08990478515625,507.10418701171875,105.14971160888672,211.1474413046512,186.00072543502688,288.3022635940587,511.6677041033988,109.01343599324838,209.06378582955284,183.2968289565469,284.09355419862834,504.499323712682,104.73016619282146,210.23023432823226,184.98301522964096,285.365019447414,511.50859420333654,108.40850779402297,48974600,34014500,12217000,21209700,32366600
2025-07-21,211.83535766601562,189.67245483398438,286.794189453125,507.1141357421875,105.42290496826172,215.12534891613055,189.86201471908177,289.95811320350606,509.1324405638626,106.1253928332359,210.98794558852114,185.73132654425748,286.4097720406625,502.6301736290422,104.82773574513018,211.45652088357517,185.83110772544197,286.8237577094983,503.7834776665751,104.9838416782704,51377400,45803100,7898100,14066800,17010400
2025-07-22,213.74952697753906,190.90966796875,287.24761962890625,502.3517761230469,105.90098571777344,214.29786137817433,191.21896833519165,289.41605899858814,508.2475501614973,106.7791048253295,211.58611235366487,187.03840453704987,285.0299098515737,502.3517761230469,104.99359721394806,212.49335516085276,191.0693117786785,287.3166222633084,508.01886761548803,105.35460380369202,46404100,44660200,6717500,13868600,13970900
2025-07-23,213.5002899169922,189.80215454101562,292.5011291503906,502.94830322265625,107.25718688964844,214.4972560435483,192.09698471753413,292.72780910920665,503.8630030405687,107.32548462756472,211.76557859278188,188.7545130229886,288.3515263055785,497.80817995491657,106.2034439813157,214.3477172095632,191.06930248089483,288.6373728619252,503.8232255681408,106.28150066576148,46989300,58681900,7083500,16396600,12002700
2025-07-24,213.11148071289062,191.73780822753906,292.29412841796875,507.9294128417969,108.0962905883789,215.03563331063384,197.50480780114538,295.2905090775473,510.703277326071,108.25239653207791,212.8821827557749,190.57044138213487,291.9491754148663,504.37007217269974,106.47664768961259,213.25105536667797,196.58687870624138,293.1516681080147,505.83158338819493,106.99376770309911,46022600,74881700,7001200,16107000,15647200
2025-07-25,213.2311248779297,192.74551391601562,294.3344421386719,510.7430419921875,107.71576690673828,214.58699944946258,193.8929365997576,294.6104226016396,515.2965460849812,108.2816667362299,212.7525701732737,190.82983399147875,291.71261270067146,507.4123538189797,107.0327820437291,214.04862920984866,191.54821586623893,292.4420132724975,509.5101527540243,108.03774516598995,40268800,39785900,5918500,19125700,10548900
2025-07-28,213.40060424804688,192.14688110351562,293.9992980957031,509.5400390625,108.73047637939453,214.19818019857897,193.61357622809174,295.13278810430046,512.0256002286585,109.38418437012298,212.41360229785764,190.41078895772904,292.5602593912129,507.17377997770546,108.14505868344554,213.3806606658472,193.2144667106556,293.3882007039174,511.110930710653,108.30117205407066,37858000,38139500,5840400,14308000,12353000
2025-07-29,210.62904357910156,195.3097381591797,292.777099609375,509.609619140625,110.13546752929688,214.1582970701604,195.47935398479527,296.9661066035344,514.6304403339567,110.2525525658064,210.18041185237743,191.64799419278697,291.94915830714154,508.6054427654301,108.70121491250794,213.53020352524888,191.9971978721824,295.6946113524278,512.5525452747698,109.17929911810425,51411700,41389200,7635700,16469200,15928000
2025-07-30,208.415771484375,196.08799743652344,295.3299255371094,510.2757568359375,109.17930603027344,211.74563469104578,197.155598285003,296.29584201458954,512.9701269930791,109.87204245804665,207.0898047125579,194.2521393007246,293.1122159565272,506.49771598970693,108.55486735048079,211.25711581327238,195.1600963397073,293.1516503269176,512.1946027794743,109.67690816207254,45512500,32445400,8061700,26380400,12996900
2025-07-31,206.9402618408203,191.46839904785156,291.9885559082031,530.4187622070312,108.92561340332031,209.2033639475293,195.54921195775628,296.66055111466636,552.2420017670738,109.76470418191144,206.5315020865265,190.66022322341527,291.2591855090535,528.8280273057109,107.67673618231827,207.85746883247032,195.26984291287636,294.8469611494763,552.0232408256204,107.67673618231827,80698400,51329200,14749700,51617300,17233700
2025-08-01,201.76602172851562,188.70465087890625,285.2171630859375,521.0829467773438,106.9742431640625,212.93203997684435,190.40082452841267,287.61228223789124,532.7054326872741,109.80373486538052,200.88868661623732,187.39759950913643,280.1607803787386,517.8517174087783,106.21320905654085,210.23025491744008,188.60486968944682,286.2323800564947,531.9100652869249,109.2768633808127,104434500,34832200,12007100,28977600,19652000
2025-08-04,202.7330780029297,194.60133361816406,290.0369873046875,532.5464477539062,104.75944519042969,207.24933356384108,194.830827292421,290.0961238185278,535.1413592423181,107.24744089548165,201.06813110178,189.69240089649873,286.0943926240756,525.0798117410876,104.48624676187502,203.8895472057539,189.86201672672937,286.0943926240756,525.2190177406763,106.56446343383507,75109300,31547400,6649500,25349000,19129500
2025-08-05,202.30438232421875,194.232177734375,287.1884460449219,524.701904296875,104.63259887695312,204.71703873665678,197.4150057356091,291.54502636918687,534.196734767709,105.19849872911217,201.5466934780596,193.45393320281906,283.11771225513746,524.194840165689,103.49104766903966,202.78292184745098,194.2720962985156,290.4608068242693,534.077432699505,104.61308842586648,44155100,31602300,7182300,19171600,21314300
2025-08-06,212.60302734375,195.64898681640625,287.1687316894531,521.908203125,103.92034912109375,214.72657006985978,196.18778087351924,289.0808924201968,528.6291703469228,106.39859319785086,204.96626313259566,193.23443126184418,285.99580742431834,521.0034855448089,103.78375363562566,205.00615029681612,194.0625664055758,288.1050798314591,527.8338028961505,105.67657998163877,108483100,21562900,6330200,21355700,15321800
2025-08-07,219.3624725341797,196.07801818847656,282.8220520019531,517.8319091796875,103.37396240234375,220.1799921230299,197.09571318148866,289.2484709612734,525.0400367197672,105.4326611285925,215.92294217468134,193.8929412029117,282.29965937267906,514.5608717763297,103.31542360531733,218.21596748517925,196.6167969951023,288.7359444448802,523.757448292983,104.53503150267342,90224800,26321800,8057100,16079100,13468300
2025-08-08,228.65420532226562,200.9669952392578,284.615966796875,519.0248413085938,104.20330047607422,230.29919347638386,202.15432130991044,287.0505206188896,521.6297041680745,104.89603686018451,218.58484056145957,196.72655368662487,280.62407097329145,516.4100264967077,103.37396116071662,220.16004899168945,196.7764442791972,284.83281074343716,519.5816044995674,103.91059160666616,113854000,39161800,6634100,15531000,14417700
2025-08-11,226.74781799316406,200.54794311523438,285.4044494628906,518.7564697265625,103.25688171386719,229.12329528601256,201.02685931355308,287.13920088726815,524.542862850504,104.91554542700594,224.3324234952035,198.62229106869012,284.635644641562,516.7182612189127,102.96417284971534,227.4864157407103,200.48808049350347,285.246742053437,519.2833770884752,104.50575897230986,61806100,25832400,5510100,20194400,13570700
2025-08-12,229.21310424804688,202.88267517089844,288.6472473144531,526.183349609375,103.5495834350586,230.36092560837628,204.04006993048975,290.5199739550687,527.9132904806338,104.67162415904068,226.63802588155738,200.1388600495838,286.1732592848133,519.6811434112465,103.20809472181944,227.57622481823222,200.91710457512625,287.31661546362176,520.7250669698358,103.75447666300208,55626200,30397900,8570900,18667000,14109400
2025-08-13,232.88612365722656,201.5057830810547,286.36053466796875,517.5734252929688,104.98384094238281,234.55294488479396,204.06999503609887,290.32283187703916,529.6234217995657,104.98384094238281,229.99163136972763,197.06577929471834,283.0389031406188,516.3703917601634,103.16906388848864,230.6304284784954,203.6709007567403,289.7314666813669,529.0368026236954,103.42274440244574,69878500,28342900,8420400,19619200,17958700
2025-08-14,232.33717346191406,202.48358154296875,289.9384460449219,519.46240234375,104.7691879272461,234.67271834509882,203.98020797768137,289.9778804180479,522.9123929469488,104.97408114859478,230.41085227691244,200.77742070862897,285.4833244293079,517.13595097363,103.85204790462278,233.61473725595164,201.0468177297292,286.4098066006694,519.5419572956574,104.93506024881967,51916300,25230400,6322400,20269100,13683500
2025-08-15,231.1494140625,203.44142150878906,286.3210754394531,517.1657104492188,104.86766815185547,233.834298979768,205.97571755828142,291.2591849519308,523.0614541020369,105.92136685755888,228.9036945156081,200.82731877734264,285.660707668408,516.0820397908819,104.3358939200289,233.5548328767578,203.39154613868575,290.6086532135509,519.7507304052322,104.5722430318389,56038700,34931400,7340500,25213300,19271900
2025-08-18,230.45074462890625,203.0423126220703,287.3461608886719,514.1134643554688,105.09416961669922,232.67649791960375,204.80833601681928,287.7108460905947,519.8004600468895,105.59640209792867,229.6722297518056,202.0345896716843,284.2709417940018,511.05129658888984,104.06016289296167,231.2592012143754,203.74073522255918,285.8381195988006,518.5775833311014,104.48361233533863,37476200,18526600,5386900,23760600,13040000
2025-08-19,230.1213836669922,201.11666870117188,286.4886779785156,506.8257751464844,105.78350067138672,232.42698672077375,202.98245812812408,288.2825659770611,512.1846290296555,105.82289219016042,228.9136940815642,199.51028904350812,285.37489004447787,505.61282013208876,104.53285188126867,230.84001516813981,202.57337657986534,286.6562214265169,512.0255798217245,104.58208564486281,39402600,24240200,6031500,21481000,16113600
2025-08-20,225.5800323486328,198.87173461914062,288.04595947265625,502.7992248535156,106.87659454345703,230.0315543310328,200.8273180336849,289.1203129200321,508.0487290990465,107.66440991946308,225.3404986724704,196.15785070859312,283.1472843493455,501.526618683124,106.03954540217825,229.54248102593337,200.278551944333,286.63648908496583,506.92525053820776,106.23649548959764,42263900,28955500,7374200,27723000,18959700
2025-08-21,224.47213745117188,199.3007354736328,287.2870178222656,502.15185546875,107.56593322753906,226.08906587116957,202.02459107482636,288.56834905595423,505.5278315490841,107.90074987365453,223.3542730460458,198.98144788878304,285.31572049067694,500.6381609615915,106.31527690078036,225.8395414786139,199.3007354736328,287.7502738983734,501.6041452591809,106.76826810543525,30621200,19774600,6624000,18443300,12194900
2025-08-22,227.3267059326172,205.62648010253906,291.9885559082031,505.1295166015625,109.5846939086914,228.65417758009713,208.07096677186306,292.8953659306035,508.6150227226763,109.71271822075039,224.98118568943215,200.84725997228378,285.96625689985,500.32946944945456,107.93028771504713,225.73973438952316,202.27403645691825,288.9922055724686,502.1618461633245,107.93028771504713,42477800,42827000,8552800,24324200,13586700
2025-08-25,226.7278594970703,208.02110290527344,290.6678161621094,502.17181396484375,110.03768157958984,228.86378779922748,210.04653613391585,293.08266767966575,506.0855321115255,110.21493964871304,225.79962078901826,204.81831562838462,289.9187435512912,502.0323791323648,108.85596612754429,226.0491451945495,205.96572314134983,291.9885819039242,504.5319946732823,109.21048226579067,30983100,29928900,5856300,21638600,9744900
2025-08-26,228.87376403808594,206.67413330078125,294.2851257324219,499.96099853515625,109.79148864746094,229.0534295301293,207.38254318133843,294.4526691589569,502.88882606141556,110.10661326432938,224.26255788237486,205.23736948208096,289.2878798394283,496.4456179190968,108.67870648764875,226.43840339540802,207.0432962842493,289.9384115603751,502.2713680297872,109.67332161186246,54575100,28464100,6714700,30835700,18143900
2025-08-27,230.05152893066406,207.01336669921875,294.9849548339844,504.64154052734375,111.03230285644531,230.46073738560713,208.4401585010209,296.74927450763425,505.18928116929357,111.25880221241029,227.82576024347395,205.18748059977113,292.77711127340297,497.82986914621193,109.72256302402589,228.17510050695543,205.2373711930947,292.98408908730437,499.92117896114246,109.72256302402589,31259500,23022900,6056500,17277900,15262600
2025-08-28,232.11758422851562,211.1640167236328,296.749267578125,507.529541015625,111.62316131591797,232.9659733126178,211.742714118765,296.91681101607145,508.9735181763212,111.9185939536985,228.90370861616245,206.43467159929352,294.41328492266325,503.406670609209,110.36266275262726,230.3809040856524,206.78389053195886,295.71431837356056,504.99008260275673,111.150478111266,38074700,32339300,6410500,18015600,14189800
2025-08-29,231.69837951660156,212.43116760253906,297.0942687988281,504.59173583984375,112.54883575439453,232.9360260407387,214.16724458693432,298.60231023054706,507.4896888132377,113.0412184425248,230.92984008944924,209.72725571237183,295.4285199525983,502.40083415821226,111.84965323882919,232.0676707602769,210.0365560843286,297.7053662302992,506.5535790393771,111.98751979045258,39418400,39728400,6796400,20961600,14597900
2025-09-02,229.28298950195312,210.87466430664062,295.39892578125,503.0282287597656,112.9427490234375,230.4108447009183,211.20390871469678,296.14799833495414,503.90458943006223,113.48436549941368,226.53822101083426,205.73623790289355,290.273540537871,494.75264396148896,111.60346744407637,228.81388239599917,207.97120545801465,295.9508866438156,498.3974910813857,112.44051655288608,44075600,47523000,7221900,18128000,15206700
2025-09-03,238.01634216308594,230.14122009277344,295.211669921875,503.2572937011719,110.2051010131836,238.395624134605,230.78975207064033,296.25645520177414,505.68719181229375,112.68670654900797,233.9141603097862,224.28441211377313,292.1265844883639,500.2398424947412,109.76195206928233,236.75874463665696,225.7012317514145,296.25645520177414,501.70375627159575,112.23371536045128,66427800,103336100,6316900,16345100,14920100
2025-09-04,239.3238525390625,231.77755737304688,299.4598083496094,505.866455078125,110.68762969970703,239.4436193831587,231.847392025426,300.0610396446901,506.04570238922344,111.40650421639117,236.28964239378743,225.60147632632095,293.99930589050996,501.0664078062513,109.68316480940825,237.9963808412042,229.1335081222656,295.694622931837,502.2116394820944,110.40204683925596,47549400,51684200,6605800,15509500,12864400
2025-09-05,239.2340087890625,234.47146606445312,290.1552734375,492.9501647949219,107.56593322753906,240.86091270031892,235.22975128240526,300.7706992658433,509.8498918622262,110.07708061289752,238.03629475202086,231.37843212445287,290.08627080836624,490.3310509759443,107.35912587180405,239.54341659874092,231.677760445174,299.2922261938372,506.9619070760115,109.89982253167047,54870400,46588900,9837700,31994800,16826700
2025-09-08,237.42745971679688,233.72247314453125,288.70635986328125,496.13690185546875,108.17647552490234,239.69313028194867,237.8069358559837,292.20540066234315,499.1244784694731,108.3734331088634,235.89038089866295,233.3529799966882,287.2574550934962,492.9800158612091,106.69932745443077,238.84475646782593,235.15054099905157,290.6579550877705,496.04724781279185,108.05830848768933,48999500,32474700,8188500,16771000,15440500
2025-09-09,233.9041748046875,239.30491638183594,293.57550048828125,496.34600830078125,108.96429443359375,238.3257397896772,240.14377315813266,294.7089905900123,500.17010260105087,110.79595870253287,232.9160527142261,232.91358965088386,288.1149977252914,495.6389570336189,108.84611987931373,236.54912730927947,233.85231685973005,288.40084429899173,499.3534910580183,108.84611987931373,66313900,38061000,7848200,14410500,14899500
2025-09-10,226.35855102539062,238.84552001953125,296.22686767578125,498.29791259765625,110.7861099243164,231.97784546194652,241.33214736167037,297.2125163723058,501.1460848531792,110.84519344539693,225.52015268533836,237.5273187664355,291.1606189374317,494.6630336933239,109.1513957182256,231.7482872752143,238.5758820575914,292.44198029068025,500.8971201283455,109.46652786575879,83440800,35141100,7787300,21611800,15837600
2025-09-11,229.59239196777344,240.0438995361328,301.1748352050781,498.9352722167969,110.43159484863281,230.01159113632517,241.9213539288796,301.3424087307021,501.08633106619584,111.05199436552122,226.21881717306923,235.92949376965038,296.4733014094209,495.8182290284252,109.18094605685853,226.44839058875493,239.55457404217233,296.91682530734334,500.17012751524385,109.70287053326427,50208600,30599300,7942500,18881600,11534500
2025-09-12,233.62472534179688,240.4733123779297,302.5054626464844,507.7884521484375,110.4512939453125,234.0638755168574,241.75157459718335,303.13626220753474,510.42747218178897,111.49514289416113,228.58432913969838,237.67710805902945,299.3415385689925,501.7635178992086,110.17555331457825,228.78394562468256,240.04388783032,300.622869917122,504.55191069082485,111.1406267392382,55824200,26771600,6846700,23624900,11105700
2025-09-15,236.24969482421875,251.26864624023438,304.46685791015625,513.225830078125,110.63838958740234,237.7368657054393,252.06756394348793,305.50180702662493,513.3353599697668,110.74671438088893,234.58287368836292,244.32807821701437,302.76170501933825,504.9004642300766,109.62408244217666,236.54912714503797,244.32807821701437,302.76170501933825,506.68306017742736,110.47098127498258,42699500,58383800,7122000,17143800,12880500
2025-09-16,237.6969451904297,250.8192596435547,304.7527160644531,506.9320068359375,112.93289947509766,240.76111223381088,252.696698721273,306.4381668754987,515.0880630075219,113.56314874735921,235.87043992435724,249.13154999644232,302.7222822014224,506.4938265025834,111.06184366106196,236.72878926810645,251.73800966841424,305.5510890844016,514.7395367165727,111.23910173845827,63421100,34109700,10525600,19711900,17208000
2025-09-17,238.5353546142578,249.19146728515625,307.2760009765625,507.9079284667969,113.53360748291016,239.6432435766681,251.25866627901078,308.4193571478893,509.1726886784055,113.73055756391628,237.27774187166392,245.94587648389523,304.3387568426567,503.8348693472275,112.31250045171144,238.5153883976145,250.87917693990602,305.9355331009736,508.5054498653079,112.78518365139172,46508000,34108000,8657800,15816600,13302000
2025-09-18,237.42745971679688,251.68807983398438,308.7347717285156,506.3444519042969,112.19432067871094,240.74113579799257,253.64542748570952,308.94174954569326,510.9453149965379,113.59268572306348,236.199788714976,249.46110945180462,305.16669795269365,505.55771489166153,111.67239622646412,239.5134800259323,251.338548569648,307.3154351086428,509.37184097126715,113.41542765313403,44249600,31239500,8050700,18913700,14628700
2025-09-19,245.032958984375,254.3744354248047,310.26251220703125,515.7852172851562,111.10123443603516,245.83144010441063,255.65269769422878,311.2678631029987,517.1495391803752,112.24356593009016,239.7530294205925,251.4683796180924,304.68373667454165,508.19677696926453,110.92397635982539,240.77107799962133,252.90642848071656,309.09945390156855,508.44574170609144,112.16478289329383,163741300,55571400,23568600,52474100,38746500
2025-09-22,255.5928192138672,252.18739318847656,307.9560852050781,512.3196411132812,110.31341552734375,256.15178189089505,255.4329839373953,309.198012204534,515.5959951267806,111.08153884152429,247.64797087114997,249.96042287972912,305.11741210895696,510.41751650985566,109.8604243501585,247.82763635806887,254.0848093772248,305.35395817376326,513.4549348866175,110.7368649449766,105517400,32290500,7520200,20009300,15611500
2025-09-23,253.9459686279297,251.31858825683594,308.25177001953125,507.1212463378906,112.21401977539062,256.8504363399061,254.01492224497756,311.77054315707727,512.4590659268906,113.00183513892328,253.0975947938589,250.1401811840686,306.12276518201463,505.2091838485409,110.76642087813288,255.39322235208516,252.69670571321294,307.34499004479613,511.67229848312854,111.00276248192702,60275200,26628000,8584400,19799600,25369100
2025-09-24,251.8300018310547,246.80470275878906,308.92205810546875,508.0373840332031,112.8147201538086,255.2534845023776,252.00764101873446,312.036681822986,510.35772177145367,113.99644312425588,250.56241362070242,246.10565550148698,307.1971727167786,504.82077941210207,112.72609487543596,254.73446948849343,251.31857470864836,309.54299157852137,508.26644250853604,112.82456991134899,42303700,28201000,7310500,13533700,14756100
2025-09-25,256.3813171386719,245.45654296875,308.9516296386719,504.9303283691406,113.82903289794922,256.6807646844572,246.1556055061487,311.1200389596543,507.89799878212006,114.13431529140912,251.2311452680336,240.41340622781078,307.3252850484171,502.94857891661616,112.66701689858705,252.72829161839874,244.06842931794486,309.6119974927529,506.1950582100621,112.89350874101174,55202100,31020400,7083200,15786500,15012600
2025-09-26,254.97401428222656,246.2055206298828,311.52410888671875,509.3419494628906,115.4342041015625,257.10994249251326,249.08161830530747,313.2489940185383,511.8116903059077,116.55683608287912,253.2972024297037,245.63630185383965,309.1979925185918,504.52199636524745,114.15400604622617,253.61660096533106,246.73481561544992,310.3807528469309,507.9477531769938,114.1933975647311,46076300,18503200,7258100,16213100,18568900
2025-09-29,253.9459686279297,243.71890258789062,311.1594543457031,512.4689331054688,112.47991180419922,254.5148915782133,250.80926093832198,313.4461666504931,514.7096154882738,114.72517584612002,252.52867184357527,242.4406403715287,309.158588598915,506.77264973451184,111.93828779708491,254.0757261912774,247.51375020937843,312.50978831201064,509.3817950243417,114.29187664042857,40127700,32505800,6462400,17617800,19189300
2025-09-30,254.14559936523438,242.77020263671875,310.9031677246094,515.8051147460938,111.03230285644531,255.4331385813304,242.9599320717839,312.85476301381095,516.0142062084105,111.76102717505447,252.6284867333586,238.92541967317948,305.65950932869447,507.54943619028296,110.23464525787536,254.37515755125318,242.48058753408858,311.71140689202116,511.11459757878936,111.62316061513285,37704300,34724300,11823300,19728200,18076200
2025-10-01,254.9640350341797,244.5677490234375,306.25091552734375,517.5578002929688,110.28387451171875,258.29769267334166,245.96585884887978,310.0752375005356,518.3544751787417,111.29818166673253,254.44502000530687,238.2862890899911,302.99828667529783,509.5709932440202,109.59454174030076,254.55481135314994,240.42338523813993,309.46414008660315,512.6680995330014,110.8451904864916,48713900,31658200,9235200,22632300,16614000
2025-10-02,256.6408386230469,245.35667419433594,303.1362609863281,513.6041870117188,109.59454345703125,257.68882891050583,246.47514981131818,306.10307334887034,519.4399047558908,111.36711668837108,253.66649683440303,241.97127402542458,301.74652271909054,508.56514411884206,109.33850234656653,256.09186667190835,244.81739828037135,305.5511124553201,515.4963429681408,110.26418423682554,42630200,25483300,7600000,21222900,13062600
2025-10-03,257.5291442871094,245.01715087890625,305.5806884765625,515.20751953125,111.53453826904297,258.7468246365968,245.96585900937905,307.1873007923745,518.3345307125708,112.01707124147411,253.46689477740222,241.3321544964398,303.78680048715194,512.8672756929882,110.19525664039946,254.18552630266564,244.15831699237452,304.0825131673876,514.9585548343116,110.19525664039946,49155600,30249600,6029900,15112300,12950100
2025-10-06,256.2016906738281,250.09024047851562,306.2244567871094,526.3811645507812,112.46021270751953,258.5771679771474,250.97904766602093,308.7698967102646,528.8309994124726,113.0215287200953,254.56481112131073,244.24818617214953,302.2131839322167,516.0541122577388,111.45575524249708,257.49920544747016,244.44791178946252,307.2148975143275,516.4623876768178,111.56408004432434,44664100,28894700,7214500,21388600,12036800
2025-10-07,255.99208068847656,245.42657470703125,304.7486877441406,521.8101196289062,112.51929473876953,256.91031341337026,250.1002333278666,307.04651731937065,527.6060256392368,112.76548608446156,254.94405994391948,245.18691006468788,301.7872798561248,519.2806599401652,110.03768176682227,256.3214394907812,247.93317917084852,306.39282285956295,526.1022689962125,112.33218691183123,31955800,23181300,8454200,14615200,11945000
2025-10-08,257.5690612792969,244.2881317138672,301.1236877441406,522.676513671875,112.28295135498047,258.0281776413904,245.67624536262252,305.8282811149513,524.7678538085896,113.2578745430427,255.62275879770374,243.48922922331397,300.6482653222047,520.923853084141,111.68225135301425,256.03198246417537,244.62768203424937,305.2637226562496,521.1130687043808,112.63746751188236,36496900,21307100,6489900,13363400,12301000
2025-10-09,253.55670166015625,241.2023162841797,302.6093444824219,520.2366943359375,111.18987274169922,257.50917476461467,244.42792989328805,305.09536030036105,522.158694647609,113.75026145917077,252.65841993311406,238.82554034163272,300.4898171115272,515.2574000210162,111.0224569019183,257.3195337882977,244.13833003954065,302.13392206728275,520.1769452354545,112.68671294919874,38322000,27892100,7060300,18343600,10976200
2025-10-10,244.80340576171875,236.2490692138672,298.01373291015625,508.84405517578125,109.04307556152344,255.8922708493858,243.75885638035138,307.50214203189404,521.4118200258811,110.90428155817044,243.53581752909898,235.5200485827795,297.93448072337696,507.5195762105422,109.02337604623959,254.45500785015722,241.10246136059908,302.73812442433035,517.4881335274953,110.54976541469829,61999100,33180300,8597400,24133800,13811600
2025-10-13,247.18885803222656,243.81875610351562,305.0260314941406,511.9212646484375,110.53006744384766,249.2149949644775,244.16828735447277,306.5017785031187,514.2714771071726,110.58915847736117,245.09284695690994,239.38479264234815,302.53013174675476,509.56108387533754,109.62408507038785,248.90558714178317,239.88411429337978,302.6786918104351,514.2714771071726,109.84073466255515,38142900,24995000,10788700,14284200,10296500
2025-10-14,247.29864501953125,245.1169891357422,299.19232177734375,511.4432067871094,110.57930755615234,248.37659224814226,246.78472157869837,304.0653034578676,513.146147202046,111.2390985703282,244.23447809703134,240.1836889124138,291.39755808509767,503.9045484424133,109.02337642256091,246.13087266264282,240.9027132904423,302.91638858642943,508.1170420708167,109.07261769777679,35478000,22111600,16178800,14684300,11167200
2025-10-15,248.8656463623047,250.68942260742188,302.767822265625,511.3038330078125,109.90966796875,251.3409393203658,251.7679591837619,309.13634876005415,515.0482722356254,111.83980727002569,246.99920876557604,245.65626715592245,302.520212088773,507.88804423946306,109.27941870764626,249.01537013681215,246.91455220927548,303.4611428511513,512.8275263160849,111.08154121041032,33893600,27007700,11354800,14694700,12182900
2025-10-16,246.979248046875,251.1188507080078,295.6861572265625,509.4913330078125,108.95445251464844,248.56621957555782,256.6113736152233,305.72920960204,514.7096236704256,110.48084201963705,244.66366953460536,249.76069521164578,294.2302082762473,506.02576365101777,108.7082611437254,247.7777291727393,251.42842769264908,302.43105556912377,510.4573477017149,110.17555961074069,39777000,27997200,10549400,15559600,11782200
2025-10-17,251.81002807617188,252.9563446044922,294.7155456542969,511.4532165527344,110.53006744384766,252.89796599708643,253.87509458891947,296.68651306450823,513.3453119402852,111.18986597812913,246.79958926324147,247.4737875390444,291.3876792596173,505.20916197429216,109.48621851412935,247.5481624372989,250.4197821526697,296.30025689141456,506.9320087638593,109.92935994307969,49147000,29671600,10153500,19867800,13460100
2025-10-20,261.7411193847656,256.2019348144531,299.4696350097656,514.6498413085938,110.9830551147461,263.87706298772724,256.98087539491434,300.78693806489423,516.5519656323323,111.42620404282175,255.14370850365398,253.88509020638818,295.3098022126917,511.30377036778043,110.27403035351949,255.4032084113237,254.3444728441902,295.6465484229892,512.4788764440519,110.29372235529097,90483000,22350200,6894900,14665600,9523600
2025-10-21,262.2701110839844,250.12020874023438,294.2500305175781,515.5162963867188,110.99291229248047,264.7853366806196,254.53421031738455,301.14348948053015,516.5420602391357,111.63301133371802,261.33189684706855,243.81875668908756,294.16089447968653,510.91543308707116,110.28387997068897,261.38182000576944,254.39440086428343,298.7763518720256,515.3569857054445,111.17017037292834,46695900,47312100,7372700,15586200,9202300
2025-10-22,257.9583435058594,251.34854125976562,291.2984924316406,518.3843383789062,112.96244049072266,262.349966966352,256.01218852739623,295.21074518844307,523.0549187669818,113.42528144049153,254.94406918261987,248.95178813355238,287.76264219334536,515.566101626736,111.35727555995079,262.15033525743416,254.02489806023604,294.9235089294393,518.9918584655633,111.72163395713265,45015300,35029400,8054100,18962700,12938800
2025-10-23,259.0861511230469,252.73666381835938,291.72442626953125,518.404296875,114.21309661865234,260.12418111371363,254.69399627404513,293.53691953831486,521.7802730707533,115.06983772488677,257.51916110368444,251.50833675008087,289.7138327608809,516.4623598997719,113.60253935404117,259.4454820834593,252.63679338694976,291.5659521228084,520.2964530626382,114.85318813056784,32754900,19901400,5438800,14023500,15001100
2025-10-24,262.32000732421875,259.5673828125,297.5680236816406,521.441650390625,113.632080078125,263.6275126875418,261.32497431611404,299.7073793455201,523.1744351060786,114.69562852426475,258.68691759501684,254.9736174865258,292.6257339726554,518.5536961256696,113.42528024356957,260.69310343226954,256.23188733462473,293.24968626033206,520.6250388201142,114.57745397030573,38253700,28655100,7228300,15532400,9919400
2025-10-27,268.2986145019531,268.9046630859375,301.2425231933594,529.3189697265625,114.1737060546875,268.60802232244004,269.7735083332291,301.6188954834183,532.3662956890146,114.22293981815812,264.1465248140549,263.92144290721717,298.13255521259686,526.819354031342,113.34649918884276,264.37609822840903,264.4607188078389,299.27155593587753,529.577902779321,113.93735694263816,44888200,35235200,5642200,18734700,10975400
2025-10-28,268.4882507324219,267.1071472167969,302.4409484863281,539.8251953125,113.2775650024414,269.3765722048576,270.3627344019799,305.0260143525006,551.4269140414981,114.41004673749381,267.63986169210665,266.1384619149823,300.26199714781296,538.5305910090683,113.23817348408193,268.4782600095115,269.3241367489819,301.9457281513223,547.722348424072,113.73055619382959,41534800,29738600,6336000,29986700,9535200
2025-10-29,269.1869201660156,274.197509765625,302.58953857421875,539.3073120117188,114.6759262084961,270.8936584399069,274.96645416764926,305.30333633604477,544.0077970763692,115.26679145069946,266.6018207191691,267.3068768000952,300.1134369007715,534.5072653816836,113.06091157631114,268.76770579477784,267.38675485794886,300.60865723546095,542.6832878753321,113.16923636983752,51086700,43580300,7520300,36023000,12570600
2025-10-30,270.8836669921875,281.09814453125,306.48199462890625,523.582763671875,112.9427490234375,273.6184749716116,291.1944142933695,309.6216749468322,532.7545848667123,114.74486404159735,267.969239224885,279.6800575475708,302.1834853094115,519.9578228356851,112.78518294908257,271.4725408872279,291.1944142933695,302.8668918595425,528.2831883129468,114.65623875964566,69886500,74876000,7514600,41023100,16172900
2025-10-31,269.85565185546875,280.8085021972656,308.1459045410156,515.6656494140625,112.6177749633789,276.79244258078194,285.6119738650845,309.8791757592273,527.1279940743384,113.47452359060154,268.647962249571,276.6541425566326,304.3129038831637,512.9668501497666,110.90428522209764,276.4630533049319,282.82575062167336,305.5905808443981,526.6898137654194,112.24356680542397,86167100,39267900,7721300,34006400,20213400
2025-11-03,268.53814697265625,283.3350830078125,306.3928527832031,514.888916015625,112.02691650390625,270.33474092754267,285.14262497278366,309.3344630267029,522.7860691817526,113.23817376552417,265.74348587775046,279.42038779718166,303.28285431242927,512.4590180581705,111.90874194853409,269.90556627002525,281.797163766903,308.02707397940236,517.657371934483,112.75564081245807,50194600,29786000,7770000,22374700,12290300
2025-11-04,269.5262756347656,277.1634521484375,306.2937927246094,512.2001342773438,112.401123046875,270.9734988318123,280.88837191256465,309.23540287266394,513.4150529816625,112.60792288093636,267.11086611942017,275.8851900258856,302.1834697809128,505.73698923396887,110.7959581368766,267.8195068636227,276.374515458966,303.7780648320401,509.6407695643784,111.65269923325023,49274800,30078400,7085200,20958700,16860700
2025-11-05,269.6260986328125,283.92425537109375,308.7005615234375,505.0597839355469,111.94813537597656,271.18312844251227,286.0314084420774,310.107000668758,512.6980347767452,113.4252835340798,266.4221834255846,276.96371081227676,302.70840715746203,504.4821687767013,111.93828561790328,268.0989800730272,278.49163374098424,306.6503419445097,511.17434154282535,112.3518852990128,43683100,31010300,6865200,23024300,12400900
2025-11-06,269.25677490234375,284.3636779785156,310.4239501953125,495.04144287109375,112.75564575195312,272.8798740142925,287.9587999323025,311.83035912038315,503.6058351018555,113.188944960802,267.38037702601645,280.7585903155872,307.2941538281452,493.75677643867937,111.90874685092898,267.38037702601645,284.9428776795432,308.01715622418413,503.5659922381216,111.90874685092898,51204000,37173600,7206100,27406500,14219700
2025-11-07,267.9592590332031,278.45172119140625,311.20635986328125,494.7626037597656,115.4342041015625,271.7719991063764,283.3950181298404,311.4242580235003,497.31199999791255,115.71978697585025,266.26248096015127,274.8166751233446,304.6991875199946,491.2073803526309,113.14954862042434,269.28671541495146,282.8257840870045,308.90856044061366,494.89207027354036,113.45482349738259,48227400,34479600,7302300,24019800,17181100
2025-11-10,269.1781311035156,289.7064208984375,313.8607482910156,503.90460205078125,116.4189682006836,273.4741297822401,290.40545290698407,316.505207868057,504.7510881917551,116.64546003805616,267.20997142836535,282.47622284552773,311.20634440947254,496.73440583349895,113.70101356006596,268.7085692371889,284.03413439651047,311.9888009767473,497.96929153220975,115.650852381483,41312400,29557300,5794100,26101500,13048000
2025-11-11,274.99267578125,290.914794921875,312.6028747558594,506.573486328125,117.9552001953125,275.65206242273547,291.52398321941854,316.00007894896714,507.48968986721945,118.96950737055927,269.5477586519058,286.9302176656824,312.2661285601958,500.26971300797675,117.01967605641752,269.55775905965567,287.35962699643375,314.4649080237581,502.70954902224156,117.01967605641752,46208300,19842100,5030200,17980000,16077100
2025-11-12,273.21435546875,286.3210144042969,317.34710693359375,509.0233154296875,116.32049560546875,275.4722525277038,291.613842224268,319.16951418656384,509.5511194130969,117.46281960045928,271.4460210796085,283.30512258449664,313.1872439213492,497.05307240824305,115.99552120954574,274.74292397164845,291.2842728658537,313.23678409164455,507.2506574723947,117.28556152206164,48398000,24829900,10578300,26574900,13790900
2025-11-13,272.6948547363281,278.19207763671875,306.5216064453125,501.205810546875,116.98028564453125,276.4413491841305,282.45627365196606,317.565014483568,511.3735209246628,117.93550930812972,271.83564282199285,276.8638649512614,306.1452341336872,499.2140928412288,116.47805317449375,273.85374352181776,281.9569519907634,316.17840351377913,508.1967287528611,116.82271957033755,49602800,29494000,8973300,25273100,17291900
2025-11-14,272.15533447265625,276.0350036621094,300.7076721191406,508.0672912597656,118.50015258789062,275.70200347225597,278.1820807042813,304.6991769671513,509.48142428367663,118.68889697657293,269.3479639093673,270.3327588398133,298.35044875494805,495.3800584752997,115.88756919075867,270.7965900477885,271.04178706348836,304.5704148461381,496.16679552350377,117.66571049271275,47431300,31647200,10327000,28505700,17064300
2025-11-17,267.2099609375,284.63330078125,297.4986572265625,505.388427734375,116.90081024169922,270.2371271729127,293.55120856159544,302.66875869849656,509.9992593431845,118.70875924248826,265.48159771217263,283.1852862901624,294.8244855709175,502.8191251226507,116.33458466394876,268.5687054184609,285.392279437324,301.0939616708072,506.34447416817187,118.18226972374043,45018300,52670200,8344000,19092800,16034900
2025-11-18,267.19000244140625,283.8943176269531,296.5478515625,491.74517822265625,118.24187469482422,270.4569347049811,288.4081743957296,300.05402007948175,500.89712400975867,118.68889969210812,265.0719890725528,277.8225797399186,294.1806837974681,484.76419755903834,115.70876335906323,269.7376065335732,287.52939388700526,296.6369875977812,493.31862192366924,116.48359759303432,45677300,49158700,8077300,33815100,15808500
2025-11-19,268.3089294433594,292.4127502441406,300.3709411621094,485.102783203125,116.572998046875,271.9555110777923,303.39782684502376,301.5396841634701,493.13937183157236,117.39750425129373,265.2517925781922,286.2411417953812,296.409178349521,480.8305400064438,115.16240200147725,265.2817633125939,286.77042153983126,296.8746866890342,488.070453670226,116.07630865802689,40424500,68198900,5546600,23245300,15919200
2025-11-20,266.0010986328125,289.05731201171875,295.5277099609375,477.3404846191406,116.24517822265625,275.17250947675234,306.0042898345543,306.95740445253,492.4460215630244,118.22200739590019,265.67142054546326,288.2783714658303,295.3098117912242,474.41716428973194,115.96703338472082,270.5768036466949,304.1268355762142,303.411609711364,491.5879641710541,117.1988284939755,45823600,62025200,7501600,26802500,14401000
2025-11-21,271.2361755371094,299.25347900390625,295.171142578125,471.04486083984375,116.3047866821289,273.0744516711978,303.50770955644725,298.79615936428223,477.8293938228302,116.60279576188553,265.4216397990326,293.4513634023398,290.01095471385685,467.20362215472323,114.88425475654147,265.70137680880595,296.0178842040454,298.40990318772816,477.4103368698009,116.215378652987,59030800,74137700,11766800,31769200,15667600
2025-11-24,275.6620788574219,318.14776611328125,295.1513366699219,472.92059326171875,115.20213317871094,276.7410558404627,319.0465694557707,296.9539460474125,475.8139832068258,116.42398477931181,270.64675212306133,309.17996886834777,291.69470820468445,466.9542001322548,113.98027399923178,270.64675212306133,310.70789188393536,295.3890327721484,473.9183160323131,116.42398477931181,65585800,85165100,10940200,34421000,18034900
2025-11-25,276.7110900878906,323.0011901855469,300.103515625,475.90374755859375,113.75180053710938,280.1179060838009,328.3838617048627,301.5891765934406,478.0588322743821,115.13259636601772,274.9926967216935,317.2190369667809,292.7346348034667,463.8313270788984,113.4339196465451,275.012667049666,325.767421144808,297.18170363006027,472.9904142849383,114.41736246752856,46914200,88632100,8877200,28019800,14434600
2025-11-26,277.29052734375,319.5159606933594,304.6991882324219,484.3943786621094,114.01007843017578,279.26868736786383,324.0597758686898,305.5806647286523,487.1979770584782,114.97365705250216,276.3714044558947,316.36024396458464,300.30162915288383,480.10418316215106,113.55312510411062,276.70108254872224,320.2449508538883,302.0844103036798,485.2025316262965,113.65246904450274,33431400,51373400,7910900,25709100,11650600
2025-11-28,278.5893249511719,319.7456359863281,310.087158203125,490.88958740234375,115.1524658203125,278.73917862681736,326.40660086319315,310.7210547537004,491.5081706450152,117.95379366366068,275.73198274965245,316.36025071335513,305.2934288863403,485.54177754838196,114.05975068319684,277.0008150112318,322.9313108653273,306.1452235979446,486.48962635446395,114.1888871955968,20135600,26018600,4322400,14386700,7240800
2025-12-01,282.8353576660156,314.46282958984375,305.9669494628906,485.6315612792969,115.8577651977539,283.1550658399818,319.41609223758667,311.038000929866,488.7444513856018,116.6326070178609,275.88187257202503,313.464186206563,305.5905771667579,483.5463243869077,115.33127565327204,277.75011957449965,317.2690150587685,309.95842421118846,487.32770213243884,115.33127565327204,46587700,41183000,7727300,23964000,12658100
2025-12-02,285.9224548339844,315.38153076171875,304.9368896484375,488.8841552734375,114.61603546142578,287.1313151163589,317.948051296999,307.5120415313108,492.3761849539621,115.82795872805552,282.36578537497866,313.4841146313127,304.1544330268201,485.2125428025972,113.93060928943486,282.7354345985028,316.3102616947243,305.7886541478843,485.6116258193264,115.66902207182511,53669500,35854700,7249000,19562700,14607700
2025-12-03,283.8843688964844,319.19635009765625,309.1462707519531,476.64208984375,117.02001953125,288.35019153510143,321.1436861691208,309.37405277594195,483.13724409881166,117.19882800902268,283.0351573834178,313.6738540884245,303.86720471987456,474.1178525596479,115.11272657538204,285.9324708384744,315.4614340573081,304.26340519365976,475.23529714339696,115.18226278457817,43538700,41838300,8535300,34615100,16819100
2025-12-04,280.4375915527344,317.1890869140625,313.0783386230469,479.7449951171875,116.36438751220703,284.46382276925783,321.92264650582644,315.4454763850748,480.2239129901724,117.55643899441883,278.32954829392816,314.27306548179905,310.0079661400671,475.40489514051177,115.8875699508737,283.83440686502166,321.7928484740126,310.26549041680175,478.6674679630734,116.72200447264626,43989100,31240900,9627800,22318200,13686900
2025-12-05,278.5193786621094,320.8341064453125,312.0284729003906,482.0597229003906,115.76836395263672,280.8771882481053,322.72155681925386,315.4355916137351,482.299166614698,117.99353029817301,277.79005013345267,318.73697999805336,311.6718985008828,477.78947078944657,115.63922743960852,280.27774306596746,319.05652267664885,312.62274341566774,481.4211657314621,115.97697258701088,47265800,28851700,6518900,22608700,12516900
2025-12-08,277.6302185058594,313.49932861328125,312.1968078613281,489.9018249511719,115.21207427978516,279.4085531850005,320.21460294317257,313.44477282870224,491.17890888246444,116.22531730103631,275.8918244790692,311.0010871288888,310.3546026483966,483.2769615726175,114.2782958010143,277.86998437615557,319.82486263347363,312.0482477999388,483.7858099301447,115.06306594695681,38211800,33909400,7417200,21965900,14904200
2025-12-09,276.9208679199219,316.85693359375,297.6373596191406,490.8995361328125,117.467041015625,279.7682096639769,317.7662971049956,315.7524991840304,490.99931449735556,119.67234312511398,276.6611317163261,311.6805848338384,297.15202309779255,487.3875630167038,116.11604526528723,277.8999627322321,312.15025542764414,311.939326475107,487.9862027558801,116.12598117519698,32193300,30194000,18049200,14696100,23790800
2025-12-10,278.5193786621094,319.9847412109375,307.1455383300781,477.4701843261719,118.74849700927734,279.48847306800184,321.0839735202244,308.2152311685389,483.14722906115725,119.07631381660484,276.1815698919154,314.45863248382005,295.60691069504315,473.99809828560024,117.58624568752907,277.490342786908,315.6078174223929,297.62741810314117,482.92772884397027,117.94386264481753,33038300,33428900,18874100,35756200,19845200
2025-12-11,277.77008056640625,312.210205078125,314.3460693359375,482.3690185546875,118.74849700927734,279.3286197507982,320.8940942947929,314.96013772429524,484.92318635563356,119.5630672833503,273.5540244422053,308.3829128168011,306.2838676543348,474.7763326037194,118.28160778287973,278.83908758708685,319.85481737290655,306.2838676543348,475.5445986070271,118.32134384245383,33248000,42353700,9721900,24669200,14781800
2025-12-12,278.0198669433594,309.07244873046875,315.4751892089844,477.4402770996094,118.03326416015625,278.9589906850317,314.6485102459599,317.2084605896136,481.3513637649093,119.12597928223312,276.5612402656973,305.34506149685063,313.5735598207153,475.2552617920193,117.52663886961135,277.64021728323,313.47935032153816,316.6241041512468,478.72734800157895,118.64916172079668,39532900,35940200,8982900,21248100,14459500
2025-12-15,273.8537292480469,308.003173828125,316.9608154296875,473.73870849609375,116.98028564453125,279.8880911943856,311.2009348824072,319.79349149101296,479.6252664455081,118.24187334305759,272.5849275039148,304.66552711937686,315.3464225115248,471.44392797474177,116.07630732931369,279.8880911943856,311.1009991314403,316.5349331916296,479.0066832317436,118.22200910243764,50409100,29151900,10864100,23727700,16358700
2025-12-16,274.353271484375,306.3543395996094,312.5335693359375,475.3051452636719,113.9206771850586,275.2424541197232,310.5513666605185,316.4656203572433,476.80172935648005,116.0663713785457,271.53593087885605,302.37712849550337,311.39456850853577,469.8076832860371,113.85114097459555,272.5649667835892,304.7354841263937,316.0397380851819,470.8353364785088,115.99683516808265,37648600,30585000,8331300,20705600,17638700
2025-12-17,271.58587646484375,296.5112609863281,311.9690246582031,475.0357360839844,116.63260650634766,275.90184538512057,307.87325739956634,316.3170436429019,478.9069051052783,116.84121514123433,271.38608172110213,295.9116769824828,311.65207637787455,473.9182915104317,114.40743257646578,274.75292651919426,307.7933270972379,315.3860269605939,475.8239455574328,114.44716863723637,50138700,43930400,8718700,24527200,18502200
2025-12-18,271.935546875,302.2472229003906,310.0079345703125,482.87786865234375,115.76836395263672,273.374203136776,303.7461677101471,314.66301788263524,488.4850656489584,116.2153813721701,266.7004552212896,299.0195145942255,309.2353920446346,476.8017407441929,114.86438562480342,273.35420232069225,301.50775321966603,312.979256626897,477.10104539067044,116.2153813721701,51630700,33518000,11444900,28573500,13705600
2025-12-19,273.4141845703125,306.9439392089844,314.17767333984375,484.8134460449219,115.91736602783203,274.34330788170604,307.03387224107576,315.51477427620307,486.73904362092316,116.79153657881096,269.64768928264715,300.7582909786616,310.1961127673861,481.39123391446003,115.1921962227349,271.8955859651445,301.5177661333593,310.79038320864026,486.2501387748106,115.97696632618475,144632000,59943200,24494400,70836100,45412800
2025-12-22,270.7166748046875,309.56207275390625,320.0014953613281,483.81573486328125,117.3676986694336,273.62395794129594,309.9118326328777,320.1401715734682,487.6170561484318,117.67564365102822,270.25711338978425,305.0852133945127,314.4748493262905,481.5908021440126,116.56305674309674,272.6048920133635,309.66200850448513,314.4748493262905,485.01298390813173,116.56305674309674,36571800,26429900,8354600,16963000,11768600
2025-12-23,272.1053771972656,314.1288757324219,322.8143310546875,485.7413330078125,118.62928771972656,272.2452609569047,314.7184570357758,324.6466524002949,486.71908182827985,119.23524935952017,269.30800689497966,309.1024153195162,320.00148308544306,483.63612214595605,117.53657261774538,270.5868091030317,309.41219480947996,320.51650136966475,483.8755963136496,117.68558094503335,29642000,25478700,6668300,14683600,12567600
2025-12-24,273.55401611328125,313.8690490722656,326.02337646484375,486.90863037109375,118.43061828613281,275.17249671786806,314.8583428959372,326.8355148620812,488.04604888584674,119.2551244849581,271.9455359163183,311.70059264113144,322.3884458193645,483.7258924615979,118.33128192481281,272.085389177814,314.5485634057752,323.1213622604756,484.5739628623746,118.53989055724838,17910600,10097400,4289300,5855900,6137400
2025-12-26,273.1444091796875,313.2894592285156,324.7754211425781,486.599365234375,118.32134246826172,275.1125687682936,314.86833429915043,327.6972031402456,487.00843522519267,118.758431539622,272.6049054553,312.0603135401851,323.4185221880518,484.85335038112265,117.74518097944652,273.9037084592662,314.25877806497726,325.9639318748006,485.601642461088,118.10279793258158,21521800,10899000,4158300,8842200,8066100
2025-12-29,273.50408935546875,313.33941650390625,320.6551818847656,485.9907531738281,119.73194122314453,274.10350406329195,313.79908436732376,324.63674268276935,487.23790659993216,120.49684711566579,272.0954038139857,310.4014822754237,320.43728371815735,483.0773893732932,118.60942594811912,272.4350823114352,311.15095467052413,323.8741142125664,483.7558335295542,119.35446002118661,23715200,19621800,8635300,10893400,14782500
2025-12-30,272.82470703125,313.6292419433594,320.328369140625,486.3699035644531,120.18889617919922,273.82377221524894,316.72706748217655,321.83382823915406,488.56487537463653,120.99353814268906,272.02546707967076,312.24020504037514,319.4072362471025,484.39440153201394,119.83127921295453,272.5549704076282,312.28018544302313,321.70506610211044,484.82341501264875,120.29816845104502,22139600,17380900,7904300,13944500,11150500
2025-12-31,271.6058349609375,312.7798156738281,319.1398010253906,482.5186767578125,119.54319763183594,273.42414083736213,314.3586907819443,321.77437689354394,487.0284031238816,120.45711186085562,271.49595243002375,311.22091551782626,318.9615289550125,482.1993981667827,119.07631597585063,272.80472532736104,312.62992729269524,321.2395304565584,486.7290680267604,120.37763974026633,27293600,16377700,5048500,15601600,10559900
2026-01-02,270.75665283203125,314.9283142089844,322.36865234375,471.8630065917969,121.83790588378906,277.58025431004916,322.2731502440002,322.61626252061376,483.5563186075122,121.86770603383496,268.7485221479618,310.11169732658084,317.6739428368343,469.0893385249197,118.81803355745646,272.0054842546519,316.67708324131615,319.4171281542276,483.2869444224563,119.29485111594778,37838100,32009400,8054000,25571600,14175100
2026-01-05,267.0101623535156,316.3173522949219,330.8468322753906,471.773193359375,124.52996063232422,271.25618925068443,318.79558832967825,334.026138578159,474.9858617296903,125.09618621633267,265.89121426121545,314.4086921415047,322.08142570711647,468.4308161640092,121.57962453395653,270.38700744645297,317.4365596004392,322.3884599175412,472.98042932285466,124.38095230413707,45647200,30195600,10752600,25250300,30112200
2026-01-06,262.1147155761719,314.1188659667969,332.90625,477.4203186035156,120.24850463867188,267.2998660934885,320.71422913013345,334.1598441675407,477.64977534720424,124.96705385497772,261.8749496989937,311.5606693028291,328.96642165340415,468.68025764779384,120.19883266800142,266.7503924619391,316.17741436833177,330.92639220894705,472.72102257015473,124.52002885557945,52352100,31212100,7660800,23037700,23328600
2026-01-07,260.08660888671875,321.7535095214844,325.3250732421875,482.3690185546875,117.7054443359375,263.4334831315393,325.9205589972494,330.45880399676645,488.5848422406915,119.32465652650383,259.56710600115036,313.96898096999803,322.947258062395,476.86159994291296,117.48689980134242,262.95395138764474,314.13884430323384,329.4539672046419,478.6674756822987,119.00677563405961,48309800,35104400,9815200,25564200,20353000
2026-01-08,258.7978515625,325.2110595703125,328.11083984375,477.0212097167969,122.09618377685547,259.0476178563403,330.0876314322289,329.7126277455971,481.5608665012806,122.81141009874412,255.46096229095477,321.2738288701313,323.99190461809644,474.7763335277468,117.87432415932456,256.7797203952787,328.7385750407063,324.7281574581884,480.14408679814625,118.19220505090117,50419300,31896100,11737100,18162600,20232700
2026-01-09,259.1275329589844,328.3388671875,327.5138854980469,478.1885681152344,123.78492736816406,259.9667440583015,330.5972566011106,330.21007865256746,478.72734693664125,124.0332720571173,255.98048371428257,325.5707962902668,326.49908990111055,471.1247042989064,122.28492332480052,258.8377955175017,326.8598973489763,327.6631156796267,472.9804540365218,122.4140674135384,39997000,26214200,6738100,18491000,16137700
2026-01-12,260.0067138671875,331.62652587890625,322.8377990722656,476.09332275390625,123.2087631225586,261.05572011368304,333.80501545240315,324.3600076252465,479.89464390147504,123.67565233999679,256.5599267903311,324.77136644379436,319.59441851466954,474.59673866594744,121.74849517146582,258.9177364764393,325.57079145505844,320.2411028663189,475.5845048686955,123.6359162811852,45263800,33923900,12805100,23519900,15314900
2026-01-13,260.8059387207031,335.7336730957031,309.3169860839844,469.5981750488281,125.7021484375,261.56523797230057,340.25048265726696,325.1957141371429,474.6965236309785,126.29817417410949,258.148452318208,333.38532003422745,308.9886797025588,464.888922501957,123.98359985841621,258.4781303943212,334.7144015630273,322.64875130423195,473.5990225282599,124.17234424691262,45730800,33517600,19371200,28545800,21619700
2026-01-14,259.71697998046875,335.603759765625,306.30242919921875,458.3338928222656,129.33790588378906,261.57525710051715,336.2832741209541,310.17263725890126,467.13381499707015,130.8478457773565,256.4700180914029,330.2475447349911,304.5613395847709,456.1289340170423,126.2882335266516,259.247418118488,334.8243096530742,306.6307659579143,465.39775666549855,126.5067780569478,40019400,28525600,25951500,28184300,27593900
2026-01-15,257.9685974121094,332.5458984375,307.68536376953125,455.6200866699219,128.27500915527344,260.7959687899761,337.4524480652932,311.3466191836246,463.1927988881192,129.337916588086,256.8096782083212,330.507324974913,306.18304245620016,454.8618076165624,127.45050293323732,260.40631875644857,337.4124676651339,306.8993776774091,463.0630900555096,128.27500915527344,39388600,28442400,14751400,23225800,17400000
2026-01-16,255.29112243652344,329.7678527832031,310.8789978027344,458.8127746582031,129.02996826171875,258.6579671912775,334.4145755186536,315.5948534301565,462.13520850615447,129.29818477469024,254.69167723491495,327.46948297740045,308.42157308655703,455.4404972994736,128.0167176687486,257.6589020182799,334.1747541117482,308.76979706409315,456.78739866953146,128.0564613080259,72142800,40341600,14652500,34246700,16592400
2026-01-20,246.46937561035156,321.77349853515625,301.19854736328125,453.48492431640625,129.59620666503906,254.55180921698133,327.49947891315526,309.56573031914434,455.7597309230742,131.0664030646928,243.19244305608962,320.20459558658575,300.323023148028,448.2568669541529,129.20878953412497,252.49373739571587,320.6442885211675,304.65088058894946,450.1924514863621,130.6392422928985,80267500,35361000,12900600,26130000,16477300
2026-01-21,247.41848754882812,328.1490173339844,300.50213623046875,443.0986328125,132.725341796875,251.3248360900433,332.24613943011235,303.8450138204667,451.65911099901973,132.84454240214342,244.9507953165175,319.12537039479025,299.61665319654776,437.68100562513575,131.0366008719565,248.46750904444812,320.6942733516965,301.88504309324475,451.56931960591265,131.0366008719565,54641700,35386600,10270100,37980500,18879900
2026-01-22,248.1178436279297,330.3074951171875,302.0840148925781,450.1126403808594,132.75514221191406,250.76536025794266,334.9142376434696,306.6307531542374,451.8087507279656,133.29156009444506,247.9180183962477,328.5187457270175,301.35772089620315,443.6873036586902,130.9770008295119,248.96703988447874,334.2147483456718,303.3077326815458,446.600636936346,132.1690523578367,39708300,26253600,10535800,25349400,16600100
2026-01-23,247.80812072753906,327.6993103027344,296.2041015625,464.888916015625,134.0763397216797,249.17685039145397,333.45526818914374,300.8304191049288,470.0271819611143,135.07964686690326,244.45126111041233,327.21966747627397,295.000271015744,449.50401819491054,133.58957864608686,247.08880782235642,332.25610013077164,300.4623078902987,450.8409629929935,134.1955403288625,41689000,27280000,11107900,38000200,17758200
2026-01-26,255.17123413085938,333.02557373046875,299.5072021484375,469.20904541015625,133.9471893310547,256.32015295784896,335.60374537803585,300.243424572115,473.1700058760031,136.03329080527234,249.5664780183616,326.7699676491338,295.9354850066467,460.94790240319116,133.28162737596318,251.24490015634893,327.5793954045391,296.2936374196168,464.25036221183507,136.02334731663586,55969200,26042100,11752700,29291200,16056100
2026-01-27,258.0285339355469,334.31463623046875,298.7809143066406,479.485595703125,135.92401123046875,261.70511669708895,337.6722883721735,300.4324657566407,481.7703893732875,136.02334000719668,257.96859246831417,333.2454121385867,296.6319086980451,472.0825097961169,133.81805320765937,258.92771692213245,335.1340666902067,299.7957098597862,472.62128861771004,134.35447104370763,49648300,21636200,11527400,29213900,14517000
2026-01-28,256.2002868652344,335.7736511230469,299.2385559082031,480.533203125,136.66905212402344,258.61800761819165,337.30257365930305,300.38272473319716,482.63838346935967,137.09619771667622,254.27208306792676,331.7065067534381,296.53240414079806,476.9114647448887,135.7650738112262,257.409147241713,335.82360375323316,298.74110176244625,482.10959164059926,136.77832439433692,41288000,27434400,9556700,36875400,15637300
2026-01-29,258.0385437011719,338.0120544433594,304.8598327636719,432.5128173828125,139.57965087890625,259.4072580677027,342.0492210013424,305.2677184721844,441.49232224197124,141.3975359167848,254.17216647920577,326.3103005061971,300.6812055104527,420.06122635013605,138.18892661057401,257.75880668092503,340.06060015063264,300.86028172816947,438.98802836564175,139.39092163787078,67253000,39785600,11580000,128855300,35760600
2026-01-30,259.2374267578125,337.7622375488281,304.33251953125,429.31011962890625,140.4637451171875,261.6551472598355,339.76083067041884,306.36211063628633,438.5989157576861,141.2683946138898,251.94423313215475,332.0562627255977,301.0194578342246,425.47886802078926,136.9173909644709,254.93144331105526,339.76083067041884,303.6957636347891,438.1699022937122,137.82136923864124,92443400,31024000,11953200,58566800,29657700
2026-02-02,269.7575988769531,343.4482421875,306.5710754394531,422.4058837890625,137.48361206054688,270.2371306501278,344.5874244246442,307.72514241386267,429.7590957240154,139.39091258721533,258.9676766447768,335.3939142353609,299.83552643648,421.28843915961005,137.14586692556136,259.7869174093499,335.983495554882,302.9097896135357,429.2602343395754,138.9041515460256,73913400,32006100,9839400,42219900,27735600
2026-02-03,269.22808837890625,339.47100830078125,313.24688720703125,410.2735595703125,142.7783203125,271.6258386480508,348.7544814019383,314.6397527673971,421.0888704228976,144.04984387155233,267.3598109321867,337.2325938809106,307.5261644294422,407.6296003977664,137.39420942637852,268.9483513556569,347.09564553860224,308.15296152215484,421.0489834358989,137.7220262255062,64394700,36506700,12688000,61424100,37577800
2026-02-04,276.23150634765625,332.80572509765625,315.654541015625,413.2467956542969,146.61276245117188,278.68922850453845,343.0684894885568,317.68416242077944,418.84400576689177,146.86110713253416,272.03545112075,328.2888852617291,312.809117891095,408.3080557741746,143.16573706124296,272.03545112075,342.7187296036167,312.809117891095,410.0640575889883,143.16573706124296,90545700,70618400,9848800,45012400,29426200
2026-02-05,275.6520690917969,331.0169677734375,308.5807800292969,392.7735290527344,145.11277770996094,279.2387093202658,332.45595718246585,314.4009999973286,407.37018733348754,145.75846787035985,272.97458180817284,306.24439883874277,303.98430827226673,391.4265972483441,142.84787524629766,277.86999494352693,312.0003564748562,313.3961328396234,406.51216038211834,145.60946711265478,52977400,88205800,9388000,66289200,18431700
2026-02-06,277.8599853515625,322.63287353515625,320.7584533691406,400.22650146484375,148.0631103515625,280.6473855638201,330.147603202773,322.59903993155126,400.87501513504304,148.57967156189628,276.67109542368036,319.694969697787,313.10760555212,392.0252195920243,145.12270249015177,276.8609202349588,326.94984200428365,313.10760555212,398.2609865133262,145.64919203150373,50453400,56380500,17797400,53515300,17216000
2026-02-09,274.6199951171875,324.09185791015625,320.4599914550781,412.65814208984375,150.20880126953125,278.20001220703125,327.4694850607409,324.73808529326595,413.94521298339265,150.54654639275728,271.70001220703125,317.03682684844796,318.4801031561584,399.9571203178888,147.64588238117187,277.9100036621094,320.70422803551696,319.70385137937853,403.9280678877113,148.27170066061862,44623400,39640100,11477500,45480500,21297300
2026-02-10,273.67999267578125,318.3558654785156,316.659423828125,412.328857421875,150.58628845214844,275.3699951171875,321.4437184993816,324.4694603347238,422.7151545880433,150.77503284913647,272.94000244140625,314.38865715458337,313.51550984428656,411.76017861216997,148.82801889209236,274.8900146484375,320.7441987510988,320.9076714905845,418.66440278178237,150.34788724143306,34376900,39170000,9902200,44857900,15800300
2026-02-11,275.5,310.7412414550781,309.2374267578125,403.4491271972656,154.52999877929688,280.17999267578125,320.8341425405983,323.6237932822943,415.51159110220135,155.89092284145423,274.45001220703125,309.44216816023624,307.15807190859783,400.096793508188,152.55318473124476,274.70001220703125,318.7456164455411,321.5941717066872,415.2322299614449,152.95053017548196,51931300,45406400,8703500,42491000,23091500
2026-02-12,261.7300109863281,308.7826232910156,301.09906005859375,400.9248962402344,149.92999267578125,275.7200012207031,316.0175203045161,312.0231336727285,405.2749831551046,155.25,260.17999267578125,306.9839017615506,298.492374829366,397.1036315998776,149.8800048828125,275.5899963378906,311.87044586439265,310.68996020493864,404.07770370563327,153.88999938964844,81077200,47761300,13443400,40802400,30652500
2026-02-13,255.77999877929688,305.50494384765625,301.0094909667969,400.4060974121094,148.4499969482422,262.2300109863281,308.41290048065196,302.740652037527,404.61648859375555,151.66000366210938,255.4499969482422,303.4963480144474,295.0101951931391,397.1435245648219,147.97999572753906,262.010009765625,307.5135396808651,297.0000117729552,403.528974460687,150.5500030517578,56290700,38499700,9114500,34091600,20166000
2026-02-17,263.8800048828125,301.8075256347656,305.5661926269531,395.95623779296875,146.19000244140625,266.2900085449219,304.22583664461854,306.6705262718474,399.60790672873594,149.1300048828125,255.5399932861328,296.04159566157676,300.95976231603305,393.6315571718042,145.14999389648438,258.04998779296875,299.82893803190484,301.21844819128046,398.31087932693146,148.1999969482422,58469100,39247600,8896800,32078800,19766600
2026-02-18,264.3500061035156,303.1166076660156,307.2077941894531,398.69000244140625,150.67999267578125,266.82000732421875,305.1651838815364,310.6899733588093,401.6432531481791,150.97999572753906,262.45001220703125,301.0380842700908,305.6557396172298,395.41747315874426,147.61000061035156,263.6000061035156,301.87748970860525,306.8894162356143,397.2233488345012,148.14999389648438,34203300,28482100,7209600,23223400,19849700
2026-02-19,260.5799865722656,302.636962890625,306.48150634765625,398.4599914550781,150.97000122070312,264.4800109863281,305.25511494304027,307.6057576457843,404.42999267578125,153.3800048828125,260.04998779296875,299.828942056139,303.5664321569553,396.6700134277344,150.83999633789062,262.6000061035156,301.6076886754516,305.6060125002564,400.69000244140625,152.1999969482422,30845300,25834400,6737700,28234000,20305000
2026-02-20,264.5799865722656,314.7584228515625,309.20758056640625,397.2300109863281,147.27999877929688,264.75,316.2773425544253,309.4165028225248,400.1199951171875,150.80999755859375,258.1600036621094,303.68620054308417,304.12358301143166,395.1600036621094,146.4600067138672,258.9700012207031,304.1059184917761,306.829734990155,396.1099853515625,150.49000549316406,42070500,53210800,7792700,34015200,25908600
2026-02-23,266.17999267578125,311.2708740234375,296.1543884277344,384.4700012207031,150.75999450683594,269.42999267578125,319.29522413676915,309.4165036660153,395.3599853515625,151.27000427246094,263.3800048828125,309.65201848441603,293.5974666249826,383.1000061035156,148.1300048828125,263.489990234375,318.82555353627805,307.22769310292153,395.0,148.14999389648438,37308200,31423000,12955400,43238300,16073100
2026-02-24,272.1400146484375,310.6813049316406,295.7862243652344,389.0,149.25999450683594,274.8900146484375,312.05033638585,298.22376183621185,389.3599853515625,150.72000122070312,267.7099914550781,305.71479964031533,289.89638425356503,381.7099914550781,148.02999877929688,267.8599853515625,310.3015673465962,295.3086878147805,384.1400146484375,150.4199981689453,47014600,25615600,13554100,33884700,14185500
2026-02-25,274.2300109863281,312.67987060546875,301.75567626953125,400.6000061035156,149.05999755859375,274.94000244140625,313.4193707572093,302.113859047087,401.4700012207031,150.17999267578125,271.04998779296875,309.22231323387047,295.4977249020647,390.1600036621094,147.3300018310547,271.7799987792969,311.84046520002283,297.1194302945208,390.5299987792969,149.91000366210938,33714300,29963600,8095500,43625500,15225700
2026-02-26,272.95001220703125,307.1637878417969,304.5712890625,401.7200012207031,148.5399932861328,276.1099853515625,312.9197459051382,307.4366298839601,407.489990234375,150.9600067138672,270.79998779296875,302.1373272609355,302.0939770599508,398.739990234375,146.77000427246094,274.95001220703125,312.42009761480955,303.02916294815697,404.7099914550781,147.80999755859375,32345100,36431200,7007800,34405900,15632100
2026-02-27,264.17999267578125,311.54071044921875,298.7709655761719,392.739990234375,152.5,272.80999755859375,312.1502667227519,301.4074969953331,396.82000732421875,153.64999389648438,262.8900146484375,303.5862877430576,292.9507760142178,389.8800048828125,149.25,272.80999755859375,303.92607541564644,298.4725052158334,390.8800048828125,151.0,72366500,44640600,18620800,51367200,30275100
2026-03-02,264.7200012207031,306.3043518066406,296.044921875,398.54998779296875,154.22000122070312,266.5299987792969,308.27296712894787,298.45261340621465,401.19000244140625,159.61000061035156,260.20001220703125,301.088022863519,291.7170645432447,390.6300048828125,153.02999877929688,262.4100036621094,303.0166882830762,293.3089239524434,392.8599853515625,159.35000610351562,41827900,34790200,8508900,35474900,31493100
2026-03-03,263.75,303.3664245605469,298.7311706542969,403.92999267578125,151.8300018310547,265.55999755859375,303.72618716624237,300.8503301542204,406.70001220703125,156.0500030517578,260.1300048828125,296.5012623376298,288.0259478174434,392.6700134277344,150.3000030517578,263.4800109863281,298.37994467731505,290.80175042735664,393.1400146484375,155.42999267578125,38568900,35497000,10278200,38199200,25198900
2026-03-04,262.5199890136719,302.9167785644531,297.8656311035156,405.20001220703125,149.82000732421875,266.1499938964844,305.2551289128473,299.4674190034017,411.0299987792969,151.16000366210938,261.4200134277344,300.5384478137644,294.31380094003714,400.30999755859375,147.86000061035156,264.6499938964844,302.6769571429086,298.4625518350298,401.2699890136719,150.72000122070312,39803100,29536200,8055700,35808000,16764800
2026-03-05,260.2900085449219,300.6683349609375,292.0553283691406,410.67999267578125,150.75999450683594,261.55999755859375,303.08661540637286,299.7061758621692,411.6099853515625,152.3300018310547,257.25,297.78035344585857,290.9410358965662,404.3999938964844,149.47000122070312,260.7900085449219,302.82681905445145,296.46279534996694,404.4200134277344,151.0,49658600,35752300,12732500,39001300,22969300
2026-03-06,257.4599914550781,298.30999755859375,288.0060729980469,408.9599914550781,151.2100067138672,258.7699890136719,300.31859339921897,288.51345559776433,413.04998779296875,153.8000030517578,254.3699951171875,294.97235071392555,282.2654325280704,408.510009765625,149.9600067138672,258.6300048828125,295.88171424137005,284.88204628210366,409.20001220703125,153.14999389648438,41120000,25576900,13496500,31123900,21136400
2026-03-09,259.8800048828125,306.3599853515625,288.44384765625,409.4100036621094,150.44000244140625,261.1499938964844,306.79998779296875,289.61783224456605,410.2099914550781,153.88999938964844,253.67999267578125,294.0799865722656,279.02206418875625,403.5,149.47000122070312,255.69000244140625,294.3599853515625,284.04633930656934,404.9200134277344,152.02000427246094,38218500,29312100,12241100,30131900,25532700
2026-03-10,260.8299865722656,307.0400085449219,287.2598876953125,405.760009765625,148.1300048828125,262.4800109863281,309.510009765625,291.25940817695187,410.20001220703125,150.39999389648438,256.95001220703125,305.57000732421875,285.7177615952499,402.92999267578125,147.6999969482422,257.6499938964844,306.1700134277344,287.81703392074905,410.0299987792969,149.25,30590800,23239700,8344900,31706400,19617600
2026-03-11,260.80999755859375,308.70001220703125,286.0560302734375,404.8800048828125,151.5800018310547,262.1300048828125,311.4200134277344,289.00098077209634,409.010009765625,151.80999755859375,259.54998779296875,305.9200134277344,283.40957048917664,401.5899963378906,147.66000366210938,261.0899963378906,306.75,287.339470512306,405.57000732421875,147.99000549316406,26218900,24125700,10205000,25512100,15297400
2026-03-12,255.75999450683594,303.54998779296875,281.44964599609375,401.8599853515625,153.52999877929688,258.95001220703125,308.94000244140625,282.4345955757058,406.1199951171875,155.0,254.17999267578125,301.0299987792969,277.6789347371047,401.7099914550781,151.6300048828125,258.6600036621094,306.82000732421875,281.38992356011664,404.6300048828125,152.27000427246094,40794000,24928300,13760500,27263900,26054000
2026-03-13,250.1199951171875,302.2799987792969,281.996826171875,395.54998779296875,156.1199951171875,256.3299865722656,307.69000244140625,285.72773249785536,404.79998779296875,156.88999938964844,249.52000427246094,300.44000244140625,281.50933079451545,394.25,152.97999572753906,255.47999572753906,307.010009765625,283.2205743771862,401.0,154.3000030517578,36930000,23693100,9091200,26848000,22414100
2026-03-16,252.82000732421875,305.55999755859375,284.7029724121094,399.95001220703125,157.22999572753906,253.88999938964844,306.489990234375,287.7971227560318,400.6300048828125,157.77999877929688,249.8800048828125,303.0199890136719,283.16084627757465,394.7900085449219,154.75999450683594,252.11000061035156,304.3500061035156,284.88204862524725,398.07000732421875,156.0,32074200,23519700,8149000,27733700,22835600
2026-03-17,254.22999572753906,310.9200134277344,285.42926025390625,399.4100036621094,158.80999755859375,255.1300048828125,311.4200134277344,290.2744588762506,404.3999938964844,160.4499969482422,252.17999267578125,305.5,284.4940440114858,397.75,156.8000030517578,252.9600067138672,305.8599853515625,287.5285022187445,400.2699890136719,158.25,32361600,21955200,8961200,26228300,21592200
2026-03-18,249.94000244140625,307.69000244140625,286.27490234375,391.7900085449219,157.58999633789062,254.94000244140625,312.4700012207031,287.93641255144826,398.0,160.17999267578125,249.0,306.92999267578125,283.6682474755719,391.0,157.52999877929688,252.6300048828125,309.2699890136719,285.36953215418885,397.1300048828125,159.66000366210938,35757900,20009800,10057000,25908500,18947100
2026-03-19,248.9600067138672,307.1300048828125,286.5037536621094,389.0199890136719,158.16000366210938,251.8300018310547,308.05999755859375,288.0359209952396,392.489990234375,159.55999755859375,247.3000030517578,302.3500061035156,283.1708046765218,387.05999755859375,154.83999633789062,249.39999389648438,304.010009765625,285.4193072233837,390.1000061035156,158.25999450683594,34864100,25075800,9846700,25138800,27082700
2026-03-20,247.99000549316406,301.0,285.1009216308594,381.8699951171875,159.6699981689453,249.1999969482422,306.0,289.2297850267638,387.0,162.44000244140625,246.0,298.2699890136719,283.81748141518966,380.1199951171875,159.10000610351562,247.97999572753906,305.4599914550781,286.61317132501995,386.7900085449219,159.35000610351562,88331100,44364100,22436500,50853200,53942100
2026-03-23,251.49000549316406,302.05999755859375,288.4338684082031,383.0,161.1300048828125,254.60000610351562,305.9800109863281,294.24412922690453,387.2099914550781,161.4199981689453,250.27999877929688,300.92999267578125,286.5037438804951,381.67999267578125,155.02000427246094,253.97000122070312,302.1099853515625,292.8114588483544,383.8999938964844,156.1199951171875,40546100,29326900,11470800,29680100,25021300
2026-03-24,251.63999938964844,290.44000244140625,290.91119384765625,372.739990234375,165.3800048828125,254.8300018310547,299.9200134277344,293.9755285514211,382.4700012207031,167.47999572753906,249.5500030517578,290.3299865722656,283.9169894005904,371.8500061035156,161.25,250.35000610351562,299.20001220703125,284.71293429347423,382.3599853515625,161.7100067138672,45152300,36864300,11092300,42733600,26131800
2026-03-25,252.6199951171875,290.92999267578125,293.91583251953125,371.0400085449219,163.25999450683594,255.0,296.0,296.1245302289603,377.05999755859375,165.0,251.60000610351562,289.239990234375,290.950994762599,369.6300048828125,162.92999267578125,254.10000610351562,293.44000244140625,292.6522795072885,376.9200134277344,163.8699951171875,28476700,29460700,12188200,31181200,17192300
2026-03-26,252.88999938964844,280.9200134277344,290.1749572753906,365.9700012207031,165.42999267578125,257.0,287.95001220703125,293.48798854194115,374.7200012207031,165.67999267578125,250.77000427246094,278.5,289.24969984697105,365.19000244140625,162.05999755859375,252.1199951171875,287.9100036621094,291.0902559049482,370.82000732421875,164.08999633789062,41796700,39080600,8669200,36836600,18625200
2026-03-27,248.8000030517578,274.3399963378906,281.3998718261719,356.7699890136719,170.99000549316406,255.49000549316406,279.3699951171875,288.63284454259417,362.45001220703125,171.22999572753906,248.07000732421875,273.95001220703125,280.31542537678433,356.510009765625,164.8000030517578,253.89999389648438,277.2799987792969,287.66781259849654,361.8999938964844,165.5800018310547,47900000,35890600,9873300,37883400,30338300
2026-03-30,246.6300048828125,273.5,282.32513427734375,358.9599914550781,171.47000122070312,250.8699951171875,277.0899963378906,285.787426299191,365.3599853515625,176.41000366210938,245.50999450683594,272.1099853515625,280.89246381052374,356.2799987792969,171.0500030517578,250.07000732421875,276.4200134277344,283.2901966006573,361.8999938964844,172.50999450683594,39446200,35141200,11734400,44797000,29813500
2026-03-31,253.7899932861328,287.55999755859375,292.6622314453125,370.1700134277344,169.66000366210938,255.47999572753906,288.0799865722656,293.56760164880984,372.8999938964844,174.3800048828125,247.10000610351562,277.0899963378906,283.4991344325332,363.07000732421875,165.97000122070312,247.91000366210938,278.0400085449219,287.0012007453536,364.54998779296875,172.6699981689453,49598100,43875400,12956900,45244400,32006700
2026-04-01,255.6300048828125,297.3900146484375,293.87603759765625,369.3699951171875,160.77999877929688,256.17999267578125,300.5199890136719,297.19902789200404,373.989990234375,168.0,253.3300018310547,290.4100036621094,291.41861272257177,368.20001220703125,159.52999877929688,254.0800018310547,290.8399963378906,293.8859963972044,373.489990234375,165.77000427246094,40059400,37684500,11267200,29417200,37927600
2026-04-02,255.9199981689453,295.7699890136719,293.1000061035156,373.4599914550781,160.69000244140625,256.1300048828125,298.0799865722656,294.1148016905453,373.6400146484375,166.89999389648438,250.64999389648438,289.45001220703125,287.2499401451481,364.1499938964844,159.58999633789062,254.1999969482422,290.69000244140625,290.4237002119346,367.2099914550781,164.49000549316406,31289400,21666500,6669300,24099100,25377700
2026-04-06,258.8599853515625,299.989990234375,295.45001220703125,372.8800048828125,163.3699951171875,262.1600036621094,300.6199951171875,296.8299865722656,373.7300109863281,163.75,256.4599914550781,295.17999267578125,293.20001220703125,369.5,159.52999877929688,256.510009765625,295.8699951171875,294.05999755859375,373.489990234375,160.57000732421875,29329900,16945500,7142600,16146600,16344300
2026-04-07,253.5,305.4599914550781,297.3999938964844,372.2900085449219,163.91000366210938,256.20001220703125,305.6300048828125,298.17999267578125,372.45001220703125,166.24000549316406,245.6999969482422,297.7200012207031,292.70001220703125,366.55999755859375,161.77000427246094,256.1600036621094,302.7300109863281,293.1400146484375,370.3399963378906,164.22000122070312,62148000,23205400,7849100,21443300,25227500
2026-04-08,258.8999938964844,317.32000732421875,307.9700012207031,374.3299865722656,156.22000122070312,259.75,322.0799865722656,311.260009765625,385.0,156.35000610351562,256.5299987792969,315.0199890136719,305.3299865722656,371.4100036621094,150.97999572753906,258.45001220703125,320.45001220703125,307.9700012207031,384.9800109863281,153.52000427246094,41032800,33547100,10590200,33064800,31311200
2026-04-09,260.489990234375,318.489990234375,310.3299865722656,373.07000732421875,155.0399932861328,261.1199951171875,319.5400085449219,311.260009765625,373.5,159.22999572753906,256.07000732421875,311.05999755859375,306.1099853515625,367.04998779296875,154.30999755859375,259.0,315.9100036621094,306.95001220703125,372.5,156.86000061035156,28121600,23739200,6586600,30435300,25868400
2026-04-10,260.4800109863281,317.239990234375,309.8699951171875,370.8699951171875,152.50999450683594,262.19000244140625,321.8299865722656,310.3500061035156,375.6400146484375,155.1199951171875,259.0199890136719,316.32000732421875,306.7200012207031,370.0299987792969,151.9199981689453,259.9800109863281,320.0199890136719,310.0,372.9800109863281,154.0399932861328,31291500,19152600,6069700,28111100,21065000
2026-04-13,259.20001220703125,321.30999755859375,313.67999267578125,384.3699951171875,152.63999938964844,260.17999267578125,321.6300048828125,313.739990234375,384.5400085449219,154.6199951171875,256.6600036621094,315.4700012207031,305.4599914550781,371.0199890136719,151.27999877929688,259.7300109863281,317.1400146484375,307.4700012207031,373.6099853515625,154.27000427246094,36234700,18866400,8318200,35745800,18685600
2026-04-14,258.8299865722656,332.9100036621094,311.1199951171875,393.1099853515625,149.24000549316406,261.92999267578125,333.2900085449219,314.32000732421875,394.69000244140625,150.11000061035156,257.19000244140625,323.75,308.8699951171875,386.5199890136719,146.72000122070312,259.25,324.7900085449219,309.82000732421875,387.9200134277344,150.07000732421875,48370700,27721400,11455500,37504500,18528200
2026-04-15,266.42999267578125,337.1199951171875,305.92999267578125,411.2200012207031,149.00999450683594,266.55999755859375,337.4800109863281,314.239990234375,414.3699951171875,150.22999572753906,257.80999755859375,330.8999938964844,304.260009765625,396.7300109863281,146.89999389648438,258.1600036621094,332.8900146484375,313.95001220703125,398.0,148.60000610351562,49735000,24877900,9855000,44793300,15619000
