Price,Close,High,Low,Open,Volume
Ticker,GS,GS,GS,GS,GS
Date,,,,,
2020-04-16,153.64422607421875,154.85922455657385,149.60872708772425,153.80044602927475,4662200
2020-04-17,159.24191284179688,160.79535960360636,154.72907908595943,159.24191284179688,5426700
2020-04-20,156.5602264404297,161.69791310414604,154.49475123494386,155.95273373293386,4674800
2020-04-21,150.84109497070312,155.51880868824637,150.71092269118856,152.25569553905157,3819000
2020-04-22,152.72433471679688,154.63360326127093,151.41388516524907,154.04347124887008,2314500
2020-04-23,151.917236328125,155.40599912991112,151.39652071865913,153.60954219536706,2013300
2020-04-24,153.6094970703125,154.43395217448094,150.56334740412817,153.6094970703125,2024400
2020-04-27,159.28530883789062,159.9014886506413,155.10227542379843,155.4320629215256,2743100
2020-04-28,162.29673767089844,165.25611142664675,160.43953789677107,164.162624426222,3344700
2020-04-29,164.91763305664062,168.12000359034104,164.5184292336386,167.15668898461286,3086300
2020-04-30,159.1811065673828,162.76533268197065,158.72982068614616,161.42016201669583,2695400
2020-05-01,153.6962890625,155.86591475089023,153.30574584471432,155.34519928873885,2650200
2020-05-04,152.7677001953125,153.01069724051675,149.0272672041193,151.8738153699513,2990100
2020-05-05,154.73773193359375,158.46949137357194,154.5988726887698,155.432014915367,3272600
2020-05-06,153.54013061523438,157.25453022187892,152.05611346578294,155.93539356720575,2408700
2020-05-07,158.22647094726562,159.1463901342518,155.50140832886925,155.50140832886925,2480100
2020-05-08,160.89080810546875,161.34209408578042,158.59100951393944,160.5783813871527,2277500
2020-05-11,158.9554901123047,160.42215947785184,157.30656632733078,158.41741383354525,2212200
2020-05-12,153.79176330566406,159.94481898719502,153.39254632593497,159.58899717257597,3549200
2020-05-13,149.09671020507812,153.5053920874518,148.19413831987097,152.4466134773128,3445300
2020-05-14,151.39649963378906,151.68289185487487,143.50774267583446,146.70142579155595,4176700
2020-05-15,149.15748596191406,151.0841154511782,148.03796445767404,150.55472602859032,2867800
2020-05-18,157.84461975097656,158.90339819614806,152.08209418099392,154.22568552143585,4505800
2020-05-19,154.3298797607422,158.11370905289718,154.2344156613531,156.69910828259034,2210500
2020-05-20,157.4627685546875,159.5369303474244,156.4734196920922,157.03751711882768,2599900
2020-05-21,156.29989624023438,157.22848948363722,154.19968616340932,156.38667335364966,2153500
2020-05-22,156.15231323242188,156.76849283167684,154.52943725193802,156.2391035677578,2176400
2020-05-26,170.1507568359375,171.05332871820744,160.74326115115528,161.09908301324913,5971200
2020-05-27,181.9535369873047,182.86478265065352,173.57877180991002,176.1736495433353,8182100
2020-05-28,174.62884521484375,183.38545190413222,174.6201714787506,182.97756118788612,4886100
2020-05-29,171.58985900878906,175.45846197787859,169.98302241851889,172.23607416698806,3822600
2020-06-01,174.59393310546875,176.20076986529872,170.39348083343546,172.30595596854818,2230800
2020-06-02,178.27044677734375,180.33137733705803,175.80781697957858,177.94733913041685,4128700
2020-06-03,183.8855743408203,185.07321587935203,180.27020204216637,182.06916023610628,3471900
2020-06-04,187.59701538085938,187.7454705899974,181.60634600121196,182.33115280902584,3522300
2020-06-05,190.30416870117188,194.72293998012358,190.0771219000246,193.8671338410494,4737600
2020-06-08,192.8279266357422,194.09417321990557,190.5836159300387,192.13804497682534,3260300
2020-06-09,190.46136474609375,192.13805186821037,187.893933009841,188.40043432669782,2478400
2020-06-10,186.4617462158203,191.9895804765469,185.83298693236455,189.8413173705524,3091200
2020-06-11,169.5289306640625,180.680646151766,169.43286985235773,178.75944324279354,4923400
2020-06-12,176.20945739746094,177.22245976199625,171.345321777007,175.19645503292563,3380800
2020-06-15,180.16537475585938,180.7592087232803,170.4196219282987,170.9261230600307,3467400
2020-06-16,183.02976989746094,187.7367233077963,177.9123760234589,187.7367233077963,3099100
2020-06-17,180.06063842773438,184.0776968614893,179.4056819447731,183.38781522915787,1798300
2020-06-18,178.0084686279297,180.99506913666957,176.98673792692338,178.13946794352097,2051700
2020-06-19,176.07847595214844,181.13473329930252,175.50211114466555,180.811625751981,4962400
2020-06-22,177.6416778564453,178.65468050471782,174.65507762802116,175.51962505932482,1806900
2020-06-23,178.82931518554688,181.2133530277457,177.833781874784,180.331349770224,2451800
2020-06-24,172.9259796142578,176.93431006587966,172.3670839521044,176.6985220025126,2756700
2020-06-25,180.8553466796875,181.10859069104748,172.56795806126104,172.78627691851557,3466500
2020-06-26,165.21495056152344,174.86464496578384,164.62111644850643,173.78177883329585,9530700
2020-06-29,168.95257568359375,169.32807767170533,164.75212356477064,167.12743347949004,3736000
2020-06-30,172.57664489746094,173.2665397840694,169.08354401371435,169.2756656283302,3102800
2020-07-01,172.5330352783203,174.42804138631794,170.7428179592048,173.677023974036,2620100
2020-07-02,172.384521484375,177.2748680006487,172.14874677127005,176.83823039473577,2699400
2020-07-06,181.08241271972656,181.45791479801113,175.6419099503605,175.8252903478535,3567700
2020-07-07,174.09619140625,179.64149575338047,173.94773618118577,179.45810204881542,2853500
2020-07-08,176.6199493408203,177.4932247392916,173.79927353479303,174.25336714790805,2789700
2020-07-09,171.88677978515625,176.8382491626969,170.28868437889332,176.49767232694407,3160100
2020-07-10,179.51052856445312,180.17422654247338,171.88683637711858,171.9217615377432,4414800
2020-07-13,182.4097442626953,185.99016490604768,180.76798247664576,182.51453303197567,4449600
2020-07-14,186.88967895507812,187.14293630401446,180.77675065142472,184.63662663843073,5202000
2020-07-15,189.4133758544922,196.6965007767853,187.48344522334747,195.9367423305919,12516700
2020-07-16,187.4660186767578,192.52229043936657,186.44428811141512,186.45301606791185,5769600
2020-07-17,184.61911010742188,187.90262000684135,184.4793828797559,187.66683197579525,3614300
2020-07-20,184.881103515625,186.15607788045529,183.60611582567228,184.0252842021116,2268700
2020-07-21,185.15184020996094,186.71499719615298,183.7283971502385,185.35268980592434,3393500
2020-07-22,179.89468383789062,184.26105965919865,179.3270603111692,183.82442207706785,4978400
2020-07-23,177.29238891601562,179.9122153151632,176.4453106476145,179.10880348510642,4088600
2020-07-24,175.9387664794922,178.9602913960934,175.80778052144873,177.2748765520272,3191500
2020-07-27,177.29238891601562,178.30537832992349,174.29704713725798,174.74242615319378,2601200
2020-07-28,176.0697784423828,177.79887329467485,175.6069435554397,176.32303576550254,2139600
2020-07-29,176.9081268310547,178.05211543876212,174.32322586144025,176.1396402380376,2635000
2020-07-30,174.24465942382812,174.64637201682584,171.4239832902709,174.21846222484206,3057900
2020-07-31,172.87359619140625,174.51534480771753,171.607336258847,174.51534480771753,2399700
2020-08-03,174.1223602294922,174.55026992033083,171.62479235719871,173.3364177954298,2294600
2020-08-04,176.08724975585938,176.15711338633196,173.32769631525443,174.08745496844077,1944700
2020-08-05,178.60227966308594,178.8555236534455,177.28362534653866,177.4233526016247,2232400
2020-08-06,178.36647033691406,180.1479459890977,177.99969632985045,179.0214267763397,1882400
2020-08-07,181.87705993652344,182.33989480362393,176.79459102970398,177.69406356955017,3075000
2020-08-10,182.8463592529297,183.9466811694498,181.6761603987138,183.02973957645557,2432800
2020-08-11,184.31349182128906,189.45708306022092,183.850656955359,185.76313208916864,4042700
2020-08-12,185.24786376953125,188.58376794833111,182.75029628142477,187.49217399942304,2439400
2020-08-13,181.9818572998047,185.30903439108238,181.37056719414505,183.74587731195814,2219900
2020-08-14,181.6151123046875,182.93375355260213,180.42745705569166,181.1697465832367,2287600
2020-08-17,177.33602905273438,181.51028409692736,176.8644529087591,180.76799473054453,3922600
2020-08-18,175.79905700683594,177.7813957646712,175.6156766470429,177.66786570614508,3067900
2020-08-19,177.29238891601562,179.98207895148894,176.20079458303746,176.7509490657727,2458500
2020-08-20,176.27061462402344,177.51939183604168,174.95196046783533,175.3187344739901,1764200
2020-08-21,176.77711486816406,177.58053988065882,174.4978790978187,174.75112307503804,1780900
2020-08-24,181.0648956298828,181.1434872080397,175.80778797238477,177.37094488015114,3097400
2020-08-25,179.89468383789062,183.81569412246898,179.16986385253892,183.37905654033818,2627600
2020-08-26,180.96011352539062,181.0125079127587,179.04763843571206,179.7986557466104,2563200
2020-08-27,183.51878356933594,186.00762329559356,180.2527427494072,180.48851746653875,3692400
2020-08-28,181.38800048828125,185.13434529174435,180.84656079474112,185.03828448523905,3697400
2020-08-31,179.99110412597656,181.34409795118447,178.9016951509682,180.5446028186344,3046200
2020-09-01,180.5094757080078,181.60767894592186,178.3569866370553,178.87534875375965,2457000
2020-09-02,184.53326416015625,185.31518425976623,180.4303788369623,180.79937348338274,3565200
2020-09-03,182.3544464111328,189.09301977075904,180.83453690593083,186.03562575518362,3533500
2020-09-04,185.323974609375,187.44131343707943,180.38645768348147,185.28004380351976,3668900
2020-09-08,177.89129638671875,184.46295225111007,176.828243477283,184.06758847894582,4574700
2020-09-09,177.6629180908203,179.9559668587698,177.49598906312352,179.39368736883355,4681400
2020-09-10,175.72129821777344,180.4128326212427,175.31716693496074,178.98955211421216,2510300
2020-09-11,176.52081298828125,177.39059487215943,174.79004342708498,175.92339679751436,2376400
2020-09-14,176.88975524902344,178.61174349879258,176.30112003357854,178.61174349879258,2756900
2020-09-15,173.95538330078125,177.98798215081632,173.93780829631865,177.4696334684738,3717600
2020-09-16,176.3099365234375,179.05106095744932,174.01690100193173,174.38589568605224,3571400
2020-09-17,171.1703338623047,175.61585797720969,170.8891874268989,174.13987940872894,4274800
2020-09-18,171.1966552734375,172.7692759374424,169.01782445994448,171.32843425993613,9066300
2020-09-21,170.44110107421875,170.59045506955712,164.70408982701946,166.83898996754752,4871300
2020-09-22,168.3501434326172,172.3212497209744,165.54752688817615,170.44112649076192,3355800
2020-09-23,163.51805114746094,169.4922789359375,163.29841051851548,168.6840030301142,3116100
2020-09-24,171.4163360595703,173.48096337094404,164.33512420051034,166.03074345154462,5114600
2020-09-25,171.2757568359375,171.6623264811862,166.58423629943718,169.52742603919893,3106000
2020-09-28,174.89544677734375,177.35541110147628,173.20859494679556,173.76209362262543,3280100
2020-09-29,172.89231872558594,174.63188223088397,171.69747311852294,174.09595853788218,2400000
2020-09-30,176.56472778320312,178.41849541581604,174.2716788481303,174.5528119106879,3075800
2020-10-01,174.43858337402344,178.46240114778266,173.84115391561835,177.05669581513504,2288700
2020-10-02,175.6246795654297,176.3275324113837,171.5745049545756,171.6184357710358,2541200
2020-10-05,177.29391479492188,178.20761389437942,175.35228577559982,177.40811880372917,2551600
2020-10-06,176.6701202392578,181.06293249885923,175.62462877654482,179.4463808047177,2833100
2020-10-07,178.87533569335938,180.10531786769673,176.74042178371639,179.13889372657434,2326600
2020-10-08,182.7234344482422,182.88158267743876,179.32340168722223,180.23710083593386,2330600
2020-10-09,182.33688354492188,184.3312244819168,181.04540880356606,183.40873103311813,3040900
2020-10-12,188.11778259277344,188.79427941523522,182.22263621443116,182.22263621443116,3474200
2020-10-13,185.20977783203125,188.10903706612527,183.77771651754392,188.02117544462496,3317300
2020-10-14,185.5787811279297,188.40775387732705,184.73536850789432,187.9069801477689,7550100
2020-10-15,183.26817321777344,185.13950253678541,181.77460599574792,184.12916085675838,4325700
2020-10-16,181.1683807373047,184.4981267452503,180.8169476905004,183.0221481660723,3244500
2020-10-19,180.71151733398438,182.66192709777852,179.74509325073524,182.20507085789714,3235300
2020-10-20,182.76736450195312,185.71055437936394,181.396809081645,181.598874712639,3335500
2020-10-21,178.26910400390625,182.69705270573942,177.47838978178697,182.20505989506893,3083600
2020-10-22,180.45669555664062,181.30890208135068,177.64529880770914,178.52386112961256,2136900
2020-10-23,180.1404571533203,182.92551219990986,179.24433301544147,181.65158579332834,2110200
2020-10-26,176.7140655517578,178.18126335823004,174.40344182364274,177.90013032154926,3249700
2020-10-27,171.91709899902344,176.23084397684048,171.67989678249953,175.712495333,3430400
2020-10-28,166.7248077392578,169.88762466467864,165.99559926273196,168.07778807740235,4214600
2020-10-29,166.8741455078125,168.9914841232485,164.20330828684965,166.7511473072286,3581200
2020-10-30,166.0834503173828,167.27829586236254,162.99091994691761,166.49637576786992,3658800
2020-11-02,167.10260009765625,169.2990065484819,165.37183074194155,168.68401542341095,2459600
2020-11-03,173.8938446044922,174.83391278136597,169.75582332178814,170.3883893048177,4545500
2020-11-04,173.84115600585938,176.43292608195395,171.23182433210022,172.41788905864522,3868500
2020-11-05,178.31307983398438,179.33220231095274,174.8866774844912,175.40502622621335,2892800
2020-11-06,176.8194580078125,179.56936251962006,176.08146883337017,179.52543171989893,2475100
2020-11-09,188.8294219970703,191.52661516839973,183.94461689274908,188.44286577778522,6960500
2020-11-10,191.06097412109375,191.86046915562926,185.5348088887538,189.11056443977364,4166500
2020-11-11,191.57058715820312,193.21349501222204,188.91732422035167,192.088935900643,2680700
2020-11-12,188.46043395996094,190.52506116344074,186.60666657911304,189.08421922328876,3005500
2020-11-13,192.47544860839844,194.1271501794271,189.2511262692719,189.63769586298486,2832100
2020-11-16,195.37472534179688,197.32513508741178,193.31009818582635,196.38506681466794,3004700
2020-11-17,197.36907958984375,197.54480283169116,191.816571017136,193.30134393245885,2722900
2020-11-18,197.06163024902344,200.0663132871486,196.36755815961274,197.67662150142266,2856200
2020-11-19,197.2987823486328,197.6238461760149,195.1375127516882,197.06156672567315,1505200
2020-11-20,196.22694396972656,197.509637740145,195.5943778836188,195.91944172577413,1848100
2020-11-23,201.04144287109375,202.06935930757118,198.31789397028086,198.6078211814615,3371300
2020-11-24,208.6586151123047,209.20331962821513,202.6228944092283,203.03581989896728,3915200
2020-11-25,207.815185546875,208.61468070734384,204.2042928281761,206.46220508022088,2272800
2020-11-27,206.8136444091797,208.48292150349306,205.39915799303208,208.2193500248328,1050400
2020-11-30,202.57894897460938,206.4621937331496,202.38566414631006,203.87043696106375,2705400
2020-12-01,205.00814819335938,207.47269211161722,204.36330559119156,204.90215036255634,2577600
2020-12-02,209.9284210205078,210.35243932903026,204.56648589477956,205.00816152367088,2136300
2020-12-03,208.00271606445312,210.98844754740816,207.26953292306422,209.61040830067265,2142600
2020-12-04,211.63331604003906,211.7834841506479,209.31009769836962,209.97261120457603,2373000
2020-12-07,210.63511657714844,211.87181649496853,207.98506265465412,210.71461495989416,1788600
2020-12-08,210.97959899902344,211.28877731295404,208.98323012403114,209.36306467310098,1371800
2020-12-09,214.4954071044922,216.7391138729558,211.58917326488103,212.00434952768262,3552300
2020-12-10,215.89105224609375,216.5800651815212,211.57146492989642,212.00431191912492,2541700
2020-12-11,211.99549865722656,213.06434625928878,209.44261375492152,212.71983976655116,2077300
2020-12-14,210.05210876464844,215.09605083610836,209.69877362094275,214.90171246340873,1927800
2020-12-15,214.15084838867188,215.19320992778867,209.52209622045115,211.56263555920447,2348000
2020-12-16,215.33453369140625,215.449360185984,212.99364483827662,215.14902400190357,2400900
2020-12-17,215.91754150390625,217.24256839078856,214.65435567493628,216.42105819077938,2983600
2020-12-18,213.88584899902344,216.76556930945844,212.4989810243677,216.76556930945844,4088100
2020-12-21,227.00360107421875,230.42216590488158,219.74243965324962,221.09396591090095,7408500
2020-12-22,220.91732788085938,227.63964542877952,220.6611619293461,226.8976065988553,3599800
2020-12-23,226.53541564941406,230.18363329385113,221.98614909041575,222.16281662655172,3376100
2020-12-24,226.27926635742188,227.56895167370942,224.1503865448648,227.05661979444173,968100
2020-12-28,229.30911254882812,232.01216480223383,227.02123639749382,227.73674864352847,2793400
2020-12-29,227.91348266601562,230.43101236144946,226.5796135465349,229.90102313572206,1430900
2020-12-30,229.18548583984375,230.24549113395327,227.75443421252493,228.62012811679335,1566500
2020-12-31,232.948486328125,233.1428246278244,227.90455963021085,228.61122965217243,2043100
2021-01-04,234.0880584716797,236.36709261350862,229.81264207263496,235.85476079976783,3572000
2021-01-05,239.32632446289062,241.59654342489398,231.94152166939796,233.09870953795848,4207100
2021-01-06,252.24093627929688,254.7408353895926,241.24322949499603,244.06112211258193,6383500
2021-01-07,257.62939453125,261.37482227678714,253.23913760649322,254.20198726344097,4009700
2021-01-08,256.2425231933594,258.1859067602413,251.80810954605397,257.938569484251,2800800
2021-01-11,259.5550231933594,260.5885557674673,251.04837535636221,253.3450664850745,2649700
2021-01-12,266.9575500488281,268.5210988756753,261.4896041394365,262.4789800962316,4814400
2021-01-13,267.6024475097656,268.291460451973,264.2103817206105,265.07604874984344,2413800
2021-01-14,271.95733642578125,273.31770485593785,268.1324374956191,268.58292828761216,3192200
2021-01-15,265.8976135253906,269.2984948490014,262.2493679303584,266.0566103075227,3863700
2021-01-19,259.8819885253906,270.83554031944476,259.5286264048204,269.42217271039857,6727800
2021-01-20,256.5870361328125,262.7528375017311,253.94582454786328,261.31297066520676,4792600
2021-01-21,255.61532592773438,258.592215082762,254.87331417354036,256.5693602957971,2516000
2021-01-22,255.633056640625,256.6930620715668,252.19680699612726,253.24799724495477,2568800
2021-01-25,250.02374267578125,252.9476331254099,245.1299692549211,252.2232786382944,4575000
2021-01-26,248.89306640625,252.4352867238246,247.40901576124662,250.80992359619404,3296800
2021-01-27,241.44635009765625,245.0150961754922,239.67083267529455,243.80490945267877,3891800
2021-01-28,242.93922424316406,247.18814112984967,239.6796563339891,242.5770470357293,3778700
2021-01-29,239.53836059570312,245.041621406749,239.05250125329053,242.27672779329913,3412000
2021-02-01,242.68312072753906,244.51163749374766,240.27156189054128,240.85457700358722,2324100
2021-02-02,253.49537658691406,254.62606540877144,245.5717126925879,245.85439163748924,5195500
2021-02-03,254.89102172851562,256.00405305804213,251.91413198677586,253.17731794974216,2712800
2021-02-04,259.48443603515625,261.32179481869684,255.74785045146308,256.17186876662237,2994700
2021-02-05,259.2635498046875,262.56727431711994,258.1063620115819,260.5885764646774,2938100
2021-02-08,265.13787841796875,265.79157668932635,260.14694913177664,260.58862476697493,2826200
2021-02-09,265.4117431640625,267.1696307089255,262.9737117317469,264.6520739310695,2071700
2021-02-10,268.7861022949219,269.5811129840757,263.0178200321403,265.0053602338945,3213700
2021-02-11,267.05474853515625,269.4309654845634,264.2721975708373,268.5211148020657,2159900
2021-02-12,270.588134765625,270.92381252085966,266.56887079865464,266.76320913285696,1977300
2021-02-16,275.5702209472656,276.4182574723506,273.14984738988016,273.8388602179254,2792200
2021-02-17,276.2592468261719,278.23797185377646,272.7435262883035,273.8653726122468,2333100
2021-02-18,273.7505798339844,277.81400146314996,271.7011982181973,273.14990738176044,2093300
2021-02-19,278.8032531738281,279.8279436233973,274.04200504795784,274.04200504795784,2749500
2021-02-22,279.9075012207031,283.1670694309729,275.79108123509366,276.48893625816174,3162300
2021-02-23,281.974609375,282.6724645700765,274.3512820328862,280.8881043422668,2942500
2021-02-24,292.0712585449219,292.36275258434426,282.76072919455635,282.82257024943794,3934400
2021-02-25,289.5271911621094,296.63815737258193,288.22866385019177,294.4474367430695,4244000
2021-02-26,282.21307373046875,290.33988924806215,281.8243970146554,287.76933381482735,3732200
2021-03-01,292.5799865722656,293.5732217293062,286.71808588263303,288.2168154882623,2957800
2021-03-02,293.4845886230469,298.1403995824482,292.21644089509147,292.6509745909396,2850300
2021-03-03,296.57952880859375,301.6078155877826,295.53308656523893,295.91441308489107,3606300
2021-03-04,292.0212707519531,301.30628694407704,287.25904670214885,295.42665986542414,3647600
2021-03-05,290.318603515625,297.59939677604666,280.6433825889175,297.59939677604666,3740200
2021-03-08,296.3667297363281,299.3819159024709,291.8528138261865,293.8570110018128,2998000
2021-03-09,293.1741943359375,298.31777313192225,288.7223620029522,291.4271556259998,3324800
2021-03-10,303.310546875,303.6475432276209,294.00780207380507,294.4866930519311,3153100
2021-03-11,303.3814697265625,305.95324521564936,298.3797862924951,300.33080331932194,2756600
2021-03-12,309.3320617675781,310.38738102816444,304.7472118948816,306.14837730695365,2436700
2021-03-15,306.8843688964844,312.5334408968828,303.2927549917694,309.89070480931207,2276200
2021-03-16,303.03564453125,307.6382484184034,299.5238403904993,306.2016025000796,2332600
2021-03-17,305.9089050292969,307.7534807425325,301.8738533696748,305.6162389529888,2710900
2021-03-18,308.6136779785156,316.4620484777635,307.71798019528643,311.05243549127687,3713000
2021-03-19,305.24383544921875,307.9397521251008,302.0778776061642,307.2125793866878,3513000
2021-03-22,300.9249572753906,304.07318805575716,297.9718552607143,302.45916734449065,2094500
2021-03-23,294.2205810546875,303.19523193073877,293.8303776660058,299.4084890992542,2457500
2021-03-24,291.4537353515625,298.80548950152564,291.2675105071655,295.68388911970953,3332200
2021-03-25,293.13873291015625,293.8836865241822,285.4854887900675,290.30092134632855,2804700
2021-03-26,290.3363342285156,297.4841091768927,286.1682647885113,296.6504952888918,3082600
2021-03-29,288.86419677734375,290.66444221701005,281.7607523322967,284.09309575282975,4533200
2021-03-30,294.4335021972656,297.75020467761544,291.63114408207554,292.1277617669311,2717300
2021-03-31,289.9903869628906,295.0009188172621,288.60694874980874,292.8548277452138,2624500
2021-04-01,290.5580749511719,292.349443810268,287.4719278147136,287.5960686942391,2659000
2021-04-05,286.92205810546875,295.1783589953716,286.4874974361497,295.1783589953716,3235000
2021-04-06,290.0436706542969,291.35617546163394,287.33000059157786,287.7645342160619,1801700
2021-04-07,289.5914306640625,291.9415283215446,286.75361927166074,290.6112966197094,2157300
2021-04-08,293.6619873046875,293.9723530760475,286.4166461397375,287.58725662756507,2402800
2021-04-09,293.3693542480469,296.9964501441173,291.57798495176644,296.19831638096815,2347100
2021-04-12,294.2826843261719,296.6239048118771,292.5977297991973,295.01876092914745,2318800
2021-04-13,290.593505859375,292.69526735036277,287.4896322838096,292.21640348451757,3575900
2021-04-14,297.3954162597656,305.48321913675676,289.23665254988686,291.365017454838,9876800
2021-04-15,300.2332763671875,302.71639171669295,296.67714211459446,300.54366916882975,4354800
2021-04-16,303.5677185058594,304.8358661415202,300.295346590321,301.7763496861909,4231900
2021-04-19,304.2594299316406,305.4477668876257,298.50396999386925,301.5191561425688,3228200
2021-04-20,294.31817626953125,301.93596588967614,292.07452008135647,301.49255536186587,3662300
2021-04-21,297.3244323730469,297.50180737788463,290.48705083548055,292.65089598909606,2733300
2021-04-22,293.40472412109375,298.832064141813,292.9081065416572,296.7480294440196,2165200
2021-04-23,300.9427185058594,302.1133287473599,293.2894487741942,293.7594628321805,2163800
2021-04-26,304.6407470703125,306.75138542825135,302.3084305209868,303.23958176660466,2171500
2021-04-27,307.3988037109375,308.2146639712521,304.76494394864477,305.06645987646823,2088600
2021-04-28,308.71124267578125,310.4937615308778,306.9198740140283,308.61370535715855,2140900
2021-04-29,313.0212097167969,313.7838627868987,308.1525710830481,310.8750909869883,2584400
2021-04-30,309.0127868652344,312.8881902873679,307.90426062029326,311.3805837687963,2101100
2021-05-03,310.52923583984375,313.98783222946446,309.7311023751049,310.68885712006585,1871700
2021-05-04,310.2454528808594,311.9658877720224,303.7982740059572,309.41183898251734,2831400
2021-05-05,317.14495849609375,318.4929438932569,309.101484597337,312.1610282278641,2786800
2021-05-06,324.54986572265625,324.8425047295745,316.15167020302107,319.05156498063087,3048700
2021-05-07,328.9131164550781,329.5870821404397,320.0803581234938,321.29529879519,3378100
2021-05-10,326.95318603515625,334.31381716430434,326.7935647376116,331.2276700936171,3396300
2021-05-11,319.1846618652344,326.9088660598322,318.03177819833644,321.9160589422004,3734300
2021-05-12,314.2894592285156,326.465525262408,313.2873468423386,321.9782117077341,3309800
2021-05-13,318.20025634765625,320.0448592731578,313.2695335125213,313.2695335125213,2673900
2021-05-14,327.032958984375,327.68922490468043,320.7631553021104,321.0291907673503,2732300
2021-05-17,327.4586486816406,328.7445499352258,323.2462490032715,326.15502075126335,1826100
2021-05-18,323.2994689941406,330.8551743441587,322.8028513878651,329.34759484783274,2018600
2021-05-19,317.8189392089844,319.25558501135447,313.8725746243637,319.25558501135447,3696000
2021-05-20,319.06048583984375,320.9848994839625,313.35823281287685,318.35103980405364,1919600
2021-05-21,324.8070373535156,325.58744408977344,319.7078170865314,320.57688426348767,2657500
2021-05-24,326.6072692871094,327.87541664951743,324.1419083246577,325.747051951454,1834300
2021-05-25,323.2551574707031,331.46710219048606,322.8826807126317,328.043985844638,2631000
2021-05-26,325.81805419921875,327.0507484713638,320.9494152077855,323.6896890537831,2121200
2021-05-27,329.3387145996094,331.2719779087569,325.72934658874937,329.30323418134503,3897000
2021-05-28,331.0293884277344,331.96371166154717,327.6836982289849,331.01160188086465,2169700
2021-06-01,340.30126953125,341.11988513180086,334.84669252430245,336.08354993072084,3644000
2021-06-02,341.1910705566406,342.2855540809199,337.56951269287606,341.0931766699013,2809700
2021-06-03,345.8892822265625,348.14051565694166,338.24576592096633,340.1321715268139,3003900
2021-06-04,348.31854248046875,348.8524104459833,343.7537812900824,346.74355051709927,2514100
2021-06-07,345.3909606933594,349.9290274468022,344.84815884594366,349.6976666113436,2188700
2021-06-08,342.312255859375,343.8961273910456,340.10550221147247,343.28215212519837,2452600
2021-06-09,340.60382080078125,341.9296381590612,337.1335432876445,340.94195527860575,2025900
2021-06-10,332.73779296875,346.70791485259036,331.3229888053976,346.70791485259036,3900800
2021-06-11,336.3949890136719,337.01787118877377,333.77892732629886,334.30394275804616,2117300
2021-06-14,331.8302001953125,337.0178156135067,329.8548075562084,335.8432519567356,2560500
2021-06-15,330.3887939453125,333.53875137101807,326.70496844324964,332.34640074208755,2302900
2021-06-16,330.121826171875,332.86244825225555,325.0053827743325,330.11291931983277,3264200
2021-06-17,321.66851806640625,332.36409774331446,317.26391753792393,332.36409774331446,4146300
2021-06-18,310.3945617675781,318.89232246040905,309.7717067433352,317.23725026820506,6290100
2021-06-21,318.14483642578125,318.52745080803584,312.36103213158924,314.00719724632694,2717300
2021-06-22,318.135986328125,320.2270598385203,313.784799211208,317.6643848262091,1870800
2021-06-23,321.26806640625,322.54052396553425,318.2516041885762,319.25710064614424,1713100
2021-06-24,328.1196594238281,330.01497190306753,322.80745666505675,323.00321727688026,2716600
2021-06-25,328.1374816894531,330.2552484056209,324.3735768708326,328.181988788594,2782400
2021-06-28,328.0840759277344,328.226449757695,323.7684625524737,327.2743400445385,1833400
2021-06-29,331.5633239746094,336.4306199078593,329.8993719457442,333.55650366843247,2365900
2021-06-30,337.71185302734375,338.22793434023276,330.0327368837357,330.0327368837357,2238400
2021-07-01,333.6721496582031,339.58944878432885,332.9247073502263,338.7530194302761,2571000
2021-07-02,332.93359375,335.10474719672106,331.38532243251433,334.8466929254627,1598900
2021-07-06,329.1073913574219,332.4620156542808,325.14772574500876,332.10609462187784,2162900
2021-07-07,327.15869140625,329.31203112174956,322.27358264185204,327.00741072382357,2012800
2021-07-08,319.3905944824219,322.90537895457743,316.40970510357295,320.05795656029704,2940500
2021-07-09,330.79803466796875,331.1450488186336,324.73838933415055,325.6726853563569,2641800
2021-07-12,338.57501220703125,341.68936842969777,326.8561227009552,329.50778434635106,4135900
2021-07-13,334.5530700683594,342.8728289543001,331.0204990333272,339.07332394887567,6466800
2021-07-14,333.1471252441406,339.7050652184485,330.468797386559,337.01783051071544,3295700
2021-07-15,332.21282958984375,337.0178308561932,329.73914204296193,330.3353035930387,2183900
2021-07-16,324.60491943359375,333.61876134389945,323.7417966851481,333.61876134389945,2583300
2021-07-19,315.6355895996094,316.05380428132634,310.5458400743668,314.9949208777245,4394600
2021-07-20,324.56927490234375,326.8382947148651,312.80590694660555,313.4554552114696,2937900
2021-07-21,332.3463439941406,333.5920812179979,327.39006134293663,327.4879552435798,2398800
2021-07-22,331.6434020996094,332.5154317877108,327.85280339529135,331.27857418382314,1887100
2021-07-23,332.835693359375,336.35047773208004,330.4598996361804,333.3162016452583,1706900
2021-07-26,334.48187255859375,335.17592804284175,331.9992779916544,332.0615716369795,1559100
2021-07-27,333.5386657714844,333.8056268961895,328.53790360271284,331.4564993429407,1791800
2021-07-28,332.99591064453125,335.8522129088196,331.31414507118996,334.40180822621113,1668900
2021-07-29,335.9500732421875,337.6941324305333,333.5119857049528,335.4873786245837,1296600
2021-07-30,333.57421875,338.08559228341034,331.95474715005344,335.07800992780346,1474900
2021-08-02,336.51959228515625,344.29657721670213,334.3484385754967,334.7221733293057,2383200
2021-08-03,338.45037841796875,339.2957144242635,330.80686274036435,338.3525116988333,1494600
2021-08-04,336.2258605957031,340.48808683746483,334.35726872044836,336.7775693257146,1460500
2021-08-05,341.9563903808594,341.9652972333975,338.0857112321174,338.2636581976127,1583800
2021-08-06,354.0489501953125,354.9120457657431,345.8181510580176,346.0316982379152,3655800
2021-08-09,355.8197326660156,360.0196665262396,350.213873899192,352.89222954850896,3319100
2021-08-10,363.018310546875,365.385224860619,355.48156636404417,356.0332480546471,3152300
2021-08-11,368.2859802246094,368.9889153567926,362.20852135906864,363.7567926059417,3000500
2021-08-12,369.2736511230469,372.49478079526716,365.3228657916413,368.72196953123415,2312800
2021-08-13,365.5186462402344,370.95543657966505,363.20511901398794,370.1634872384177,1980000
2021-08-16,363.3564453125,363.9259135514365,357.8395740923,363.9259135514365,1590700
2021-08-17,360.34881591796875,363.35639858741854,356.10440302852703,359.34331941137424,2077400
2021-08-18,354.8586730957031,361.3632270409807,354.6718193058551,358.2399907905273,2187800
2021-08-19,350.20489501953125,353.9065328950255,347.83798116455046,351.121404427416,2241500
2021-08-20,352.2514343261719,352.76754278185484,347.9180350123822,348.35403613647173,1612100
2021-08-23,357.2166748046875,359.57468197661575,355.0366145550561,357.60819605078484,1857600
2021-08-24,363.54327392578125,364.52207709447146,358.3289644667192,359.1208866975005,1958400
2021-08-25,367.6008605957031,370.76860406424777,363.88143543337213,364.73565137358855,1845300
2021-08-26,366.9691162109375,374.37239379277463,365.8568459187758,370.05677962817987,2076500
2021-08-27,373.4468994140625,373.58927324036773,367.0491198555714,367.2982672628479,2174500
2021-08-30,368.0279846191406,374.3990718501507,367.2449420207432,373.67832290277016,2089400
2021-08-31,369.73577880859375,370.9428457788035,365.48861451301536,368.4839611866265,1958100
2021-09-01,369.8699035644531,372.0605298836293,366.87452952906597,369.4228336274396,1680400
2021-09-02,370.6210021972656,373.37494118440003,368.95791501977874,371.16641445859676,1830400
2021-09-03,367.76861572265625,371.1752859624943,367.133784145114,370.17385381567294,1373600
2021-09-07,366.8834533691406,370.82661320547487,366.27544484724757,367.4914618910337,1557000
2021-09-08,362.1266174316406,367.4735832357963,361.8583864075948,365.89988846277794,1646200
2021-09-09,361.7510070800781,365.5958239418367,360.7942983940309,361.8315036610039,2424600
2021-09-10,360.7675476074219,366.4095677388722,360.4814163135999,364.80904980647415,1956000
2021-09-13,365.9356994628906,366.0340417528636,361.05367602553855,364.28153521193366,1802800
2021-09-14,360.955322265625,372.8652717496767,360.1416517185887,366.86557364246113,3263200
2021-09-15,359.3995056152344,360.883753679324,354.2671245782347,355.86764246989884,3199800
2021-09-16,354.6873779296875,363.0028946438415,353.0868872954416,361.69743085750827,2882900
2021-09-17,350.01995849609375,356.90484587144584,347.6683664559856,354.3654921136772,3843700
2021-09-20,338.1011047363281,340.5420890551447,333.0670930314391,337.8239235666968,3834500
2021-09-21,336.0534973144531,341.11433182913436,334.4798025432502,340.53314641971815,2377300
2021-09-22,344.6640319824219,348.0796521925502,339.51377856765157,340.48838756828394,2991300
2021-09-23,350.3775634765625,352.0585504484088,347.0871359882977,349.0632043365733,2518000
2021-09-24,349.4745178222656,350.9408927855973,347.46270343613037,349.13474036002395,1789700
2021-09-27,357.4860534667969,358.5500820778669,353.3461815696564,354.59797191003787,2788500
2021-09-28,348.2674560546875,361.4202450216868,347.2749739631685,358.0582978906581,2609000
2021-09-29,344.1454772949219,350.8515257281854,343.6179108056286,349.32252703877504,1955000
2021-09-30,338.01171875,346.9441679744549,336.7509781664157,346.9262949990583,2665700
2021-10-01,339.77313232421875,342.2051937312819,336.0624575207059,339.27241620691007,2382300
2021-10-04,334.5423889160156,345.9158478624455,333.35319503022055,339.96087372999125,2895600
2021-10-05,344.9681091308594,347.122989542402,335.7495290384871,338.0742982122622,2508100
2021-10-06,346.9709777832031,348.31218763514744,338.5750182992635,341.90121982356476,2111800
2021-10-07,349.26885986328125,355.73349998810704,348.4999127868541,351.3164475023167,2348000
2021-10-08,351.22698974609375,352.56819920586713,347.08711884767706,349.45658343588144,1446700
2021-10-11,344.4584655761719,354.92886403639,344.2617536957096,351.3075808670138,1787400
2021-10-12,345.61187744140625,347.4538033617714,340.68515810310856,345.33469626901035,2088200
2021-10-13,345.4151916503906,347.26606784083737,338.54820358706405,346.9262903040035,2391600
2021-10-14,349.7874755859375,351.987051695816,341.740217963135,350.5027764598393,3380900
2021-10-15,363.08331298828125,364.15626425154466,354.38332392085994,359.7213389987041,6451400
2021-10-18,369.8966369628906,371.9084511915518,364.4513297250849,364.81793025896707,3832300
2021-10-19,368.5286560058594,371.82803398602994,366.32012965174766,371.2289483255221,2568300
2021-10-20,364.710693359375,370.4689285237701,363.19959492585355,367.49145501857737,2453400
2021-10-21,364.44244384765625,368.97573925766443,361.78684750616446,363.73606575359435,2162100
2021-10-22,370.46002197265625,371.3899077518853,365.792610955245,366.58838121698733,2411000
2021-10-25,370.8445739746094,375.0827889453402,369.5212369192686,372.1500107658451,1824700
2021-10-26,373.4017028808594,375.3688213245733,369.9592865348312,372.29297827821017,1843300
2021-10-27,367.4825439453125,373.80411950420694,367.08912021151815,372.45395954109523,2067200
2021-10-28,370.90704345703125,370.996462886007,365.7567899621901,368.38556290960037,1444700
2021-10-29,369.59271240234375,371.9264043127602,367.65241692184725,370.19177082104824,2061700
2021-11-01,372.5880432128906,374.403145806473,369.50325017324053,372.9188705531181,1820800
2021-11-02,378.98114013671875,381.04660078520834,369.09195664183517,371.15741729032476,3000800
2021-11-03,373.6610412597656,379.11529985182284,368.88633769173015,378.3284524107414,3542400
2021-11-04,364.87164306640625,371.9532151633984,360.3651707311501,370.75507107847756,3802300
2021-11-05,363.9864196777344,370.57625295919746,363.11018013282836,367.8491101827731,2105600
2021-11-08,365.113037109375,369.86091719226863,364.7732596246212,366.49897015050334,1728400
2021-11-09,362.4395751953125,364.43348949559055,357.7095679893636,363.1191028915549,2246900
2021-11-10,356.8690490722656,362.6183610581859,355.19701212246423,359.7392300006039,2243900
2021-11-11,359.74822998046875,361.01792059493835,356.32368630406927,357.78113864981833,1252400
2021-11-12,362.0461120605469,362.2160007878467,356.9405819735819,360.3383019456228,1360100
2021-11-15,361.95672607421875,364.21889865061,361.15200572091,363.02075460688707,1436500
2021-11-16,360.4187927246094,362.87767706556895,356.7617643792199,361.1519938769707,1311000
2021-11-17,350.1004638671875,360.0254221277512,350.02894468208626,359.310121128803,2927000
2021-11-18,349.9394836425781,352.21955646881685,344.85182607783685,350.77102709459166,1847400
2021-11-19,346.380859375,348.9291361899062,340.7030657096978,341.9012098681091,2610400
2021-11-22,354.2223815917969,359.88227380288555,348.87541644150133,351.53996253143725,3058700
2021-11-23,363.3248291015625,363.87919151241573,355.42958523866264,357.87952000416976,2402300
2021-11-24,356.9316711425781,364.344097770571,356.1358736179275,362.12662122960484,2186300
2021-11-26,348.1690673828125,350.24345072786844,342.2051436374596,343.7788382254823,2687900
2021-11-29,345.6208190917969,354.41020165417905,341.963790444994,352.2910946134115,2883400
2021-11-30,340.65838623046875,345.88016050026994,337.3232615297545,342.9295094465732,4570400
2021-12-01,338.4021911621094,350.69856643164286,338.1594818591847,344.99980795816884,2476000
2021-12-02,348.34356689453125,349.7367863416613,337.9976986787495,339.7684506962841,3343700
2021-12-03,344.0200500488281,350.4468814639513,340.6942633372926,350.4468814639513,2807500
2021-12-06,349.925537109375,353.79064438931266,344.70317240337795,349.3592794031533,1990200
2021-12-07,359.6422119140625,361.1163528186372,353.30527133108103,353.77266781178537,2441000
2021-12-08,357.1343688964844,361.0803423766487,355.1748644816242,360.6489079695467,1635200
2021-12-09,356.38836669921875,359.71415383056996,353.2513595866561,355.6782882966672,2111500
2021-12-10,351.5075988769531,358.5186841260016,349.3503439873216,357.7456789915355,1893800
2021-12-13,345.73687744140625,351.62438846620216,343.95712809229485,351.62438846620216,2313300
2021-12-14,349.4941101074219,352.8019022508224,344.4964598776593,344.7661064101724,2788500
2021-12-15,350.47381591796875,351.81310590339433,342.10544798716046,350.10528075177604,2802300
2021-12-16,357.1794128417969,359.3995945278074,352.1727642019008,355.1659784946729,3578200
2021-12-17,343.18408203125,353.85355290971256,342.1324331997892,349.8446252107541,7058600
2021-12-20,334.0247802734375,337.63820885057964,329.56644997756774,337.53932015553687,3735600
2021-12-21,341.85382080078125,343.4447902355902,336.8561704735715,338.3572485854633,2942800
2021-12-22,343.6604919433594,345.1705947796092,340.9099876584096,341.94369667879505,1487900
2021-12-23,346.096435546875,348.4064807174477,344.7751126416072,344.97286258086433,1624000
2021-12-27,348.7929992675781,349.75475684751007,346.0604622228584,347.8491815483825,1430400
2021-12-28,348.4064636230469,351.75021770307416,347.1750321016757,349.59296320037447,1528200
2021-12-29,347.13909912109375,350.0693586331359,345.53913238585056,348.730068495095,1327800
2021-12-30,346.5278015136719,350.35694620286324,346.2401877387695,348.5322651639762,1160100
2021-12-31,343.8583068847656,347.85823816682966,342.321266536332,346.06052117371945,1601300
2022-01-03,355.3456726074219,358.91414148643304,348.163802902626,349.65591111065135,3334300
2022-01-04,366.2668151855469,368.783607626498,360.6039910469364,361.5478087855283,3916400
2022-01-05,358.3119201660156,370.92290213164705,357.6467737431794,368.3521529024757,3469600
2022-01-06,356.7838439941406,360.62198676591606,347.34583116803896,360.4422041206458,2960900
2022-01-07,357.3051452636719,360.0376545438756,354.6265378520369,357.44896587278413,2360700
2022-01-10,358.7973327636719,363.4713801565968,354.3479725480104,360.72987290839,3009400
2022-01-11,362.28485107421875,362.5455276793282,356.22655450491953,359.76805863827315,1748800
2022-01-12,350.8334045410156,363.24663630676673,349.2604024099221,362.45563656046,4158000
2022-01-13,351.2738342285156,356.7299110278401,350.3300439279779,354.1951238828221,2497800
2022-01-14,342.4111633300781,345.5122361650169,337.071941580957,343.48080715250717,4685300
2022-01-18,318.5553894042969,325.0002157554313,312.11059048414194,323.62496359594803,13123500
2022-01-19,312.19146728515625,323.3283072134188,311.3555356604469,322.09687574736733,7426100
2022-01-20,312.89263916015625,321.05426200508697,311.13088423812854,313.61171496437635,4599900
2022-01-21,309.1264343261719,313.6926235000471,306.2590734768127,310.5915780905072,4904100
2022-01-24,308.65899658203125,309.27021370552467,293.23458327428466,303.20291955586293,6569800
2022-01-25,307.00506591796875,308.245494860018,297.4412271060622,303.68827633152597,3959300
2022-01-26,308.020751953125,315.03186306732397,304.18263693347404,311.54428851634503,3745900
2022-01-27,306.5376892089844,313.4948446775298,303.5624700009072,310.70840549001264,2573400
2022-01-28,311.9128723144531,312.03869823043834,299.7243542082042,303.5714671881857,3714600
2022-01-31,318.8070983886719,319.2834922548791,308.7039385078332,309.7466175686038,3312400
2022-02-01,327.2383117675781,327.66977357565725,318.24073247172896,320.1103728757633,3303700
2022-02-02,326.3395080566406,331.2562642937289,321.6384690441185,326.7350079223317,2742400
2022-02-03,322.5823059082031,328.76645606859466,321.9351267651161,326.12381018690434,2372900
2022-02-04,330.4203796386719,333.43156100465853,324.5058755343306,325.53958472143347,3762300
2022-02-07,330.91473388671875,333.8989505332216,326.6002242860032,328.52376711073634,2635600
2022-02-08,332.6675109863281,334.95958901427383,329.20690053883607,333.5483746933746,3422300
2022-02-09,336.6494445800781,338.2224468227164,333.38658411067706,335.2741922880394,2250400
2022-02-10,333.0899353027344,339.229125578552,331.5259031678121,334.1146195267382,2406200
2022-02-11,326.3395080566406,336.98198755392,324.28111476897277,331.2742315854495,3142100
2022-02-14,323.8047180175781,327.4451107351091,321.0542137052993,326.33950510724037,2585600
2022-02-15,327.1304931640625,328.88327782824564,324.8114233797285,327.26531642338927,1846400
2022-02-16,323.63397216796875,326.3035828470075,320.4700003165455,324.80250460512383,2165300
2022-02-17,313.75555419921875,324.45196514883503,312.65894570267744,322.4924601499124,3102400
2022-02-18,311.04095458984375,314.6004260149383,308.64099069889846,310.61849006338446,2910900
2022-02-22,309.4499206542969,313.7015300629667,306.69044666718804,307.8229894120588,2590800
2022-02-23,306.6815185546875,313.93531287230934,305.45008685989825,312.4162398883915,2217300
2022-02-24,305.7825927734375,306.51066576743915,293.8817182236056,295.337864211609,4564000
2022-02-25,314.7082824707031,315.229635677301,305.7826256001328,305.7826256001328,2980500
2022-02-28,306.7713928222656,309.0634707833637,303.4096437334117,305.83657240008864,4245700
2022-03-01,296.7442626953125,305.749656390802,295.67733673719914,305.06248841653826,5631500
2022-03-02,304.1402587890625,305.60498834202764,296.02092105892024,299.81839053100947,3469900
2022-03-03,301.4640197753906,308.7695957267704,298.48933570993483,306.3916585542215,2393700
2022-03-04,298.0733642578125,298.9684705996795,292.9467834074064,295.6592536241416,3293100
2022-03-07,291.0390319824219,296.37355133435153,290.09870122845894,295.4965181756699,3689900
2022-03-08,290.56884765625,298.8780503196281,288.01911902249367,291.590549189167,3596400
2022-03-09,301.6176452636719,305.1257778492189,298.3988494587765,299.8907025695423,3202100
2022-03-10,298.2813415527344,300.0354080624167,293.63398965677294,296.22891542107317,2232600
2022-03-11,295.6593017578125,304.34823618883934,295.39708853489077,302.32293359361114,2613500
2022-03-14,293.8329162597656,299.83650366554934,291.9522544752947,297.6574822479394,2342200
2022-03-15,297.6122741699219,300.0896551268525,293.7063099279502,295.722589651128,2140700
2022-03-16,308.1004638671875,308.6158122457731,302.2234449748763,302.95580973711964,3468500
2022-03-17,310.3699645996094,310.6683518626101,302.80217489656917,305.03544379850075,2403500
2022-03-18,312.27764892578125,313.53441240453617,304.97204725682343,306.39157991381563,5861900
2022-03-21,306.5091857910156,313.1095200526888,304.8364900255378,312.1692167535688,3401200
2022-03-22,310.13482666015625,313.0552354070495,307.5218003153831,309.40246187406365,2840200
2022-03-23,303.4440612792969,308.16376104816334,303.0100836590551,307.4133230180441,2196800
2022-03-24,304.004638671875,305.152907828712,302.25959514704397,304.1945038663528,1944100
2022-03-25,305.1439208984375,309.0679587589652,303.3265841879544,305.0896736887323,1580800
2022-03-28,303.16375732421875,306.05707005754925,299.7370229944364,305.74060966598574,2182600
2022-03-29,307.1059265136719,311.0299640277848,304.45675350044536,309.646605117066,2378700
2022-03-30,303.4259948730469,307.2867347005412,301.653855167783,306.50917305173874,2650200
2022-03-31,298.4621276855469,304.2487249597082,298.4621276855469,303.91419140058304,2632000
2022-04-01,298.5707092285156,302.13308982007317,296.1746988287828,301.92512378814155,2444800
2022-04-04,296.7533264160156,300.06254395875584,294.62855219685036,298.37177498201964,2569400
2022-04-05,292.91064453125,298.136670005042,292.4766669038507,295.9847722935964,2573900
2022-04-06,285.9486083984375,289.8907183883816,285.48747964915884,289.33014564602,3151300
2022-04-07,284.0408935546875,285.5598705722439,278.66117638600537,284.8094324624077,3562600
2022-04-08,290.5869445800781,292.65744362420446,283.00105637400407,283.52545513641275,3294200
2022-04-11,290.0173645019531,297.3771870261029,288.4531631940004,289.8817188982223,2747700
2022-04-12,289.13128662109375,295.76779482382574,287.5309388733243,290.8491791783512,2365200
2022-04-13,291.11138916015625,291.70813600675376,284.55625183863793,285.53272911954787,3022900
2022-04-14,290.81298828125,301.11131924355806,288.4531248320585,296.98836669979784,5460900
2022-04-18,298.2632751464844,300.7768301620752,289.91789723430014,289.91789723430014,3653400
2022-04-19,303.7514953613281,304.881691388729,298.79670604383915,298.79670604383915,2774800
2022-04-20,308.3716735839844,311.84363190729454,305.15287802614455,305.69537755005877,3040100
2022-04-21,302.2596130371094,314.05887606046286,301.40970342129043,311.3283048124452,3097800
2022-04-22,289.1221923828125,300.63211767873236,288.85095639641264,300.46032568978774,3125200
2022-04-25,290.6141357421875,291.28320304800695,282.76603253399253,286.0571770394743,3093600
2022-04-26,283.109619140625,290.77687999296745,282.82028229502407,287.4767126513304,2791700
2022-04-27,283.2090759277344,288.6430401376916,282.22354821713424,282.22354821713424,2469300
2022-04-28,287.89251708984375,288.75144933638256,282.2324877323954,286.72614730625156,2176000
2022-04-29,276.21087646484375,288.4983651539589,275.5056352020914,286.84377020419777,3129600
2022-05-02,280.6683349609375,281.52726727035275,273.24518858705017,276.5001582256562,2968100
2022-05-03,284.5019836425781,288.89617247147726,281.48210322425456,281.66291802969357,2606200
2022-05-04,293.0462341308594,293.6701045024429,282.25062780570806,285.55981726453194,2629400
2022-05-05,283.0643615722656,289.94498122512016,279.1041505752641,289.78223963165624,2622100
2022-05-06,282.9649353027344,283.64305297678703,276.7262582199859,282.3501152338362,2375600
2022-05-09,279.28497314453125,283.6972346127165,275.7497171764479,279.31209674151717,3234000
2022-05-10,275.8220520019531,284.9449901678286,271.834717480371,281.8437391819338,2798400
2022-05-11,272.6484069824219,281.1113269603974,272.15113189808113,275.82200542324637,2320600
2022-05-12,270.7136535644531,273.86012989133127,265.7317396117333,271.247102889013,3408300
2022-05-13,277.5670471191406,279.9540339709224,274.47484676158086,274.52909395433306,2152500
2022-05-16,274.3572692871094,277.09686256532814,271.7442435793398,276.6267110866092,1568800
2022-05-17,282.9739685058594,284.19458576351644,278.5978526930185,280.1710767715631,2096200
2022-05-18,277.33203125,282.87448937711383,275.6593356149591,279.38445729742995,2033200
2022-05-19,278.6611633300781,280.2795842894512,274.31217091539844,274.7009517541744,2108800
2022-05-20,277.395263671875,282.630338674762,270.7135600275645,281.42782240822737,2201100
2022-05-23,286.2650146484375,290.9847133157116,281.2560068327535,282.7478597394849,2653000
2022-05-24,283.86004638671875,285.53271443965775,277.06076940003084,285.12586042381173,1870900
2022-05-25,284.7189636230469,287.16019795856806,280.2705277311006,281.4187969047868,1929500
2022-05-26,292.6122741699219,294.3030429975064,287.503793688654,287.7931028987399,2440400
2022-05-27,297.0878601074219,297.1692585094439,292.21446879666473,295.433265132082,2106700
2022-05-31,297.3334655761719,299.94428270465556,293.5218458013159,294.7499381550305,2722900
2022-06-01,292.7850036621094,299.5349172315507,287.30862830999547,297.46992195711493,2330200
2022-06-02,294.96832275390625,295.8325432852979,290.4016681984527,291.6388388942746,1957500
2022-06-03,289.9012756347656,293.3763133581154,288.82784338357095,291.9026135282282,1238900
2022-06-06,291.5660705566406,295.8416162529641,290.9110896814102,293.831200026051,1099700
2022-06-07,292.4757080078125,292.7758947933711,288.06368683932067,289.5373865826475,2516800
2022-06-08,286.26251220703125,290.6927177146258,284.55228297974804,289.59199570578625,1438100
2022-06-09,276.74713134765625,285.77130874572305,276.5651814288202,285.2436706380944,2896500
2022-06-10,261.10040283203125,271.6801501530312,260.9457703743098,270.1700545448164,3866900
2022-06-13,257.7344665527344,260.55452302155095,253.1859973325957,253.80458248373785,4218100
2022-06-14,257.0249328613281,263.06528616995723,255.89689350096003,258.6532650209774,2487700
2022-06-15,263.87493896484375,267.88669274079746,258.5077500448682,261.2277261564257,2725800
2022-06-16,259.2445983886719,260.29074090516514,253.94106698018953,257.15228559402846,2777300
2022-06-17,254.52328491210938,260.4090060379026,253.03137346825497,256.65196548115335,5234400
2022-06-21,259.0899353027344,262.05554650494753,257.4252075660768,261.7826216591361,2506300
2022-06-22,258.8442687988281,260.1815197290298,255.6603406566004,256.7974578502531,2463100
2022-06-23,260.32708740234375,260.7091432524664,253.74088540125797,258.1347220092298,2547000
2022-06-24,275.40985107421875,275.75553922676335,263.8112528869478,264.72094686242,3984300
2022-06-27,273.6177673339844,276.8380919510992,271.88935424131154,275.69186859752347,2091700
2022-06-28,272.4442443847656,281.0681534106006,272.1622414685877,278.2753861964178,2276600
2022-06-29,275.8919677734375,279.6762977685035,272.82630374016793,275.9738368938971,2475900
2022-06-30,270.1973571777344,273.2084427129763,265.83994201444676,269.79708951489283,2669500
2022-07-01,272.2077331542969,273.2083742991678,265.37592264328225,268.60532509079815,1749400
2022-07-05,270.3610534667969,270.4975020071787,262.3193345059833,266.54032776616884,2480900
2022-07-06,267.2316589355469,270.4883505166672,264.35702320299214,269.51497149018803,1774500
2022-07-07,271.6346740722656,272.06223142588135,267.086203400465,270.7795593650342,2046500
2022-07-08,269.6969909667969,273.7178508061888,268.4234248734347,273.36305680786364,1438900
2022-07-11,266.7041015625,269.76068808273334,265.5215103726934,266.7223132114158,1519400
2022-07-12,266.11279296875,272.0712777490176,263.36552699768123,263.5474491463328,1772600
2022-07-13,263.94769287109375,264.89378234816706,259.99962447697925,264.2751971277044,1884100
2022-07-14,256.16070556640625,258.5713888829242,252.74935339350677,258.5713888829242,3171900
2022-07-15,267.3317565917969,269.6605708824041,259.39922423889846,260.627316623487,3457600
2022-07-18,274.054443359375,283.1422782000404,271.7347068327885,278.1480666586527,6767900
2022-07-19,289.3281555175781,290.31974637329824,276.09211938327337,276.17398850902276,5641100
2022-07-20,292.42108154296875,293.07606218591445,287.74524211050743,288.62764620223084,3489800
2022-07-21,297.0515441894531,297.61555013705856,290.96568792728687,291.56608941522063,2518800
2022-07-22,294.67718505859375,299.33481412277445,293.0943263055043,297.57000545619144,1830300
2022-07-25,294.8499755859375,297.7337173971659,293.46725088421084,296.53291481422605,4024500
2022-07-26,289.7829895019531,295.00465152375574,289.0643512876164,292.7122050589844,2054700
2022-07-27,295.2320251464844,296.91496418048234,289.62830816801954,291.3658266075179,2081900
2022-07-28,299.389404296875,300.1808614635035,292.821439713423,295.9234720851208,1820700
2022-07-29,303.2828369140625,304.9111688685127,299.744114617717,299.744114617717,2112200
2022-08-01,302.0912170410156,304.56558620609763,299.29847713705897,301.772846302141,1476500
2022-08-02,298.2704162597656,301.86369021726944,297.6700150029074,299.7441158167575,1862900
2022-08-03,303.082763671875,305.2114443108479,299.8533332991453,302.0820947146678,1770600
2022-08-04,301.90008544921875,304.1106347825512,300.7629681672594,303.1827570746672,1533400
2022-08-05,304.4472961425781,306.485001771644,299.8988262479439,301.01773207456336,1876400
2022-08-08,304.45635986328125,308.2406899687581,304.14706725641395,306.66690946514973,1460000
2022-08-09,306.22113037109375,307.63117245426326,304.35626913790617,305.79357316365747,1587900
2022-08-10,316.4915466308594,318.11990616896276,310.5239580264501,310.5330360857623,2459500
2022-08-11,319.921142578125,323.8965004604835,318.1927297286197,318.3928634961406,2360800
2022-08-12,321.867919921875,322.5410845608733,318.5293309115939,321.52223177914954,2369000
2022-08-15,323.71466064453125,326.2345033821172,317.52872392394863,319.30263857625914,2045700
2022-08-16,322.91412353515625,324.27866471789577,320.230514771104,321.11291917974205,1740900
2022-08-17,321.79522705078125,323.47816692345924,319.0934340854905,320.12139300410814,1576300
2022-08-18,322.5046691894531,323.0323071943078,319.17518620722484,320.8126518728223,1102200
2022-08-19,317.7288513183594,320.0849557282477,316.11870274032606,319.30263212044446,1812300
2022-08-22,311.4974060058594,313.4168468619669,309.9873107589984,311.51558989016297,1723900
2022-08-23,309.4596862792969,312.99840912792325,308.41354377212025,311.0698623644345,1538000
2022-08-24,311.0608215332031,313.22589806363203,307.9223655942768,308.4045023858852,1530800
2022-08-25,315.19989013671875,315.53647250150726,311.2154256593267,313.34413421815634,1763900
2022-08-26,306.02105712890625,317.2466777971698,305.65718507995217,316.88280574821573,1703900
2022-08-29,303.7650451660156,306.0210686111743,302.0275262232839,303.7650451660156,1835600
2022-08-30,303.5011901855469,305.6662661799399,301.27242895328214,304.74746642728013,1830300
2022-08-31,304.9127197265625,307.1766291849848,302.17218008452187,303.8861467002141,2488000
2022-09-01,305.6734619140625,305.847610951654,297.5343859490158,302.34633699863747,1575100
2022-09-02,303.82196044921875,311.92436460248945,302.4379429758135,306.75494186006875,2215400
2022-09-06,299.24835205078125,305.44432081772044,296.4711699976054,304.5919247750514,1578100
2022-09-07,302.9787292480469,304.44523402664265,296.2786633372693,297.1952253274851,1496600
2022-09-08,307.3965759277344,307.7906908847526,300.04573059740164,302.7312785845043,1755600
2022-09-09,311.7227783203125,312.5751743670913,308.90892593749925,309.77967112802963,1445600
2022-09-12,313.9958190917969,315.6364730157689,311.7135885067705,313.1525976581244,1563200
2022-09-13,300.9898376464844,308.44146392958464,299.55997505497527,308.038174372974,2242100
2022-09-14,299.9541320800781,303.3178994384945,296.50784951512804,301.04484325417127,1953300
2022-09-15,303.9503173828125,307.3049380061175,300.256573259854,301.301467474062,1489400
2022-09-16,298.9916687011719,301.54888439777204,293.10735659050204,299.1474965414939,2946800
2022-09-19,301.2373046875,301.81474328886236,293.79482487273077,293.8223206170216,1652700
2022-09-20,296.287841796875,299.53245114552436,293.3090152895752,298.5242553200557,1569900
2022-09-21,293.9505920410156,302.2729906890664,293.87727938815397,297.80933821151444,1796700
2022-09-22,286.8106384277344,296.40704519493056,285.23415042109474,295.4263169876808,2239900
2022-09-23,276.77423095703125,283.94175258000564,272.64052734593236,281.8886346595388,2918500
2022-09-26,270.0375061035156,276.8934002921348,267.92025001035825,274.052052349114,2308800
2022-09-27,267.06787109375,274.1895485923064,264.5381507287583,272.67722671068316,2007400
2022-09-28,275.6927490234375,277.1775752961668,268.0577703151329,269.4692839199995,2289700
2022-09-29,271.4032287597656,274.37290940827427,267.2237072246521,272.28314864071757,1930800
2022-09-30,268.5985107421875,275.96767781769046,268.2777363859526,271.30238011084845,1970800
2022-10-03,274.1895446777344,276.09600949612746,266.8112310135222,272.3747696341981,1938800
2022-10-04,288.597900390625,288.8637112282967,280.35801616409765,281.2012376217902,2399500
2022-10-05,283.2176513671875,284.32668352926385,278.26822227735113,280.99955907178304,1992800
2022-10-06,279.2489318847656,283.2909453287403,278.1032294871821,281.7419814207573,1367400
2022-10-07,275.95849609375,279.68891043669197,274.1895380094081,278.63486964904683,1790100
2022-10-10,275.4635925292969,279.2948155494584,273.529631874869,278.29576617652197,1309600
2022-10-11,269.6617126464844,277.27834103716447,269.3959297915357,273.1446652159811,2392800
2022-10-12,270.6698913574219,274.7669241527142,267.370262936507,269.46002294121155,1763800
2022-10-13,281.44873046875,282.99772265384695,263.7407440019797,266.1879771137988,2724900
2022-10-14,274.9594421386719,285.6190633218647,274.1162207113301,281.80616181360176,2397600
2022-10-17,281.11871337890625,285.6190359984257,278.76317037925065,279.01063204096505,3118600
2022-10-18,287.6630554199219,297.4061161949788,285.96740973589,294.8305786206351,6428600
2022-10-19,285.7474060058594,288.52458801851037,282.35611508582116,286.52646140501895,2363800
2022-10-20,284.8766784667969,289.6794551628257,283.2177032196187,286.05905146752974,2382300
2022-10-21,297.9742736816406,298.5883544791948,283.66672814660603,285.0507455403831,3545700
2022-10-24,301.27392578125,303.60197300752753,298.66171861538635,301.09060220175917,2232600
2022-10-25,304.6652526855469,305.7651384526771,298.7259478625632,300.5040526977878,1837700
2022-10-26,307.68072509765625,310.41209014994865,306.26006507035504,306.60833516289154,2176700
2022-10-27,309.04638671875,313.40005647615345,308.4506269777772,310.9986683695758,1998800
2022-10-28,313.29925537109375,313.99582352804407,307.9648573784024,310.2745837390887,1677100
2022-10-31,315.7647399902344,317.29538265507995,312.15348397094505,312.611764907695,2224000
2022-11-01,319.49517822265625,319.5960145904123,315.0865171221003,316.33305602058823,2316600
2022-11-02,320.60430908203125,327.616004521437,317.80877750807883,318.6153567429076,3221200
2022-11-03,319.7610168457031,321.41084541616533,314.005007949658,318.5053312382367,2515600
2022-11-04,328.0467529296875,328.47753824651875,321.9241246587188,324.46299167078433,3172700
2022-11-07,332.3087463378906,332.67536557657826,328.6058276932589,329.97152421640874,2526900
2022-11-08,333.6469421386719,336.5524564472896,331.3005452838684,332.07045412954545,3501300
2022-11-09,331.79547119140625,336.5157602839944,330.7689261426789,332.6662163512668,3047200
2022-11-10,346.7445983886719,348.6877055236645,338.88965464676363,339.12796973846247,3790400
2022-11-11,353.0322265625,354.70952285157784,347.1478857365248,348.2935883297147,3409100
2022-11-14,350.4566345214844,354.9844530602139,348.75184261976773,351.959809634667,2609100
2022-11-15,350.93328857421875,357.0742376383687,348.8893450958219,353.7746365752455,3192400
2022-11-16,350.4291687011719,353.24302100759866,348.30276592788744,351.23574780918716,2303700
2022-11-17,348.0919189453125,349.8700514819344,343.7199282284395,345.6813563842605,2297600
2022-11-18,347.5603332519531,350.88742992775195,345.9013582139813,349.4667699685784,2384500
2022-11-21,348.48602294921875,348.9992954208567,344.095711199717,347.28532899186,1877500
2022-11-22,351.8406982421875,353.63715217418314,349.5767886759138,349.5767886759138,2019400
2022-11-23,354.0220947265625,355.8094019272759,351.4190618396866,351.8681682970821,1865400
2022-11-25,356.4142761230469,356.94589773237436,353.0413347686134,353.57295637794084,1129300
2022-11-28,350.4566345214844,355.98353025955623,349.10931522762917,353.2704865876538,2232200
2022-11-29,351.6940002441406,352.8122070127075,347.6153160914498,349.3292825709432,1746900
2022-11-30,356.2515563964844,356.2515563964844,346.05713606337787,352.88417059559583,2964100
2022-12-01,354.0926818847656,356.5744050936789,350.9928506354593,356.5744050936789,1706300
2022-12-02,351.1128234863281,352.9026173767202,349.1016210832093,351.9800443674333,1932300
2022-12-05,342.77276611328125,349.5352135352657,340.71541827276116,349.2399834303611,2329600
2022-12-06,334.8109130859375,341.6932985960749,332.4306593896735,340.87222340807193,3081900
2022-12-07,332.0524597167969,337.01587840578867,330.41948761974413,334.42345073764346,2128200
2022-12-08,330.3548889160156,334.51570167015853,328.4913018090929,333.99906310279994,1967800
2022-12-09,331.3328552246094,333.6392875470349,328.6296951451612,329.0909816096463,1588800
2022-12-12,335.0600280761719,335.82577937039315,328.7496326490193,330.8069804070394,1750400
2022-12-13,340.1434326171875,349.2492233813636,337.2096573119847,345.62351834447946,3062600
2022-12-14,332.476806640625,340.2725302940355,331.61882065124286,338.5934691124124,2519700
2022-12-15,322.74365234375,328.5374087984325,321.0000042727483,327.0336386813624,3163700
2022-12-16,319.53314208984375,320.8524146315087,316.82077540498915,318.36145644184495,5008800
2022-12-19,317.9278259277344,321.4243850181661,316.10114964855785,319.4593002835575,1646700
2022-12-20,317.8171081542969,320.52026796891136,316.8945353157129,319.2009674121729,1623000
2022-12-21,323.04815673828125,323.7124104073608,320.0313532416704,321.29527371436643,1923100
2022-12-22,318.8226623535156,321.10141805639057,313.56401483858576,320.28034299105656,1528900
2022-12-23,318.7581481933594,320.8339370653564,316.5439508728118,318.1400120078573,1062000
2022-12-27,315.49224853515625,320.82471864920564,315.32619217407375,319.6807372888286,1035000
2022-12-28,314.4774169921875,316.3041214528795,313.0289707955389,314.1360695271141,1117200
2022-12-29,316.83917236328125,317.9555057311701,314.8187356634972,315.92583429381557,1273600
2022-12-30,316.7930603027344,317.0790556253415,313.12121033340463,315.2800273595461,1031400
2023-01-03,319.4131774902344,321.60890540711114,316.26720065144,318.74892390323544,1589700
2023-01-04,320.7785949707031,323.1864966232053,318.3614304254028,321.083031626712,1881000
2023-01-05,317.1436767578125,318.41683189525065,313.8039672840639,317.59572848020764,1397800
2023-01-06,321.129150390625,321.977929814302,314.5512295145585,320.40954468227056,3097800
2023-01-09,325.66827392578125,328.89727947462046,322.43926837694204,324.6349966549038,1989000
2023-01-10,329.69061279296875,329.81978650333235,323.3617766976727,325.33609606679624,1610100
2023-01-11,336.2593688964844,337.20038308568644,328.6296732629314,331.0837204691492,2127000
2023-01-12,341.2966003417969,341.4442153754774,334.4972429826799,337.88306955532045,2103100
2023-01-13,345.04229736328125,345.3652035398807,334.30353427333705,335.34604625407866,3310200
2023-01-17,322.8267517089844,338.3905534809365,317.3651072427877,336.554614093265,14448300
2023-01-18,322.06097412109375,327.31965097564836,320.87084718259524,321.35060311531544,5585200
2023-01-19,323.5924987792969,324.8933301643573,318.76743156986254,319.23795283703413,3100400
2023-01-20,315.37237548828125,324.97636454436594,312.02343073286687,322.7806361287116,11247200
2023-01-23,322.10711669921875,322.49458155164933,310.1321102888527,315.2154959912252,4915700
2023-01-24,321.35980224609375,323.17727196479217,313.6747824637945,313.6747824637945,2372000
2023-01-25,322.55914306640625,322.8635797122516,317.2727906146749,318.05698315113386,1985200
2023-01-26,327.4857482910156,327.5134243556185,322.45771403550935,324.49662069513136,1919200
2023-01-27,326.3139953613281,328.426666703151,324.58876065607376,324.6994930368327,2427400
2023-01-30,329.78289794921875,334.2758234265766,325.11468137008103,325.9357847578593,3184500
2023-01-31,337.4863586425781,337.58785629249735,329.2293207001589,331.35125506394945,2311500
2023-02-01,337.39410400390625,340.37402440017144,330.98223968587973,331.2959110715884,2889400
2023-02-02,340.863037109375,344.01824906184964,336.3239656988259,339.50685371427426,2619600
2023-02-03,341.305908203125,345.56819115308,337.1450947735523,337.31115116401145,2243100
2023-02-06,342.0900573730469,342.5144612247177,337.4587510455561,340.4294372337839,1816200
2023-02-07,345.4112854003906,347.17340300403316,338.89792303021994,339.6636742977974,2205500
2023-02-08,346.05712890625,349.0554910780569,343.17870572606626,344.04592657582583,1893200
2023-02-09,339.49761962890625,350.2824999453133,339.3223285115038,347.8469219348516,2052500
2023-02-10,342.5328369140625,343.4092923585984,336.33314641158086,338.584226354158,1933400
2023-02-13,345.0606689453125,346.0201525418068,339.50679081815946,340.51239179283556,1570600
2023-02-14,342.9941711425781,347.8561204663983,340.780001687592,344.9869320984733,2155500
2023-02-15,345.3559265136719,345.38360257372346,339.73746108568525,340.1895127847574,1687200
2023-02-16,341.5364685058594,345.27287715710713,340.24484403683186,342.04387229391443,1947800
2023-02-17,339.9681091308594,342.32989347108935,338.4550760807204,339.552940069502,1857300
2023-02-21,333.15948486328125,338.325898171614,332.20923600594784,338.325898171614,2403000
2023-02-22,332.9472961425781,334.89391114767193,330.31795815139054,333.6299909739856,2203800
2023-02-23,335.39215087890625,339.3961137780595,331.7664180823964,335.07847947995214,1931400
2023-02-24,335.6781005859375,336.9051099548914,331.69257955038603,332.28303962440225,2428600
2023-02-27,337.22808837890625,341.6287512028629,336.28707410813024,339.7098118600965,2842400
2023-02-28,324.4227600097656,337.6709217129108,324.1275299197661,337.66168697425735,4945600
2023-03-01,321.7095642089844,327.5726797689325,321.4586678020586,324.64577241964736,2717400
2023-03-02,324.3763122558594,325.0081470100115,316.37606835077014,319.628194025494,3259800
2023-03-03,331.80047607421875,332.43231089419425,324.8037603850879,325.80728943449697,2396200
2023-03-06,331.76324462890625,333.4450558131644,328.67839288511493,332.70172419313167,1614200
2023-03-07,321.57012939453125,330.9734409962208,321.15201602271856,330.36945219868875,2048500
2023-03-08,324.5528259277344,324.9244917248714,320.7246143402858,321.67236637642765,1584600
2023-03-09,317.86279296875,329.19878640876124,316.89643901412074,324.4692694118229,3177800
2023-03-10,304.4639892578125,315.85570054390365,302.94012261807603,314.8707734157941,4559700
2023-03-13,293.1651916503906,303.0144635528867,292.26388714350736,297.0305785893805,5660700
2023-03-14,299.3349609375,303.2653976823307,296.3616056304657,301.76940498815475,3785900
2023-03-15,290.0803527832031,290.37769682617903,282.85134233154747,288.760906315178,6596700
2023-03-16,292.77496337890625,295.77622130275853,283.3252302591911,287.1162675284306,4399100
2023-03-17,282.04296875,288.41712233657694,280.4912275239637,288.12907914862893,6369800
2023-03-20,287.608642578125,290.08956184489887,284.5702388525522,285.0534015022712,3963700
2023-03-21,294.809814453125,297.63452561838113,293.01650638191956,295.1257318058542,3242400
2023-03-22,291.4555358886719,299.40000353736355,291.2882621486048,294.8098578517189,2505900
2023-03-23,292.552001953125,298.60093771545513,290.4985243861916,292.886492768535,2585900
2023-03-24,290.43341064453125,290.6006560151466,283.73401139549037,288.1847855776565,2456700
2023-03-27,295.9713134765625,298.1734626319174,294.7076439560985,296.0549361633915,2300600
2023-03-28,295.8876037597656,297.90390522491816,293.7319028346141,296.4915641134107,1224300
2023-03-29,298.0062255859375,299.85528232216166,296.11069289598566,299.6601627141081,1475900
2023-03-30,298.396484375,301.8623030456533,297.2257100485671,301.5742598949096,1456300
2023-03-31,303.9436340332031,304.1480544835308,299.5858119737207,300.5614382761169,2281100
2023-04-03,303.3955078125,305.6813085007779,300.2641792130067,303.0424436223282,1808800
2023-04-04,299.7995300292969,303.7206656456693,297.4487088318502,303.6742180488222,1536800
2023-04-05,298.7588195800781,299.3813817718882,296.7517902303116,296.98408490010473,1329300
2023-04-06,299.5672607421875,300.3384950805279,297.3186637658762,297.6903296410371,1311000
2023-04-10,301.9458923339844,301.97376655980264,298.5543958634414,299.5671972098824,1114400
2023-04-11,304.1852111816406,305.88562399662953,300.7472671783375,302.958688553826,1559600
2023-04-12,306.8519287109375,308.5523414113921,304.0086444919704,308.22712323339937,1862400
2023-04-13,308.608154296875,309.3607868439729,303.8414625943975,306.703320774484,1765500
2023-04-14,313.05889892578125,315.5769652537318,310.6430286434375,312.6965056231021,2275700
2023-04-17,315.6233825683594,316.3388682441048,310.04831092374326,312.2040120985022,3012100
2023-04-18,310.2620849609375,312.71510215635243,303.0330753002961,304.7706350546078,7549500
2023-04-19,313.0310363769531,313.1239315650491,308.1807222656523,309.3979441350681,2625400
2023-04-20,314.72210693359375,315.2796198202382,310.6430272196068,311.2284143327693,2217900
2023-04-21,317.4632263183594,318.1136344525152,312.2040710052195,314.9916073534804,2278900
2023-04-24,319.6003112792969,320.6224135639419,317.34241374795704,317.7698280283414,1966300
2023-04-25,315.4376220703125,319.14503632412465,314.36904378954506,316.8499636059824,2138200
2023-04-26,312.7244567871094,316.4783475845623,310.94044913030336,313.67220908251943,2041900
2023-04-27,317.4074401855469,319.0427753668143,314.76857615849815,316.05084726350606,1768200
2023-04-28,319.11712646484375,319.7303877932021,315.6420072937625,315.9671971450416,1714100
2023-05-01,316.4504089355469,322.8524356815317,316.26456184582685,319.68393278891216,1375000
2023-05-02,309.76031494140625,315.8185785314278,306.6289870950473,315.00089669550204,2397600
2023-05-03,305.3746032714844,311.11692138082776,305.0029374272172,308.8218486382131,1825400
2023-05-04,298.5079345703125,303.82283744719854,295.9991409366961,302.865784596325,2965100
2023-05-05,303.86004638671875,304.64985405206136,299.5858465155228,302.03886384600037,2413400
2023-05-08,303.38616943359375,306.90773655730516,302.6056626691187,306.29450352229924,1607300
2023-05-09,301.76934814453125,304.0086721545772,300.40345435769933,302.02024453486297,1253300
2023-05-10,299.70660400390625,306.5546754285287,296.4823525045887,306.5546754285287,1752200
2023-05-11,298.0062255859375,299.13982485510746,295.6461034964289,297.02129832738007,1515200
2023-05-12,296.8725891113281,300.32913494509165,294.84698638862733,299.2327109050554,1099100
2023-05-15,299.2606506347656,300.357074914792,295.53463422770335,297.7275111440454,1178200
2023-05-16,298.08984375,300.18979687813027,297.8018005951503,299.6601581651669,1618900
2023-05-17,306.7962341308594,306.99138208568695,299.8088201103938,299.8088201103938,2098100
2023-05-18,306.23870849609375,307.18648893367293,302.5963438118237,306.62897603326473,1645400
2023-05-19,303.0516357421875,308.4408893654874,301.78796628614197,306.6289795077009,1546100
2023-05-22,301.90875244140625,304.1573489917609,299.5950782209582,303.0516240821222,1498900
2023-05-23,300.65435791015625,303.9715326652381,299.94817302615223,300.6822321368257,1550900
2023-05-24,297.1606750488281,299.10265537264013,296.2221953701119,297.69961464194154,1439100
2023-05-25,300.9424743652344,302.1503956236096,296.2222295529978,296.33375484313325,1618500
2023-05-26,308.4966735839844,309.29575376977533,301.0539420536461,301.72295194801677,2718700
2023-05-30,307.40020751953125,308.97982280967364,304.51977594712145,308.56168101043403,1998600
2023-05-31,303.2525634765625,306.38901904215885,301.30516837955,305.2842465489287,2938000
2023-06-01,296.2307434082031,303.9829249541124,294.00245444059533,303.82377778339924,3339700
2023-06-02,303.0185546875,304.5352813622052,296.83927352534545,297.95341789942154,3987700
2023-06-05,301.29583740234375,302.86873695151684,299.90082836349126,302.3444371017925,1462900
2023-06-06,305.96771240234375,307.1567729445645,300.91194789435775,301.8762881087103,1495600
2023-06-07,314.3472595214844,316.3040268222315,305.5183917480234,306.7542538028751,3382700
2023-06-08,314.08502197265625,314.89018641972694,310.2182897174763,313.9820192107084,2009500
2023-06-09,314.6000061035156,314.7685535101621,311.341861015414,313.8416427763058,1702100
2023-06-12,317.8487854003906,318.4105433806586,314.908963400098,316.86573036407,2290800
2023-06-13,320.66693115234375,323.26971561121786,317.8113684497937,318.5135588099813,1772400
2023-06-14,316.84698486328125,325.56350439073776,315.7328406916038,322.8015445892459,1819400
2023-06-15,318.0828552246094,322.0713055350951,314.30041046414516,315.81713704075287,3322700
2023-06-16,316.74407958984375,319.6371009402153,315.62056339240456,319.6183861467327,4544900
2023-06-20,309.6378479003906,314.00079389645265,308.2428389264502,313.94462095603876,3208100
2023-06-21,304.3480529785156,308.9637777093914,304.2076206121788,307.5125956369094,2158700
2023-06-22,299.20794677734375,303.589635836082,298.67430387981807,303.0559643663607,2409100
2023-06-23,294.6484375,297.4571990153654,294.0492499009325,296.38051281558194,2612000
2023-06-26,292.44818115234375,296.45537426877655,292.27031924237144,295.0416220911976,2481000
2023-06-27,293.46875,295.55657758080173,290.76296294200347,292.49503809768254,2156800
2023-06-28,293.66534423828125,294.82628970400316,290.8846695565151,291.8490097419251,2423500
2023-06-29,302.49420166015625,304.7505764846043,296.0902298410326,297.58824146138676,3553600
2023-06-30,301.97930908203125,305.2468257055785,301.89504966857515,305.05022040751425,2361800
2023-07-03,305.78985595703125,308.40201219638266,301.8576069339109,301.8576069339109,1106800
2023-07-05,299.6480407714844,303.91735614867866,299.25483014506426,303.29945373573275,2561000
2023-07-06,293.0473937988281,298.32787812378604,292.89758978547536,297.7286620703749,2896900
2023-07-07,295.0791320800781,297.13887336211076,292.76658397781733,293.23471089267014,2903100
2023-07-10,296.2962341308594,299.6760965532366,295.856193712513,296.48349631525275,1775800
2023-07-11,300.42510986328125,300.574913892938,294.52669405585834,298.50577251973846,2041700
2023-07-12,305.59326171875,312.1002376349486,303.5803215845953,303.8892727942391,2741300
2023-07-13,307.7278747558594,308.2896327185886,304.9284851949846,306.4826698439168,2787800
2023-07-14,305.3966369628906,311.2856815127218,304.30120741766507,310.8268977101269,1815200
2023-07-17,306.34228515625,306.6137782131799,303.683298957133,305.11579484244527,1777400
2023-07-18,315.770263671875,316.68780255062063,306.4358134781973,306.4358134781973,3887400
2023-07-19,318.84124755859375,323.83149674182835,310.1808991644251,316.45381159232494,6037400
2023-07-20,328.49395751953125,329.2616924063059,317.5398064378015,317.5398064378015,3915000
2023-07-21,329.5238952636719,332.4450026883221,324.6741072042282,329.35537642891126,3217400
2023-07-24,336.049560546875,338.568085486977,329.56132874454426,330.33840680589645,3517500
2023-07-25,332.08917236328125,337.819039979265,331.4150686100953,334.6357833672955,2893000
2023-07-26,334.76690673828125,337.29480342939627,331.69599541445336,331.8926007124117,2281600
2023-07-27,331.9113464355469,337.5569557518094,331.5930235696649,335.30058064710033,2010800
2023-07-28,330.7129821777344,333.77452220764343,329.1962268279222,333.40936946448437,1827400
2023-07-31,333.1846618652344,334.4298955191946,331.45258648235335,332.25777967225406,1385500
2023-08-01,334.916748046875,335.0571804181878,330.86278120990437,331.4338823773101,2024300
2023-08-02,328.7187194824219,332.3607319577108,326.6308631932899,332.3607319577108,2106600
2023-08-03,330.6473388671875,332.56664739993926,326.39673934219445,327.67940225719565,1840400
2023-08-04,330.70355224609375,335.8623195755358,330.03882008073714,330.8158981250614,1725300
2023-08-07,332.8944091796875,334.8699196165768,331.3589677575502,332.74460513837175,1260300
2023-08-08,326.0597229003906,329.5613025973853,320.2268520599068,329.28043791609525,1917300
2023-08-09,320.8447570800781,326.2469302110635,320.65749492617573,324.7114891233979,1326000
2023-08-10,318.7007751464844,325.12349081691167,318.13901717435823,322.13683902776825,1345900
2023-08-11,319.0097961425781,320.00222297372153,316.03248707694684,318.26077589214844,1256800
2023-08-14,316.2103576660156,316.87511845365157,313.51394207885926,315.9014064755786,1347000
2023-08-15,311.0328063964844,312.73679483835656,309.41310592375135,312.053319411313,1657800
2023-08-16,308.1304931640625,311.69764664567344,307.999432481626,309.469357894451,3340300
2023-08-17,306.6418151855469,312.6993780370353,303.3462123008616,308.9637347508776,3135200
2023-08-18,304.2169494628906,306.73547454588874,302.5972486267211,303.6458483424885,1730500
2023-08-21,301.5299072265625,305.58390232464194,299.03012549241697,304.64764849146695,1983500
2023-08-22,298.46832275390625,302.0729051859391,298.01891069533286,301.9231011664146,1810300
2023-08-23,301.7826843261719,301.89505878637243,297.72871781573167,300.1816982777559,1429000
2023-08-24,299.5636901855469,306.6136785642831,299.142393214024,301.6140878302009,1185600
2023-08-25,299.7416687011719,302.1478479878241,297.9066191288295,300.35022799803943,1159600
2023-08-28,305.190673828125,305.7805183352285,300.85581385720286,300.85581385720286,1440100
2023-08-29,311.3512268066406,311.4916877511119,303.9829130954879,304.80682110907077,1831700
2023-08-30,310.1994323730469,313.34317043767453,309.3214628924712,311.5400111582628,1131500
2023-08-31,309.3780822753906,312.00256951561164,307.7259762728303,310.9829967734833,1271100
2023-09-01,309.08544921875,313.06938629059096,307.9620147470629,311.22848532025216,1201400
2023-09-05,305.6396179199219,310.1050349102489,304.5822746621941,309.0287920019197,1846000
2023-09-06,303.1662292480469,306.00786128731187,301.4480317912612,304.2802140038079,2120800
2023-09-07,303.94976806640625,306.08335441974475,302.2221497008728,302.68473021412234,1471100
2023-09-08,307.31060791015625,307.73544672060467,303.6665476836024,303.9120126683454,2026400
2023-09-11,306.4892578125,311.68159093943746,306.14940983684,309.89733144633794,1283100
2023-09-12,312.3896789550781,316.5246694186667,305.87566590620196,305.8851157325171,2054700
2023-09-13,316.2414245605469,318.1578663921976,312.3141290768284,314.8442045255258,2165000
2023-09-14,325.2950134277344,325.814235306296,318.0068634223052,320.03658823456476,2822700
2023-09-15,323.3785400390625,326.82435561666625,322.73655690723683,325.8425244830897,3063900
2023-09-18,324.1148681640625,325.0022873673441,320.2914057302367,323.37850210287576,1356600
2023-09-19,322.7649230957031,325.67261734396993,319.0641925147359,324.24707648289245,1660200
2023-09-20,317.8652038574219,324.5680108226294,317.4781355683998,323.44457644509856,1224400
2023-09-21,311.7665710449219,315.96765234313034,311.6155178879282,315.78827851985307,1685100
2023-09-22,309.5480651855469,312.99388084970246,308.5473343753294,311.6344311876635,1669100
2023-09-25,310.44488525390625,310.8697240494618,307.08403181183826,308.77390835824474,833300
2023-09-26,305.70574951171875,309.11379488465576,304.38407026474107,307.39559745836135,1481800
2023-09-27,303.9403076171875,306.8196807896521,301.13644661263055,306.80080995028567,1493000
2023-09-28,307.0085144042969,308.5567587854847,302.2976324842542,302.2976324842542,1389600
2023-09-29,305.4696960449219,309.61410710818814,304.24239997548835,308.89664064143767,1403900
2023-10-02,300.683349609375,305.4791655544911,299.3616703182365,304.0158829125963,1303800
2023-10-03,288.9958190917969,298.0210358990288,287.3626127330034,297.6339676053795,3118600
2023-10-04,291.3371276855469,291.77138752557227,286.5035416787304,287.7969001832365,1872000
2023-10-05,293.130859375,293.1780508877575,287.1927092614765,290.1664948263798,1584600
2023-10-06,295.0000915527344,297.6812204257227,289.9871316485615,290.8745221818345,1595100
2023-10-09,295.12274169921875,295.9440985422891,291.1199343629802,291.62028528001,1094400
2023-10-10,297.1619873046875,299.1256497681342,294.8207351196244,296.87878060825153,1193800
2023-10-11,295.5098571777344,298.9179311389551,294.1693071754891,297.78504682371147,1672500
2023-10-12,292.5172119140625,296.6710732072216,290.7895647095072,296.5766613756949,1727700
2023-10-13,291.9979248046875,298.49306618106567,290.9311605539505,294.54689988556646,1785200
2023-10-16,296.80322265625,298.22873455574694,292.89479798546523,295.66088859907313,2273900
2023-10-17,292.0545349121094,298.49303427041633,288.79754355744694,295.84967646282604,4123000
2023-10-18,285.0685119628906,290.03427961168217,284.61538134337223,289.8265851409225,3460300
2023-10-19,282.4535217285156,288.25948924245716,281.9248500439892,285.0685594827071,3211800
2023-10-20,283.265380859375,286.28638640330723,281.42447991485346,281.802098405234,2329000
2023-10-23,282.4818115234375,286.569581210677,281.50943026598236,281.6038420872819,2959800
2023-10-24,282.44403076171875,286.1447608248056,282.34961894385253,283.21816733360333,1697100
2023-10-25,280.1594543457031,283.2182017047721,278.5262190107786,281.89652252557227,1809300
2023-10-26,280.3765869140625,283.3504012611852,278.2902207682033,280.34826624458736,2011200
2023-10-27,273.6926574707031,281.58499156881186,273.1734067681763,280.9052666714742,2601700
2023-10-30,284.0017395019531,284.9269292678389,276.88354327433825,277.03459642859167,3065200
2023-10-31,286.6262512207031,287.26823438350993,283.87905997597477,284.80422101012874,2611000
2023-11-01,289.9776916503906,291.00671436884517,285.89934246151716,286.3619229908871,2345400
2023-11-02,296.2084655761719,296.94483169797115,290.7706672549198,292.36613198722546,2597000
2023-11-03,309.2931213378906,310.9074568561274,300.14517205047827,300.6455230034028,3742000
2023-11-06,305.7906494140625,310.5015022345611,304.08190216136074,308.38681586888396,2087600
2023-11-07,305.8284912109375,308.13200174369643,303.31728616094796,304.11029373297924,1505000
2023-11-08,306.4043273925781,308.3868605528819,305.5641283814329,305.8284642154437,1484400
2023-11-09,302.8357849121094,308.3774165147916,301.77844155622086,307.76378283258265,1787900
2023-11-10,307.3011779785156,307.8203997891592,303.65708904725125,305.2336829404843,1781400
2023-11-13,308.62286376953125,310.3316112036612,305.4319342329522,306.0266970390587,1403300
2023-11-14,319.772216796875,322.66104001126496,313.87183787688843,314.87253983688265,3592700
2023-11-15,318.71490478515625,322.00021765156595,316.5813183389409,320.8862329166442,2534500
2023-11-16,317.8369140625,320.74460820940675,316.2697699146576,318.86593672135626,1620400
2023-11-17,320.2159729003906,321.4054986825761,319.2058209682315,320.5086294324445,1465200
2023-11-20,320.46142578125,322.2268147336958,318.62049583668147,320.9806476576939,3146000
2023-11-21,316.2320251464844,320.1215507599837,315.8355069617003,319.43237605256377,1900900
2023-11-22,319.6966247558594,319.95151068976674,316.60952883746455,318.0917105663893,1235200
2023-11-24,320.1781311035156,321.23547431424737,318.75261925818063,319.84770414755155,460100
2023-11-27,318.8187255859375,320.99950346154696,316.9589248856942,320.2159457702775,1250500
2023-11-28,318.7620849609375,319.47013047564883,316.1375974054921,318.5071989474019,1419000
2023-11-29,323.8638000488281,326.9762171348535,320.2945024078281,320.7608813378728,2038100
2023-11-30,325.0821228027344,328.1469609068064,323.70198274722577,325.2153614783798,1903600
2023-12-01,331.6401062011719,332.0779609756561,324.01610590173925,325.00597023800526,3623300
2023-12-04,332.5538635253906,333.600834290297,328.651425524769,329.6127366296568,2178100
2023-12-05,325.2820129394531,330.11720901240693,324.13032762519606,329.89831066621304,2429700
2023-12-06,325.49139404296875,330.279010818895,325.1392279873131,326.95719375152623,1869300
2023-12-07,328.013671875,328.08030573200335,325.51992737131553,327.1475188750074,2162400
2023-12-08,333.9244384765625,335.3141059395582,327.21417052588157,327.7186300975936,2238800
2023-12-11,334.80963134765625,336.0184229717137,332.23019811926383,334.5050443244707,1636000
2023-12-12,335.61865234375,336.94168590044734,332.7346611093642,334.47649456551835,1597600
2023-12-13,345.2510986328125,345.3653115316209,334.6574165629701,335.9328423447043,2876500
2023-12-14,364.9916076660156,367.5900667258478,347.41162639583087,348.8393454084164,5376300
2023-12-15,362.1742858886719,367.3045416071684,361.0416263702336,361.8696988314235,4522300
2023-12-18,358.2623596191406,364.3159045964026,357.79598060637744,362.8881852867777,2740900
2023-12-19,364.020751953125,365.27712254896096,356.5014089387016,357.8910762923183,2091800
2023-12-20,359.3283386230469,366.57164874894937,359.0713596376886,362.38367846185014,1836500
2023-12-21,362.23138427734375,363.1070357386884,358.84293322009904,361.7364230585647,1301600
2023-12-22,362.3074645996094,365.0106089294452,361.1272262569106,363.5924174339755,1538200
2023-12-26,363.2212219238281,364.17303460134286,361.7363964706666,362.307489886579,837300
2023-12-27,365.95294189453125,367.16173351554346,361.9838703225026,362.83099753228754,1367200
2023-12-28,367.78997802734375,369.0749310835357,365.14393967361696,365.99103793927077,1024700
2023-12-29,367.1808166503906,368.00891819322135,365.0868459000618,366.99047151691803,881300
2024-01-02,369.5888671875,370.38841543287697,363.7733054166863,364.54427139535363,2263100
2024-01-03,363.3926086425781,366.8286388285578,358.6049915311612,365.38189386293806,2265300
2024-01-04,364.4967041015625,368.4371937807095,363.5448913519013,365.06776851374326,1618300
2024-01-05,367.8184814453125,370.7024726023903,362.7167505555115,363.51629873996393,2913900
2024-01-08,370.12188720703125,370.3312871711877,363.62101898979836,367.3711634997694,1902600
2024-01-09,365.2486267089844,367.35215386552693,363.37355437149523,366.06720080380234,1708800
2024-01-10,363.5543518066406,364.5918241099147,360.28964138711535,362.97376003247587,1547300
2024-01-11,361.45086669921875,362.621606757304,356.6251694207191,362.53594710139794,2209900
2024-01-12,359.54730224609375,367.2569921010135,358.43366843660704,364.8679325647016,2223800
2024-01-16,362.1171569824219,366.45742061439194,356.2825404251106,360.1278428580017,3926600
2024-01-17,359.0047302246094,361.8792233529377,356.101712922352,357.1201595479123,2415100
2024-01-18,358.7477111816406,363.24979549546117,356.510945633611,362.00289419450326,1771200
2024-01-19,363.7828674316406,364.8298382845363,354.1409990233008,358.57645020148084,2603300
2024-01-22,367.36163330078125,373.80542407583533,366.02910128759333,367.74235258354645,2922700
2024-01-23,362.42169189453125,364.88688316974293,360.3848279301665,361.66978081569056,3313300
2024-01-24,361.11773681640625,366.07667290854533,360.9083368580635,363.41160893601847,2235800
2024-01-25,364.25872802734375,368.07547716170075,363.6019749475805,364.2492006053994,2376300
2024-01-26,359.5853271484375,362.5454506953139,358.59543380979875,360.40387212577957,3464700
2024-01-29,362.2218017578125,362.48830812468645,356.20633913749697,357.776853169556,1632300
2024-01-30,368.227783203125,369.2272039896821,363.2022131916105,365.49608533783663,3897900
2024-01-31,365.5056457519531,374.92858674321377,365.210586105189,367.39974394512063,3421100
2024-02-01,365.353271484375,370.7690874897582,360.5466004371516,365.90531001042655,2138500
2024-02-02,369.1700744628906,370.0076743195016,362.25993373988933,363.4020915967974,2180900
2024-02-05,364.56329345703125,366.7619784917399,362.64064224118323,366.06717380404694,2231100
2024-02-06,366.4383850097656,368.1802186261004,364.54428691327837,364.5633127115424,1487800
2024-02-07,368.0279235839844,368.4181702994419,364.0683790348518,366.7429705544573,1963200
2024-02-08,366.4859924316406,369.4080355226316,362.96427360863464,367.39972454605066,1913700
2024-02-09,365.7436218261719,367.52350724119225,364.1540815564715,366.2290266367079,2028200
2024-02-12,373.7197265625,377.25094330153377,365.8006384762053,366.44786409605206,2797200
2024-02-13,360.49908447265625,370.4074588344976,357.12016077825535,368.91310582328646,3030800
2024-02-14,359.8232727050781,363.09751063916485,357.6721667590629,362.52641722330924,2041300
2024-02-15,366.8476867675781,368.5514106942521,360.8703037962078,361.1368102071471,2218900
2024-02-16,365.9148864746094,368.90356332789963,362.59306935802704,364.7726995853277,2376800
2024-02-20,365.9909973144531,366.9999164206243,362.4978610828089,362.5930481591872,2358900
2024-02-21,369.5602722167969,369.9314930778561,362.8880855620331,363.44012409602607,1772500
2024-02-22,371.654296875,376.53710055191897,370.25513107896484,370.4740584514392,2326800
2024-02-23,372.2063293457031,377.6697537700602,370.45499753566764,371.206937670781,2247400
2024-02-26,371.4163818359375,376.97496495051155,370.0838497617281,372.20637365767647,1797800
2024-02-27,371.9779357910156,376.8226591675421,370.5692424743616,373.3580758872586,1724900
2024-02-28,376.8857421875,376.96244319176066,370.9618621078598,371.14399042690144,2572900
2024-02-29,372.92694091796875,379.56976942607645,369.68703977426594,378.84125605798675,3139100
2024-03-01,372.01629638671875,374.8344587222487,369.284400744783,373.4828886835465,1697700
2024-03-04,375.9943542480469,380.13533159467903,370.1950903769803,372.6969125741954,1955100
2024-03-05,374.7098388671875,381.0171364168636,374.13469832777577,374.5277105421594,2697800
2024-03-06,373.42535400390625,378.9083055673878,368.58461975874474,378.63031562587395,2692400
2024-03-07,372.33258056640625,378.1606280798199,371.01936112670256,375.6587771357618,2033100
2024-03-08,370.9522399902344,379.22459773382127,370.68384500071073,372.6201503027869,1657200
2024-03-11,370.1567077636719,370.3963472293424,365.6131528554752,369.68702377187424,1654200
2024-03-12,372.0929870605469,373.0036287384488,367.87533828193375,371.5561969934251,1703900
2024-03-13,376.0517883300781,378.86995045356696,372.09294014456475,372.79269783266267,2370600
2024-03-14,372.5051574707031,379.95317079547726,369.47614036312183,378.0839712596166,3029500
2024-03-15,371.1631774902344,374.92073713939203,370.3867479707449,372.7543870340755,3763900
2024-03-18,368.44085693359375,372.9077397922773,367.5206496363252,372.54348314779156,2069000
2024-03-19,372.5530700683594,374.585207880319,367.8081973589756,368.153293371063,1858200
2024-03-20,380.03936767578125,380.06812323630265,370.00326751377764,370.34833424003466,2157400
2024-03-21,396.56494140625,396.86209198563876,382.5508309744098,383.20264326127153,4613800
2024-03-22,389.9604797363281,399.48854632805273,388.9635714628754,397.22633477516325,2190300
2024-03-25,388.15838623046875,393.44961459674215,387.1231274559155,390.0083957082957,1683900
2024-03-26,389.3470153808594,392.3664667181464,387.75580586040553,389.2607486858356,1407000
2024-03-27,398.0411682128906,398.2712127481111,391.4462851764907,392.64448255220674,2353600
2024-03-28,400.3800048828125,401.8274365038718,397.7823214676612,398.96132882528394,2409700
2024-04-01,396.37322998046875,400.62922878886246,394.9257983972718,399.4118417078939,1863900
2024-04-02,393.1524658203125,396.047329024519,390.72731581810626,393.71801139758537,1976000
2024-04-03,396.84295654296875,399.3639684111276,393.9672829448313,393.9672829448313,1549200
2024-04-04,389.4140930175781,401.63570455228364,388.8868979466374,400.6771467848557,1704700
2024-04-05,391.1587219238281,392.1843858782437,384.83223405212954,389.71129016110837,1694900
2024-04-08,393.5263671875,395.43388804143035,390.66025918379586,392.14604147572294,1181900
2024-04-09,393.6893005371094,396.095290188029,390.18097516962996,394.45616439639906,1247200
2024-04-10,384.1515808105469,388.6472186186336,380.82538452881903,387.26689323496873,1903300
2024-04-11,381.007568359375,384.8322046554356,378.4769617028584,383.88324178567325,2176200
2024-04-12,373.34869384765625,377.7580658815957,371.07691638581485,376.55986854915915,2815800
2024-04-15,384.26666259765625,395.75976146969555,382.1674186368957,390.1330317608752,6177000
2024-04-16,380.41326904296875,388.1871887190407,378.80289881328673,387.6887491487673,3459700
2024-04-17,387.17108154296875,390.2480438666005,384.5542082379811,385.7236499151387,4373800
2024-04-18,386.4042053222656,390.95735469086793,385.73323244071474,388.68557747583367,2776300
2024-04-19,387.25738525390625,391.09161679107365,386.3084223093742,387.3148963867346,2805500
2024-04-22,400.0540771484375,400.6579732028443,387.8037104470131,390.07548760188774,4165600
2024-04-23,406.428466796875,407.7225255488049,398.9517284012839,400.39913064345086,2662300
2024-04-24,405.5082702636719,406.9844281057166,402.2203950178115,404.0320831687668,1575900
2024-04-25,402.6421813964844,406.0546447327881,397.65769852180534,403.54322804456183,1970100
2024-04-26,409.8505859375,410.77079328043556,402.2492292263766,402.8147748461424,2322700
2024-04-29,412.95623779296875,415.3717926507086,409.49585855915996,409.8505202254662,2453000
2024-04-30,409.02618408203125,413.51225674620207,408.3456162457564,410.74201070729254,1829900
2024-05-01,409.25628662109375,415.4677227803504,407.569215440622,409.007052218652,2310100
2024-05-02,414.64337158203125,415.67860117725354,410.42572293952793,413.33015202259986,2087500
2024-05-03,420.0208435058594,423.97009690237746,416.895965016509,416.9726367681036,2406300
2024-05-06,425.2833557128906,425.96392356603513,421.45869016552865,423.4429118495515,1914300
2024-05-07,425.4079284667969,428.8779321816251,424.51647675752383,426.7211771897868,2058200
2024-05-08,428.42742919921875,429.45306383408143,423.7304724805829,424.4493908453296,2006700
2024-05-09,436.6806335449219,437.5145742354795,427.84272855783234,427.84272855783234,2710200
2024-05-10,435.885009765625,439.73840168642954,435.49199754750714,437.6008072082364,1823900
2024-05-13,434.76348876953125,438.25265332602953,434.5334442503295,437.36117230839574,1579600
2024-05-14,439.47003173828125,442.6332610362736,435.19487179085405,435.9904619587707,2412900
2024-05-15,446.774169921875,446.8700315456738,441.8471983895113,442.46066012667455,2217700
2024-05-16,445.2692565917969,448.84468769969845,443.1220964909994,445.1254787730582,2070300
2024-05-17,448.3366394042969,449.23768604440636,445.010442786751,447.0521755084276,1655900
2024-05-20,443.7547302246094,451.94082165758573,443.4288240976764,448.7967533857406,2591500
2024-05-21,450.9151916503906,451.77788784553564,443.0454400685902,443.074195633333,2762600
2024-05-22,443.21795654296875,450.83847343760925,440.69694486956473,447.9915556252705,2729500
2024-05-23,439.1632080078125,445.06792699860455,438.4538846649075,444.99125525323365,2254500
2024-05-24,442.06768798828125,445.96902533267394,440.0739005958292,440.78322402104124,1932200
2024-05-28,440.75445556640625,444.47366447617145,439.891759405026,440.87907275970184,1930800
2024-05-29,438.2238464355469,439.7287598262179,432.93258909072085,435.990390562717,2315700
2024-05-30,434.1831970214844,439.61251139280176,431.64692911322106,436.8544598345423,2135000
2024-05-31,440.24896240234375,440.49005204408843,432.1483563257005,433.72991850189175,2638300
2024-06-03,438.763916015625,442.5152559190956,434.15428277391925,442.5152559190956,1930700
2024-06-04,439.0724792480469,441.396587113827,433.1995386322324,434.4435695245143,1835000
2024-06-05,445.2250671386719,446.517304118761,441.19405529228936,441.24226144987404,1678900
2024-06-06,441.772705078125,447.9638711531898,440.72155767734023,445.36012044653387,1598000
2024-06-07,438.6963806152344,444.723621952582,438.30099005191767,439.20748950344586,1736100
2024-06-10,437.3848571777344,439.1303439927819,434.25069154200185,436.20833843881763,1698600
2024-06-11,428.43560791015625,435.7550865503395,427.577344013057,434.9643348220825,1938200
2024-06-12,432.7077331542969,441.3291017426041,430.28718355248935,439.36180187838823,1733000
2024-06-13,430.4414978027344,432.341285557898,426.391179620897,430.8079588057443,1849100
2024-06-14,430.54754638671875,432.2544799996334,423.49808714472056,426.2368621266421,1559100
2024-06-17,434.1349792480469,434.71360033635915,427.5870050644884,429.2360501507709,1531600
2024-06-18,441.1265869140625,441.37732959012436,432.5245239109967,433.5467417643221,1798400
2024-06-20,441.7244873046875,444.0003891224128,439.0146417332948,441.6762811420217,2080600
2024-06-21,434.1349792480469,442.44774627946316,433.86495999748666,442.33202794777895,3780800
2024-06-24,445.6204833984375,446.9995091996624,433.96139089465464,435.16683920269537,1882200
2024-06-25,441.078369140625,447.5395545123231,440.4708184753248,443.08422220664255,1555900
2024-06-26,439.6125183105469,441.6087477712645,436.3240812254568,439.17857457771066,2131700
2024-06-27,430.0653381347656,433.7491949224723,427.0179615326225,433.7491949224723,2835200
2024-06-28,436.19873046875,441.03980050605475,433.50816147868636,434.0578529960989,3839700
2024-07-01,447.134521484375,447.4816764613861,437.82846668311566,438.31064599333524,1850500
2024-07-02,449.0150451660156,449.65152544666944,443.21926932699233,445.0611979960301,1491800
2024-07-03,451.2427062988281,453.14249399059645,449.21754727548836,452.3227832633053,993900
2024-07-05,448.1856994628906,450.9148215959976,443.73036704091794,450.8087562668514,1593800
2024-07-08,448.2532043457031,457.9353442093131,447.5010057598069,450.9823264344357,2214300
2024-07-09,455.9776916503906,462.21709334946314,445.12865673986283,449.0053973830215,4525100
2024-07-10,461.82171630859375,462.75711592266816,453.1039060933922,455.6691035689009,1946000
2024-07-11,462.1495666503906,465.93948875546374,459.2950441025994,462.8921121522085,2251400
2024-07-12,462.77642822265625,466.209542621848,461.05987102306034,463.78899302127945,2727800
2024-07-15,474.6863098144531,475.4288554442191,459.3337058335112,463.1332815965238,3568200
2024-07-16,485.0917053222656,488.5344729631977,474.4548299805062,476.39320039563285,3981700
2024-07-17,484.2816162109375,491.3214519617885,481.62962994305786,485.0723973612607,3908900
2024-07-18,468.8808288574219,485.7378292970429,466.9617644883012,481.71644062403095,3320200
2024-07-19,467.6464538574219,475.04309798068385,465.9684791494396,471.68711913482747,2032700
2024-07-22,469.6812438964844,472.0246283466245,465.18732906776074,467.28962385603734,1792500
2024-07-23,474.60906982421875,478.1386257627937,468.9482896616835,469.7197647546436,2020500
2024-07-24,469.3533935546875,478.31226473574577,468.5047531853977,471.8221494854077,1598600
2024-07-25,474.18475341796875,478.42792532234853,466.0070114207721,468.72648027424043,1489700
2024-07-26,481.2439270019531,486.03679097908145,477.98438984573124,478.05190201876366,2249700
2024-07-29,475.1588134765625,484.10806091549387,473.5579745244183,482.5843871390556,1599500
2024-07-30,487.647216796875,491.3117676341734,480.53986933097923,480.54952233435733,2642500
2024-07-31,490.88751220703125,498.8241949726904,486.8661234434626,486.8661234434626,2658900
2024-08-01,482.2950439453125,495.69965274134825,477.0489305282198,491.8229121282661,4006800
2024-08-02,453.86572265625,476.8367209787722,450.5579504589696,473.5964903731351,6115500
2024-08-05,442.6598815917969,446.6716169683927,421.7815234286288,431.6372696673612,4177200
2024-08-06,453.4607238769531,458.31144669103776,441.1265685494121,444.5789889841831,2209300
2024-08-07,456.1512756347656,471.1373872479669,455.72695549188046,462.3038882767116,2587600
2024-08-08,468.45648193359375,470.34664604127653,460.15336824087194,460.83805462902063,1936400
2024-08-09,472.7864990234375,474.4644737202487,465.0137703652573,467.7332394942533,1622700
2024-08-12,468.1961669921875,475.30348617780714,466.50853920179344,472.7865239996252,1839300
2024-08-13,474.4065856933594,475.68916971912523,469.1315428223309,472.81539984353765,1243700
2024-08-14,480.9256896972656,481.55251695877365,470.99277754839284,475.33239164637536,1545600
2024-08-15,481.2342224121094,488.84302596257584,480.50132988167974,487.00109748801464,1732300
2024-08-16,486.2874755859375,486.9143027880679,479.28622275350295,479.3344289114019,1587000
2024-08-19,486.6925354003906,489.68205321796336,483.9730368381534,487.00113724360017,1027900
2024-08-20,479.6141357421875,486.19106891194264,478.804077993785,485.91139665824346,2122700
2024-08-21,478.7655029296875,482.93153949826905,476.4221183960697,481.6971615627513,917100
2024-08-22,480.0095520019531,481.89006327447026,477.1550584363446,479.28628296327616,943800
2024-08-23,491.26361083984375,494.17596345349614,482.0346912255059,484.83132550654705,1751800
2024-08-26,489.7688293457031,495.19817332580857,487.30972652762864,494.07954317531414,1084200
2024-08-27,489.18060302734375,493.2501979139453,488.5344697499207,489.73991812355985,977900
2024-08-28,485.390625,490.2510008227978,480.70385610043417,488.5440966118245,1568100
2024-08-29,491.91937255859375,494.9474435349012,483.27872695582164,487.9654960524278,1566300
2024-08-30,494.97503662109375,495.8868989294896,490.04712571537726,492.6274692815222,1838900
2024-09-03,472.8672790527344,494.4415175203063,470.8689500463276,492.27826464653714,2373600
2024-09-04,475.9521179199219,481.3456702895517,472.1300641725514,472.1300641725514,1509400
2024-09-05,473.2747497558594,480.92853803932695,468.60874506600425,478.80409586697306,1828300
2024-09-06,465.25225830078125,480.5792832266431,462.7786075938459,472.0330240057147,1995600
2024-09-09,473.9440612792969,479.48311709426827,468.9191380761671,470.99505914141514,1714200
2024-09-10,453.1458740234375,474.5551876065923,447.7523220637658,474.4872760406695,3583100
2024-09-11,457.0649108886719,457.76335791289216,443.78473692253567,450.0901507564151,2426500
2024-09-12,459.86846923828125,460.1400859338197,451.4677126922706,457.19108352225953,1480500
2024-09-13,464.65081787109375,467.667731473988,461.2653049171153,461.7406266728785,1794500
2024-09-16,470.6361389160156,472.7896816545226,465.13586435280297,467.0177904217684,1500300
2024-09-17,470.8592224121094,475.0692952180172,467.37666775999327,473.39107439928677,1444900
2024-09-18,470.073486328125,478.23172614616686,467.3476095161558,470.86894572057065,1699500
2024-09-19,488.7472229003906,491.250004039472,478.6876662044951,479.9293466629239,3060700
2024-09-20,483.50885009765625,487.0204760073936,480.6471799023708,485.21617170839954,4452600
2024-09-23,482.51947021484375,486.3900155594863,480.395027984055,483.29550946455663,953200
2024-09-24,483.11114501953125,484.60505150499296,479.30851164344284,482.6940247060312,1035400
2024-09-25,476.4371643066406,486.9720433044632,475.71929694077147,483.57681989496996,1763900
2024-09-26,482.0440979003906,483.4797733223719,477.7370124264536,479.2114986880549,1378100
2024-09-27,483.58648681640625,490.27021062293437,481.0157942098993,484.0327078498242,1420100
2024-09-30,480.2882385253906,481.6560319353902,474.26415105904846,480.0748529249041,1602500
2024-10-01,475.49615478515625,479.77410981195754,470.1025731740955,479.77410981195754,1528600
2024-10-02,477.2616271972656,480.0457052615868,473.3425911895356,476.4661974674557,1445100
2024-10-03,471.54803466796875,475.8260197196772,469.7049193079217,475.2633661188636,1290600
2024-10-04,480.3367614746094,481.45232884650443,471.4509741298876,480.8024027237811,1721600
2024-10-07,479.8128967285156,484.071490529699,476.09756582840777,479.822606838676,1173300
2024-10-08,481.7045593261719,483.42156149156096,478.02800945596994,482.1216796301484,1296700
2024-10-09,490.05682373046875,491.1141897207473,480.42409729452044,483.28579734817174,1695900
2024-10-10,488.6405029296875,491.62828619031114,484.6341349908544,491.1529644362109,1309000
2024-10-11,500.8439025878906,502.4638924731376,492.5983607078777,492.7923852995942,2409700
2024-10-14,507.1007995605469,507.4112270497416,500.07754784048547,502.15349836998126,2174900
2024-10-15,506.741943359375,524.3292051641073,500.0776096482599,522.6703747159445,4525400
2024-10-16,513.9979858398438,520.1675773376902,510.23413359595116,514.1338089804366,2649000
2024-10-17,513.1636962890625,519.2653756351659,512.4167282949774,515.3366294995035,2123500
2024-10-18,512.6787109375,514.8807746784352,511.09750222956785,513.5420819170203,1779200
2024-10-21,502.2989807128906,513.9882366586266,501.52294158105576,512.1936424657591,1752100
2024-10-22,502.7840270996094,504.07422845846037,497.58449963728197,500.1745532577187,1588000
2024-10-23,501.717041015625,504.4332079862588,498.0308101834791,500.35892792630835,1263200
2024-10-24,508.7984313964844,509.2834632662618,502.6870416788876,503.4630808289331,2058200
2024-10-25,497.2546691894531,512.9697142431803,495.4503647713126,512.2421664092855,1633200
2024-10-28,507.906005859375,508.8857797414816,499.56342190297744,499.9708913166019,1687100
2024-10-29,508.5850524902344,511.4564033040092,505.40321496276283,505.5778193332227,1281600
2024-10-30,508.7015075683594,514.9001705832974,507.41130606722254,507.731443716557,1441600
2024-10-31,502.2892761230469,509.2834569128603,499.12691810626245,506.8000961389001,2061700
2024-11-01,503.8026123046875,510.8744153202688,501.56176728852284,504.4331774597104,1625000
2024-11-04,496.1585388183594,502.54154567183656,495.2272858485021,502.4930543228641,1797800
2024-11-05,511.184814453125,511.669846327592,497.25465402035877,497.6427032031294,2169900
2024-11-06,578.1386108398438,580.6898833981188,549.1530994452328,550.3171878594413,8042800
2024-11-07,564.741943359375,577.187876673272,564.1114375062888,572.3375583819,4475600
2024-11-08,571.6198120117188,577.3335020811081,563.8980827441435,568.8648047308463,2714000
2024-11-11,584.3082885742188,588.9742933492633,578.3229519580647,580.9712665441162,2510800
2024-11-12,574.8501586914062,584.0657651985679,573.7636327160457,580.1466693802981,2392900
2024-11-13,576.4312744140625,585.4819861143775,574.9083263732972,576.8290337227423,1763100
2024-11-14,570.9892578125,583.5225251488206,568.6902112678276,582.0382990663625,1670500
2024-11-15,575.7716064453125,577.3237439420323,569.5147427373835,575.5970020784299,2007700
2024-11-18,570.3876953125,577.2557622825507,567.2155683459966,576.9065535911881,1848900
2024-11-19,563.9756469726562,567.2544670637242,558.28137770619,562.3071065958571,2217400
2024-11-20,564.5091552734375,570.2034243896006,559.3581194546396,566.3522999652062,1528600
2024-11-21,578.2647094726562,582.7173283035319,567.0119932341654,568.9521208068704,2281900
2024-11-22,584.7350463867188,585.8602942673859,576.6446887882968,578.3713714478021,1733700
2024-11-25,584.9775390625,592.9999255675878,580.9032596973972,590.5650562171672,2940800
2024-11-26,587.3737182617188,589.0131286958726,575.247918958215,582.1644796175739,2846500
2024-11-27,587.3057250976562,593.9215673835977,585.2201234319685,589.4883686690946,1424500
2024-11-29,590.3517456054688,594.3871850421637,588.8869397650733,591.069583358458,1170200
2024-12-02,586.5887451171875,596.5323663627692,586.189015303598,592.7206528188045,1804100
2024-12-03,586.949462890625,596.0547109740058,585.7016013324279,593.6565700126491,1718100
2024-12-04,583.6641845703125,589.0942152423049,581.7631769991197,587.8463536258832,1617300
2024-12-05,581.8021240234375,591.3168601633115,581.3634208343582,585.4384278338542,1672800
2024-12-06,584.6097412109375,584.9217065946121,579.4331864876277,582.15305100282,1405700
2024-12-09,579.1893920898438,587.8462369563703,578.7994205367802,583.9370012169326,1633200
2024-12-10,570.327880859375,581.285403533819,569.0897776652905,575.1729532780561,2600800
2024-12-11,577.668701171875,578.789824960731,572.150965670761,575.290017077453,2195300
2024-12-12,576.7424926757812,581.3341491392082,573.8178843681659,577.6979051838252,1218400
2024-12-13,570.7666015625,580.0473786615048,570.3766894457013,579.0725091175359,1215000
2024-12-16,571.5952758789062,573.4865251726148,564.1570165047825,573.2232913555513,1713300
2024-12-17,560.238037109375,566.9938760864462,557.9080845577491,566.2432669787604,2314100
2024-12-18,536.4219360351562,564.9075939278612,530.8066782613117,562.9773713810939,3271600
2024-12-19,540.0679321289062,552.7509935469029,539.6877187525012,547.3307216339734,2753300
2024-12-20,551.8735961914062,558.5027563449113,539.4732848009719,540.9940788300122,4515900
2024-12-23,556.4359741210938,557.2743475088523,547.6816066145268,550.8012005355199,1519500
2024-12-24,568.1441650390625,568.1441650390625,557.0014139794696,559.7700694940177,913400
2024-12-26,566.6233520507812,567.9492197253386,562.9871080384153,563.6207969821858,1092000
2024-12-27,561.7002563476562,567.3350301666399,556.991620379702,562.4996564137391,1486000
2024-12-30,559.1364135742188,561.5443722821799,550.8987540490593,553.014263794861,1265900
2024-12-31,558.229736328125,562.421663037551,556.0655547228214,560.6181783664647,1055800
2025-01-02,560.5206298828125,569.6259362516782,555.4220819655471,564.7515892558051,2219000
2025-01-03,565.551025390625,567.5105225282089,557.3620981145069,566.399157061921,1422600
2025-01-06,568.7290649414062,578.7312343542817,565.2487740959065,570.279073943223,2257000
2025-01-07,565.5411987304688,573.4961658933053,554.1157585864993,572.3555259205946,2021900
2025-01-08,565.44384765625,566.5941865692744,558.2785208614881,566.4381741226831,1513400
2025-01-10,545.9269409179688,561.7685708999634,543.9869600588456,561.7685708999634,2817900
2025-01-13,548.8027954101562,551.9613630612263,542.7683508417633,543.8601999186441,1871200
2025-01-14,557.1671752929688,559.1754040158656,550.9962349036363,555.3441146476297,2221900
2025-01-15,590.6929321289062,594.0952172866643,578.0976343940448,582.9719820702172,5119800
2025-01-16,597.5852661132812,601.3385495198871,590.7709375909817,594.6606575113457,3224500
2025-01-17,610.2098388671875,611.2431981938103,597.595024709419,602.2743865752332,3425200
2025-01-21,618.7886352539062,619.4612975654173,593.695504722306,601.3092328707942,5076700
2025-01-22,616.8291625976562,619.6270333157192,613.8850971546925,617.5213413663863,2835700
2025-01-23,623.4291381835938,629.3173294208647,618.5450317403178,618.9642185476479,2582700
2025-01-24,620.8944091796875,624.5013787334545,613.1539429592981,614.1677858201797,3183500
2025-01-27,617.3654174804688,619.734343347946,608.7670609051906,609.2934690419694,3351700
2025-01-28,621.771728515625,623.0195899827014,615.9322699814427,616.3124833504403,2338000
2025-01-29,621.3623046875,632.6902831166329,620.4166503652731,620.991849530501,1918900
2025-01-30,629.4732666015625,633.1972753414708,624.8913679162663,628.2936530513256,1812800
2025-01-31,624.306396484375,633.6651190576264,621.4207615986575,633.6651190576264,1995100
2025-02-03,616.4781494140625,622.4345870875171,606.8366768976177,610.2682361798132,2102600
2025-02-04,618.2427368164062,621.6450218756664,613.2806843464527,616.1175284312786,1743400
2025-02-05,629.2295532226562,630.1653898953505,619.5588640964907,621.9667632871437,1908200
2025-02-06,641.6785278320312,642.2927003332063,632.631770459801,633.6651296758355,2439200
2025-02-07,639.4169311523438,647.1866125346837,636.7457387316255,642.8289744146267,2616700
2025-02-10,634.181884765625,645.8412859115874,628.0596757414232,642.4585173052437,2351600
2025-02-11,630.9744873046875,632.7292403977586,627.4259482600779,630.5260854427844,2711400
2025-02-12,632.6903076171875,634.123337226353,623.048833949609,627.5820009403034,2295800
2025-02-13,632.6416015625,635.6149417671293,624.4137002430078,635.4492306052575,2031800
2025-02-14,643.9500732421875,646.5919911591202,633.9771767258645,633.9771767258645,2246000
2025-02-18,655.2974853515625,655.2974853515625,644.4082104652057,645.9387626123774,2350100
2025-02-19,651.3590698242188,654.1763974132326,646.6114601951365,652.2656913045838,1953600
2025-02-20,626.1197509765625,653.4356158669623,615.7860976451592,651.2421592944266,3929000
2025-02-21,609.8782348632812,631.2278971943925,607.7627850573729,628.5470065113275,3000800
2025-02-24,610.4048461914062,621.2843644004647,599.3497990987757,617.5896301545653,3274100
2025-02-25,599.4569702148438,615.4546118210977,590.7709092641607,612.7347473721853,2885900
2025-02-26,602.2451171875,607.4704031420116,599.7396955690775,601.1727250952391,2001200
2025-02-27,592.7206420898438,609.517624140227,592.0479797705775,602.0208754811105,2396300
2025-02-28,609.6597290039062,610.9921713392113,591.7507783697217,595.4540268671313,3337200
2025-03-03,592.9754028320312,616.018050340762,586.176257544138,609.7675366699166,3152300
2025-03-04,569.3449096679688,587.8221034348107,556.050325919722,583.8836762069634,4061000
2025-03-05,581.0328369140625,585.0006246419108,565.0734863658886,570.2757102304816,2600600
2025-03-06,556.1483154296875,574.8019098932172,553.1602314650486,568.8061287574715,4332300
2025-03-07,548.3107299804688,556.6382110803121,533.8502944090869,556.6382110803121,4069600
2025-03-10,520.8692016601562,535.3786099184239,512.5123608538237,531.293262555328,5272100
2025-03-11,520.6438598632812,529.0301200118414,513.5606222028832,521.6627300471092,4190500
2025-03-12,524.8369750976562,533.9383989400567,517.8614910731936,532.958695455763,3078100
2025-03-13,514.158203125,527.2176678196953,509.50461139426875,524.7977690256091,2529100
2025-03-14,530.4212646484375,532.5374577702953,516.009863916233,523.151881160697,2808100
2025-03-17,540.1497802734375,545.8516022999823,529.0399157326538,530.2449319614321,2695600
2025-03-18,540.5808715820312,542.5108589377596,535.554987418908,539.1210630148173,2641000
2025-03-19,546.0280151367188,551.5731110439198,533.5465414003166,537.8572610357228,2769800
2025-03-20,551.2595825195312,556.9026844958555,540.7963558535794,541.8740058325701,2531300
2025-03-21,553.669677734375,555.491911983406,540.0224144797285,544.0587883157228,3565600
2025-03-24,568.3259887695312,570.892807211547,561.4190909038572,563.329524729603,1877700
2025-03-25,574.0474243164062,574.9781545246923,566.4743360145101,572.8227950413855,1875500
2025-03-26,562.2714233398438,580.6115041941084,559.410705825363,576.4477642645851,1944200
2025-03-27,547.5758056640625,554.5121224547071,541.3350998116637,553.532419058144,2100900
2025-03-28,532.0965576171875,549.1238091502839,526.7963880176768,544.666170205659,2773100
2025-03-31,535.2022094726562,536.2799192125203,517.8615051658468,522.9853353933047,2455100
2025-04-01,537.3184204101562,540.7571894153758,522.4171079863243,532.2239500245109,1869600
2025-04-02,551.6709594726562,555.8053389061489,528.1385245151785,528.8438822594616,2560700
2025-04-03,500.8538513183594,519.2330693906881,499.21773325201116,514.7656236419192,5193900
2025-04-04,461.25421142578125,482.01413138692186,450.66361877639036,477.1156137915263,8105200
2025-04-07,456.0617980957031,480.0351445802109,430.4621401697546,437.8294999241922,6353800
2025-04-08,452.83856201171875,481.93576850222865,443.63913161182774,478.34024343020695,4240900
2025-04-09,506.3793640136719,511.40524795835057,438.03523548538374,442.19897553102163,7024100
2025-04-10,479.85882568359375,492.8889018925114,464.3795202995483,492.8889018925114,5374500
2025-04-11,484.4046325683594,488.40180995421696,468.8665184965113,477.11563566046016,3770200
2025-04-14,493.7509765625,501.6081878034205,487.0595849705021,499.6487808198134,4392600
2025-04-15,497.5816345214844,508.1232539513384,496.7096840386143,497.1113660691094,2501200
2025-04-16,488.9210510253906,499.1099919964153,482.6901507175,491.5368726931017,2765600
2025-04-17,499.1491394042969,504.3807825383983,488.9896186333593,493.0259923728081,2593500
2025-04-21,491.18414306640625,498.93360150733247,484.6397307199707,495.14215366377556,2859300
2025-04-22,509.43603515625,510.42554530093025,498.60051637530535,499.8741489186107,2514600
2025-04-23,518.56689453125,540.5906116621784,517.538217741454,522.7992211315508,3048100
2025-04-24,534.3009033203125,535.7410985872054,512.7963991211245,516.401700895124,2223600
2025-04-25,533.80126953125,537.9454562685053,530.2351342071547,533.5465370371918,1612700
2025-04-28,535.31005859375,543.2456336519061,531.4597709138866,533.8012768149285,1459700
2025-04-29,537.7788696289062,539.699110162535,530.3135331713527,532.7529855056073,1695600
2025-04-30,536.4367065429688,538.3667537734113,520.6635021391946,524.8860223603338,2438300
2025-05-01,542.5892333984375,547.0174527793138,534.4282860905905,536.9754913999764,2583000
2025-05-02,554.6101684570312,558.2155302245202,548.3401014710362,550.1819489709897,2883000
2025-05-05,548.2029418945312,555.0608670678902,546.1847548782258,547.0272856198259,2197200
2025-05-06,538.2098999023438,546.1259209178734,535.9565938137357,538.4450191747055,2902500
2025-05-07,540.7179565429688,544.107752289779,536.6228029554949,539.0427017732138,1954900
2025-05-08,554.2183227539062,560.54716956066,546.8803525655314,547.4779573934482,1994600
2025-05-09,555.58984375,560.4883613630184,554.2966877209578,558.6759337647446,1522500
2025-05-12,579.3379516601562,591.1237548440565,576.1441083648657,584.158076616909,3527700
2025-05-13,591.5547485351562,595.375615978342,581.0229362556886,581.2580555205577,2765800
2025-05-14,599.1867065429688,602.5177227498873,590.2714275720441,591.5450303112672,2874400
2025-05-15,603.3994750976562,606.6422916429715,597.3546607928137,597.3546607928137,2428100
2025-05-16,606.4659423828125,608.1901704733003,601.106932648198,604.428142171412,2021800
2025-05-19,599.8724975585938,606.8088157345107,586.1958736808385,596.8256337379084,2842100
2025-05-20,594.2097778320312,599.1376552755623,590.771009026622,595.4147939857247,1601600
2025-05-21,581.4149169921875,597.4918266750966,579.9845282168542,589.5856114881987,2635900
2025-05-22,586.0880737304688,589.9775281712423,580.4841977619617,580.5233643798217,1939600
2025-05-23,586.3917236328125,589.7423527262966,570.6773006906964,573.126559491944,1530600
2025-05-27,603.2328491210938,605.1334764044046,592.6716759214373,593.6024062553914,2364700
2025-05-28,596.0908203125,606.0740017106843,594.9837505359403,604.7514258590072,2001900
2025-05-29,592.58349609375,597.6191868719618,586.1566429677683,596.1692447009442,1736100
2025-05-30,591.1952514648438,594.2966643285934,584.6772906047609,590.7521753144741,2129500
2025-06-02,589.4918823242188,589.9349584799718,583.0428496842296,589.3737366952739,1221200
2025-06-03,594.5231323242188,596.974744121744,584.5787684492633,590.7521476221277,1730300
2025-06-04,589.974365234375,596.984619478631,589.4918671517792,596.1476845183231,1294900
2025-06-05,596.54150390625,600.3222838741265,583.7615854288288,590.752128241926,2086700
2025-06-06,604.536376953125,611.8026333273136,600.5980292205313,603.5517900199766,1675900
2025-06-09,604.0637817382812,609.5577334416066,601.5924589729998,605.274804410345,1610700
2025-06-10,605.3929443359375,607.0470431219096,599.9186435581671,603.5517716345892,1376400
2025-06-11,614.5496215820312,620.1322728731088,605.1173218409715,607.6673683961782,2063600
2025-06-12,615.4751586914062,616.3613110198796,606.3086562213338,611.428520586514,1634700
2025-06-13,604.0834350585938,610.5620337949908,600.1943648143176,606.5547578338828,1674800
2025-06-16,618.1728515625,622.5247688611436,608.4746947853217,609.4592816700876,1870400
2025-06-17,615.012451171875,621.9340666798624,613.3977140349002,615.0715239893535,1479300
2025-06-18,625.4490356445312,630.017533742661,614.0377059787257,614.8844363752247,2423100
2025-06-20,630.9232788085938,632.7349451613767,626.8766410382121,628.9836714445967,4115400
2025-06-23,636.9096069335938,637.4412622491891,620.2996300013093,629.4070592303253,2020800
2025-06-24,651.9048461914062,653.5392941691196,643.1715648174388,644.3629366520652,2307800
2025-06-25,659.5452270507812,659.7913737777053,650.605161102465,654.3564348170102,1566400
2025-06-26,676.5687255859375,678.7053224832028,660.1753893257218,660.2836794649148,2849500
2025-06-27,680.1624755859375,683.5002396074524,674.8260314018148,680.3495495011543,3650500
2025-06-30,696.8413696289062,703.2904017231556,692.1153645877839,703.2608953656261,3976400
2025-07-01,695.5712890625,702.0203212947517,689.8114195907149,697.0875312677084,3301000
2025-07-02,704.8558959960938,707.6520890032804,694.2125145283134,697.87514877293,2906500
2025-07-03,712.52587890625,714.8101278484457,702.4043562789261,704.8756190515423,1502000
2025-07-07,699.9723510742188,712.8113424964284,695.4531308982602,710.5763711184853,2863700
2025-07-08,686.5328369140625,700.2284153374733,683.0769270059292,699.7656282086818,3100700
2025-07-09,685.8238525390625,693.4839675097055,684.002390801527,693.4839675097055,1763400
2025-07-10,698.1903076171875,699.4308968149537,685.7156075291091,686.0011161165238,1733500
2025-07-11,694.0845947265625,695.1183990235069,689.437312991075,692.7455708734839,1681800
2025-07-14,702.3058471679688,702.43384827679,691.3080279547069,693.87778542673,1909300
2025-07-15,691.6821899414062,703.6744518171699,689.2502289184891,702.3058615298904,1981200
2025-07-16,697.8948974609375,698.8401225240623,680.6449156490067,697.5798224398959,3323200
2025-07-17,694.9608764648438,706.3919164862083,693.4249232327309,695.394097124897,2046100
2025-07-18,697.3435668945312,699.3422471656058,687.6256984488332,696.1620505287476,1925200
2025-07-21,695.118408203125,701.7742258061262,693.4938156476018,698.210025744423,2006500
2025-07-22,689.614501953125,695.600807285779,681.2160067288611,692.8144094605602,1978900
2025-07-23,706.4608764648438,707.9279014651892,690.6877736510373,691.1800671461557,2395700
2025-07-24,708.0952758789062,714.583730691047,703.7138516826093,707.8491291273662,1974700
2025-07-25,717.744140625,718.6401483587367,707.2779770486727,709.6508651354819,1851400
2025-07-28,712.496337890625,721.2296189310298,711.039108406921,716.7792668899069,1464800
2025-07-29,720.6979370117188,722.8148229936925,711.2852881659082,715.6470011465939,2136000
2025-07-30,719.48681640625,726.5069252178761,712.0334869914376,719.8708196874762,1816200
2025-07-31,712.437255859375,722.726140808645,709.3357831107836,715.3910165363516,2358100
2025-08-01,698.63330078125,703.5070177244826,683.3524935862071,699.5588148272263,2999100
2025-08-04,714.8396606445312,715.5878962142385,704.1765676196106,704.1765676196106,1753700
2025-08-05,709.798583984375,718.1577780495954,703.536625120067,716.779332219098,1977300
2025-08-06,713.5695190429688,717.0746460953043,710.8717604811801,713.3332277958657,1477100
2025-08-07,708.6465454101562,721.6431041352571,706.5493705659179,719.3588553816224,1400400
2025-08-08,710.1530151367188,716.7792657672387,707.5734022570327,714.6722353710325,1275400
2025-08-11,708.1543579101562,712.68349425408,704.708303343755,711.0687571203049,1273500
2025-08-12,731.9222412109375,736.6088846408902,713.1855229755927,714.1012417090595,2418100
2025-08-13,733.2120361328125,737.3669640914466,721.3280647926376,734.2852623175571,1862600
2025-08-14,735.683349609375,736.6285145805427,725.6405511298079,731.2723593977347,1371200
2025-08-15,719.4573364257812,737.5048317739765,717.9410941796019,737.4556144461012,1645900
2025-08-18,719.6936645507812,720.3336099813487,712.7129169640594,718.2561460378126,1157800
2025-08-19,710.2613525390625,718.7484874046986,706.6675860642712,717.9214079091541,1856400
2025-08-20,709.5720825195312,711.11789116961,694.6752778595776,710.0840869396483,1872700
2025-08-21,704.9150390625,708.1345975256684,701.9809290865,705.4959117102832,1162000
2025-08-22,730.4552001953125,733.3597436110731,707.5044816291872,709.0404348115559,1948600
2025-08-25,727.4029541015625,734.9941409420675,726.9500825756083,730.4552096316493,1381200
2025-08-26,737.4063110351562,737.6130358069834,722.5488694762439,726.3395647908014,1511600
2025-08-27,738.115234375,741.3939255334765,733.53694140943,734.4722508760722,1534800
2025-08-28,739.641357421875,741.7188814954629,735.4765739792225,739.4149216604194,1411200
2025-08-29,737.6913452148438,741.3241055367608,731.4057738870052,739.1365589995496,1467000
2025-09-02,723.4373779296875,728.9212275115252,713.8456556987015,728.9212275115252,2296400
2025-09-03,723.1503295898438,724.5955433631999,714.9740965571174,721.1706144890813,1485600
2025-09-04,741.3043212890625,741.3141691147367,723.7541063671663,726.3079556866361,1778200
2025-09-05,730.7227783203125,749.6686062892219,719.7749560154416,744.5609678123635,1822800
2025-09-08,734.3258056640625,735.9986673547024,726.1298164954208,731.9204590466531,1400100
2025-09-09,756.1719970703125,757.8547670650672,731.0494064754442,732.623306634614,2611300
2025-09-10,761.7745971679688,766.6149547152107,753.9052174907355,754.1328653961489,1996200
2025-09-11,776.7709350585938,785.1253356186334,763.5266355382638,764.1700671446625,2075700
2025-09-12,772.1483154296875,779.0476543036837,768.3868686407516,775.5534279832335,1099400
2025-09-15,778.7803955078125,784.343390532711,773.5143456874947,775.0090403693513,1292000
2025-09-16,777.5628662109375,781.9974089068652,771.7820712685065,781.522296594048,1529500
2025-09-17,786.1646728515625,790.4705896545446,777.2658627079581,780.8590506236679,1945300
2025-09-18,796.15234375,799.092252164196,784.3631666145668,787.500998210878,1501600
2025-09-19,796.8353271484375,801.4480367448667,789.2827092143505,795.934583361706,3789800
2025-09-22,797.3896484375,797.8549129040555,789.4509715247103,793.0144949672299,1151000
2025-09-23,798.1419677734375,816.8799644335024,793.8657757960242,798.9140252661877,1758800
2025-09-24,784.392822265625,804.5958489818199,784.3037689178786,801.3391789296372,1402500
2025-09-25,786.69921875,790.084514751936,774.0785346242089,778.0280566958198,1413100
2025-09-26,794.3706665039062,801.2897617597498,787.0655122675448,789.0748918658308,1376200
2025-09-29,795.9642333984375,800.6363923635056,789.8964018970389,799.6069018644333,1059000
2025-09-30,788.2730102539062,801.4084388502719,778.4734570758554,797.330230709602,2463900
2025-10-01,777.5430297851562,788.2038151514331,775.286125524929,785.5707601811681,1788900
2025-10-02,771.4752197265625,782.977360184479,764.6056055783373,780.8788669095619,1553700
2025-10-03,781.9676513671875,786.857550101789,769.9705826430595,775.0584649717315,1470500
2025-10-06,788.6987915039062,794.3607481482934,772.13843226952,786.9368159226084,1632600
2025-10-07,781.6410522460938,797.1521034103881,773.4648190729778,789.9063387672514,1547200
2025-10-08,768.6343383789062,786.9367958252964,766.4863642929768,783.7197586096584,1939300
2025-10-09,772.04931640625,774.9693478457046,763.526596984965,770.9505286095654,1575000
2025-10-10,756.6075439453125,783.630644460281,756.2512097076212,775.1772822691092,2457900
2025-10-13,778.8001708984375,783.0268216555226,769.99041432535,769.99041432535,2766000
2025-10-14,762.942626953125,778.5922726491231,734.9296699289606,756.6966281306313,4710800
2025-10-15,760.1412963867188,774.5536198083014,754.924727797557,770.7228759469515,3217400
2025-10-16,750.4011840820312,773.5143351686562,744.77873967656,762.8436411056194,3160900
2025-10-17,743.1553955078125,751.242515029021,732.5045182684236,750.4605492897394,2884700
2025-10-20,755.5780639648438,758.6465981694845,745.243948840418,749.3221570680545,1925400
2025-10-21,751.2821044921875,757.5380117955826,750.5793442600891,751.3019209774118,1782200
2025-10-22,737.0479125976562,752.8955417479746,735.5730345046603,752.8955417479746,2141400
2025-10-23,743.1653442382812,747.3425144584327,737.107359928984,741.7399468271728,1615400
2025-10-24,775.9295654296875,776.6521421306636,748.3323312380431,752.1432587584587,2505600
2025-10-27,781.9775390625,788.6294130686049,779.0277829615194,780.9975897761265,1645300
2025-10-28,784.0563354492188,790.2627015379095,779.3643596608299,784.0167024787808,1242000
2025-10-29,775.117919921875,792.3711313095428,770.920933201567,780.0078190722977,2251500
2025-10-30,782.1458740234375,798.9536975710848,772.6828375494797,775.6128378679194,1829500
2025-10-31,781.3638916015625,783.6900328032232,775.0585035008789,777.0184022225524,1328100
2025-11-03,777.552978515625,787.9266670603483,773.5143425016176,781.5618898012393,1569100
2025-11-04,782.80908203125,797.8252045097928,765.1599045732876,769.1193348686215,2046000
2025-11-05,785.0462036132812,789.2728545525642,767.7137870826665,782.4230567632435,1832700
2025-11-06,779.592041015625,790.1043235638498,769.1193310203553,785.9469096913283,1572500
2025-11-07,778.3646240234375,779.0772924703011,755.0633382836648,775.0584731741906,2098400
2025-11-10,789.114501953125,798.1815711141496,780.7996738291941,788.0058662587494,1698200
2025-11-11,802.0914916992188,803.764353422864,787.5405732178239,790.3814596337019,1521500
2025-11-12,830.4608154296875,831.4803977743123,805.8727860713855,805.8727860713855,2954100
2025-11-13,797.3302612304688,832.7473935782169,796.8551489368201,824.6107330528209,2557400
2025-11-14,782.8882446289062,792.4898753928338,770.1092096482948,787.4811983739766,2552000
2025-11-17,767.6939697265625,788.6492385265285,762.6852926096511,781.9875161085326,1850600
2025-11-18,768.4264526367188,779.7108535876644,758.7654326704283,764.2294660255532,1673500
2025-11-19,778.0181884765625,779.8791256531501,767.1396627958807,768.4264656308959,1521100
2025-11-20,765.852783203125,807.7237446475908,764.3580886659374,787.1842008958291,2599000
2025-11-21,766.179443359375,772.4551061880343,746.3525682818118,768.9510323254757,2284700
2025-11-24,782.6903076171875,785.9370090581717,767.4959575380956,770.7427193951918,2319500
2025-11-25,794.1825561523438,797.0927399103148,770.0993038499565,788.916506475248,2252900
2025-11-26,807.733642578125,811.2674411657797,796.8353016431121,797.6668085409577,1862500
2025-11-28,817.6619262695312,822.1460100662814,810.6438699235587,811.6832082899759,868300
2025-12-01,802.6359252929688,816.3652454787048,801.3986032833234,810.2875656835731,2133200
2025-12-02,810.9422607421875,815.4087451244128,804.0684017507073,806.8736458634792,2254200
2025-12-03,832.1904296875,833.5233805726734,808.6940890182235,808.6940890182235,2347900
2025-12-04,833.4437866210938,839.5715109068564,830.131202927193,831.1657364333125,1670800
2025-12-05,850.086181640625,851.7176104394313,832.1406470006258,832.8767632178467,2277500
2025-12-08,862.1527099609375,866.002444893174,851.8170890809796,856.5919479945819,2238100
2025-12-09,871.990966796875,879.0935414994099,859.7851829721512,861.4663379540585,2274800
2025-12-10,884.5846557617188,892.5030055591475,864.7192315185519,866.7882986217422,2394300
2025-12-11,906.2606201171875,914.2883187583428,883.3511572446945,885.3207721527939,2683000
2025-12-12,883.3114013671875,910.1998631823126,882.3464479088005,908.9663645061288,2715200
2025-12-15,884.932861328125,899.7349059644096,884.932861328125,887.3302178250863,1976600
2025-12-16,874.5474853515625,891.5479815329278,869.7427544378107,885.5694354583045,2161600
2025-12-17,867.76318359375,891.2793770131915,863.8935340007946,881.6898906109421,2213300
2025-12-18,871.71240234375,888.1160645622505,870.1208029130325,875.890426743916,2066300
2025-12-19,888.8024291992188,895.0396238900029,877.3328226902636,878.5464065961062,4808300
2025-12-22,894.2935791015625,900.7396357488446,890.155384137837,891.8265817606277,1442300
2025-12-23,896.9893798828125,901.1773007871378,889.0213042072145,895.6364536256929,1210200
2025-12-24,906.0119018554688,907.1061188349288,893.9951262280264,896.4422087460688,771800
2025-12-26,902.2914428710938,908.5385949623098,900.5705191950701,906.230733339062,995300
2025-12-29,887.50927734375,901.7344022471889,886.8925280073729,901.7045908744618,1578000
2025-12-30,879.7898559570312,890.3343991290716,876.5668277615088,890.0558358451997,1833300
2025-12-31,874.3982543945312,881.3616079562624,872.1998023409884,879.4715305603999,1221500
2026-01-02,909.5532836914062,909.6527358862218,876.1391069865473,879.3720926211839,2817600
2026-01-05,943.4747314453125,956.6553650747156,907.8223342189048,909.6129594353993,3742000
2026-01-06,950.4678955078125,953.5517028210658,938.3118987800251,944.4396232408563,1966000
2026-01-07,936.0935668945312,953.2333445185499,929.1102987532748,951.8705216356584,2683300
2026-01-08,929.9359741210938,940.2417226461324,927.1207727998783,930.582534797213,1960800
2026-01-09,934.064208984375,941.1867587740012,927.8171177696071,933.8553472396276,1334100
2026-01-12,944.5789184570312,945.5836406352312,924.2459231986793,929.1103377184415,2179600
2026-01-13,933.2386474609375,944.9669029227485,926.1260546561141,942.360623931235,1969600
2026-01-14,927.7872924804688,933.2386450089649,913.0946572994995,927.4192343524101,2513000
2026-01-15,970.7511596679688,976.1229138549161,919.8291473103261,920.0579845001288,3773700
2026-01-16,956.9637451171875,979.5449183976932,951.9899210781169,967.9061580031429,3071600
2026-01-20,938.4312744140625,957.5605822907719,934.1836092442728,941.4255262081355,2629100
2026-01-21,948.0208129882812,963.84749426187,938.51086391661,939.0579724141925,2251300
2026-01-22,949.6522216796875,965.8668754534046,945.8322982089436,955.0338724255563,2468300
2026-01-23,914.0695190429688,932.2836607950206,912.2490823893633,929.1899567211183,3872600
2026-01-26,926.9815063476562,928.851669017591,913.174166149946,913.601907725483,2655900
2026-01-27,924.8527221679688,928.5135101466446,915.5716100839081,919.162696523467,2012500
2026-01-28,931.9056396484375,932.2637404161344,917.9292059047953,927.6281630148297,1674100
2026-01-29,935.1983032226562,950.3784241796568,920.2867881976362,932.3930591278786,2335400
2026-01-30,930.512939453125,942.0422905048018,918.3370276937301,929.06062166473,1893700
2026-02-02,941.3757934570312,944.4694974240364,907.3050989385857,927.2501211047988,1802000
2026-02-03,934.07421875,959.4506792979803,914.2485629582093,944.5292068361143,2321900
2026-02-04,908.5186767578125,939.2171038147529,889.1207632205649,932.2139815030331,3561900
2026-02-05,885.7484741210938,906.0616144851566,872.1301419607223,896.9495351708357,3214300
2026-02-06,923.8878173828125,926.8920265383226,902.4804592404039,903.1171232906197,2473200
2026-02-09,938.679931640625,944.0317709845947,922.2563554994069,924.13647549493,2322600
2026-02-10,944.0218505859375,956.7946575053014,925.0616356705164,940.7490962073659,3324900
2026-02-11,939.6448974609375,963.0616387040892,926.4045805662264,945.6632122829654,2654300
2026-02-12,899.8145141601562,963.3203275747186,899.2474909216053,951.1642697890875,3188700
2026-02-13,900.4014282226562,901.246954018828,864.4506136759369,889.7275606014595,2623000
2026-02-17,911.2443237304688,916.7254874821182,900.9385749946201,902.9778306874582,2008500
2026-02-18,928.8417358398438,942.7386319457272,915.1637195664599,916.7553797076476,1864900
2026-02-19,911.8511962890625,924.7930355925855,901.7443517198849,920.157458247533,1974200
2026-02-20,917.411865234375,917.5411895136228,895.8553293524825,907.7725920429826,2009100
2026-02-23,887.6386108398438,927.12082971861,879.1234262487357,913.6915043954327,2535900
2026-02-24,897.5464477539062,906.9967132720843,877.0344026127526,880.8045393144852,1971500
2026-02-25,916.556396484375,917.680485565874,902.7689709250694,909.9312289141567,1763600
2026-02-26,924.136474609375,933.4773304045714,916.7155075412168,922.9029760046975,2220300
2026-02-27,855.0700073242188,911.453270280643,849.6783989767948,907.2255197772948,5552300
2026-03-02,861.7000122070312,873.6300048828125,836.0,840.0,2873200
2026-03-03,862.5800170898438,868.3400268554688,824.6400146484375,836.0,3782100
2026-03-04,867.25,878.7999877929688,860.0,869.8400268554688,2081700
2026-03-05,835.4600219726562,866.52001953125,822.2000122070312,862.010009765625,3093700
2026-03-06,821.4199829101562,827.1599731445312,801.3300170898438,816.0,2473000
2026-03-09,832.030029296875,836.6799926757812,795.0,810.0,3258200
2026-03-10,833.8099975585938,846.0900268554688,826.3499755859375,834.6799926757812,1871900
2026-03-11,823.760009765625,832.7999877929688,810.5399780273438,829.9500122070312,2227000
2026-03-12,787.52001953125,807.2100219726562,784.0999755859375,805.3200073242188,3533000
2026-03-13,782.2100219726562,798.0,780.5,789.3599853515625,2567400
2026-03-16,794.77001953125,805.4600219726562,790.0,792.0,2082700
2026-03-17,807.0399780273438,820.4400024414062,803.469970703125,806.2999877929688,1955600
2026-03-18,805.47998046875,816.1900024414062,801.0,801.0,1541300
2026-03-19,809.5,816.1799926757812,790.5900268554688,792.9299926757812,1765900
2026-03-20,813.530029296875,827.22998046875,804.9299926757812,807.0,3918400
2026-03-23,831.27001953125,849.530029296875,829.0,833.0,2190300
2026-03-24,835.719970703125,844.5,818.0,824.9299926757812,1656100
2026-03-25,841.8400268554688,854.75,833.9000244140625,845.010009765625,1628900
2026-03-26,822.6400146484375,844.7999877929688,816.1099853515625,833.7899780273438,2052200
2026-03-27,802.8900146484375,817.0999755859375,797.780029296875,813.6699829101562,2106800
2026-03-30,807.5999755859375,818.6300048828125,801.8800048828125,811.1199951171875,1621400
2026-03-31,845.989990234375,848.5,810.0,823.9000244140625,2689800
2026-04-01,860.2100219726562,870.2000122070312,850.1500244140625,859.9500122070312,1803600
2026-04-02,863.0399780273438,867.2999877929688,831.0,838.3900146484375,1717700
2026-04-06,866.0499877929688,873.2100219726562,859.77001953125,863.0,1444500
2026-04-07,864.1500244140625,867.969970703125,850.0,858.0,1498400
2026-04-08,905.75,918.1199951171875,893.5999755859375,903.010009765625,2439000
2026-04-09,903.719970703125,909.4000244140625,895.2899780273438,902.0,1797800
2026-04-10,907.7999877929688,908.9600219726562,895.0,903.3699951171875,1642700
2026-04-13,890.7899780273438,896.9400024414062,865.3400268554688,875.5499877929688,4236200
2026-04-14,909.6300048828125,914.1900024414062,890.0999755859375,894.4199829101562,2822600
2026-04-15,899.489990234375,927.739990234375,897.0999755859375,915.0,2399730
